solid OpenSCAD_Model
  facet normal 0.770549 0.63738 0
    outer loop
      vertex 28.2361 52.3511 3
      vertex 27.9159 52.7382 0
      vertex 27.9159 52.7382 3
    endloop
  endfacet
  facet normal 0.770549 0.63738 0
    outer loop
      vertex 27.9159 52.7382 0
      vertex 28.2361 52.3511 3
      vertex 28.2361 52.3511 0
    endloop
  endfacet
  facet normal 0.24862 0.968601 -0
    outer loop
      vertex 26.2361 53.8042 0
      vertex 25.7495 53.9291 3
      vertex 26.2361 53.8042 3
    endloop
  endfacet
  facet normal 0.24862 0.968601 0
    outer loop
      vertex 25.7495 53.9291 3
      vertex 26.2361 53.8042 0
      vertex 25.7495 53.9291 0
    endloop
  endfacet
  facet normal -0.481751 0.876308 0
    outer loop
      vertex 23.2969 53.6193 0
      vertex 22.8567 53.3773 3
      vertex 23.2969 53.6193 3
    endloop
  endfacet
  facet normal -0.481751 0.876308 0
    outer loop
      vertex 22.8567 53.3773 3
      vertex 23.2969 53.6193 0
      vertex 22.8567 53.3773 0
    endloop
  endfacet
  facet normal -0.951065 0.308992 0
    outer loop
      vertex 21.1257 50.9948 0
      vertex 21.2809 51.4725 3
      vertex 21.2809 51.4725 0
    endloop
  endfacet
  facet normal -0.951065 0.308992 0
    outer loop
      vertex 21.2809 51.4725 3
      vertex 21.1257 50.9948 0
      vertex 21.1257 50.9948 3
    endloop
  endfacet
  facet normal 0 1 -0
    outer loop
      vertex 25.2512 53.9921 0
      vertex 24.7488 53.9921 3
      vertex 25.2512 53.9921 3
    endloop
  endfacet
  facet normal 0 1 0
    outer loop
      vertex 24.7488 53.9921 3
      vertex 25.2512 53.9921 0
      vertex 24.7488 53.9921 0
    endloop
  endfacet
  facet normal 0.368127 0.929775 -0
    outer loop
      vertex 26.7031 53.6193 0
      vertex 26.2361 53.8042 3
      vertex 26.7031 53.6193 3
    endloop
  endfacet
  facet normal 0.368127 0.929775 0
    outer loop
      vertex 26.2361 53.8042 3
      vertex 26.7031 53.6193 0
      vertex 26.2361 53.8042 0
    endloop
  endfacet
  facet normal 0 0 -1
    outer loop
      vertex -0.100465 26.5968 0
      vertex 0 28.9921 0
      vertex 0.100465 26.5968 0
    endloop
  endfacet
  facet normal 0 0 -1
    outer loop
      vertex -0.100465 26.5968 0
      vertex -0.251162 28.9921 0
      vertex 0 28.9921 0
    endloop
  endfacet
  facet normal 0 0 -1
    outer loop
      vertex -0.299809 26.5717 0
      vertex -0.251162 28.9921 0
      vertex -0.100465 26.5968 0
    endloop
  endfacet
  facet normal 0 0 -1
    outer loop
      vertex -0.749525 28.9291 0
      vertex -0.299809 26.5717 0
      vertex -0.494427 26.5217 0
    endloop
  endfacet
  facet normal 0 0 -1
    outer loop
      vertex -1.23607 28.8042 0
      vertex -0.494427 26.5217 0
      vertex -0.681247 26.4477 0
    endloop
  endfacet
  facet normal 0 0 -1
    outer loop
      vertex -0.299809 26.5717 0
      vertex -0.749525 28.9291 0
      vertex -0.251162 28.9921 0
    endloop
  endfacet
  facet normal 0 0 -1
    outer loop
      vertex -1.70312 28.6193 0
      vertex -0.681247 26.4477 0
      vertex -0.857323 26.3509 0
    endloop
  endfacet
  facet normal 0 0 -1
    outer loop
      vertex -2.14331 28.3773 0
      vertex -0.857323 26.3509 0
      vertex -1.01988 26.2328 0
    endloop
  endfacet
  facet normal 0 0 -1
    outer loop
      vertex -2.5497 28.0821 0
      vertex -1.01988 26.2328 0
      vertex -1.16635 26.0953 0
    endloop
  endfacet
  facet normal 0 0 -1
    outer loop
      vertex -0.494427 26.5217 0
      vertex -1.23607 28.8042 0
      vertex -0.749525 28.9291 0
    endloop
  endfacet
  facet normal 0 0 -1
    outer loop
      vertex -2.91587 27.7382 0
      vertex -1.16635 26.0953 0
      vertex -1.29443 25.9405 0
    endloop
  endfacet
  facet normal 0 0 -1
    outer loop
      vertex -3.23607 27.3511 0
      vertex -1.29443 25.9405 0
      vertex -1.40209 25.7708 0
    endloop
  endfacet
  facet normal 0 0 -1
    outer loop
      vertex -3.50523 26.927 0
      vertex -1.40209 25.7708 0
      vertex -1.48764 25.589 0
    endloop
  endfacet
  facet normal 0 0 -1
    outer loop
      vertex -3.71911 26.4725 0
      vertex -1.48764 25.589 0
      vertex -1.54973 25.3979 0
    endloop
  endfacet
  facet normal 0 0 -1
    outer loop
      vertex -3.87433 25.9948 0
      vertex -1.54973 25.3979 0
      vertex -1.58738 25.2005 0
    endloop
  endfacet
  facet normal 0 0 -1
    outer loop
      vertex -0.681247 26.4477 0
      vertex -1.70312 28.6193 0
      vertex -1.23607 28.8042 0
    endloop
  endfacet
  facet normal 0 0 -1
    outer loop
      vertex -3.96846 25.5013 0
      vertex -1.58738 25.2005 0
      vertex -1.6 25 0
    endloop
  endfacet
  facet normal 0 0 -1
    outer loop
      vertex -3.50523 23.073 0
      vertex -1.40209 24.2292 0
      vertex -3.23607 22.6489 0
    endloop
  endfacet
  facet normal -0 0 -1
    outer loop
      vertex -1.40209 24.2292 0
      vertex -3.50523 23.073 0
      vertex -1.48764 24.411 0
    endloop
  endfacet
  facet normal 0 0 -1
    outer loop
      vertex -0.857323 26.3509 0
      vertex -2.14331 28.3773 0
      vertex -1.70312 28.6193 0
    endloop
  endfacet
  facet normal 0 0 -1
    outer loop
      vertex -3.71911 23.5275 0
      vertex -1.48764 24.411 0
      vertex -3.50523 23.073 0
    endloop
  endfacet
  facet normal 0 0 -1
    outer loop
      vertex -1.01988 26.2328 0
      vertex -2.5497 28.0821 0
      vertex -2.14331 28.3773 0
    endloop
  endfacet
  facet normal -0 0 -1
    outer loop
      vertex -1.48764 24.411 0
      vertex -3.71911 23.5275 0
      vertex -1.54973 24.6021 0
    endloop
  endfacet
  facet normal 0 0 -1
    outer loop
      vertex -1.16635 26.0953 0
      vertex -2.91587 27.7382 0
      vertex -2.5497 28.0821 0
    endloop
  endfacet
  facet normal 0 0 -1
    outer loop
      vertex -3.87433 24.0052 0
      vertex -1.54973 24.6021 0
      vertex -3.71911 23.5275 0
    endloop
  endfacet
  facet normal 0 0 -1
    outer loop
      vertex -1.29443 25.9405 0
      vertex -3.23607 27.3511 0
      vertex -2.91587 27.7382 0
    endloop
  endfacet
  facet normal -0 0 -1
    outer loop
      vertex -1.54973 24.6021 0
      vertex -3.87433 24.0052 0
      vertex -1.58738 24.7995 0
    endloop
  endfacet
  facet normal 0 0 -1
    outer loop
      vertex -1.40209 25.7708 0
      vertex -3.50523 26.927 0
      vertex -3.23607 27.3511 0
    endloop
  endfacet
  facet normal 0 0 -1
    outer loop
      vertex -3.96846 24.4987 0
      vertex -1.58738 24.7995 0
      vertex -3.87433 24.0052 0
    endloop
  endfacet
  facet normal 0 0 -1
    outer loop
      vertex -1.48764 25.589 0
      vertex -3.71911 26.4725 0
      vertex -3.50523 26.927 0
    endloop
  endfacet
  facet normal -0 0 -1
    outer loop
      vertex -1.58738 24.7995 0
      vertex -3.96846 24.4987 0
      vertex -1.6 25 0
    endloop
  endfacet
  facet normal 0 0 -1
    outer loop
      vertex -1.54973 25.3979 0
      vertex -3.87433 25.9948 0
      vertex -3.71911 26.4725 0
    endloop
  endfacet
  facet normal 0 0 -1
    outer loop
      vertex -4 25 0
      vertex -1.6 25 0
      vertex -3.96846 24.4987 0
    endloop
  endfacet
  facet normal 0 0 -1
    outer loop
      vertex -1.58738 25.2005 0
      vertex -3.96846 25.5013 0
      vertex -3.87433 25.9948 0
    endloop
  endfacet
  facet normal 0 0 -1
    outer loop
      vertex -1.6 25 0
      vertex -4 25 0
      vertex -3.96846 25.5013 0
    endloop
  endfacet
  facet normal 0 0 -1
    outer loop
      vertex 1.29443 25.9405 0
      vertex 5.5 31.5 0
      vertex 1.40209 25.7708 0
    endloop
  endfacet
  facet normal 0 0 -1
    outer loop
      vertex 1.16635 26.0953 0
      vertex 5.5 31.5 0
      vertex 1.29443 25.9405 0
    endloop
  endfacet
  facet normal 0 0 -1
    outer loop
      vertex 0 28.9921 0
      vertex 5.5 31.5 0
      vertex 1.16635 26.0953 0
    endloop
  endfacet
  facet normal -0 0 -1
    outer loop
      vertex 5.5 31.5 0
      vertex 0 28.9921 0
      vertex 5.51183 31.688 0
    endloop
  endfacet
  facet normal -0 0 -1
    outer loop
      vertex 5.51183 31.688 0
      vertex 0 28.9921 0
      vertex 5.54712 31.873 0
    endloop
  endfacet
  facet normal -0 0 -1
    outer loop
      vertex 5.54712 31.873 0
      vertex 0 28.9921 0
      vertex 5.60534 32.0522 0
    endloop
  endfacet
  facet normal 0 0 -1
    outer loop
      vertex 0 28.9921 0
      vertex 1.16635 26.0953 0
      vertex 1.01988 26.2328 0
    endloop
  endfacet
  facet normal 0 0 -1
    outer loop
      vertex 0 28.9921 0
      vertex 1.01988 26.2328 0
      vertex 0.857323 26.3509 0
    endloop
  endfacet
  facet normal 0 0 -1
    outer loop
      vertex 0 28.9921 0
      vertex 0.857323 26.3509 0
      vertex 0.681247 26.4477 0
    endloop
  endfacet
  facet normal 0 0 -1
    outer loop
      vertex 0 28.9921 0
      vertex 0.681247 26.4477 0
      vertex 0.494427 26.5217 0
    endloop
  endfacet
  facet normal 0 0 -1
    outer loop
      vertex 0 28.9921 0
      vertex 0.494427 26.5217 0
      vertex 0.299809 26.5717 0
    endloop
  endfacet
  facet normal 0 0 -1
    outer loop
      vertex 0 28.9921 0
      vertex 0.299809 26.5717 0
      vertex 0.100465 26.5968 0
    endloop
  endfacet
  facet normal 0 0 -1
    outer loop
      vertex 0 45.5 0
      vertex 5.60534 32.0522 0
      vertex 0 28.9921 0
    endloop
  endfacet
  facet normal 0 0 -1
    outer loop
      vertex 5.60534 32.0522 0
      vertex 0 45.5 0
      vertex 4.5 50 0
    endloop
  endfacet
  facet normal 0 0 -1
    outer loop
      vertex 15.2811 32.9734 0
      vertex 12.6627 36.6201 0
      vertex 14.3254 39.5 0
    endloop
  endfacet
  facet normal 0 0 -1
    outer loop
      vertex 15.0942 32.997 0
      vertex 9.33729 36.6201 0
      vertex 12.6627 36.6201 0
    endloop
  endfacet
  facet normal 0 0 -1
    outer loop
      vertex 6.71893 32.9734 0
      vertex 9.33729 36.6201 0
      vertex 6.90581 32.997 0
    endloop
  endfacet
  facet normal 0 0 -1
    outer loop
      vertex 6.90581 32.997 0
      vertex 9.33729 36.6201 0
      vertex 15.0942 32.997 0
    endloop
  endfacet
  facet normal -0 0 -1
    outer loop
      vertex 17.1053 15.5522 0
      vertex 12.1627 13.8799 0
      vertex 15.0942 20.003 0
    endloop
  endfacet
  facet normal 0 0 -1
    outer loop
      vertex 6.90581 20.003 0
      vertex 12.1627 13.8799 0
      vertex 8.83729 13.8799 0
    endloop
  endfacet
  facet normal 0 0 -1
    outer loop
      vertex 12.1627 13.8799 0
      vertex 6.90581 20.003 0
      vertex 15.0942 20.003 0
    endloop
  endfacet
  facet normal 0 0 -1
    outer loop
      vertex 6.19626 20.2335 0
      vertex 8.83729 13.8799 0
      vertex 7.17457 11 0
    endloop
  endfacet
  facet normal 0 0 -1
    outer loop
      vertex 28.9685 -0.501332 0
      vertex 26.5874 -0.200533 0
      vertex 26.6 0 0
    endloop
  endfacet
  facet normal 0 0 -1
    outer loop
      vertex 27.1433 -3.37731 0
      vertex 26.5497 -0.397903 0
      vertex 26.5874 -0.200533 0
    endloop
  endfacet
  facet normal 0 0 -1
    outer loop
      vertex 27.1433 -3.37731 0
      vertex 26.4876 -0.588999 0
      vertex 26.5497 -0.397903 0
    endloop
  endfacet
  facet normal 0 0 -1
    outer loop
      vertex 27.1433 -3.37731 0
      vertex 26.4021 -0.770805 0
      vertex 26.4876 -0.588999 0
    endloop
  endfacet
  facet normal 0 0 -1
    outer loop
      vertex 27.1433 -3.37731 0
      vertex 26.2944 -0.940456 0
      vertex 26.4021 -0.770805 0
    endloop
  endfacet
  facet normal 0 0 -1
    outer loop
      vertex 25.6812 -1.44772 0
      vertex 26.7031 -3.61931 0
      vertex 26.2361 -3.80423 0
    endloop
  endfacet
  facet normal 0 0 -1
    outer loop
      vertex 27.1433 -3.37731 0
      vertex 26.1663 -1.09527 0
      vertex 26.2944 -0.940456 0
    endloop
  endfacet
  facet normal 0 0 -1
    outer loop
      vertex 27.1433 -3.37731 0
      vertex 26.0199 -1.23282 0
      vertex 26.1663 -1.09527 0
    endloop
  endfacet
  facet normal 0 0 -1
    outer loop
      vertex 27.1433 -3.37731 0
      vertex 25.8573 -1.35092 0
      vertex 26.0199 -1.23282 0
    endloop
  endfacet
  facet normal 0 0 -1
    outer loop
      vertex 25.4944 -1.52169 0
      vertex 26.2361 -3.80423 0
      vertex 25.7495 -3.92915 0
    endloop
  endfacet
  facet normal 0 0 -1
    outer loop
      vertex 26.7031 -3.61931 0
      vertex 25.6812 -1.44772 0
      vertex 25.8573 -1.35092 0
    endloop
  endfacet
  facet normal 0 0 -1
    outer loop
      vertex 26.2361 -3.80423 0
      vertex 25.4944 -1.52169 0
      vertex 25.6812 -1.44772 0
    endloop
  endfacet
  facet normal 0 0 -1
    outer loop
      vertex 25.7495 -3.92915 0
      vertex 25.2998 -1.57166 0
      vertex 25.4944 -1.52169 0
    endloop
  endfacet
  facet normal 0 0 -1
    outer loop
      vertex 25.2512 -3.99211 0
      vertex 25.2998 -1.57166 0
      vertex 25.7495 -3.92915 0
    endloop
  endfacet
  facet normal 0 0 -1
    outer loop
      vertex 25.2512 -3.99211 0
      vertex 25.1005 -1.59684 0
      vertex 25.2998 -1.57166 0
    endloop
  endfacet
  facet normal 0 0 -1
    outer loop
      vertex 25.2512 -3.99211 0
      vertex 24.8995 -1.59684 0
      vertex 25.1005 -1.59684 0
    endloop
  endfacet
  facet normal 0 0 -1
    outer loop
      vertex 24.7488 -3.99211 0
      vertex 24.8995 -1.59684 0
      vertex 25.2512 -3.99211 0
    endloop
  endfacet
  facet normal 0 0 -1
    outer loop
      vertex 24.7488 -3.99211 0
      vertex 24.7002 -1.57166 0
      vertex 24.8995 -1.59684 0
    endloop
  endfacet
  facet normal 0 0 -1
    outer loop
      vertex 24.2505 -3.92915 0
      vertex 24.7002 -1.57166 0
      vertex 24.7488 -3.99211 0
    endloop
  endfacet
  facet normal -0 0 -1
    outer loop
      vertex 24.7002 -1.57166 0
      vertex 24.2505 -3.92915 0
      vertex 24.5056 -1.52169 0
    endloop
  endfacet
  facet normal 0 0 -1
    outer loop
      vertex 23.7639 -3.80423 0
      vertex 24.5056 -1.52169 0
      vertex 24.2505 -3.92915 0
    endloop
  endfacet
  facet normal -0 0 -1
    outer loop
      vertex 24.5056 -1.52169 0
      vertex 23.7639 -3.80423 0
      vertex 24.3188 -1.44772 0
    endloop
  endfacet
  facet normal 0 0 -1
    outer loop
      vertex 23.2969 -3.61931 0
      vertex 24.3188 -1.44772 0
      vertex 23.7639 -3.80423 0
    endloop
  endfacet
  facet normal -0 0 -1
    outer loop
      vertex 24.3188 -1.44772 0
      vertex 23.2969 -3.61931 0
      vertex 24.1427 -1.35092 0
    endloop
  endfacet
  facet normal 0 0 -1
    outer loop
      vertex 22.8567 -3.37731 0
      vertex 24.1427 -1.35092 0
      vertex 23.2969 -3.61931 0
    endloop
  endfacet
  facet normal -0 0 -1
    outer loop
      vertex 24.1427 -1.35092 0
      vertex 22.8567 -3.37731 0
      vertex 23.9801 -1.23282 0
    endloop
  endfacet
  facet normal 0 0 -1
    outer loop
      vertex 22.4503 -3.08205 0
      vertex 23.9801 -1.23282 0
      vertex 22.8567 -3.37731 0
    endloop
  endfacet
  facet normal -0 0 -1
    outer loop
      vertex 23.9801 -1.23282 0
      vertex 22.4503 -3.08205 0
      vertex 23.8336 -1.09527 0
    endloop
  endfacet
  facet normal 0 0 -1
    outer loop
      vertex 22.0841 -2.73819 0
      vertex 23.8336 -1.09527 0
      vertex 22.4503 -3.08205 0
    endloop
  endfacet
  facet normal -0 0 -1
    outer loop
      vertex 23.8336 -1.09527 0
      vertex 22.0841 -2.73819 0
      vertex 23.7056 -0.940456 0
    endloop
  endfacet
  facet normal -0 0 -1
    outer loop
      vertex 23.7056 -0.940456 0
      vertex 21.7639 -2.35114 0
      vertex 23.5979 -0.770805 0
    endloop
  endfacet
  facet normal 0 0 -1
    outer loop
      vertex 21.7639 -2.35114 0
      vertex 23.7056 -0.940456 0
      vertex 22.0841 -2.73819 0
    endloop
  endfacet
  facet normal 0 0 -1
    outer loop
      vertex 37.8373 36.1201 0
      vertex 32.9882 34.812 0
      vertex 33 35 0
    endloop
  endfacet
  facet normal 0 0 -1
    outer loop
      vertex 32.9372 31.4974 0
      vertex 34.9058 29.997 0
      vertex 32.9842 31.2507 0
    endloop
  endfacet
  facet normal 0 0 -1
    outer loop
      vertex 34.9058 29.997 0
      vertex 32.9529 34.627 0
      vertex 32.9882 34.812 0
    endloop
  endfacet
  facet normal 0 0 -1
    outer loop
      vertex 32.8596 31.7362 0
      vertex 34.9058 29.997 0
      vertex 32.9372 31.4974 0
    endloop
  endfacet
  facet normal 0 0 -1
    outer loop
      vertex 34.9058 29.997 0
      vertex 32.8947 34.4478 0
      vertex 32.9529 34.627 0
    endloop
  endfacet
  facet normal 0 0 -1
    outer loop
      vertex 34.9058 29.997 0
      vertex 32.8596 31.7362 0
      vertex 32.8947 34.4478 0
    endloop
  endfacet
  facet normal 0 0 -1
    outer loop
      vertex 32.8596 31.7362 0
      vertex 32.8145 34.2774 0
      vertex 32.8947 34.4478 0
    endloop
  endfacet
  facet normal 0 0 -1
    outer loop
      vertex 32.7526 31.9635 0
      vertex 32.8145 34.2774 0
      vertex 32.8596 31.7362 0
    endloop
  endfacet
  facet normal 0 0 -1
    outer loop
      vertex 32.7526 31.9635 0
      vertex 32.7135 34.1183 0
      vertex 32.8145 34.2774 0
    endloop
  endfacet
  facet normal 0 0 -1
    outer loop
      vertex 32.618 32.1756 0
      vertex 32.7135 34.1183 0
      vertex 32.7526 31.9635 0
    endloop
  endfacet
  facet normal 0 0 -1
    outer loop
      vertex 32.618 32.1756 0
      vertex 32.5935 33.9732 0
      vertex 32.7135 34.1183 0
    endloop
  endfacet
  facet normal 0 0 -1
    outer loop
      vertex 32.4579 32.3691 0
      vertex 32.5935 33.9732 0
      vertex 32.618 32.1756 0
    endloop
  endfacet
  facet normal 0 0 -1
    outer loop
      vertex 32.4579 32.3691 0
      vertex 32.4561 33.8442 0
      vertex 32.5935 33.9732 0
    endloop
  endfacet
  facet normal 0 0 -1
    outer loop
      vertex 32.2748 32.541 0
      vertex 32.4561 33.8442 0
      vertex 32.4579 32.3691 0
    endloop
  endfacet
  facet normal 0 0 -1
    outer loop
      vertex 32.4561 33.8442 0
      vertex 32.2748 32.541 0
      vertex 32.3037 33.7335 0
    endloop
  endfacet
  facet normal 0 0 -1
    outer loop
      vertex 32.0717 32.6887 0
      vertex 32.3037 33.7335 0
      vertex 32.2748 32.541 0
    endloop
  endfacet
  facet normal 0 0 -1
    outer loop
      vertex 32.3037 33.7335 0
      vertex 32.0717 32.6887 0
      vertex 32.1387 33.6428 0
    endloop
  endfacet
  facet normal 0 0 -1
    outer loop
      vertex 32.0717 32.6887 0
      vertex 31.9635 33.5734 0
      vertex 32.1387 33.6428 0
    endloop
  endfacet
  facet normal 0 0 -1
    outer loop
      vertex 31.8516 32.8097 0
      vertex 31.9635 33.5734 0
      vertex 32.0717 32.6887 0
    endloop
  endfacet
  facet normal 0 0 -1
    outer loop
      vertex 31.8516 32.8097 0
      vertex 31.7811 33.5266 0
      vertex 31.9635 33.5734 0
    endloop
  endfacet
  facet normal 0 0 -1
    outer loop
      vertex 31.618 32.9021 0
      vertex 31.7811 33.5266 0
      vertex 31.8516 32.8097 0
    endloop
  endfacet
  facet normal 0 0 -1
    outer loop
      vertex 31.618 32.9021 0
      vertex 31.5942 33.503 0
      vertex 31.7811 33.5266 0
    endloop
  endfacet
  facet normal 0 0 -1
    outer loop
      vertex 31.3748 32.9646 0
      vertex 31.5942 33.503 0
      vertex 31.618 32.9021 0
    endloop
  endfacet
  facet normal 0 0 -1
    outer loop
      vertex 31.1256 32.9961 0
      vertex 31.5942 33.503 0
      vertex 31.3748 32.9646 0
    endloop
  endfacet
  facet normal 0 0 -1
    outer loop
      vertex 31.1256 32.9961 0
      vertex 21.4058 33.503 0
      vertex 31.5942 33.503 0
    endloop
  endfacet
  facet normal -0 0 -1
    outer loop
      vertex 20.0118 34.812 0
      vertex 18.6252 32.9646 0
      vertex 20 35 0
    endloop
  endfacet
  facet normal 0 0 -1
    outer loop
      vertex 18.6252 32.9646 0
      vertex 20.0118 34.812 0
      vertex 18.8744 32.9961 0
    endloop
  endfacet
  facet normal -0 0 -1
    outer loop
      vertex 20.0471 34.627 0
      vertex 18.8744 32.9961 0
      vertex 20.0118 34.812 0
    endloop
  endfacet
  facet normal -0 0 -1
    outer loop
      vertex 20.1053 34.4478 0
      vertex 18.8744 32.9961 0
      vertex 20.0471 34.627 0
    endloop
  endfacet
  facet normal -0 0 -1
    outer loop
      vertex 20.1855 34.2774 0
      vertex 18.8744 32.9961 0
      vertex 20.1053 34.4478 0
    endloop
  endfacet
  facet normal -0 0 -1
    outer loop
      vertex 20.2865 34.1183 0
      vertex 18.8744 32.9961 0
      vertex 20.1855 34.2774 0
    endloop
  endfacet
  facet normal -0 0 -1
    outer loop
      vertex 20.4065 33.9732 0
      vertex 18.8744 32.9961 0
      vertex 20.2865 34.1183 0
    endloop
  endfacet
  facet normal -0 0 -1
    outer loop
      vertex 20.5439 33.8442 0
      vertex 18.8744 32.9961 0
      vertex 20.4065 33.9732 0
    endloop
  endfacet
  facet normal -0 0 -1
    outer loop
      vertex 20.6963 33.7335 0
      vertex 18.8744 32.9961 0
      vertex 20.5439 33.8442 0
    endloop
  endfacet
  facet normal -0 0 -1
    outer loop
      vertex 20.8613 33.6428 0
      vertex 18.8744 32.9961 0
      vertex 20.6963 33.7335 0
    endloop
  endfacet
  facet normal -0 0 -1
    outer loop
      vertex 21.0365 33.5734 0
      vertex 18.8744 32.9961 0
      vertex 20.8613 33.6428 0
    endloop
  endfacet
  facet normal -0 0 -1
    outer loop
      vertex 21.2189 33.5266 0
      vertex 18.8744 32.9961 0
      vertex 21.0365 33.5734 0
    endloop
  endfacet
  facet normal -0 0 -1
    outer loop
      vertex 21.4058 33.503 0
      vertex 18.8744 32.9961 0
      vertex 21.2189 33.5266 0
    endloop
  endfacet
  facet normal 0 0 -1
    outer loop
      vertex 18.8744 32.9961 0
      vertex 21.4058 33.503 0
      vertex 31.1256 32.9961 0
    endloop
  endfacet
  facet normal 0 0 -1
    outer loop
      vertex 29.9882 15.188 0
      vertex 31.3748 17.0354 0
      vertex 30 15 0
    endloop
  endfacet
  facet normal 0 0 -1
    outer loop
      vertex 31.3748 17.0354 0
      vertex 29.9882 15.188 0
      vertex 31.1256 17.0039 0
    endloop
  endfacet
  facet normal 0 0 -1
    outer loop
      vertex 29.9529 15.373 0
      vertex 31.1256 17.0039 0
      vertex 29.9882 15.188 0
    endloop
  endfacet
  facet normal 0 0 -1
    outer loop
      vertex 29.8947 15.5522 0
      vertex 31.1256 17.0039 0
      vertex 29.9529 15.373 0
    endloop
  endfacet
  facet normal 0 0 -1
    outer loop
      vertex 29.8145 15.7226 0
      vertex 31.1256 17.0039 0
      vertex 29.8947 15.5522 0
    endloop
  endfacet
  facet normal 0 0 -1
    outer loop
      vertex 29.7135 15.8817 0
      vertex 31.1256 17.0039 0
      vertex 29.8145 15.7226 0
    endloop
  endfacet
  facet normal 0 0 -1
    outer loop
      vertex 29.5935 16.0268 0
      vertex 31.1256 17.0039 0
      vertex 29.7135 15.8817 0
    endloop
  endfacet
  facet normal 0 0 -1
    outer loop
      vertex 29.4561 16.1558 0
      vertex 31.1256 17.0039 0
      vertex 29.5935 16.0268 0
    endloop
  endfacet
  facet normal 0 0 -1
    outer loop
      vertex 29.3037 16.2665 0
      vertex 31.1256 17.0039 0
      vertex 29.4561 16.1558 0
    endloop
  endfacet
  facet normal 0 0 -1
    outer loop
      vertex 29.1387 16.3572 0
      vertex 31.1256 17.0039 0
      vertex 29.3037 16.2665 0
    endloop
  endfacet
  facet normal 0 0 -1
    outer loop
      vertex 28.9635 16.4266 0
      vertex 31.1256 17.0039 0
      vertex 29.1387 16.3572 0
    endloop
  endfacet
  facet normal 0 0 -1
    outer loop
      vertex 28.7811 16.4734 0
      vertex 31.1256 17.0039 0
      vertex 28.9635 16.4266 0
    endloop
  endfacet
  facet normal 0 0 -1
    outer loop
      vertex 28.5942 16.497 0
      vertex 31.1256 17.0039 0
      vertex 28.7811 16.4734 0
    endloop
  endfacet
  facet normal 0 0 -1
    outer loop
      vertex 28.5942 16.497 0
      vertex 18.8744 17.0039 0
      vertex 31.1256 17.0039 0
    endloop
  endfacet
  facet normal 0 0 -1
    outer loop
      vertex 18.4058 16.497 0
      vertex 18.8744 17.0039 0
      vertex 28.5942 16.497 0
    endloop
  endfacet
  facet normal 0 0 -1
    outer loop
      vertex 18.4058 16.497 0
      vertex 18.6252 17.0354 0
      vertex 18.8744 17.0039 0
    endloop
  endfacet
  facet normal 0 0 -1
    outer loop
      vertex 18.4058 16.497 0
      vertex 18.382 17.0979 0
      vertex 18.6252 17.0354 0
    endloop
  endfacet
  facet normal 0 0 -1
    outer loop
      vertex 18.2189 16.4734 0
      vertex 18.382 17.0979 0
      vertex 18.4058 16.497 0
    endloop
  endfacet
  facet normal 0 0 -1
    outer loop
      vertex 18.2189 16.4734 0
      vertex 18.1484 17.1903 0
      vertex 18.382 17.0979 0
    endloop
  endfacet
  facet normal 0 0 -1
    outer loop
      vertex 18.0365 16.4266 0
      vertex 18.1484 17.1903 0
      vertex 18.2189 16.4734 0
    endloop
  endfacet
  facet normal 0 0 -1
    outer loop
      vertex 18.0365 16.4266 0
      vertex 17.9283 17.3113 0
      vertex 18.1484 17.1903 0
    endloop
  endfacet
  facet normal 0 0 -1
    outer loop
      vertex 17.8613 16.3572 0
      vertex 17.9283 17.3113 0
      vertex 18.0365 16.4266 0
    endloop
  endfacet
  facet normal 0 0 -1
    outer loop
      vertex 17.6963 16.2665 0
      vertex 17.9283 17.3113 0
      vertex 17.8613 16.3572 0
    endloop
  endfacet
  facet normal -0 0 -1
    outer loop
      vertex 17.9283 17.3113 0
      vertex 17.6963 16.2665 0
      vertex 17.7252 17.459 0
    endloop
  endfacet
  facet normal 0 0 -1
    outer loop
      vertex 17.5439 16.1558 0
      vertex 17.7252 17.459 0
      vertex 17.6963 16.2665 0
    endloop
  endfacet
  facet normal 0 0 -1
    outer loop
      vertex 17.5439 16.1558 0
      vertex 17.5421 17.6309 0
      vertex 17.7252 17.459 0
    endloop
  endfacet
  facet normal 0 0 -1
    outer loop
      vertex 17.4065 16.0268 0
      vertex 17.5421 17.6309 0
      vertex 17.5439 16.1558 0
    endloop
  endfacet
  facet normal 0 0 -1
    outer loop
      vertex 17.4065 16.0268 0
      vertex 17.382 17.8244 0
      vertex 17.5421 17.6309 0
    endloop
  endfacet
  facet normal 0 0 -1
    outer loop
      vertex 17.2865 15.8817 0
      vertex 17.382 17.8244 0
      vertex 17.4065 16.0268 0
    endloop
  endfacet
  facet normal 0 0 -1
    outer loop
      vertex 17.2865 15.8817 0
      vertex 17.2474 18.0365 0
      vertex 17.382 17.8244 0
    endloop
  endfacet
  facet normal 0 0 -1
    outer loop
      vertex 17.1855 15.7226 0
      vertex 17.2474 18.0365 0
      vertex 17.2865 15.8817 0
    endloop
  endfacet
  facet normal 0 0 -1
    outer loop
      vertex 17.1855 15.7226 0
      vertex 17.1404 18.2638 0
      vertex 17.2474 18.0365 0
    endloop
  endfacet
  facet normal 0 0 -1
    outer loop
      vertex 17.1053 15.5522 0
      vertex 17.1404 18.2638 0
      vertex 17.1855 15.7226 0
    endloop
  endfacet
  facet normal 0 0 -1
    outer loop
      vertex 15.0942 20.003 0
      vertex 17.1404 18.2638 0
      vertex 17.1053 15.5522 0
    endloop
  endfacet
  facet normal 0 0 -1
    outer loop
      vertex 12.1627 13.8799 0
      vertex 17.1053 15.5522 0
      vertex 17.0471 15.373 0
    endloop
  endfacet
  facet normal 0 0 -1
    outer loop
      vertex 17.1404 18.2638 0
      vertex 15.0942 20.003 0
      vertex 17.0628 18.5026 0
    endloop
  endfacet
  facet normal 0 0 -1
    outer loop
      vertex 12.1627 13.8799 0
      vertex 17.0471 15.373 0
      vertex 17.0118 15.188 0
    endloop
  endfacet
  facet normal 0 0 -1
    outer loop
      vertex 12.1627 13.8799 0
      vertex 17 15 0
      vertex 13.8254 11 0
    endloop
  endfacet
  facet normal 0 0 -1
    outer loop
      vertex 17.0628 18.5026 0
      vertex 15.0942 20.003 0
      vertex 17.0158 18.7493 0
    endloop
  endfacet
  facet normal 0 0 -1
    outer loop
      vertex 26.2944 50.9405 0
      vertex 28.2361 52.3511 0
      vertex 26.4021 50.7708 0
    endloop
  endfacet
  facet normal -0 0 -1
    outer loop
      vertex 28.2361 52.3511 0
      vertex 26.2944 50.9405 0
      vertex 27.9159 52.7382 0
    endloop
  endfacet
  facet normal 0 0 -1
    outer loop
      vertex 26.1663 51.0953 0
      vertex 27.9159 52.7382 0
      vertex 26.2944 50.9405 0
    endloop
  endfacet
  facet normal -0 0 -1
    outer loop
      vertex 27.9159 52.7382 0
      vertex 26.1663 51.0953 0
      vertex 27.5497 53.0821 0
    endloop
  endfacet
  facet normal 0 0 -1
    outer loop
      vertex 26.0199 51.2328 0
      vertex 27.5497 53.0821 0
      vertex 26.1663 51.0953 0
    endloop
  endfacet
  facet normal -0 0 -1
    outer loop
      vertex 27.5497 53.0821 0
      vertex 26.0199 51.2328 0
      vertex 27.1433 53.3773 0
    endloop
  endfacet
  facet normal 0 0 -1
    outer loop
      vertex 25.8573 51.3509 0
      vertex 27.1433 53.3773 0
      vertex 26.0199 51.2328 0
    endloop
  endfacet
  facet normal -0 0 -1
    outer loop
      vertex 27.1433 53.3773 0
      vertex 25.8573 51.3509 0
      vertex 26.7031 53.6193 0
    endloop
  endfacet
  facet normal 0 0 -1
    outer loop
      vertex 25.6812 51.4477 0
      vertex 26.7031 53.6193 0
      vertex 25.8573 51.3509 0
    endloop
  endfacet
  facet normal -0 0 -1
    outer loop
      vertex 26.7031 53.6193 0
      vertex 25.6812 51.4477 0
      vertex 26.2361 53.8042 0
    endloop
  endfacet
  facet normal 0 0 -1
    outer loop
      vertex 25.4944 51.5217 0
      vertex 26.2361 53.8042 0
      vertex 25.6812 51.4477 0
    endloop
  endfacet
  facet normal -0 0 -1
    outer loop
      vertex 26.2361 53.8042 0
      vertex 25.4944 51.5217 0
      vertex 25.7495 53.9291 0
    endloop
  endfacet
  facet normal 0 0 -1
    outer loop
      vertex 25.2998 51.5717 0
      vertex 25.7495 53.9291 0
      vertex 25.4944 51.5217 0
    endloop
  endfacet
  facet normal 0 0 -1
    outer loop
      vertex 25.2998 51.5717 0
      vertex 25.2512 53.9921 0
      vertex 25.7495 53.9291 0
    endloop
  endfacet
  facet normal 0 0 -1
    outer loop
      vertex 25.1005 51.5968 0
      vertex 25.2512 53.9921 0
      vertex 25.2998 51.5717 0
    endloop
  endfacet
  facet normal 0 0 -1
    outer loop
      vertex 24.8995 51.5968 0
      vertex 25.2512 53.9921 0
      vertex 25.1005 51.5968 0
    endloop
  endfacet
  facet normal 0 0 -1
    outer loop
      vertex 24.8995 51.5968 0
      vertex 24.7488 53.9921 0
      vertex 25.2512 53.9921 0
    endloop
  endfacet
  facet normal 0 0 -1
    outer loop
      vertex 24.7002 51.5717 0
      vertex 24.7488 53.9921 0
      vertex 24.8995 51.5968 0
    endloop
  endfacet
  facet normal 0 0 -1
    outer loop
      vertex 24.2505 53.9291 0
      vertex 24.7002 51.5717 0
      vertex 24.5056 51.5217 0
    endloop
  endfacet
  facet normal 0 0 -1
    outer loop
      vertex 23.7639 53.8042 0
      vertex 24.5056 51.5217 0
      vertex 24.3188 51.4477 0
    endloop
  endfacet
  facet normal 0 0 -1
    outer loop
      vertex 24.7002 51.5717 0
      vertex 24.2505 53.9291 0
      vertex 24.7488 53.9921 0
    endloop
  endfacet
  facet normal 0 0 -1
    outer loop
      vertex 23.2969 53.6193 0
      vertex 24.3188 51.4477 0
      vertex 24.1427 51.3509 0
    endloop
  endfacet
  facet normal 0 0 -1
    outer loop
      vertex 22.8567 53.3773 0
      vertex 24.1427 51.3509 0
      vertex 23.9801 51.2328 0
    endloop
  endfacet
  facet normal 0 0 -1
    outer loop
      vertex 22.4503 53.0821 0
      vertex 23.9801 51.2328 0
      vertex 23.8336 51.0953 0
    endloop
  endfacet
  facet normal 0 0 -1
    outer loop
      vertex 24.5056 51.5217 0
      vertex 23.7639 53.8042 0
      vertex 24.2505 53.9291 0
    endloop
  endfacet
  facet normal 0 0 -1
    outer loop
      vertex 22.0841 52.7382 0
      vertex 23.8336 51.0953 0
      vertex 23.7056 50.9405 0
    endloop
  endfacet
  facet normal 0 0 -1
    outer loop
      vertex 21.7639 52.3511 0
      vertex 23.7056 50.9405 0
      vertex 23.5979 50.7708 0
    endloop
  endfacet
  facet normal 0 0 -1
    outer loop
      vertex 21.4948 51.927 0
      vertex 23.5979 50.7708 0
      vertex 23.5124 50.589 0
    endloop
  endfacet
  facet normal 0 0 -1
    outer loop
      vertex 21.2809 51.4725 0
      vertex 23.5124 50.589 0
      vertex 23.4503 50.3979 0
    endloop
  endfacet
  facet normal 0 0 -1
    outer loop
      vertex 21.1257 50.9948 0
      vertex 23.4503 50.3979 0
      vertex 23.4126 50.2005 0
    endloop
  endfacet
  facet normal 0 0 -1
    outer loop
      vertex 24.3188 51.4477 0
      vertex 23.2969 53.6193 0
      vertex 23.7639 53.8042 0
    endloop
  endfacet
  facet normal 0 0 -1
    outer loop
      vertex 21.0315 50.5013 0
      vertex 23.4126 50.2005 0
      vertex 23.4 50 0
    endloop
  endfacet
  facet normal 0 0 -1
    outer loop
      vertex 43.8037 29.7665 0
      vertex 41.1627 36.1201 0
      vertex 42.8254 39 0
    endloop
  endfacet
  facet normal 0 0 -1
    outer loop
      vertex 43.0942 29.997 0
      vertex 37.8373 36.1201 0
      vertex 41.1627 36.1201 0
    endloop
  endfacet
  facet normal 0 0 -1
    outer loop
      vertex 32.9882 34.812 0
      vertex 37.8373 36.1201 0
      vertex 34.9058 29.997 0
    endloop
  endfacet
  facet normal 0 0 -1
    outer loop
      vertex 34.9058 29.997 0
      vertex 37.8373 36.1201 0
      vertex 43.0942 29.997 0
    endloop
  endfacet
  facet normal 0 0 -1
    outer loop
      vertex 44.4529 28.873 0
      vertex 50 28.9921 0
      vertex 44.4882 28.688 0
    endloop
  endfacet
  facet normal 0 0 -1
    outer loop
      vertex 44.3947 29.0522 0
      vertex 50 28.9921 0
      vertex 44.4529 28.873 0
    endloop
  endfacet
  facet normal 0 0 -1
    outer loop
      vertex 44.3145 29.2226 0
      vertex 50 28.9921 0
      vertex 44.3947 29.0522 0
    endloop
  endfacet
  facet normal 0 0 -1
    outer loop
      vertex 44.2135 29.3817 0
      vertex 50 28.9921 0
      vertex 44.3145 29.2226 0
    endloop
  endfacet
  facet normal 0 0 -1
    outer loop
      vertex 44.0935 29.5268 0
      vertex 50 28.9921 0
      vertex 44.2135 29.3817 0
    endloop
  endfacet
  facet normal 0 0 -1
    outer loop
      vertex 50 28.9921 0
      vertex 42.8254 39 0
      vertex 50 45.5 0
    endloop
  endfacet
  facet normal 0 0 -1
    outer loop
      vertex 43.9561 29.6558 0
      vertex 50 28.9921 0
      vertex 44.0935 29.5268 0
    endloop
  endfacet
  facet normal 0 0 -1
    outer loop
      vertex 50 28.9921 0
      vertex 43.9561 29.6558 0
      vertex 42.8254 39 0
    endloop
  endfacet
  facet normal 0 0 -1
    outer loop
      vertex 42.8254 39 0
      vertex 43.9561 29.6558 0
      vertex 43.8037 29.7665 0
    endloop
  endfacet
  facet normal 0 0 -1
    outer loop
      vertex 41.1627 36.1201 0
      vertex 43.8037 29.7665 0
      vertex 43.6387 29.8572 0
    endloop
  endfacet
  facet normal 0 0 -1
    outer loop
      vertex 41.1627 36.1201 0
      vertex 43.6387 29.8572 0
      vertex 43.4635 29.9266 0
    endloop
  endfacet
  facet normal 0 0 -1
    outer loop
      vertex 41.1627 36.1201 0
      vertex 43.4635 29.9266 0
      vertex 43.2811 29.9734 0
    endloop
  endfacet
  facet normal 0 0 -1
    outer loop
      vertex 41.1627 36.1201 0
      vertex 43.2811 29.9734 0
      vertex 43.0942 29.997 0
    endloop
  endfacet
  facet normal 0 0 -1
    outer loop
      vertex 41.1627 41.8799 0
      vertex 50 45.5 0
      vertex 42.8254 39 0
    endloop
  endfacet
  facet normal -0 0 -1
    outer loop
      vertex 50 45.5 0
      vertex 41.1627 41.8799 0
      vertex 45.5 50 0
    endloop
  endfacet
  facet normal 0 0 -1
    outer loop
      vertex 37.8373 41.8799 0
      vertex 45.5 50 0
      vertex 41.1627 41.8799 0
    endloop
  endfacet
  facet normal 0 0 -1
    outer loop
      vertex 34.5365 29.9266 0
      vertex 32.9842 31.2507 0
      vertex 34.7189 29.9734 0
    endloop
  endfacet
  facet normal 0 0 -1
    outer loop
      vertex 32.9842 31.2507 0
      vertex 34.5365 29.9266 0
      vertex 33 31 0
    endloop
  endfacet
  facet normal 0 0 -1
    outer loop
      vertex 33 31 0
      vertex 34.5365 29.9266 0
      vertex 34.3613 29.8572 0
    endloop
  endfacet
  facet normal 0 0 -1
    outer loop
      vertex 33 31 0
      vertex 34.3613 29.8572 0
      vertex 34.1963 29.7665 0
    endloop
  endfacet
  facet normal 0 0 -1
    outer loop
      vertex 33 31 0
      vertex 34.1963 29.7665 0
      vertex 34.0439 29.6558 0
    endloop
  endfacet
  facet normal 0 0 -1
    outer loop
      vertex 33 31 0
      vertex 34.0439 29.6558 0
      vertex 33.9065 29.5268 0
    endloop
  endfacet
  facet normal 0 0 -1
    outer loop
      vertex 33 31 0
      vertex 33.9065 29.5268 0
      vertex 33.7865 29.3817 0
    endloop
  endfacet
  facet normal 0 0 -1
    outer loop
      vertex 33 31 0
      vertex 33.7865 29.3817 0
      vertex 33.6855 29.2226 0
    endloop
  endfacet
  facet normal 0 0 -1
    outer loop
      vertex 33 31 0
      vertex 33.6855 29.2226 0
      vertex 33.6053 29.0522 0
    endloop
  endfacet
  facet normal 0 0 -1
    outer loop
      vertex 33 31 0
      vertex 33.6053 29.0522 0
      vertex 33.5471 28.873 0
    endloop
  endfacet
  facet normal 0 0 -1
    outer loop
      vertex 33 31 0
      vertex 33.5 28.5 0
      vertex 33 19 0
    endloop
  endfacet
  facet normal 0 0 -1
    outer loop
      vertex 33 31 0
      vertex 33.5118 28.688 0
      vertex 33.5 28.5 0
    endloop
  endfacet
  facet normal 0 0 -1
    outer loop
      vertex 33 31 0
      vertex 33.5471 28.873 0
      vertex 33.5118 28.688 0
    endloop
  endfacet
  facet normal 0 0 -1
    outer loop
      vertex 34.7189 29.9734 0
      vertex 32.9842 31.2507 0
      vertex 34.9058 29.997 0
    endloop
  endfacet
  facet normal -0 0 -1
    outer loop
      vertex 37.8373 36.1201 0
      vertex 33 35 0
      vertex 36.1746 39 0
    endloop
  endfacet
  facet normal 0 0 -1
    outer loop
      vertex 33 43 0
      vertex 36.1746 39 0
      vertex 33 35 0
    endloop
  endfacet
  facet normal 0 0 -1
    outer loop
      vertex 36.1746 39 0
      vertex 33 43 0
      vertex 37.8373 41.8799 0
    endloop
  endfacet
  facet normal 0 0 -1
    outer loop
      vertex 32.9882 43.188 0
      vertex 37.8373 41.8799 0
      vertex 33 43 0
    endloop
  endfacet
  facet normal 0 0 -1
    outer loop
      vertex 32.9529 43.373 0
      vertex 37.8373 41.8799 0
      vertex 32.9882 43.188 0
    endloop
  endfacet
  facet normal 0 0 -1
    outer loop
      vertex 32.8947 43.5522 0
      vertex 37.8373 41.8799 0
      vertex 32.9529 43.373 0
    endloop
  endfacet
  facet normal 0 0 -1
    outer loop
      vertex 32.8145 43.7226 0
      vertex 37.8373 41.8799 0
      vertex 32.8947 43.5522 0
    endloop
  endfacet
  facet normal 0 0 -1
    outer loop
      vertex 32.7135 43.8817 0
      vertex 37.8373 41.8799 0
      vertex 32.8145 43.7226 0
    endloop
  endfacet
  facet normal 0 0 -1
    outer loop
      vertex 32.5935 44.0268 0
      vertex 37.8373 41.8799 0
      vertex 32.7135 43.8817 0
    endloop
  endfacet
  facet normal 0 0 -1
    outer loop
      vertex 37.8373 41.8799 0
      vertex 32.5935 44.0268 0
      vertex 45.5 50 0
    endloop
  endfacet
  facet normal 0 0 -1
    outer loop
      vertex 32.4561 44.1558 0
      vertex 45.5 50 0
      vertex 32.5935 44.0268 0
    endloop
  endfacet
  facet normal 0 0 -1
    outer loop
      vertex 32.3037 44.2665 0
      vertex 45.5 50 0
      vertex 32.4561 44.1558 0
    endloop
  endfacet
  facet normal 0 0 -1
    outer loop
      vertex 29 50 0
      vertex 32.3037 44.2665 0
      vertex 32.1387 44.3572 0
    endloop
  endfacet
  facet normal 0 0 -1
    outer loop
      vertex 29 50 0
      vertex 32.1387 44.3572 0
      vertex 31.9635 44.4266 0
    endloop
  endfacet
  facet normal 0 0 -1
    outer loop
      vertex 29 50 0
      vertex 31.9635 44.4266 0
      vertex 31.7811 44.4734 0
    endloop
  endfacet
  facet normal 0 0 -1
    outer loop
      vertex 29 50 0
      vertex 31.7811 44.4734 0
      vertex 31.5942 44.497 0
    endloop
  endfacet
  facet normal 0 0 -1
    outer loop
      vertex 32.3037 44.2665 0
      vertex 29 50 0
      vertex 45.5 50 0
    endloop
  endfacet
  facet normal 0 0 -1
    outer loop
      vertex 26.6 50 0
      vertex 28.9685 50.5013 0
      vertex 29 50 0
    endloop
  endfacet
  facet normal 0 0 -1
    outer loop
      vertex 26.5874 50.2005 0
      vertex 28.9685 50.5013 0
      vertex 26.6 50 0
    endloop
  endfacet
  facet normal -0 0 -1
    outer loop
      vertex 28.9685 50.5013 0
      vertex 26.5874 50.2005 0
      vertex 28.8743 50.9948 0
    endloop
  endfacet
  facet normal 0 0 -1
    outer loop
      vertex 26.5497 50.3979 0
      vertex 28.8743 50.9948 0
      vertex 26.5874 50.2005 0
    endloop
  endfacet
  facet normal -0 0 -1
    outer loop
      vertex 28.8743 50.9948 0
      vertex 26.5497 50.3979 0
      vertex 28.7191 51.4725 0
    endloop
  endfacet
  facet normal 0 0 -1
    outer loop
      vertex 26.4876 50.589 0
      vertex 28.7191 51.4725 0
      vertex 26.5497 50.3979 0
    endloop
  endfacet
  facet normal -0 0 -1
    outer loop
      vertex 28.7191 51.4725 0
      vertex 26.4876 50.589 0
      vertex 28.5052 51.927 0
    endloop
  endfacet
  facet normal 0 0 -1
    outer loop
      vertex 26.1663 48.9047 0
      vertex 29 50 0
      vertex 31.5942 44.497 0
    endloop
  endfacet
  facet normal 0 0 -1
    outer loop
      vertex 26.4021 50.7708 0
      vertex 28.5052 51.927 0
      vertex 26.4876 50.589 0
    endloop
  endfacet
  facet normal -0 0 -1
    outer loop
      vertex 28.5052 51.927 0
      vertex 26.4021 50.7708 0
      vertex 28.2361 52.3511 0
    endloop
  endfacet
  facet normal -0 0 -1
    outer loop
      vertex 29 50 0
      vertex 26.5874 49.7995 0
      vertex 26.6 50 0
    endloop
  endfacet
  facet normal 0 0 -1
    outer loop
      vertex 29 50 0
      vertex 26.5497 49.6021 0
      vertex 26.5874 49.7995 0
    endloop
  endfacet
  facet normal 0 0 -1
    outer loop
      vertex 29 50 0
      vertex 26.4876 49.411 0
      vertex 26.5497 49.6021 0
    endloop
  endfacet
  facet normal 0 0 -1
    outer loop
      vertex 29 50 0
      vertex 26.4021 49.2292 0
      vertex 26.4876 49.411 0
    endloop
  endfacet
  facet normal 0 0 -1
    outer loop
      vertex 29 50 0
      vertex 26.2944 49.0595 0
      vertex 26.4021 49.2292 0
    endloop
  endfacet
  facet normal 0 0 -1
    outer loop
      vertex 29 50 0
      vertex 26.1663 48.9047 0
      vertex 26.2944 49.0595 0
    endloop
  endfacet
  facet normal 0 0 -1
    outer loop
      vertex 31.5942 44.497 0
      vertex 26.0199 48.7672 0
      vertex 26.1663 48.9047 0
    endloop
  endfacet
  facet normal 0 0 -1
    outer loop
      vertex 31.5942 44.497 0
      vertex 25.8573 48.6491 0
      vertex 26.0199 48.7672 0
    endloop
  endfacet
  facet normal 0 0 -1
    outer loop
      vertex 31.5942 44.497 0
      vertex 25.6812 48.5523 0
      vertex 25.8573 48.6491 0
    endloop
  endfacet
  facet normal 0 0 -1
    outer loop
      vertex 31.5942 44.497 0
      vertex 25.4944 48.4783 0
      vertex 25.6812 48.5523 0
    endloop
  endfacet
  facet normal 0 0 -1
    outer loop
      vertex 31.5942 44.497 0
      vertex 25.2998 48.4283 0
      vertex 25.4944 48.4783 0
    endloop
  endfacet
  facet normal 0 0 -1
    outer loop
      vertex 21.4058 44.497 0
      vertex 25.2998 48.4283 0
      vertex 31.5942 44.497 0
    endloop
  endfacet
  facet normal 0 0 -1
    outer loop
      vertex 25.2998 48.4283 0
      vertex 21.4058 44.497 0
      vertex 25.1005 48.4032 0
    endloop
  endfacet
  facet normal -0 0 -1
    outer loop
      vertex 25.1005 48.4032 0
      vertex 21.4058 44.497 0
      vertex 24.8995 48.4032 0
    endloop
  endfacet
  facet normal -0 0 -1
    outer loop
      vertex 24.8995 48.4032 0
      vertex 21.4058 44.497 0
      vertex 24.7002 48.4283 0
    endloop
  endfacet
  facet normal -0 0 -1
    outer loop
      vertex 24.7002 48.4283 0
      vertex 21.4058 44.497 0
      vertex 24.5056 48.4783 0
    endloop
  endfacet
  facet normal -0 0 -1
    outer loop
      vertex 24.5056 48.4783 0
      vertex 21.4058 44.497 0
      vertex 24.3188 48.5523 0
    endloop
  endfacet
  facet normal 0 0 -1
    outer loop
      vertex 24.1427 51.3509 0
      vertex 22.8567 53.3773 0
      vertex 23.2969 53.6193 0
    endloop
  endfacet
  facet normal 0 0 -1
    outer loop
      vertex 21 50 0
      vertex 23.4 50 0
      vertex 23.4126 49.7995 0
    endloop
  endfacet
  facet normal 0 0 -1
    outer loop
      vertex 23.9801 51.2328 0
      vertex 22.4503 53.0821 0
      vertex 22.8567 53.3773 0
    endloop
  endfacet
  facet normal 0 0 -1
    outer loop
      vertex 21 50 0
      vertex 23.4126 49.7995 0
      vertex 23.4503 49.6021 0
    endloop
  endfacet
  facet normal 0 0 -1
    outer loop
      vertex 23.8336 51.0953 0
      vertex 22.0841 52.7382 0
      vertex 22.4503 53.0821 0
    endloop
  endfacet
  facet normal 0 0 -1
    outer loop
      vertex 21 50 0
      vertex 23.4503 49.6021 0
      vertex 23.5124 49.411 0
    endloop
  endfacet
  facet normal 0 0 -1
    outer loop
      vertex 23.7056 50.9405 0
      vertex 21.7639 52.3511 0
      vertex 22.0841 52.7382 0
    endloop
  endfacet
  facet normal 0 0 -1
    outer loop
      vertex 21 50 0
      vertex 23.5124 49.411 0
      vertex 23.5979 49.2292 0
    endloop
  endfacet
  facet normal 0 0 -1
    outer loop
      vertex 23.5979 50.7708 0
      vertex 21.4948 51.927 0
      vertex 21.7639 52.3511 0
    endloop
  endfacet
  facet normal 0 0 -1
    outer loop
      vertex 21 50 0
      vertex 23.5979 49.2292 0
      vertex 23.7056 49.0595 0
    endloop
  endfacet
  facet normal -0 0 -1
    outer loop
      vertex 24.3188 48.5523 0
      vertex 21.4058 44.497 0
      vertex 24.1427 48.6491 0
    endloop
  endfacet
  facet normal 0 0 -1
    outer loop
      vertex 21.4058 44.497 0
      vertex 23.9801 48.7672 0
      vertex 24.1427 48.6491 0
    endloop
  endfacet
  facet normal 0 0 -1
    outer loop
      vertex 21.4058 44.497 0
      vertex 23.8336 48.9047 0
      vertex 23.9801 48.7672 0
    endloop
  endfacet
  facet normal 0 0 -1
    outer loop
      vertex 21.4058 44.497 0
      vertex 23.7056 49.0595 0
      vertex 23.8336 48.9047 0
    endloop
  endfacet
  facet normal 0 0 -1
    outer loop
      vertex 21 50 0
      vertex 23.7056 49.0595 0
      vertex 21.4058 44.497 0
    endloop
  endfacet
  facet normal 0 0 -1
    outer loop
      vertex 23.4 50 0
      vertex 21 50 0
      vertex 21.0315 50.5013 0
    endloop
  endfacet
  facet normal 0 0 -1
    outer loop
      vertex 21 50 0
      vertex 21.4058 44.497 0
      vertex 21.2189 44.4734 0
    endloop
  endfacet
  facet normal 0 0 -1
    outer loop
      vertex 23.5124 50.589 0
      vertex 21.2809 51.4725 0
      vertex 21.4948 51.927 0
    endloop
  endfacet
  facet normal 0 0 -1
    outer loop
      vertex 21 50 0
      vertex 21.2189 44.4734 0
      vertex 21.0365 44.4266 0
    endloop
  endfacet
  facet normal 0 0 -1
    outer loop
      vertex 23.4503 50.3979 0
      vertex 21.1257 50.9948 0
      vertex 21.2809 51.4725 0
    endloop
  endfacet
  facet normal 0 0 -1
    outer loop
      vertex 23.4126 50.2005 0
      vertex 21.0315 50.5013 0
      vertex 21.1257 50.9948 0
    endloop
  endfacet
  facet normal 0 0 -1
    outer loop
      vertex 20.8613 44.3572 0
      vertex 21 50 0
      vertex 21.0365 44.4266 0
    endloop
  endfacet
  facet normal 0 0 -1
    outer loop
      vertex 20.6963 44.2665 0
      vertex 21 50 0
      vertex 20.8613 44.3572 0
    endloop
  endfacet
  facet normal 0 0 -1
    outer loop
      vertex 20.5439 44.1558 0
      vertex 21 50 0
      vertex 20.6963 44.2665 0
    endloop
  endfacet
  facet normal 0 0 -1
    outer loop
      vertex 20.4065 44.0268 0
      vertex 21 50 0
      vertex 20.5439 44.1558 0
    endloop
  endfacet
  facet normal 0 0 -1
    outer loop
      vertex 20.2865 43.8817 0
      vertex 21 50 0
      vertex 20.4065 44.0268 0
    endloop
  endfacet
  facet normal 0 0 -1
    outer loop
      vertex 12.6627 42.3799 0
      vertex 20.2865 43.8817 0
      vertex 20.1855 43.7226 0
    endloop
  endfacet
  facet normal 0 0 -1
    outer loop
      vertex 12.6627 42.3799 0
      vertex 20.1855 43.7226 0
      vertex 20.1053 43.5522 0
    endloop
  endfacet
  facet normal 0 0 -1
    outer loop
      vertex 12.6627 42.3799 0
      vertex 20.1053 43.5522 0
      vertex 20.0471 43.373 0
    endloop
  endfacet
  facet normal 0 0 -1
    outer loop
      vertex 12.6627 42.3799 0
      vertex 20.0471 43.373 0
      vertex 20.0118 43.188 0
    endloop
  endfacet
  facet normal 0 0 -1
    outer loop
      vertex 20 35 0
      vertex 14.3254 39.5 0
      vertex 20 43 0
    endloop
  endfacet
  facet normal 0 0 -1
    outer loop
      vertex 18.382 32.9021 0
      vertex 20 35 0
      vertex 18.6252 32.9646 0
    endloop
  endfacet
  facet normal 0 0 -1
    outer loop
      vertex 18.1484 32.8097 0
      vertex 20 35 0
      vertex 18.382 32.9021 0
    endloop
  endfacet
  facet normal 0 0 -1
    outer loop
      vertex 12.6627 42.3799 0
      vertex 20 43 0
      vertex 14.3254 39.5 0
    endloop
  endfacet
  facet normal 0 0 -1
    outer loop
      vertex 20 35 0
      vertex 18.1484 32.8097 0
      vertex 15.6387 32.8572 0
    endloop
  endfacet
  facet normal 0 0 -1
    outer loop
      vertex 15.8037 32.7665 0
      vertex 18.1484 32.8097 0
      vertex 17.9283 32.6887 0
    endloop
  endfacet
  facet normal 0 0 -1
    outer loop
      vertex 15.9561 32.6558 0
      vertex 17.9283 32.6887 0
      vertex 17.7252 32.541 0
    endloop
  endfacet
  facet normal 0 0 -1
    outer loop
      vertex 16.0935 32.5268 0
      vertex 17.7252 32.541 0
      vertex 17.5421 32.3691 0
    endloop
  endfacet
  facet normal 0 0 -1
    outer loop
      vertex 16.2135 32.3817 0
      vertex 17.5421 32.3691 0
      vertex 17.382 32.1756 0
    endloop
  endfacet
  facet normal 0 0 -1
    outer loop
      vertex 16.3947 32.0522 0
      vertex 17.382 32.1756 0
      vertex 17.2474 31.9635 0
    endloop
  endfacet
  facet normal 0 0 -1
    outer loop
      vertex 16.4529 31.873 0
      vertex 17.2474 31.9635 0
      vertex 17.1404 31.7362 0
    endloop
  endfacet
  facet normal 0 0 -1
    outer loop
      vertex 16.4882 31.688 0
      vertex 17.1404 31.7362 0
      vertex 17.0628 31.4974 0
    endloop
  endfacet
  facet normal 0 0 -1
    outer loop
      vertex 16.5 31.5 0
      vertex 17 31 0
      vertex 16.5 21.5 0
    endloop
  endfacet
  facet normal 0 0 -1
    outer loop
      vertex 16.5 31.5 0
      vertex 17.0158 31.2507 0
      vertex 17 31 0
    endloop
  endfacet
  facet normal 0 0 -1
    outer loop
      vertex 16.5 31.5 0
      vertex 17.0628 31.4974 0
      vertex 17.0158 31.2507 0
    endloop
  endfacet
  facet normal 0 0 -1
    outer loop
      vertex 16.4882 31.688 0
      vertex 17.0628 31.4974 0
      vertex 16.5 31.5 0
    endloop
  endfacet
  facet normal -0 0 -1
    outer loop
      vertex 17.1404 31.7362 0
      vertex 16.4882 31.688 0
      vertex 16.4529 31.873 0
    endloop
  endfacet
  facet normal -0 0 -1
    outer loop
      vertex 17.2474 31.9635 0
      vertex 16.4529 31.873 0
      vertex 16.3947 32.0522 0
    endloop
  endfacet
  facet normal -0 0 -1
    outer loop
      vertex 17.382 32.1756 0
      vertex 16.3947 32.0522 0
      vertex 16.3145 32.2226 0
    endloop
  endfacet
  facet normal 0 0 -1
    outer loop
      vertex 17.382 32.1756 0
      vertex 16.3145 32.2226 0
      vertex 16.2135 32.3817 0
    endloop
  endfacet
  facet normal 0 0 -1
    outer loop
      vertex 17.5421 32.3691 0
      vertex 16.2135 32.3817 0
      vertex 16.0935 32.5268 0
    endloop
  endfacet
  facet normal -0 0 -1
    outer loop
      vertex 17.7252 32.541 0
      vertex 16.0935 32.5268 0
      vertex 15.9561 32.6558 0
    endloop
  endfacet
  facet normal -0 0 -1
    outer loop
      vertex 17.9283 32.6887 0
      vertex 15.9561 32.6558 0
      vertex 15.8037 32.7665 0
    endloop
  endfacet
  facet normal -0 0 -1
    outer loop
      vertex 18.1484 32.8097 0
      vertex 15.8037 32.7665 0
      vertex 15.6387 32.8572 0
    endloop
  endfacet
  facet normal 0 0 -1
    outer loop
      vertex 20 35 0
      vertex 15.6387 32.8572 0
      vertex 15.4635 32.9266 0
    endloop
  endfacet
  facet normal -0 0 -1
    outer loop
      vertex 20 35 0
      vertex 15.4635 32.9266 0
      vertex 14.3254 39.5 0
    endloop
  endfacet
  facet normal 0 0 -1
    outer loop
      vertex 14.3254 39.5 0
      vertex 15.4635 32.9266 0
      vertex 15.2811 32.9734 0
    endloop
  endfacet
  facet normal 0 0 -1
    outer loop
      vertex 12.6627 36.6201 0
      vertex 15.2811 32.9734 0
      vertex 15.0942 32.997 0
    endloop
  endfacet
  facet normal -0 0 -1
    outer loop
      vertex 20 43 0
      vertex 12.6627 42.3799 0
      vertex 20.0118 43.188 0
    endloop
  endfacet
  facet normal -0 0 -1
    outer loop
      vertex 20.2865 43.8817 0
      vertex 12.6627 42.3799 0
      vertex 21 50 0
    endloop
  endfacet
  facet normal 0 0 -1
    outer loop
      vertex 4.5 50 0
      vertex 12.6627 42.3799 0
      vertex 9.33729 42.3799 0
    endloop
  endfacet
  facet normal -0 0 -1
    outer loop
      vertex 9.33729 36.6201 0
      vertex 6.71893 32.9734 0
      vertex 7.67457 39.5 0
    endloop
  endfacet
  facet normal 0 0 -1
    outer loop
      vertex 6.53647 32.9266 0
      vertex 7.67457 39.5 0
      vertex 6.71893 32.9734 0
    endloop
  endfacet
  facet normal 0 0 -1
    outer loop
      vertex 6.36133 32.8572 0
      vertex 7.67457 39.5 0
      vertex 6.53647 32.9266 0
    endloop
  endfacet
  facet normal 0 0 -1
    outer loop
      vertex 6.19626 32.7665 0
      vertex 7.67457 39.5 0
      vertex 6.36133 32.8572 0
    endloop
  endfacet
  facet normal 0 0 -1
    outer loop
      vertex 6.04386 32.6558 0
      vertex 7.67457 39.5 0
      vertex 6.19626 32.7665 0
    endloop
  endfacet
  facet normal 0 0 -1
    outer loop
      vertex 5.90655 32.5268 0
      vertex 7.67457 39.5 0
      vertex 6.04386 32.6558 0
    endloop
  endfacet
  facet normal 0 0 -1
    outer loop
      vertex 5.78647 32.3817 0
      vertex 7.67457 39.5 0
      vertex 5.90655 32.5268 0
    endloop
  endfacet
  facet normal 0 0 -1
    outer loop
      vertex 5.68554 32.2226 0
      vertex 7.67457 39.5 0
      vertex 5.78647 32.3817 0
    endloop
  endfacet
  facet normal 0 0 -1
    outer loop
      vertex 4.5 50 0
      vertex 5.68554 32.2226 0
      vertex 5.60534 32.0522 0
    endloop
  endfacet
  facet normal 0 0 -1
    outer loop
      vertex 1.48764 25.589 0
      vertex 5.5 31.5 0
      vertex 1.54973 25.3979 0
    endloop
  endfacet
  facet normal 0 0 -1
    outer loop
      vertex 12.6627 42.3799 0
      vertex 4.5 50 0
      vertex 21 50 0
    endloop
  endfacet
  facet normal 0 0 -1
    outer loop
      vertex 7.67457 39.5 0
      vertex 4.5 50 0
      vertex 9.33729 42.3799 0
    endloop
  endfacet
  facet normal 0 0 -1
    outer loop
      vertex 5.68554 32.2226 0
      vertex 4.5 50 0
      vertex 7.67457 39.5 0
    endloop
  endfacet
  facet normal 0 0 -1
    outer loop
      vertex 5.5 21.5 0
      vertex 1.54973 25.3979 0
      vertex 5.5 31.5 0
    endloop
  endfacet
  facet normal 0 0 -1
    outer loop
      vertex 1.54973 25.3979 0
      vertex 5.5 21.5 0
      vertex 1.58738 25.2005 0
    endloop
  endfacet
  facet normal 0 -0 -1
    outer loop
      vertex 1.54973 24.6021 0
      vertex 5.5 21.5 0
      vertex 1.48764 24.411 0
    endloop
  endfacet
  facet normal 0 0 -1
    outer loop
      vertex 1.40209 25.7708 0
      vertex 5.5 31.5 0
      vertex 1.48764 25.589 0
    endloop
  endfacet
  facet normal 0 0 -1
    outer loop
      vertex 1.58738 25.2005 0
      vertex 5.5 21.5 0
      vertex 1.6 25 0
    endloop
  endfacet
  facet normal 0 -0 -1
    outer loop
      vertex 1.6 25 0
      vertex 5.5 21.5 0
      vertex 1.58738 24.7995 0
    endloop
  endfacet
  facet normal 0 -0 -1
    outer loop
      vertex 1.58738 24.7995 0
      vertex 5.5 21.5 0
      vertex 1.54973 24.6021 0
    endloop
  endfacet
  facet normal 0 0 -1
    outer loop
      vertex 4.5 0 0
      vertex 1.40209 24.2292 0
      vertex 1.48764 24.411 0
    endloop
  endfacet
  facet normal 0 0 -1
    outer loop
      vertex 0 21.0079 0
      vertex 1.40209 24.2292 0
      vertex 4.5 0 0
    endloop
  endfacet
  facet normal 0 0 -1
    outer loop
      vertex 1.40209 24.2292 0
      vertex 0 21.0079 0
      vertex 1.29443 24.0595 0
    endloop
  endfacet
  facet normal 0 0 -1
    outer loop
      vertex 1.29443 24.0595 0
      vertex 0 21.0079 0
      vertex 1.16635 23.9047 0
    endloop
  endfacet
  facet normal 0 0 -1
    outer loop
      vertex 1.16635 23.9047 0
      vertex 0 21.0079 0
      vertex 1.01988 23.7672 0
    endloop
  endfacet
  facet normal 0 0 -1
    outer loop
      vertex 1.01988 23.7672 0
      vertex 0 21.0079 0
      vertex 0.857323 23.6491 0
    endloop
  endfacet
  facet normal 0 0 -1
    outer loop
      vertex 0.857323 23.6491 0
      vertex 0 21.0079 0
      vertex 0.681247 23.5523 0
    endloop
  endfacet
  facet normal 0 0 -1
    outer loop
      vertex 0.681247 23.5523 0
      vertex 0 21.0079 0
      vertex 0.494427 23.4783 0
    endloop
  endfacet
  facet normal 0 0 -1
    outer loop
      vertex 0.494427 23.4783 0
      vertex 0 21.0079 0
      vertex 0.299809 23.4283 0
    endloop
  endfacet
  facet normal 0 0 -1
    outer loop
      vertex 0 21.0079 0
      vertex 4.5 0 0
      vertex 0 4.5 0
    endloop
  endfacet
  facet normal 0 0 -1
    outer loop
      vertex 0.299809 23.4283 0
      vertex 0 21.0079 0
      vertex 0.100465 23.4032 0
    endloop
  endfacet
  facet normal 0 0 -1
    outer loop
      vertex 0 21.0079 0
      vertex -0.100465 23.4032 0
      vertex 0.100465 23.4032 0
    endloop
  endfacet
  facet normal 0 0 -1
    outer loop
      vertex -0.251162 21.0079 0
      vertex -0.100465 23.4032 0
      vertex 0 21.0079 0
    endloop
  endfacet
  facet normal 0 0 -1
    outer loop
      vertex -0.251162 21.0079 0
      vertex -0.299809 23.4283 0
      vertex -0.100465 23.4032 0
    endloop
  endfacet
  facet normal 0 0 -1
    outer loop
      vertex -0.749525 21.0709 0
      vertex -0.299809 23.4283 0
      vertex -0.251162 21.0079 0
    endloop
  endfacet
  facet normal -0 0 -1
    outer loop
      vertex -0.299809 23.4283 0
      vertex -0.749525 21.0709 0
      vertex -0.494427 23.4783 0
    endloop
  endfacet
  facet normal 0 0 -1
    outer loop
      vertex -1.23607 21.1958 0
      vertex -0.494427 23.4783 0
      vertex -0.749525 21.0709 0
    endloop
  endfacet
  facet normal -0 0 -1
    outer loop
      vertex -0.494427 23.4783 0
      vertex -1.23607 21.1958 0
      vertex -0.681247 23.5523 0
    endloop
  endfacet
  facet normal 0 0 -1
    outer loop
      vertex -1.70312 21.3807 0
      vertex -0.681247 23.5523 0
      vertex -1.23607 21.1958 0
    endloop
  endfacet
  facet normal -0 0 -1
    outer loop
      vertex -0.681247 23.5523 0
      vertex -1.70312 21.3807 0
      vertex -0.857323 23.6491 0
    endloop
  endfacet
  facet normal 0 0 -1
    outer loop
      vertex -2.14331 21.6227 0
      vertex -0.857323 23.6491 0
      vertex -1.70312 21.3807 0
    endloop
  endfacet
  facet normal -0 0 -1
    outer loop
      vertex -0.857323 23.6491 0
      vertex -2.14331 21.6227 0
      vertex -1.01988 23.7672 0
    endloop
  endfacet
  facet normal 0 0 -1
    outer loop
      vertex -2.5497 21.9179 0
      vertex -1.01988 23.7672 0
      vertex -2.14331 21.6227 0
    endloop
  endfacet
  facet normal -0 0 -1
    outer loop
      vertex -1.01988 23.7672 0
      vertex -2.5497 21.9179 0
      vertex -1.16635 23.9047 0
    endloop
  endfacet
  facet normal 0 0 -1
    outer loop
      vertex -2.91587 22.2618 0
      vertex -1.16635 23.9047 0
      vertex -2.5497 21.9179 0
    endloop
  endfacet
  facet normal -0 0 -1
    outer loop
      vertex -1.16635 23.9047 0
      vertex -2.91587 22.2618 0
      vertex -1.29443 24.0595 0
    endloop
  endfacet
  facet normal -0 0 -1
    outer loop
      vertex -1.29443 24.0595 0
      vertex -3.23607 22.6489 0
      vertex -1.40209 24.2292 0
    endloop
  endfacet
  facet normal 0 0 -1
    outer loop
      vertex -3.23607 22.6489 0
      vertex -1.29443 24.0595 0
      vertex -2.91587 22.2618 0
    endloop
  endfacet
  facet normal 0 0 -1
    outer loop
      vertex 43.2811 17.0266 0
      vertex 40.6627 13.3799 0
      vertex 43.0942 17.003 0
    endloop
  endfacet
  facet normal 0 0 -1
    outer loop
      vertex 37.3373 13.3799 0
      vertex 43.0942 17.003 0
      vertex 40.6627 13.3799 0
    endloop
  endfacet
  facet normal 0 0 -1
    outer loop
      vertex 37.3373 13.3799 0
      vertex 34.9058 17.003 0
      vertex 43.0942 17.003 0
    endloop
  endfacet
  facet normal 0 0 -1
    outer loop
      vertex 34.7189 17.0266 0
      vertex 37.3373 13.3799 0
      vertex 35.6746 10.5 0
    endloop
  endfacet
  facet normal 0 0 -1
    outer loop
      vertex 44.3947 17.9478 0
      vertex 50 21.0079 0
      vertex 50 4.5 0
    endloop
  endfacet
  facet normal 0 -0 -1
    outer loop
      vertex 44.4529 18.127 0
      vertex 50 21.0079 0
      vertex 44.3947 17.9478 0
    endloop
  endfacet
  facet normal 0 -0 -1
    outer loop
      vertex 44.4882 18.312 0
      vertex 50 21.0079 0
      vertex 44.4529 18.127 0
    endloop
  endfacet
  facet normal 0 -0 -1
    outer loop
      vertex 44.5 18.5 0
      vertex 50 21.0079 0
      vertex 44.4882 18.312 0
    endloop
  endfacet
  facet normal 0 -0 -1
    outer loop
      vertex 48.9801 23.7672 0
      vertex 50 21.0079 0
      vertex 44.5 18.5 0
    endloop
  endfacet
  facet normal 0 0 -1
    outer loop
      vertex 50 21.0079 0
      vertex 49.7002 23.4283 0
      vertex 49.8995 23.4032 0
    endloop
  endfacet
  facet normal 0 0 -1
    outer loop
      vertex 50 21.0079 0
      vertex 49.5056 23.4783 0
      vertex 49.7002 23.4283 0
    endloop
  endfacet
  facet normal 0 0 -1
    outer loop
      vertex 50 21.0079 0
      vertex 49.1427 23.6491 0
      vertex 49.3188 23.5523 0
    endloop
  endfacet
  facet normal 0 0 -1
    outer loop
      vertex 50 21.0079 0
      vertex 48.9801 23.7672 0
      vertex 49.1427 23.6491 0
    endloop
  endfacet
  facet normal -0 0 -1
    outer loop
      vertex 48.9801 23.7672 0
      vertex 44.5 18.5 0
      vertex 48.8336 23.9047 0
    endloop
  endfacet
  facet normal -0 0 -1
    outer loop
      vertex 48.8336 23.9047 0
      vertex 44.5 18.5 0
      vertex 48.7056 24.0595 0
    endloop
  endfacet
  facet normal -0 0 -1
    outer loop
      vertex 48.7056 24.0595 0
      vertex 44.5 18.5 0
      vertex 48.5979 24.2292 0
    endloop
  endfacet
  facet normal 0 0 -1
    outer loop
      vertex 50 21.0079 0
      vertex 49.3188 23.5523 0
      vertex 49.5056 23.4783 0
    endloop
  endfacet
  facet normal 0 0 -1
    outer loop
      vertex 44.3947 17.9478 0
      vertex 50 4.5 0
      vertex 45.5 0 0
    endloop
  endfacet
  facet normal 0 0 -1
    outer loop
      vertex 51.6 25 0
      vertex 54 25 0
      vertex 53.9685 24.4987 0
    endloop
  endfacet
  facet normal 0 0 -1
    outer loop
      vertex 51.5874 24.7995 0
      vertex 53.9685 24.4987 0
      vertex 53.8743 24.0052 0
    endloop
  endfacet
  facet normal 0 0 -1
    outer loop
      vertex 54 25 0
      vertex 51.6 25 0
      vertex 53.9685 25.5013 0
    endloop
  endfacet
  facet normal 0 0 -1
    outer loop
      vertex 51.5497 24.6021 0
      vertex 53.8743 24.0052 0
      vertex 53.7191 23.5275 0
    endloop
  endfacet
  facet normal 0 0 -1
    outer loop
      vertex 51.5874 25.2005 0
      vertex 53.9685 25.5013 0
      vertex 51.6 25 0
    endloop
  endfacet
  facet normal 0 0 -1
    outer loop
      vertex 51.4876 24.411 0
      vertex 53.7191 23.5275 0
      vertex 53.5052 23.073 0
    endloop
  endfacet
  facet normal -0 0 -1
    outer loop
      vertex 53.9685 25.5013 0
      vertex 51.5874 25.2005 0
      vertex 53.8743 25.9948 0
    endloop
  endfacet
  facet normal 0 0 -1
    outer loop
      vertex 51.4021 24.2292 0
      vertex 53.5052 23.073 0
      vertex 53.2361 22.6489 0
    endloop
  endfacet
  facet normal 0 0 -1
    outer loop
      vertex 51.5497 25.3979 0
      vertex 53.8743 25.9948 0
      vertex 51.5874 25.2005 0
    endloop
  endfacet
  facet normal 0 0 -1
    outer loop
      vertex 51.2944 24.0595 0
      vertex 53.2361 22.6489 0
      vertex 52.9159 22.2618 0
    endloop
  endfacet
  facet normal -0 0 -1
    outer loop
      vertex 53.8743 25.9948 0
      vertex 51.5497 25.3979 0
      vertex 53.7191 26.4725 0
    endloop
  endfacet
  facet normal 0 0 -1
    outer loop
      vertex 51.1664 23.9047 0
      vertex 52.9159 22.2618 0
      vertex 52.5497 21.9179 0
    endloop
  endfacet
  facet normal 0 0 -1
    outer loop
      vertex 51.4876 25.589 0
      vertex 53.7191 26.4725 0
      vertex 51.5497 25.3979 0
    endloop
  endfacet
  facet normal 0 0 -1
    outer loop
      vertex 51.0199 23.7672 0
      vertex 52.5497 21.9179 0
      vertex 52.1433 21.6227 0
    endloop
  endfacet
  facet normal -0 0 -1
    outer loop
      vertex 53.7191 26.4725 0
      vertex 51.4876 25.589 0
      vertex 53.5052 26.927 0
    endloop
  endfacet
  facet normal 0 0 -1
    outer loop
      vertex 50.8573 23.6491 0
      vertex 52.1433 21.6227 0
      vertex 51.7031 21.3807 0
    endloop
  endfacet
  facet normal 0 0 -1
    outer loop
      vertex 51.4021 25.7708 0
      vertex 53.5052 26.927 0
      vertex 51.4876 25.589 0
    endloop
  endfacet
  facet normal -0 0 -1
    outer loop
      vertex 53.5052 26.927 0
      vertex 51.4021 25.7708 0
      vertex 53.2361 27.3511 0
    endloop
  endfacet
  facet normal 0 0 -1
    outer loop
      vertex 53.9685 24.4987 0
      vertex 51.5874 24.7995 0
      vertex 51.6 25 0
    endloop
  endfacet
  facet normal 0 0 -1
    outer loop
      vertex 53.8743 24.0052 0
      vertex 51.5497 24.6021 0
      vertex 51.5874 24.7995 0
    endloop
  endfacet
  facet normal 0 0 -1
    outer loop
      vertex 53.7191 23.5275 0
      vertex 51.4876 24.411 0
      vertex 51.5497 24.6021 0
    endloop
  endfacet
  facet normal 0 0 -1
    outer loop
      vertex 53.5052 23.073 0
      vertex 51.4021 24.2292 0
      vertex 51.4876 24.411 0
    endloop
  endfacet
  facet normal 0 0 -1
    outer loop
      vertex 53.2361 22.6489 0
      vertex 51.2944 24.0595 0
      vertex 51.4021 24.2292 0
    endloop
  endfacet
  facet normal 0 0 -1
    outer loop
      vertex 50.6812 23.5523 0
      vertex 51.7031 21.3807 0
      vertex 51.2361 21.1958 0
    endloop
  endfacet
  facet normal 0 0 -1
    outer loop
      vertex 52.9159 22.2618 0
      vertex 51.1664 23.9047 0
      vertex 51.2944 24.0595 0
    endloop
  endfacet
  facet normal 0 0 -1
    outer loop
      vertex 52.5497 21.9179 0
      vertex 51.0199 23.7672 0
      vertex 51.1664 23.9047 0
    endloop
  endfacet
  facet normal 0 0 -1
    outer loop
      vertex 52.1433 21.6227 0
      vertex 50.8573 23.6491 0
      vertex 51.0199 23.7672 0
    endloop
  endfacet
  facet normal 0 0 -1
    outer loop
      vertex 50.4944 23.4783 0
      vertex 51.2361 21.1958 0
      vertex 50.7495 21.0709 0
    endloop
  endfacet
  facet normal 0 0 -1
    outer loop
      vertex 51.7031 21.3807 0
      vertex 50.6812 23.5523 0
      vertex 50.8573 23.6491 0
    endloop
  endfacet
  facet normal 0 0 -1
    outer loop
      vertex 51.2361 21.1958 0
      vertex 50.4944 23.4783 0
      vertex 50.6812 23.5523 0
    endloop
  endfacet
  facet normal 0 0 -1
    outer loop
      vertex 50.7495 21.0709 0
      vertex 50.2998 23.4283 0
      vertex 50.4944 23.4783 0
    endloop
  endfacet
  facet normal 0 0 -1
    outer loop
      vertex 50.2512 21.0079 0
      vertex 50.2998 23.4283 0
      vertex 50.7495 21.0709 0
    endloop
  endfacet
  facet normal 0 0 -1
    outer loop
      vertex 50.2512 21.0079 0
      vertex 50.1005 23.4032 0
      vertex 50.2998 23.4283 0
    endloop
  endfacet
  facet normal 0 0 -1
    outer loop
      vertex 50 21.0079 0
      vertex 50.1005 23.4032 0
      vertex 50.2512 21.0079 0
    endloop
  endfacet
  facet normal -0 0 -1
    outer loop
      vertex 50.1005 23.4032 0
      vertex 50 21.0079 0
      vertex 49.8995 23.4032 0
    endloop
  endfacet
  facet normal 0 0 -1
    outer loop
      vertex 51.2944 25.9405 0
      vertex 53.2361 27.3511 0
      vertex 51.4021 25.7708 0
    endloop
  endfacet
  facet normal -0 0 -1
    outer loop
      vertex 53.2361 27.3511 0
      vertex 51.2944 25.9405 0
      vertex 52.9159 27.7382 0
    endloop
  endfacet
  facet normal 0 0 -1
    outer loop
      vertex 51.1664 26.0953 0
      vertex 52.9159 27.7382 0
      vertex 51.2944 25.9405 0
    endloop
  endfacet
  facet normal -0 0 -1
    outer loop
      vertex 52.9159 27.7382 0
      vertex 51.1664 26.0953 0
      vertex 52.5497 28.0821 0
    endloop
  endfacet
  facet normal 0 0 -1
    outer loop
      vertex 51.0199 26.2328 0
      vertex 52.5497 28.0821 0
      vertex 51.1664 26.0953 0
    endloop
  endfacet
  facet normal -0 0 -1
    outer loop
      vertex 52.5497 28.0821 0
      vertex 51.0199 26.2328 0
      vertex 52.1433 28.3773 0
    endloop
  endfacet
  facet normal 0 0 -1
    outer loop
      vertex 50.8573 26.3509 0
      vertex 52.1433 28.3773 0
      vertex 51.0199 26.2328 0
    endloop
  endfacet
  facet normal -0 0 -1
    outer loop
      vertex 52.1433 28.3773 0
      vertex 50.8573 26.3509 0
      vertex 51.7031 28.6193 0
    endloop
  endfacet
  facet normal 0 0 -1
    outer loop
      vertex 50.6812 26.4477 0
      vertex 51.7031 28.6193 0
      vertex 50.8573 26.3509 0
    endloop
  endfacet
  facet normal -0 0 -1
    outer loop
      vertex 51.7031 28.6193 0
      vertex 50.6812 26.4477 0
      vertex 51.2361 28.8042 0
    endloop
  endfacet
  facet normal 0 0 -1
    outer loop
      vertex 50.4944 26.5217 0
      vertex 51.2361 28.8042 0
      vertex 50.6812 26.4477 0
    endloop
  endfacet
  facet normal -0 0 -1
    outer loop
      vertex 51.2361 28.8042 0
      vertex 50.4944 26.5217 0
      vertex 50.7495 28.9291 0
    endloop
  endfacet
  facet normal 0 0 -1
    outer loop
      vertex 50.2998 26.5717 0
      vertex 50.7495 28.9291 0
      vertex 50.4944 26.5217 0
    endloop
  endfacet
  facet normal 0 0 -1
    outer loop
      vertex 50.2998 26.5717 0
      vertex 50.2512 28.9921 0
      vertex 50.7495 28.9291 0
    endloop
  endfacet
  facet normal 0 0 -1
    outer loop
      vertex 50.1005 26.5968 0
      vertex 50.2512 28.9921 0
      vertex 50.2998 26.5717 0
    endloop
  endfacet
  facet normal 0 0 -1
    outer loop
      vertex 50.1005 26.5968 0
      vertex 50 28.9921 0
      vertex 50.2512 28.9921 0
    endloop
  endfacet
  facet normal 0 0 -1
    outer loop
      vertex 49.8995 26.5968 0
      vertex 50 28.9921 0
      vertex 50.1005 26.5968 0
    endloop
  endfacet
  facet normal 0 0 -1
    outer loop
      vertex 49.7002 26.5717 0
      vertex 50 28.9921 0
      vertex 49.8995 26.5968 0
    endloop
  endfacet
  facet normal 0 0 -1
    outer loop
      vertex 49.5056 26.5217 0
      vertex 50 28.9921 0
      vertex 49.7002 26.5717 0
    endloop
  endfacet
  facet normal 0 0 -1
    outer loop
      vertex 49.3188 26.4477 0
      vertex 50 28.9921 0
      vertex 49.5056 26.5217 0
    endloop
  endfacet
  facet normal 0 0 -1
    outer loop
      vertex 49.1427 26.3509 0
      vertex 50 28.9921 0
      vertex 49.3188 26.4477 0
    endloop
  endfacet
  facet normal 0 0 -1
    outer loop
      vertex 48.9801 26.2328 0
      vertex 50 28.9921 0
      vertex 49.1427 26.3509 0
    endloop
  endfacet
  facet normal 0 0 -1
    outer loop
      vertex 44.5 28.5 0
      vertex 48.9801 26.2328 0
      vertex 48.8336 26.0953 0
    endloop
  endfacet
  facet normal 0 0 -1
    outer loop
      vertex 44.5 28.5 0
      vertex 48.8336 26.0953 0
      vertex 48.7056 25.9405 0
    endloop
  endfacet
  facet normal 0 0 -1
    outer loop
      vertex 44.5 28.5 0
      vertex 48.7056 25.9405 0
      vertex 48.5979 25.7708 0
    endloop
  endfacet
  facet normal 0 0 -1
    outer loop
      vertex 48.9801 26.2328 0
      vertex 44.5 28.5 0
      vertex 50 28.9921 0
    endloop
  endfacet
  facet normal 0 0 -1
    outer loop
      vertex 44.5 28.5 0
      vertex 48.5979 25.7708 0
      vertex 48.5124 25.589 0
    endloop
  endfacet
  facet normal 0 0 -1
    outer loop
      vertex 48.4126 25.2005 0
      vertex 44.5 28.5 0
      vertex 48.4503 25.3979 0
    endloop
  endfacet
  facet normal 0 0 -1
    outer loop
      vertex 48.4 25 0
      vertex 44.5 28.5 0
      vertex 48.4126 25.2005 0
    endloop
  endfacet
  facet normal -0 0 -1
    outer loop
      vertex 48.5979 24.2292 0
      vertex 44.5 18.5 0
      vertex 48.5124 24.411 0
    endloop
  endfacet
  facet normal -0 0 -1
    outer loop
      vertex 48.5124 24.411 0
      vertex 44.5 18.5 0
      vertex 48.4503 24.6021 0
    endloop
  endfacet
  facet normal 0 0 -1
    outer loop
      vertex 48.4503 25.3979 0
      vertex 44.5 28.5 0
      vertex 48.5124 25.589 0
    endloop
  endfacet
  facet normal 0 0 -1
    outer loop
      vertex 44.4882 28.688 0
      vertex 50 28.9921 0
      vertex 44.5 28.5 0
    endloop
  endfacet
  facet normal 0 0 -1
    outer loop
      vertex 48.4126 24.7995 0
      vertex 44.5 28.5 0
      vertex 48.4 25 0
    endloop
  endfacet
  facet normal 0 0 -1
    outer loop
      vertex 48.4503 24.6021 0
      vertex 44.5 28.5 0
      vertex 48.4126 24.7995 0
    endloop
  endfacet
  facet normal 0 0 -1
    outer loop
      vertex 44.5 28.5 0
      vertex 48.4503 24.6021 0
      vertex 44.5 18.5 0
    endloop
  endfacet
  facet normal 0 0 -1
    outer loop
      vertex 45.5 0 0
      vertex 44.3145 17.7774 0
      vertex 44.3947 17.9478 0
    endloop
  endfacet
  facet normal 0 0 -1
    outer loop
      vertex 42.3254 10.5 0
      vertex 44.3145 17.7774 0
      vertex 45.5 0 0
    endloop
  endfacet
  facet normal 0 0 -1
    outer loop
      vertex 44.3145 17.7774 0
      vertex 42.3254 10.5 0
      vertex 44.2135 17.6183 0
    endloop
  endfacet
  facet normal 0 0 -1
    outer loop
      vertex 44.2135 17.6183 0
      vertex 42.3254 10.5 0
      vertex 44.0935 17.4732 0
    endloop
  endfacet
  facet normal 0 0 -1
    outer loop
      vertex 44.0935 17.4732 0
      vertex 42.3254 10.5 0
      vertex 43.9561 17.3442 0
    endloop
  endfacet
  facet normal 0 0 -1
    outer loop
      vertex 43.9561 17.3442 0
      vertex 42.3254 10.5 0
      vertex 43.8037 17.2335 0
    endloop
  endfacet
  facet normal 0 0 -1
    outer loop
      vertex 43.8037 17.2335 0
      vertex 42.3254 10.5 0
      vertex 43.6387 17.1428 0
    endloop
  endfacet
  facet normal 0 0 -1
    outer loop
      vertex 43.6387 17.1428 0
      vertex 42.3254 10.5 0
      vertex 43.4635 17.0734 0
    endloop
  endfacet
  facet normal 0 0 -1
    outer loop
      vertex 43.4635 17.0734 0
      vertex 42.3254 10.5 0
      vertex 43.2811 17.0266 0
    endloop
  endfacet
  facet normal 0 0 -1
    outer loop
      vertex 40.6627 13.3799 0
      vertex 43.2811 17.0266 0
      vertex 42.3254 10.5 0
    endloop
  endfacet
  facet normal 0 0 -1
    outer loop
      vertex 45.5 0 0
      vertex 40.6627 7.6201 0
      vertex 42.3254 10.5 0
    endloop
  endfacet
  facet normal 0 0 -1
    outer loop
      vertex 45.5 0 0
      vertex 37.3373 7.6201 0
      vertex 40.6627 7.6201 0
    endloop
  endfacet
  facet normal 0 0 -1
    outer loop
      vertex 37.3373 13.3799 0
      vertex 34.7189 17.0266 0
      vertex 34.9058 17.003 0
    endloop
  endfacet
  facet normal 0 0 -1
    outer loop
      vertex 35.6746 10.5 0
      vertex 34.5365 17.0734 0
      vertex 34.7189 17.0266 0
    endloop
  endfacet
  facet normal 0 0 -1
    outer loop
      vertex 30 15 0
      vertex 34.5365 17.0734 0
      vertex 35.6746 10.5 0
    endloop
  endfacet
  facet normal 0 0 -1
    outer loop
      vertex 30 15 0
      vertex 34.3613 17.1428 0
      vertex 34.5365 17.0734 0
    endloop
  endfacet
  facet normal 0 0 -1
    outer loop
      vertex 30 15 0
      vertex 31.8516 17.1903 0
      vertex 34.3613 17.1428 0
    endloop
  endfacet
  facet normal 0 -0 -1
    outer loop
      vertex 32.0717 17.3113 0
      vertex 34.1963 17.2335 0
      vertex 31.8516 17.1903 0
    endloop
  endfacet
  facet normal 0 0 -1
    outer loop
      vertex 34.1963 17.2335 0
      vertex 32.0717 17.3113 0
      vertex 34.0439 17.3442 0
    endloop
  endfacet
  facet normal 0 -0 -1
    outer loop
      vertex 32.2748 17.459 0
      vertex 34.0439 17.3442 0
      vertex 32.0717 17.3113 0
    endloop
  endfacet
  facet normal 0 -0 -1
    outer loop
      vertex 32.4579 17.6309 0
      vertex 33.9065 17.4732 0
      vertex 32.2748 17.459 0
    endloop
  endfacet
  facet normal 0 0 -1
    outer loop
      vertex 33.9065 17.4732 0
      vertex 32.4579 17.6309 0
      vertex 33.7865 17.6183 0
    endloop
  endfacet
  facet normal 0 0 -1
    outer loop
      vertex 33.5 18.5 0
      vertex 33 19 0
      vertex 33.5 28.5 0
    endloop
  endfacet
  facet normal 0 0 -1
    outer loop
      vertex 32.9372 18.5026 0
      vertex 33.5 18.5 0
      vertex 33.5118 18.312 0
    endloop
  endfacet
  facet normal 0 0 -1
    outer loop
      vertex 32.8596 18.2638 0
      vertex 33.5118 18.312 0
      vertex 33.5471 18.127 0
    endloop
  endfacet
  facet normal 0 0 -1
    outer loop
      vertex 33.7865 17.6183 0
      vertex 32.618 17.8244 0
      vertex 33.6855 17.7774 0
    endloop
  endfacet
  facet normal 0 0 -1
    outer loop
      vertex 33.5 18.5 0
      vertex 32.9842 18.7493 0
      vertex 33 19 0
    endloop
  endfacet
  facet normal 0 0 -1
    outer loop
      vertex 33.5 18.5 0
      vertex 32.9372 18.5026 0
      vertex 32.9842 18.7493 0
    endloop
  endfacet
  facet normal -0 0 -1
    outer loop
      vertex 33.5118 18.312 0
      vertex 32.8596 18.2638 0
      vertex 32.9372 18.5026 0
    endloop
  endfacet
  facet normal -0 0 -1
    outer loop
      vertex 33.5471 18.127 0
      vertex 32.7526 18.0365 0
      vertex 32.8596 18.2638 0
    endloop
  endfacet
  facet normal 0 0 -1
    outer loop
      vertex 33.6053 17.9478 0
      vertex 32.7526 18.0365 0
      vertex 33.5471 18.127 0
    endloop
  endfacet
  facet normal 0 -0 -1
    outer loop
      vertex 32.7526 18.0365 0
      vertex 33.6053 17.9478 0
      vertex 32.618 17.8244 0
    endloop
  endfacet
  facet normal 0 0 -1
    outer loop
      vertex 33.6855 17.7774 0
      vertex 32.618 17.8244 0
      vertex 33.6053 17.9478 0
    endloop
  endfacet
  facet normal 0 -0 -1
    outer loop
      vertex 32.618 17.8244 0
      vertex 33.7865 17.6183 0
      vertex 32.4579 17.6309 0
    endloop
  endfacet
  facet normal 0 0 -1
    outer loop
      vertex 34.0439 17.3442 0
      vertex 32.2748 17.459 0
      vertex 33.9065 17.4732 0
    endloop
  endfacet
  facet normal 0 0 -1
    outer loop
      vertex 34.3613 17.1428 0
      vertex 31.8516 17.1903 0
      vertex 34.1963 17.2335 0
    endloop
  endfacet
  facet normal 0 0 -1
    outer loop
      vertex 30 7 0
      vertex 35.6746 10.5 0
      vertex 37.3373 7.6201 0
    endloop
  endfacet
  facet normal 0 0 -1
    outer loop
      vertex 30 15 0
      vertex 35.6746 10.5 0
      vertex 30 7 0
    endloop
  endfacet
  facet normal 0 0 -1
    outer loop
      vertex 31.8516 17.1903 0
      vertex 30 15 0
      vertex 31.618 17.0979 0
    endloop
  endfacet
  facet normal 0 0 -1
    outer loop
      vertex 31.618 17.0979 0
      vertex 30 15 0
      vertex 31.3748 17.0354 0
    endloop
  endfacet
  facet normal 0 0 -1
    outer loop
      vertex 29 0 0
      vertex 37.3373 7.6201 0
      vertex 45.5 0 0
    endloop
  endfacet
  facet normal 0 0 -1
    outer loop
      vertex 37.3373 7.6201 0
      vertex 29.9882 6.812 0
      vertex 30 7 0
    endloop
  endfacet
  facet normal 0 0 -1
    outer loop
      vertex 37.3373 7.6201 0
      vertex 29.9529 6.62696 0
      vertex 29.9882 6.812 0
    endloop
  endfacet
  facet normal 0 0 -1
    outer loop
      vertex 37.3373 7.6201 0
      vertex 29.8947 6.44781 0
      vertex 29.9529 6.62696 0
    endloop
  endfacet
  facet normal 0 0 -1
    outer loop
      vertex 37.3373 7.6201 0
      vertex 29.8145 6.27737 0
      vertex 29.8947 6.44781 0
    endloop
  endfacet
  facet normal 0 -0 -1
    outer loop
      vertex 29.7135 6.11832 0
      vertex 37.3373 7.6201 0
      vertex 29 0 0
    endloop
  endfacet
  facet normal 0 0 -1
    outer loop
      vertex 37.3373 7.6201 0
      vertex 29.7135 6.11832 0
      vertex 29.8145 6.27737 0
    endloop
  endfacet
  facet normal 0 0 -1
    outer loop
      vertex 29.7135 6.11832 0
      vertex 29 0 0
      vertex 29.5935 5.97318 0
    endloop
  endfacet
  facet normal 0 0 -1
    outer loop
      vertex 29.5935 5.97318 0
      vertex 29 0 0
      vertex 29.4561 5.84423 0
    endloop
  endfacet
  facet normal 0 0 -1
    outer loop
      vertex 29.4561 5.84423 0
      vertex 29 0 0
      vertex 29.3037 5.73351 0
    endloop
  endfacet
  facet normal 0 0 -1
    outer loop
      vertex 29.3037 5.73351 0
      vertex 29 0 0
      vertex 29.1387 5.64276 0
    endloop
  endfacet
  facet normal 0 0 -1
    outer loop
      vertex 26.6 0 0
      vertex 29 0 0
      vertex 28.9685 -0.501332 0
    endloop
  endfacet
  facet normal 0 0 -1
    outer loop
      vertex 29 0 0
      vertex 28.9635 5.57341 0
      vertex 29.1387 5.64276 0
    endloop
  endfacet
  facet normal 0 0 -1
    outer loop
      vertex 26.5874 -0.200533 0
      vertex 28.9685 -0.501332 0
      vertex 28.8743 -0.994759 0
    endloop
  endfacet
  facet normal 0 0 -1
    outer loop
      vertex 29 0 0
      vertex 28.7811 5.52657 0
      vertex 28.9635 5.57341 0
    endloop
  endfacet
  facet normal 0 0 -1
    outer loop
      vertex 26.5874 -0.200533 0
      vertex 28.8743 -0.994759 0
      vertex 28.7191 -1.4725 0
    endloop
  endfacet
  facet normal 0 0 -1
    outer loop
      vertex 29 0 0
      vertex 26.4876 0.588999 0
      vertex 26.4021 0.770805 0
    endloop
  endfacet
  facet normal 0 0 -1
    outer loop
      vertex 26.5874 -0.200533 0
      vertex 28.7191 -1.4725 0
      vertex 28.5052 -1.92701 0
    endloop
  endfacet
  facet normal 0 0 -1
    outer loop
      vertex 26.5874 -0.200533 0
      vertex 28.5052 -1.92701 0
      vertex 28.2361 -2.35114 0
    endloop
  endfacet
  facet normal 0 0 -1
    outer loop
      vertex 26.5874 -0.200533 0
      vertex 28.2361 -2.35114 0
      vertex 27.9159 -2.73819 0
    endloop
  endfacet
  facet normal 0 0 -1
    outer loop
      vertex 26.5874 -0.200533 0
      vertex 27.9159 -2.73819 0
      vertex 27.5497 -3.08205 0
    endloop
  endfacet
  facet normal 0 0 -1
    outer loop
      vertex 26.5874 -0.200533 0
      vertex 27.5497 -3.08205 0
      vertex 27.1433 -3.37731 0
    endloop
  endfacet
  facet normal 0 0 -1
    outer loop
      vertex 25.8573 -1.35092 0
      vertex 27.1433 -3.37731 0
      vertex 26.7031 -3.61931 0
    endloop
  endfacet
  facet normal 0 0 -1
    outer loop
      vertex 29 0 0
      vertex 26.6 0 0
      vertex 26.5874 0.200533 0
    endloop
  endfacet
  facet normal 0 0 -1
    outer loop
      vertex 29 0 0
      vertex 26.5874 0.200533 0
      vertex 26.5497 0.397903 0
    endloop
  endfacet
  facet normal 0 0 -1
    outer loop
      vertex 29 0 0
      vertex 26.5497 0.397903 0
      vertex 26.4876 0.588999 0
    endloop
  endfacet
  facet normal 0 0 -1
    outer loop
      vertex 29 0 0
      vertex 26.4021 0.770805 0
      vertex 26.2944 0.940456 0
    endloop
  endfacet
  facet normal 0 0 -1
    outer loop
      vertex 29 0 0
      vertex 28.5942 5.50296 0
      vertex 28.7811 5.52657 0
    endloop
  endfacet
  facet normal 0 0 -1
    outer loop
      vertex 29 0 0
      vertex 26.2944 0.940456 0
      vertex 28.5942 5.50296 0
    endloop
  endfacet
  facet normal 0 0 -1
    outer loop
      vertex 26.1663 1.09527 0
      vertex 28.5942 5.50296 0
      vertex 26.2944 0.940456 0
    endloop
  endfacet
  facet normal 0 0 -1
    outer loop
      vertex 26.0199 1.23282 0
      vertex 28.5942 5.50296 0
      vertex 26.1663 1.09527 0
    endloop
  endfacet
  facet normal 0 0 -1
    outer loop
      vertex 25.8573 1.35092 0
      vertex 28.5942 5.50296 0
      vertex 26.0199 1.23282 0
    endloop
  endfacet
  facet normal 0 0 -1
    outer loop
      vertex 25.6812 1.44772 0
      vertex 28.5942 5.50296 0
      vertex 25.8573 1.35092 0
    endloop
  endfacet
  facet normal 0 0 -1
    outer loop
      vertex 25.4944 1.52169 0
      vertex 28.5942 5.50296 0
      vertex 25.6812 1.44772 0
    endloop
  endfacet
  facet normal 0 0 -1
    outer loop
      vertex 25.2998 1.57166 0
      vertex 28.5942 5.50296 0
      vertex 25.4944 1.52169 0
    endloop
  endfacet
  facet normal 0 0 -1
    outer loop
      vertex 25.1005 1.59684 0
      vertex 28.5942 5.50296 0
      vertex 25.2998 1.57166 0
    endloop
  endfacet
  facet normal 0 0 -1
    outer loop
      vertex 24.8995 1.59684 0
      vertex 28.5942 5.50296 0
      vertex 25.1005 1.59684 0
    endloop
  endfacet
  facet normal 0 0 -1
    outer loop
      vertex 24.7002 1.57166 0
      vertex 28.5942 5.50296 0
      vertex 24.8995 1.59684 0
    endloop
  endfacet
  facet normal 0 0 -1
    outer loop
      vertex 18.4058 5.50296 0
      vertex 24.7002 1.57166 0
      vertex 24.5056 1.52169 0
    endloop
  endfacet
  facet normal 0 0 -1
    outer loop
      vertex 18.4058 5.50296 0
      vertex 24.5056 1.52169 0
      vertex 24.3188 1.44772 0
    endloop
  endfacet
  facet normal 0 0 -1
    outer loop
      vertex 18.4058 5.50296 0
      vertex 24.3188 1.44772 0
      vertex 24.1427 1.35092 0
    endloop
  endfacet
  facet normal 0 0 -1
    outer loop
      vertex 18.4058 5.50296 0
      vertex 24.1427 1.35092 0
      vertex 23.9801 1.23282 0
    endloop
  endfacet
  facet normal 0 0 -1
    outer loop
      vertex 21.4948 -1.92701 0
      vertex 23.5979 -0.770805 0
      vertex 21.7639 -2.35114 0
    endloop
  endfacet
  facet normal -0 0 -1
    outer loop
      vertex 23.5979 -0.770805 0
      vertex 21.4948 -1.92701 0
      vertex 23.5124 -0.588999 0
    endloop
  endfacet
  facet normal 0 0 -1
    outer loop
      vertex 21.2809 -1.4725 0
      vertex 23.5124 -0.588999 0
      vertex 21.4948 -1.92701 0
    endloop
  endfacet
  facet normal -0 0 -1
    outer loop
      vertex 23.5124 -0.588999 0
      vertex 21.2809 -1.4725 0
      vertex 23.4503 -0.397903 0
    endloop
  endfacet
  facet normal 0 0 -1
    outer loop
      vertex 21.1257 -0.994759 0
      vertex 23.4503 -0.397903 0
      vertex 21.2809 -1.4725 0
    endloop
  endfacet
  facet normal -0 0 -1
    outer loop
      vertex 23.4503 -0.397903 0
      vertex 21.1257 -0.994759 0
      vertex 23.4126 -0.200533 0
    endloop
  endfacet
  facet normal 0 0 -1
    outer loop
      vertex 21.0315 -0.501332 0
      vertex 23.4126 -0.200533 0
      vertex 21.1257 -0.994759 0
    endloop
  endfacet
  facet normal -0 0 -1
    outer loop
      vertex 23.4126 -0.200533 0
      vertex 21.0315 -0.501332 0
      vertex 23.4 0 0
    endloop
  endfacet
  facet normal 0 0 -1
    outer loop
      vertex 21 0 0
      vertex 23.4 0 0
      vertex 21.0315 -0.501332 0
    endloop
  endfacet
  facet normal 0 0 -1
    outer loop
      vertex 23.4 0 0
      vertex 21 0 0
      vertex 23.4126 0.200533 0
    endloop
  endfacet
  facet normal -0 0 -1
    outer loop
      vertex 23.4126 0.200533 0
      vertex 21 0 0
      vertex 23.4503 0.397903 0
    endloop
  endfacet
  facet normal -0 0 -1
    outer loop
      vertex 23.4503 0.397903 0
      vertex 21 0 0
      vertex 23.5124 0.588999 0
    endloop
  endfacet
  facet normal -0 0 -1
    outer loop
      vertex 23.5124 0.588999 0
      vertex 21 0 0
      vertex 23.5979 0.770805 0
    endloop
  endfacet
  facet normal -0 0 -1
    outer loop
      vertex 23.5979 0.770805 0
      vertex 21 0 0
      vertex 23.7056 0.940456 0
    endloop
  endfacet
  facet normal -0 0 -1
    outer loop
      vertex 23.7056 0.940456 0
      vertex 21 0 0
      vertex 23.8336 1.09527 0
    endloop
  endfacet
  facet normal 0 0 -1
    outer loop
      vertex 18.4058 5.50296 0
      vertex 23.8336 1.09527 0
      vertex 21 0 0
    endloop
  endfacet
  facet normal 0 0 -1
    outer loop
      vertex 23.8336 1.09527 0
      vertex 18.4058 5.50296 0
      vertex 23.9801 1.23282 0
    endloop
  endfacet
  facet normal 0 0 -1
    outer loop
      vertex 24.7002 1.57166 0
      vertex 18.4058 5.50296 0
      vertex 28.5942 5.50296 0
    endloop
  endfacet
  facet normal 0 0 -1
    outer loop
      vertex 21 0 0
      vertex 18.2189 5.52657 0
      vertex 18.4058 5.50296 0
    endloop
  endfacet
  facet normal 0 0 -1
    outer loop
      vertex 21 0 0
      vertex 18.0365 5.57341 0
      vertex 18.2189 5.52657 0
    endloop
  endfacet
  facet normal 0 0 -1
    outer loop
      vertex 21 0 0
      vertex 17.8613 5.64276 0
      vertex 18.0365 5.57341 0
    endloop
  endfacet
  facet normal 0 0 -1
    outer loop
      vertex 21 0 0
      vertex 17.6963 5.73351 0
      vertex 17.8613 5.64276 0
    endloop
  endfacet
  facet normal 0 0 -1
    outer loop
      vertex 21 0 0
      vertex 17.5439 5.84423 0
      vertex 17.6963 5.73351 0
    endloop
  endfacet
  facet normal 0 0 -1
    outer loop
      vertex 4.5 0 0
      vertex 17.5439 5.84423 0
      vertex 21 0 0
    endloop
  endfacet
  facet normal -0 0 -1
    outer loop
      vertex 17.5439 5.84423 0
      vertex 4.5 0 0
      vertex 17.4065 5.97318 0
    endloop
  endfacet
  facet normal 0 -0 -1
    outer loop
      vertex 12.1627 8.1201 0
      vertex 17.4065 5.97318 0
      vertex 4.5 0 0
    endloop
  endfacet
  facet normal 0 0 -1
    outer loop
      vertex 13.8254 11 0
      vertex 17 15 0
      vertex 17 7 0
    endloop
  endfacet
  facet normal -0 0 -1
    outer loop
      vertex 17 15 0
      vertex 12.1627 13.8799 0
      vertex 17.0118 15.188 0
    endloop
  endfacet
  facet normal 0 0 -1
    outer loop
      vertex 17 19 0
      vertex 16.5 21.5 0
      vertex 17 31 0
    endloop
  endfacet
  facet normal 0 0 -1
    outer loop
      vertex 17 19 0
      vertex 16.4882 21.312 0
      vertex 16.5 21.5 0
    endloop
  endfacet
  facet normal 0 0 -1
    outer loop
      vertex 17 19 0
      vertex 16.4529 21.127 0
      vertex 16.4882 21.312 0
    endloop
  endfacet
  facet normal 0 0 -1
    outer loop
      vertex 17 19 0
      vertex 16.3947 20.9478 0
      vertex 16.4529 21.127 0
    endloop
  endfacet
  facet normal 0 0 -1
    outer loop
      vertex 17 19 0
      vertex 16.3145 20.7774 0
      vertex 16.3947 20.9478 0
    endloop
  endfacet
  facet normal 0 0 -1
    outer loop
      vertex 17 19 0
      vertex 16.2135 20.6183 0
      vertex 16.3145 20.7774 0
    endloop
  endfacet
  facet normal 0 0 -1
    outer loop
      vertex 17 19 0
      vertex 16.0935 20.4732 0
      vertex 16.2135 20.6183 0
    endloop
  endfacet
  facet normal 0 0 -1
    outer loop
      vertex 12.1627 8.1201 0
      vertex 17 7 0
      vertex 17.0118 6.812 0
    endloop
  endfacet
  facet normal 0 0 -1
    outer loop
      vertex 17 19 0
      vertex 15.9561 20.3442 0
      vertex 16.0935 20.4732 0
    endloop
  endfacet
  facet normal 0 -0 -1
    outer loop
      vertex 15.2811 20.0266 0
      vertex 17.0158 18.7493 0
      vertex 15.0942 20.003 0
    endloop
  endfacet
  facet normal 0 0 -1
    outer loop
      vertex 17 19 0
      vertex 15.8037 20.2335 0
      vertex 15.9561 20.3442 0
    endloop
  endfacet
  facet normal 0 0 -1
    outer loop
      vertex 17 19 0
      vertex 15.6387 20.1428 0
      vertex 15.8037 20.2335 0
    endloop
  endfacet
  facet normal 0 0 -1
    outer loop
      vertex 17 19 0
      vertex 15.4635 20.0734 0
      vertex 15.6387 20.1428 0
    endloop
  endfacet
  facet normal 0 0 -1
    outer loop
      vertex 17.0158 18.7493 0
      vertex 15.4635 20.0734 0
      vertex 17 19 0
    endloop
  endfacet
  facet normal 0 -0 -1
    outer loop
      vertex 15.4635 20.0734 0
      vertex 17.0158 18.7493 0
      vertex 15.2811 20.0266 0
    endloop
  endfacet
  facet normal 0 0 -1
    outer loop
      vertex 12.1627 8.1201 0
      vertex 17.0118 6.812 0
      vertex 17.0471 6.62696 0
    endloop
  endfacet
  facet normal 0 0 -1
    outer loop
      vertex 12.1627 8.1201 0
      vertex 17.0471 6.62696 0
      vertex 17.1053 6.44781 0
    endloop
  endfacet
  facet normal 0 0 -1
    outer loop
      vertex 12.1627 8.1201 0
      vertex 17.1053 6.44781 0
      vertex 17.1855 6.27737 0
    endloop
  endfacet
  facet normal 0 0 -1
    outer loop
      vertex 17.4065 5.97318 0
      vertex 12.1627 8.1201 0
      vertex 17.2865 6.11832 0
    endloop
  endfacet
  facet normal 0 0 -1
    outer loop
      vertex 17 7 0
      vertex 12.1627 8.1201 0
      vertex 13.8254 11 0
    endloop
  endfacet
  facet normal 0 0 -1
    outer loop
      vertex 17.2865 6.11832 0
      vertex 12.1627 8.1201 0
      vertex 17.1855 6.27737 0
    endloop
  endfacet
  facet normal 0 0 -1
    outer loop
      vertex 8.83729 13.8799 0
      vertex 6.71893 20.0266 0
      vertex 6.90581 20.003 0
    endloop
  endfacet
  facet normal 0 0 -1
    outer loop
      vertex 8.83729 13.8799 0
      vertex 6.53647 20.0734 0
      vertex 6.71893 20.0266 0
    endloop
  endfacet
  facet normal 0 0 -1
    outer loop
      vertex 8.83729 13.8799 0
      vertex 6.36133 20.1428 0
      vertex 6.53647 20.0734 0
    endloop
  endfacet
  facet normal 0 0 -1
    outer loop
      vertex 8.83729 13.8799 0
      vertex 6.19626 20.2335 0
      vertex 6.36133 20.1428 0
    endloop
  endfacet
  facet normal 0 0 -1
    outer loop
      vertex 7.17457 11 0
      vertex 6.04386 20.3442 0
      vertex 6.19626 20.2335 0
    endloop
  endfacet
  facet normal 0 0 -1
    outer loop
      vertex 7.17457 11 0
      vertex 5.90655 20.4732 0
      vertex 6.04386 20.3442 0
    endloop
  endfacet
  facet normal 0 0 -1
    outer loop
      vertex 7.17457 11 0
      vertex 5.78647 20.6183 0
      vertex 5.90655 20.4732 0
    endloop
  endfacet
  facet normal 0 0 -1
    outer loop
      vertex 1.48764 24.411 0
      vertex 5.78647 20.6183 0
      vertex 7.17457 11 0
    endloop
  endfacet
  facet normal 0 0 -1
    outer loop
      vertex 5.78647 20.6183 0
      vertex 1.48764 24.411 0
      vertex 5.68554 20.7774 0
    endloop
  endfacet
  facet normal 0 0 -1
    outer loop
      vertex 1.48764 24.411 0
      vertex 7.17457 11 0
      vertex 4.5 0 0
    endloop
  endfacet
  facet normal 0 0 -1
    outer loop
      vertex 5.68554 20.7774 0
      vertex 1.48764 24.411 0
      vertex 5.60534 20.9478 0
    endloop
  endfacet
  facet normal 0 0 -1
    outer loop
      vertex 5.51183 21.312 0
      vertex 1.48764 24.411 0
      vertex 5.5 21.5 0
    endloop
  endfacet
  facet normal 0 0 -1
    outer loop
      vertex 5.54712 21.127 0
      vertex 1.48764 24.411 0
      vertex 5.51183 21.312 0
    endloop
  endfacet
  facet normal 0 0 -1
    outer loop
      vertex 5.60534 20.9478 0
      vertex 1.48764 24.411 0
      vertex 5.54712 21.127 0
    endloop
  endfacet
  facet normal -0 0 -1
    outer loop
      vertex 8.83729 8.1201 0
      vertex 4.5 0 0
      vertex 7.17457 11 0
    endloop
  endfacet
  facet normal -0 0 -1
    outer loop
      vertex 12.1627 8.1201 0
      vertex 4.5 0 0
      vertex 8.83729 8.1201 0
    endloop
  endfacet
  facet normal -0.998032 0.0627129 0
    outer loop
      vertex 21 50 0
      vertex 21.0315 50.5013 3
      vertex 21.0315 50.5013 0
    endloop
  endfacet
  facet normal -0.998032 0.0627129 0
    outer loop
      vertex 21.0315 50.5013 3
      vertex 21 50 0
      vertex 21 50 3
    endloop
  endfacet
  facet normal -0.844366 0.535767 0
    outer loop
      vertex 21.4948 51.927 0
      vertex 21.7639 52.3511 3
      vertex 21.7639 52.3511 0
    endloop
  endfacet
  facet normal -0.844366 0.535767 0
    outer loop
      vertex 21.7639 52.3511 3
      vertex 21.4948 51.927 0
      vertex 21.4948 51.927 3
    endloop
  endfacet
  facet normal -0.24862 0.968601 0
    outer loop
      vertex 24.2505 53.9291 0
      vertex 23.7639 53.8042 3
      vertex 24.2505 53.9291 3
    endloop
  endfacet
  facet normal -0.24862 0.968601 0
    outer loop
      vertex 23.7639 53.8042 3
      vertex 24.2505 53.9291 0
      vertex 23.7639 53.8042 0
    endloop
  endfacet
  facet normal -0.770549 0.63738 0
    outer loop
      vertex 21.7639 52.3511 0
      vertex 22.0841 52.7382 3
      vertex 22.0841 52.7382 0
    endloop
  endfacet
  facet normal -0.770549 0.63738 0
    outer loop
      vertex 22.0841 52.7382 3
      vertex 21.7639 52.3511 0
      vertex 21.7639 52.3511 3
    endloop
  endfacet
  facet normal 0.998032 0.0627129 0
    outer loop
      vertex 29 50 3
      vertex 28.9685 50.5013 0
      vertex 28.9685 50.5013 3
    endloop
  endfacet
  facet normal 0.998032 0.0627129 0
    outer loop
      vertex 28.9685 50.5013 0
      vertex 29 50 3
      vertex 29 50 0
    endloop
  endfacet
  facet normal 0.982265 0.187496 0
    outer loop
      vertex 28.9685 50.5013 3
      vertex 28.8743 50.9948 0
      vertex 28.8743 50.9948 3
    endloop
  endfacet
  facet normal 0.982265 0.187496 0
    outer loop
      vertex 28.8743 50.9948 0
      vertex 28.9685 50.5013 3
      vertex 28.9685 50.5013 0
    endloop
  endfacet
  facet normal 0.587698 0.80908 -0
    outer loop
      vertex 27.5497 53.0821 0
      vertex 27.1433 53.3773 3
      vertex 27.5497 53.0821 3
    endloop
  endfacet
  facet normal 0.587698 0.80908 0
    outer loop
      vertex 27.1433 53.3773 3
      vertex 27.5497 53.0821 0
      vertex 27.1433 53.3773 0
    endloop
  endfacet
  facet normal -0.125431 0.992102 0
    outer loop
      vertex 24.7488 53.9921 0
      vertex 24.2505 53.9291 3
      vertex 24.7488 53.9921 3
    endloop
  endfacet
  facet normal -0.125431 0.992102 0
    outer loop
      vertex 24.2505 53.9291 3
      vertex 24.7488 53.9921 0
      vertex 24.2505 53.9291 0
    endloop
  endfacet
  facet normal 0.125431 0.992102 -0
    outer loop
      vertex 25.7495 53.9291 0
      vertex 25.2512 53.9921 3
      vertex 25.7495 53.9291 3
    endloop
  endfacet
  facet normal 0.125431 0.992102 0
    outer loop
      vertex 25.2512 53.9921 3
      vertex 25.7495 53.9291 0
      vertex 25.2512 53.9921 0
    endloop
  endfacet
  facet normal 0.481751 0.876308 -0
    outer loop
      vertex 27.1433 53.3773 0
      vertex 26.7031 53.6193 3
      vertex 27.1433 53.3773 3
    endloop
  endfacet
  facet normal 0.481751 0.876308 0
    outer loop
      vertex 26.7031 53.6193 3
      vertex 27.1433 53.3773 0
      vertex 26.7031 53.6193 0
    endloop
  endfacet
  facet normal -0.982265 0.187496 0
    outer loop
      vertex 21.0315 50.5013 0
      vertex 21.1257 50.9948 3
      vertex 21.1257 50.9948 0
    endloop
  endfacet
  facet normal -0.982265 0.187496 0
    outer loop
      vertex 21.1257 50.9948 3
      vertex 21.0315 50.5013 0
      vertex 21.0315 50.5013 3
    endloop
  endfacet
  facet normal -0.904805 0.425826 0
    outer loop
      vertex 21.2809 51.4725 0
      vertex 21.4948 51.927 3
      vertex 21.4948 51.927 0
    endloop
  endfacet
  facet normal -0.904805 0.425826 0
    outer loop
      vertex 21.4948 51.927 3
      vertex 21.2809 51.4725 0
      vertex 21.2809 51.4725 3
    endloop
  endfacet
  facet normal -0.368127 0.929775 0
    outer loop
      vertex 23.7639 53.8042 0
      vertex 23.2969 53.6193 3
      vertex 23.7639 53.8042 3
    endloop
  endfacet
  facet normal -0.368127 0.929775 0
    outer loop
      vertex 23.2969 53.6193 3
      vertex 23.7639 53.8042 0
      vertex 23.2969 53.6193 0
    endloop
  endfacet
  facet normal -0.684563 0.728953 0
    outer loop
      vertex 22.4503 53.0821 0
      vertex 22.0841 52.7382 3
      vertex 22.4503 53.0821 3
    endloop
  endfacet
  facet normal -0.684563 0.728953 0
    outer loop
      vertex 22.0841 52.7382 3
      vertex 22.4503 53.0821 0
      vertex 22.0841 52.7382 0
    endloop
  endfacet
  facet normal -0.587698 0.80908 0
    outer loop
      vertex 22.8567 53.3773 0
      vertex 22.4503 53.0821 3
      vertex 22.8567 53.3773 3
    endloop
  endfacet
  facet normal -0.587698 0.80908 0
    outer loop
      vertex 22.4503 53.0821 3
      vertex 22.8567 53.3773 0
      vertex 22.4503 53.0821 0
    endloop
  endfacet
  facet normal 0.844366 0.535767 0
    outer loop
      vertex 28.5052 51.927 3
      vertex 28.2361 52.3511 0
      vertex 28.2361 52.3511 3
    endloop
  endfacet
  facet normal 0.844366 0.535767 0
    outer loop
      vertex 28.2361 52.3511 0
      vertex 28.5052 51.927 3
      vertex 28.5052 51.927 0
    endloop
  endfacet
  facet normal 0.904805 0.425826 0
    outer loop
      vertex 28.7191 51.4725 3
      vertex 28.5052 51.927 0
      vertex 28.5052 51.927 3
    endloop
  endfacet
  facet normal 0.904805 0.425826 0
    outer loop
      vertex 28.5052 51.927 0
      vertex 28.7191 51.4725 3
      vertex 28.7191 51.4725 0
    endloop
  endfacet
  facet normal 0.951065 0.308992 0
    outer loop
      vertex 28.8743 50.9948 3
      vertex 28.7191 51.4725 0
      vertex 28.7191 51.4725 3
    endloop
  endfacet
  facet normal 0.951065 0.308992 0
    outer loop
      vertex 28.7191 51.4725 0
      vertex 28.8743 50.9948 3
      vertex 28.8743 50.9948 0
    endloop
  endfacet
  facet normal 0.684563 0.728953 -0
    outer loop
      vertex 27.9159 52.7382 0
      vertex 27.5497 53.0821 3
      vertex 27.9159 52.7382 3
    endloop
  endfacet
  facet normal 0.684563 0.728953 0
    outer loop
      vertex 27.5497 53.0821 3
      vertex 27.9159 52.7382 0
      vertex 27.5497 53.0821 0
    endloop
  endfacet
  facet normal 0 0 1
    outer loop
      vertex 5.5 21.5 5
      vertex 4.46452 25.564 5
      vertex 4.5 25 5
    endloop
  endfacet
  facet normal 0 0 1
    outer loop
      vertex 5.51183 31.688 5
      vertex 4.35862 26.1191 5
      vertex 4.46452 25.564 5
    endloop
  endfacet
  facet normal 0 0 1
    outer loop
      vertex 5.51183 31.688 5
      vertex 4.18399 26.6566 5
      vertex 4.35862 26.1191 5
    endloop
  endfacet
  facet normal 0 0 1
    outer loop
      vertex 5.51183 31.688 5
      vertex 3.94338 27.1679 5
      vertex 4.18399 26.6566 5
    endloop
  endfacet
  facet normal 0 0 1
    outer loop
      vertex 5.51183 31.688 5
      vertex 3.64058 27.645 5
      vertex 3.94338 27.1679 5
    endloop
  endfacet
  facet normal 0 0 1
    outer loop
      vertex 5.51183 31.688 5
      vertex 3.28036 28.0805 5
      vertex 3.64058 27.645 5
    endloop
  endfacet
  facet normal 0 0 1
    outer loop
      vertex 5.51183 31.688 5
      vertex 2.86841 28.4673 5
      vertex 3.28036 28.0805 5
    endloop
  endfacet
  facet normal 0 0 1
    outer loop
      vertex 5.68554 32.2226 5
      vertex 0.843215 29.4203 5
      vertex 5.60534 32.0522 5
    endloop
  endfacet
  facet normal 0 0 1
    outer loop
      vertex 5.51183 31.688 5
      vertex 2.41122 28.7995 5
      vertex 2.86841 28.4673 5
    endloop
  endfacet
  facet normal 0 0 1
    outer loop
      vertex 5.51183 31.688 5
      vertex 1.91601 29.0717 5
      vertex 2.41122 28.7995 5
    endloop
  endfacet
  facet normal 0 0 1
    outer loop
      vertex 5.51183 31.688 5
      vertex 1.39058 29.2798 5
      vertex 1.91601 29.0717 5
    endloop
  endfacet
  facet normal 0 0 1
    outer loop
      vertex 5.54712 31.873 5
      vertex 1.39058 29.2798 5
      vertex 5.51183 31.688 5
    endloop
  endfacet
  facet normal 0 -0 1
    outer loop
      vertex 1.39058 29.2798 5
      vertex 5.54712 31.873 5
      vertex 0.843215 29.4203 5
    endloop
  endfacet
  facet normal 0 0 1
    outer loop
      vertex 5.60534 32.0522 5
      vertex 0.843215 29.4203 5
      vertex 5.54712 31.873 5
    endloop
  endfacet
  facet normal 0 0 1
    outer loop
      vertex 17 15 5
      vertex 12.0874 11.2005 5
      vertex 12.1 11 5
    endloop
  endfacet
  facet normal 0 0 1
    outer loop
      vertex 17.0118 15.188 5
      vertex 12.0497 11.3979 5
      vertex 12.0874 11.2005 5
    endloop
  endfacet
  facet normal 0 0 1
    outer loop
      vertex 17.0118 15.188 5
      vertex 11.9876 11.589 5
      vertex 12.0497 11.3979 5
    endloop
  endfacet
  facet normal 0 0 1
    outer loop
      vertex 17.0118 15.188 5
      vertex 11.9021 11.7708 5
      vertex 11.9876 11.589 5
    endloop
  endfacet
  facet normal 0 0 1
    outer loop
      vertex 17.0118 15.188 5
      vertex 11.7944 11.9405 5
      vertex 11.9021 11.7708 5
    endloop
  endfacet
  facet normal 0 0 1
    outer loop
      vertex 17.0118 15.188 5
      vertex 11.6663 12.0953 5
      vertex 11.7944 11.9405 5
    endloop
  endfacet
  facet normal 0 0 1
    outer loop
      vertex 17.0118 15.188 5
      vertex 11.5199 12.2328 5
      vertex 11.6663 12.0953 5
    endloop
  endfacet
  facet normal 0 0 1
    outer loop
      vertex 17.0118 15.188 5
      vertex 11.3573 12.3509 5
      vertex 11.5199 12.2328 5
    endloop
  endfacet
  facet normal 0 0 1
    outer loop
      vertex 17.0118 15.188 5
      vertex 11.1812 12.4477 5
      vertex 11.3573 12.3509 5
    endloop
  endfacet
  facet normal 0 0 1
    outer loop
      vertex 15.0942 20.003 5
      vertex 10.9944 12.5217 5
      vertex 11.1812 12.4477 5
    endloop
  endfacet
  facet normal 0 0 1
    outer loop
      vertex 15.0942 20.003 5
      vertex 10.7998 12.5717 5
      vertex 10.9944 12.5217 5
    endloop
  endfacet
  facet normal 0 0 1
    outer loop
      vertex 15.0942 20.003 5
      vertex 10.6005 12.5968 5
      vertex 10.7998 12.5717 5
    endloop
  endfacet
  facet normal -0 0 1
    outer loop
      vertex 6.90581 20.003 5
      vertex 10.6005 12.5968 5
      vertex 15.0942 20.003 5
    endloop
  endfacet
  facet normal 0 0 1
    outer loop
      vertex 10.6005 12.5968 5
      vertex 6.90581 20.003 5
      vertex 10.3995 12.5968 5
    endloop
  endfacet
  facet normal 0 0 1
    outer loop
      vertex 10.3995 12.5968 5
      vertex 6.90581 20.003 5
      vertex 10.2002 12.5717 5
    endloop
  endfacet
  facet normal 0 0 1
    outer loop
      vertex 10.2002 12.5717 5
      vertex 6.90581 20.003 5
      vertex 10.0056 12.5217 5
    endloop
  endfacet
  facet normal 0 0 1
    outer loop
      vertex 10.0056 12.5217 5
      vertex 6.90581 20.003 5
      vertex 9.81875 12.4477 5
    endloop
  endfacet
  facet normal 0 0 1
    outer loop
      vertex 9.81875 12.4477 5
      vertex 6.90581 20.003 5
      vertex 9.64268 12.3509 5
    endloop
  endfacet
  facet normal 0 0 1
    outer loop
      vertex 9.64268 12.3509 5
      vertex 6.90581 20.003 5
      vertex 9.48012 12.2328 5
    endloop
  endfacet
  facet normal 0 0 1
    outer loop
      vertex 9.48012 12.2328 5
      vertex 6.90581 20.003 5
      vertex 9.33365 12.0953 5
    endloop
  endfacet
  facet normal 0 0 1
    outer loop
      vertex 9.09791 11.7708 5
      vertex 6.36133 20.1428 5
      vertex 9.01236 11.589 5
    endloop
  endfacet
  facet normal 0 0 1
    outer loop
      vertex 6.36133 20.1428 5
      vertex 9.09791 11.7708 5
      vertex 6.53647 20.0734 5
    endloop
  endfacet
  facet normal 0 0 1
    outer loop
      vertex 9.20557 11.9405 5
      vertex 6.53647 20.0734 5
      vertex 9.09791 11.7708 5
    endloop
  endfacet
  facet normal 0 0 1
    outer loop
      vertex 6.53647 20.0734 5
      vertex 9.20557 11.9405 5
      vertex 6.71893 20.0266 5
    endloop
  endfacet
  facet normal 0 0 1
    outer loop
      vertex 9.33365 12.0953 5
      vertex 6.71893 20.0266 5
      vertex 9.20557 11.9405 5
    endloop
  endfacet
  facet normal 0 0 1
    outer loop
      vertex 6.71893 20.0266 5
      vertex 9.33365 12.0953 5
      vertex 6.90581 20.003 5
    endloop
  endfacet
  facet normal 0 0 1
    outer loop
      vertex 31.3748 17.0354 5
      vertex 29.9882 15.188 5
      vertex 30 15 5
    endloop
  endfacet
  facet normal 0 0 1
    outer loop
      vertex 31.1256 17.0039 5
      vertex 29.9529 15.373 5
      vertex 29.9882 15.188 5
    endloop
  endfacet
  facet normal 0 0 1
    outer loop
      vertex 31.1256 17.0039 5
      vertex 29.8947 15.5522 5
      vertex 29.9529 15.373 5
    endloop
  endfacet
  facet normal 0 0 1
    outer loop
      vertex 31.1256 17.0039 5
      vertex 29.8145 15.7226 5
      vertex 29.8947 15.5522 5
    endloop
  endfacet
  facet normal 0 0 1
    outer loop
      vertex 31.1256 17.0039 5
      vertex 29.7135 15.8817 5
      vertex 29.8145 15.7226 5
    endloop
  endfacet
  facet normal 0 0 1
    outer loop
      vertex 31.1256 17.0039 5
      vertex 29.5935 16.0268 5
      vertex 29.7135 15.8817 5
    endloop
  endfacet
  facet normal 0 0 1
    outer loop
      vertex 31.1256 17.0039 5
      vertex 29.4561 16.1558 5
      vertex 29.5935 16.0268 5
    endloop
  endfacet
  facet normal 0 0 1
    outer loop
      vertex 31.1256 17.0039 5
      vertex 29.3037 16.2665 5
      vertex 29.4561 16.1558 5
    endloop
  endfacet
  facet normal 0 0 1
    outer loop
      vertex 31.1256 17.0039 5
      vertex 29.1387 16.3572 5
      vertex 29.3037 16.2665 5
    endloop
  endfacet
  facet normal 0 0 1
    outer loop
      vertex 31.1256 17.0039 5
      vertex 28.9635 16.4266 5
      vertex 29.1387 16.3572 5
    endloop
  endfacet
  facet normal 0 0 1
    outer loop
      vertex 31.1256 17.0039 5
      vertex 28.7811 16.4734 5
      vertex 28.9635 16.4266 5
    endloop
  endfacet
  facet normal 0 0 1
    outer loop
      vertex 31.1256 17.0039 5
      vertex 28.5942 16.497 5
      vertex 28.7811 16.4734 5
    endloop
  endfacet
  facet normal -0 0 1
    outer loop
      vertex 18.8744 17.0039 5
      vertex 28.5942 16.497 5
      vertex 31.1256 17.0039 5
    endloop
  endfacet
  facet normal 0 0 1
    outer loop
      vertex 18.8744 17.0039 5
      vertex 18.4058 16.497 5
      vertex 28.5942 16.497 5
    endloop
  endfacet
  facet normal 0 0 1
    outer loop
      vertex 18.6252 17.0354 5
      vertex 18.4058 16.497 5
      vertex 18.8744 17.0039 5
    endloop
  endfacet
  facet normal 0 0 1
    outer loop
      vertex 18.382 17.0979 5
      vertex 18.4058 16.497 5
      vertex 18.6252 17.0354 5
    endloop
  endfacet
  facet normal 0 0 1
    outer loop
      vertex 18.382 17.0979 5
      vertex 18.2189 16.4734 5
      vertex 18.4058 16.497 5
    endloop
  endfacet
  facet normal 0 0 1
    outer loop
      vertex 18.1484 17.1903 5
      vertex 18.2189 16.4734 5
      vertex 18.382 17.0979 5
    endloop
  endfacet
  facet normal 0 0 1
    outer loop
      vertex 18.1484 17.1903 5
      vertex 18.0365 16.4266 5
      vertex 18.2189 16.4734 5
    endloop
  endfacet
  facet normal 0 0 1
    outer loop
      vertex 17.9283 17.3113 5
      vertex 18.0365 16.4266 5
      vertex 18.1484 17.1903 5
    endloop
  endfacet
  facet normal 0 0 1
    outer loop
      vertex 17.9283 17.3113 5
      vertex 17.8613 16.3572 5
      vertex 18.0365 16.4266 5
    endloop
  endfacet
  facet normal 0 0 1
    outer loop
      vertex 17.6963 16.2665 5
      vertex 17.9283 17.3113 5
      vertex 17.7252 17.459 5
    endloop
  endfacet
  facet normal 0 0 1
    outer loop
      vertex 17.9283 17.3113 5
      vertex 17.6963 16.2665 5
      vertex 17.8613 16.3572 5
    endloop
  endfacet
  facet normal 0 0 1
    outer loop
      vertex 17.7252 17.459 5
      vertex 17.5439 16.1558 5
      vertex 17.6963 16.2665 5
    endloop
  endfacet
  facet normal 0 0 1
    outer loop
      vertex 17.5421 17.6309 5
      vertex 17.5439 16.1558 5
      vertex 17.7252 17.459 5
    endloop
  endfacet
  facet normal 0 0 1
    outer loop
      vertex 17.5421 17.6309 5
      vertex 17.4065 16.0268 5
      vertex 17.5439 16.1558 5
    endloop
  endfacet
  facet normal 0 0 1
    outer loop
      vertex 17.382 17.8244 5
      vertex 17.4065 16.0268 5
      vertex 17.5421 17.6309 5
    endloop
  endfacet
  facet normal 0 0 1
    outer loop
      vertex 17.382 17.8244 5
      vertex 17.2865 15.8817 5
      vertex 17.4065 16.0268 5
    endloop
  endfacet
  facet normal 0 0 1
    outer loop
      vertex 17.2474 18.0365 5
      vertex 17.2865 15.8817 5
      vertex 17.382 17.8244 5
    endloop
  endfacet
  facet normal 0 0 1
    outer loop
      vertex 17.2474 18.0365 5
      vertex 17.1855 15.7226 5
      vertex 17.2865 15.8817 5
    endloop
  endfacet
  facet normal 0 0 1
    outer loop
      vertex 17.1404 18.2638 5
      vertex 17.1855 15.7226 5
      vertex 17.2474 18.0365 5
    endloop
  endfacet
  facet normal 0 0 1
    outer loop
      vertex 17.1404 18.2638 5
      vertex 17.1053 15.5522 5
      vertex 17.1855 15.7226 5
    endloop
  endfacet
  facet normal 0 0 1
    outer loop
      vertex 15.0942 20.003 5
      vertex 17.1404 18.2638 5
      vertex 17.0628 18.5026 5
    endloop
  endfacet
  facet normal 0 0 1
    outer loop
      vertex 17.1404 18.2638 5
      vertex 15.0942 20.003 5
      vertex 17.1053 15.5522 5
    endloop
  endfacet
  facet normal 0 0 1
    outer loop
      vertex 15.0942 20.003 5
      vertex 17.0628 18.5026 5
      vertex 17.0158 18.7493 5
    endloop
  endfacet
  facet normal 0 0 1
    outer loop
      vertex 17.1053 15.5522 5
      vertex 15.0942 20.003 5
      vertex 17.0471 15.373 5
    endloop
  endfacet
  facet normal 0 0 1
    outer loop
      vertex 15.4635 20.0734 5
      vertex 17.0158 18.7493 5
      vertex 17 19 5
    endloop
  endfacet
  facet normal 0 0 1
    outer loop
      vertex 11.1812 12.4477 5
      vertex 17.0471 15.373 5
      vertex 15.0942 20.003 5
    endloop
  endfacet
  facet normal 0 0 1
    outer loop
      vertex 38.8188 37.5523 5
      vertex 32.9529 34.627 5
      vertex 34.9058 29.997 5
    endloop
  endfacet
  facet normal 0 0 1
    outer loop
      vertex 34.9058 29.997 5
      vertex 32.9842 31.2507 5
      vertex 33 31 5
    endloop
  endfacet
  facet normal -0 0 1
    outer loop
      vertex 32.8947 34.4478 5
      vertex 34.9058 29.997 5
      vertex 32.9529 34.627 5
    endloop
  endfacet
  facet normal 0 0 1
    outer loop
      vertex 34.9058 29.997 5
      vertex 32.9372 31.4974 5
      vertex 32.9842 31.2507 5
    endloop
  endfacet
  facet normal -0 0 1
    outer loop
      vertex 32.8596 31.7362 5
      vertex 34.9058 29.997 5
      vertex 32.8947 34.4478 5
    endloop
  endfacet
  facet normal 0 0 1
    outer loop
      vertex 34.9058 29.997 5
      vertex 32.8596 31.7362 5
      vertex 32.9372 31.4974 5
    endloop
  endfacet
  facet normal -0 0 1
    outer loop
      vertex 32.8145 34.2774 5
      vertex 32.8596 31.7362 5
      vertex 32.8947 34.4478 5
    endloop
  endfacet
  facet normal 0 0 1
    outer loop
      vertex 32.8145 34.2774 5
      vertex 32.7526 31.9635 5
      vertex 32.8596 31.7362 5
    endloop
  endfacet
  facet normal -0 0 1
    outer loop
      vertex 32.7135 34.1183 5
      vertex 32.7526 31.9635 5
      vertex 32.8145 34.2774 5
    endloop
  endfacet
  facet normal 0 0 1
    outer loop
      vertex 32.7135 34.1183 5
      vertex 32.618 32.1756 5
      vertex 32.7526 31.9635 5
    endloop
  endfacet
  facet normal -0 0 1
    outer loop
      vertex 32.5935 33.9732 5
      vertex 32.618 32.1756 5
      vertex 32.7135 34.1183 5
    endloop
  endfacet
  facet normal 0 0 1
    outer loop
      vertex 32.5935 33.9732 5
      vertex 32.4579 32.3691 5
      vertex 32.618 32.1756 5
    endloop
  endfacet
  facet normal -0 0 1
    outer loop
      vertex 32.4561 33.8442 5
      vertex 32.4579 32.3691 5
      vertex 32.5935 33.9732 5
    endloop
  endfacet
  facet normal 0 0 1
    outer loop
      vertex 32.2748 32.541 5
      vertex 32.4561 33.8442 5
      vertex 32.3037 33.7335 5
    endloop
  endfacet
  facet normal 0 0 1
    outer loop
      vertex 32.4561 33.8442 5
      vertex 32.2748 32.541 5
      vertex 32.4579 32.3691 5
    endloop
  endfacet
  facet normal 0 0 1
    outer loop
      vertex 32.0717 32.6887 5
      vertex 32.3037 33.7335 5
      vertex 32.1387 33.6428 5
    endloop
  endfacet
  facet normal 0 0 1
    outer loop
      vertex 32.3037 33.7335 5
      vertex 32.0717 32.6887 5
      vertex 32.2748 32.541 5
    endloop
  endfacet
  facet normal -0 0 1
    outer loop
      vertex 31.9635 33.5734 5
      vertex 32.0717 32.6887 5
      vertex 32.1387 33.6428 5
    endloop
  endfacet
  facet normal 0 0 1
    outer loop
      vertex 31.9635 33.5734 5
      vertex 31.8516 32.8097 5
      vertex 32.0717 32.6887 5
    endloop
  endfacet
  facet normal -0 0 1
    outer loop
      vertex 31.7811 33.5266 5
      vertex 31.8516 32.8097 5
      vertex 31.9635 33.5734 5
    endloop
  endfacet
  facet normal 0 0 1
    outer loop
      vertex 31.7811 33.5266 5
      vertex 31.618 32.9021 5
      vertex 31.8516 32.8097 5
    endloop
  endfacet
  facet normal -0 0 1
    outer loop
      vertex 31.5942 33.503 5
      vertex 31.618 32.9021 5
      vertex 31.7811 33.5266 5
    endloop
  endfacet
  facet normal 0 0 1
    outer loop
      vertex 31.5942 33.503 5
      vertex 31.3748 32.9646 5
      vertex 31.618 32.9021 5
    endloop
  endfacet
  facet normal 0 0 1
    outer loop
      vertex 31.5942 33.503 5
      vertex 31.1256 32.9961 5
      vertex 31.3748 32.9646 5
    endloop
  endfacet
  facet normal -0 0 1
    outer loop
      vertex 21.4058 33.503 5
      vertex 31.1256 32.9961 5
      vertex 31.5942 33.503 5
    endloop
  endfacet
  facet normal 0 0 1
    outer loop
      vertex 21.4058 33.503 5
      vertex 18.8744 32.9961 5
      vertex 31.1256 32.9961 5
    endloop
  endfacet
  facet normal 0 0 1
    outer loop
      vertex 21.2189 33.5266 5
      vertex 18.8744 32.9961 5
      vertex 21.4058 33.503 5
    endloop
  endfacet
  facet normal 0 0 1
    outer loop
      vertex 21.0365 33.5734 5
      vertex 18.8744 32.9961 5
      vertex 21.2189 33.5266 5
    endloop
  endfacet
  facet normal 0 0 1
    outer loop
      vertex 20.8613 33.6428 5
      vertex 18.8744 32.9961 5
      vertex 21.0365 33.5734 5
    endloop
  endfacet
  facet normal 0 0 1
    outer loop
      vertex 20.6963 33.7335 5
      vertex 18.8744 32.9961 5
      vertex 20.8613 33.6428 5
    endloop
  endfacet
  facet normal 0 0 1
    outer loop
      vertex 20.5439 33.8442 5
      vertex 18.8744 32.9961 5
      vertex 20.6963 33.7335 5
    endloop
  endfacet
  facet normal 0 0 1
    outer loop
      vertex 20.4065 33.9732 5
      vertex 18.8744 32.9961 5
      vertex 20.5439 33.8442 5
    endloop
  endfacet
  facet normal 0 0 1
    outer loop
      vertex 20.2865 34.1183 5
      vertex 18.8744 32.9961 5
      vertex 20.4065 33.9732 5
    endloop
  endfacet
  facet normal 0 0 1
    outer loop
      vertex 20.1855 34.2774 5
      vertex 18.8744 32.9961 5
      vertex 20.2865 34.1183 5
    endloop
  endfacet
  facet normal 0 0 1
    outer loop
      vertex 20.1053 34.4478 5
      vertex 18.8744 32.9961 5
      vertex 20.1855 34.2774 5
    endloop
  endfacet
  facet normal 0 0 1
    outer loop
      vertex 20.0471 34.627 5
      vertex 18.8744 32.9961 5
      vertex 20.1053 34.4478 5
    endloop
  endfacet
  facet normal 0 0 1
    outer loop
      vertex 20.0118 34.812 5
      vertex 18.8744 32.9961 5
      vertex 20.0471 34.627 5
    endloop
  endfacet
  facet normal 0 0 1
    outer loop
      vertex 18.6252 32.9646 5
      vertex 20.0118 34.812 5
      vertex 20 35 5
    endloop
  endfacet
  facet normal -0 0 1
    outer loop
      vertex 12.4876 38.911 5
      vertex 20 35 5
      vertex 12.5497 39.1021 5
    endloop
  endfacet
  facet normal 0 0 1
    outer loop
      vertex 20 35 5
      vertex 12.4876 38.911 5
      vertex 15.2811 32.9734 5
    endloop
  endfacet
  facet normal -0 0 1
    outer loop
      vertex 12.4021 38.7292 5
      vertex 15.2811 32.9734 5
      vertex 12.4876 38.911 5
    endloop
  endfacet
  facet normal 0 0 1
    outer loop
      vertex 15.2811 32.9734 5
      vertex 12.4021 38.7292 5
      vertex 15.0942 32.997 5
    endloop
  endfacet
  facet normal -0 0 1
    outer loop
      vertex 12.2944 38.5595 5
      vertex 15.0942 32.997 5
      vertex 12.4021 38.7292 5
    endloop
  endfacet
  facet normal -0 0 1
    outer loop
      vertex 12.1663 38.4047 5
      vertex 15.0942 32.997 5
      vertex 12.2944 38.5595 5
    endloop
  endfacet
  facet normal -0 0 1
    outer loop
      vertex 12.0199 38.2672 5
      vertex 15.0942 32.997 5
      vertex 12.1663 38.4047 5
    endloop
  endfacet
  facet normal -0 0 1
    outer loop
      vertex 11.8573 38.1491 5
      vertex 15.0942 32.997 5
      vertex 12.0199 38.2672 5
    endloop
  endfacet
  facet normal -0 0 1
    outer loop
      vertex 11.6812 38.0523 5
      vertex 15.0942 32.997 5
      vertex 11.8573 38.1491 5
    endloop
  endfacet
  facet normal -0 0 1
    outer loop
      vertex 11.4944 37.9783 5
      vertex 15.0942 32.997 5
      vertex 11.6812 38.0523 5
    endloop
  endfacet
  facet normal -0 0 1
    outer loop
      vertex 11.2998 37.9283 5
      vertex 15.0942 32.997 5
      vertex 11.4944 37.9783 5
    endloop
  endfacet
  facet normal -0 0 1
    outer loop
      vertex 11.1005 37.9032 5
      vertex 15.0942 32.997 5
      vertex 11.2998 37.9283 5
    endloop
  endfacet
  facet normal -0 0 1
    outer loop
      vertex 10.8995 37.9032 5
      vertex 15.0942 32.997 5
      vertex 11.1005 37.9032 5
    endloop
  endfacet
  facet normal 0 0 1
    outer loop
      vertex 6.90581 32.997 5
      vertex 10.8995 37.9032 5
      vertex 10.7002 37.9283 5
    endloop
  endfacet
  facet normal 0 0 1
    outer loop
      vertex 6.90581 32.997 5
      vertex 10.7002 37.9283 5
      vertex 10.5056 37.9783 5
    endloop
  endfacet
  facet normal 0 0 1
    outer loop
      vertex 6.90581 32.997 5
      vertex 10.5056 37.9783 5
      vertex 10.3188 38.0523 5
    endloop
  endfacet
  facet normal 0 0 1
    outer loop
      vertex 6.90581 32.997 5
      vertex 10.3188 38.0523 5
      vertex 10.1427 38.1491 5
    endloop
  endfacet
  facet normal 0 0 1
    outer loop
      vertex 6.90581 32.997 5
      vertex 10.1427 38.1491 5
      vertex 9.98012 38.2672 5
    endloop
  endfacet
  facet normal 0 0 1
    outer loop
      vertex 6.90581 32.997 5
      vertex 9.98012 38.2672 5
      vertex 9.83365 38.4047 5
    endloop
  endfacet
  facet normal 0 0 1
    outer loop
      vertex 10.8995 37.9032 5
      vertex 6.90581 32.997 5
      vertex 15.0942 32.997 5
    endloop
  endfacet
  facet normal 0 0 1
    outer loop
      vertex 9.70557 38.5595 5
      vertex 6.90581 32.997 5
      vertex 9.83365 38.4047 5
    endloop
  endfacet
  facet normal 0 0 1
    outer loop
      vertex 9.59791 38.7292 5
      vertex 6.90581 32.997 5
      vertex 9.70557 38.5595 5
    endloop
  endfacet
  facet normal 0 0 1
    outer loop
      vertex 6.71893 32.9734 5
      vertex 9.59791 38.7292 5
      vertex 9.51236 38.911 5
    endloop
  endfacet
  facet normal 0 0 1
    outer loop
      vertex 6.53647 32.9266 5
      vertex 9.51236 38.911 5
      vertex 9.45027 39.1021 5
    endloop
  endfacet
  facet normal 0 0 1
    outer loop
      vertex 6.36133 32.8572 5
      vertex 9.45027 39.1021 5
      vertex 9.41262 39.2995 5
    endloop
  endfacet
  facet normal 0 0 1
    outer loop
      vertex 0 45.5 5
      vertex 9.41262 39.2995 5
      vertex 9.4 39.5 5
    endloop
  endfacet
  facet normal 0 0 1
    outer loop
      vertex 43.8037 17.2335 5
      vertex 40.5874 10.7005 5
      vertex 40.6 10.5 5
    endloop
  endfacet
  facet normal 0 0 1
    outer loop
      vertex 43.2811 17.0266 5
      vertex 40.5497 10.8979 5
      vertex 40.5874 10.7005 5
    endloop
  endfacet
  facet normal 0 0 1
    outer loop
      vertex 43.2811 17.0266 5
      vertex 40.4876 11.089 5
      vertex 40.5497 10.8979 5
    endloop
  endfacet
  facet normal 0 0 1
    outer loop
      vertex 43.2811 17.0266 5
      vertex 40.4021 11.2708 5
      vertex 40.4876 11.089 5
    endloop
  endfacet
  facet normal 0 0 1
    outer loop
      vertex 43.0942 17.003 5
      vertex 40.2944 11.4405 5
      vertex 40.4021 11.2708 5
    endloop
  endfacet
  facet normal 0 0 1
    outer loop
      vertex 43.0942 17.003 5
      vertex 40.1664 11.5953 5
      vertex 40.2944 11.4405 5
    endloop
  endfacet
  facet normal 0 0 1
    outer loop
      vertex 43.0942 17.003 5
      vertex 40.0199 11.7328 5
      vertex 40.1664 11.5953 5
    endloop
  endfacet
  facet normal 0 0 1
    outer loop
      vertex 43.0942 17.003 5
      vertex 39.8573 11.8509 5
      vertex 40.0199 11.7328 5
    endloop
  endfacet
  facet normal 0 0 1
    outer loop
      vertex 43.0942 17.003 5
      vertex 39.6812 11.9477 5
      vertex 39.8573 11.8509 5
    endloop
  endfacet
  facet normal 0 0 1
    outer loop
      vertex 43.0942 17.003 5
      vertex 39.4944 12.0217 5
      vertex 39.6812 11.9477 5
    endloop
  endfacet
  facet normal 0 0 1
    outer loop
      vertex 43.0942 17.003 5
      vertex 39.2998 12.0717 5
      vertex 39.4944 12.0217 5
    endloop
  endfacet
  facet normal 0 0 1
    outer loop
      vertex 43.0942 17.003 5
      vertex 39.1005 12.0968 5
      vertex 39.2998 12.0717 5
    endloop
  endfacet
  facet normal 0 0 1
    outer loop
      vertex 43.0942 17.003 5
      vertex 38.8995 12.0968 5
      vertex 39.1005 12.0968 5
    endloop
  endfacet
  facet normal -0 0 1
    outer loop
      vertex 34.9058 17.003 5
      vertex 38.8995 12.0968 5
      vertex 43.0942 17.003 5
    endloop
  endfacet
  facet normal 0 0 1
    outer loop
      vertex 38.8995 12.0968 5
      vertex 34.9058 17.003 5
      vertex 38.7002 12.0717 5
    endloop
  endfacet
  facet normal 0 0 1
    outer loop
      vertex 38.7002 12.0717 5
      vertex 34.9058 17.003 5
      vertex 38.5056 12.0217 5
    endloop
  endfacet
  facet normal 0 0 1
    outer loop
      vertex 38.5056 12.0217 5
      vertex 34.9058 17.003 5
      vertex 38.3188 11.9477 5
    endloop
  endfacet
  facet normal 0 0 1
    outer loop
      vertex 38.3188 11.9477 5
      vertex 34.9058 17.003 5
      vertex 38.1427 11.8509 5
    endloop
  endfacet
  facet normal 0 0 1
    outer loop
      vertex 38.1427 11.8509 5
      vertex 34.9058 17.003 5
      vertex 37.9801 11.7328 5
    endloop
  endfacet
  facet normal 0 0 1
    outer loop
      vertex 37.5124 11.089 5
      vertex 30 15 5
      vertex 37.4503 10.8979 5
    endloop
  endfacet
  facet normal -0 0 1
    outer loop
      vertex 30 15 5
      vertex 37.5124 11.089 5
      vertex 34.7189 17.0266 5
    endloop
  endfacet
  facet normal 0 0 1
    outer loop
      vertex 37.5979 11.2708 5
      vertex 34.7189 17.0266 5
      vertex 37.5124 11.089 5
    endloop
  endfacet
  facet normal 0 0 1
    outer loop
      vertex 34.7189 17.0266 5
      vertex 37.5979 11.2708 5
      vertex 34.9058 17.003 5
    endloop
  endfacet
  facet normal 0 0 1
    outer loop
      vertex 37.7056 11.4405 5
      vertex 34.9058 17.003 5
      vertex 37.5979 11.2708 5
    endloop
  endfacet
  facet normal 0 0 1
    outer loop
      vertex 37.8336 11.5953 5
      vertex 34.9058 17.003 5
      vertex 37.7056 11.4405 5
    endloop
  endfacet
  facet normal 0 0 1
    outer loop
      vertex 37.9801 11.7328 5
      vertex 34.9058 17.003 5
      vertex 37.8336 11.5953 5
    endloop
  endfacet
  facet normal 0 0 1
    outer loop
      vertex 50 45.5 5
      vertex 49.7174 29.4911 5
      vertex 50 29.4911 5
    endloop
  endfacet
  facet normal -0 0 1
    outer loop
      vertex 41.0874 38.7995 5
      vertex 49.7174 29.4911 5
      vertex 50 45.5 5
    endloop
  endfacet
  facet normal -0 0 1
    outer loop
      vertex 41.0497 38.6021 5
      vertex 49.7174 29.4911 5
      vertex 41.0874 38.7995 5
    endloop
  endfacet
  facet normal 0 0 1
    outer loop
      vertex 49.7174 29.4911 5
      vertex 41.0497 38.6021 5
      vertex 49.1568 29.4203 5
    endloop
  endfacet
  facet normal -0 0 1
    outer loop
      vertex 40.9876 38.411 5
      vertex 49.1568 29.4203 5
      vertex 41.0497 38.6021 5
    endloop
  endfacet
  facet normal -0 -0 1
    outer loop
      vertex 43.8037 29.7665 5
      vertex 48.6094 29.2798 5
      vertex 40.9876 38.411 5
    endloop
  endfacet
  facet normal 0 0 1
    outer loop
      vertex 48.6094 29.2798 5
      vertex 43.8037 29.7665 5
      vertex 48.084 29.0717 5
    endloop
  endfacet
  facet normal -0 -0 1
    outer loop
      vertex 43.9561 29.6558 5
      vertex 48.084 29.0717 5
      vertex 43.8037 29.7665 5
    endloop
  endfacet
  facet normal 0 0 1
    outer loop
      vertex 47.5888 28.7995 5
      vertex 44.3145 29.2226 5
      vertex 47.1316 28.4673 5
    endloop
  endfacet
  facet normal 0 0 1
    outer loop
      vertex 47.1316 28.4673 5
      vertex 44.4529 28.873 5
      vertex 46.7196 28.0805 5
    endloop
  endfacet
  facet normal -0 -0 1
    outer loop
      vertex 44.5 28.5 5
      vertex 46.7196 28.0805 5
      vertex 44.4882 28.688 5
    endloop
  endfacet
  facet normal 0 0 1
    outer loop
      vertex 40.5199 40.2328 5
      vertex 50 45.5 5
      vertex 45.5 50 5
    endloop
  endfacet
  facet normal 0 0 1
    outer loop
      vertex 46.7196 28.0805 5
      vertex 44.5 28.5 5
      vertex 46.3594 27.645 5
    endloop
  endfacet
  facet normal 0 0 1
    outer loop
      vertex 46.0566 27.1679 5
      vertex 44.5 28.5 5
      vertex 45.816 26.6566 5
    endloop
  endfacet
  facet normal 0 0 1
    outer loop
      vertex 45.816 26.6566 5
      vertex 44.5 28.5 5
      vertex 45.6414 26.1191 5
    endloop
  endfacet
  facet normal 0 0 1
    outer loop
      vertex 44.5 18.5 5
      vertex 45.5 25 5
      vertex 44.5 28.5 5
    endloop
  endfacet
  facet normal 0 0 1
    outer loop
      vertex 45.5355 25.564 5
      vertex 44.5 28.5 5
      vertex 45.5 25 5
    endloop
  endfacet
  facet normal 0 0 1
    outer loop
      vertex 45.6414 26.1191 5
      vertex 44.5 28.5 5
      vertex 45.5355 25.564 5
    endloop
  endfacet
  facet normal 0 0 1
    outer loop
      vertex 46.3594 27.645 5
      vertex 44.5 28.5 5
      vertex 46.0566 27.1679 5
    endloop
  endfacet
  facet normal -0 -0 1
    outer loop
      vertex 44.4882 28.688 5
      vertex 46.7196 28.0805 5
      vertex 44.4529 28.873 5
    endloop
  endfacet
  facet normal -0 -0 1
    outer loop
      vertex 44.4529 28.873 5
      vertex 47.1316 28.4673 5
      vertex 44.3947 29.0522 5
    endloop
  endfacet
  facet normal 0 0 1
    outer loop
      vertex 41.0874 38.7995 5
      vertex 50 45.5 5
      vertex 41.1 39 5
    endloop
  endfacet
  facet normal -0 -0 1
    outer loop
      vertex 44.3947 29.0522 5
      vertex 47.1316 28.4673 5
      vertex 44.3145 29.2226 5
    endloop
  endfacet
  facet normal 0 0 1
    outer loop
      vertex 49.1568 29.4203 5
      vertex 40.9876 38.411 5
      vertex 48.6094 29.2798 5
    endloop
  endfacet
  facet normal -0 -0 1
    outer loop
      vertex 44.3145 29.2226 5
      vertex 47.5888 28.7995 5
      vertex 44.2135 29.3817 5
    endloop
  endfacet
  facet normal -0 -0 1
    outer loop
      vertex 44.2135 29.3817 5
      vertex 47.5888 28.7995 5
      vertex 44.0935 29.5268 5
    endloop
  endfacet
  facet normal 0 0 1
    outer loop
      vertex 48.084 29.0717 5
      vertex 44.0935 29.5268 5
      vertex 47.5888 28.7995 5
    endloop
  endfacet
  facet normal -0 -0 1
    outer loop
      vertex 44.0935 29.5268 5
      vertex 48.084 29.0717 5
      vertex 43.9561 29.6558 5
    endloop
  endfacet
  facet normal 0 0 1
    outer loop
      vertex 43.8037 29.7665 5
      vertex 40.9876 38.411 5
      vertex 43.6387 29.8572 5
    endloop
  endfacet
  facet normal 0 0 1
    outer loop
      vertex 50 45.5 5
      vertex 41.0874 39.2005 5
      vertex 41.1 39 5
    endloop
  endfacet
  facet normal 0 0 1
    outer loop
      vertex 50 45.5 5
      vertex 41.0497 39.3979 5
      vertex 41.0874 39.2005 5
    endloop
  endfacet
  facet normal 0 0 1
    outer loop
      vertex 50 45.5 5
      vertex 40.9876 39.589 5
      vertex 41.0497 39.3979 5
    endloop
  endfacet
  facet normal 0 0 1
    outer loop
      vertex 50 45.5 5
      vertex 40.9021 39.7708 5
      vertex 40.9876 39.589 5
    endloop
  endfacet
  facet normal 0 0 1
    outer loop
      vertex 50 45.5 5
      vertex 40.7944 39.9405 5
      vertex 40.9021 39.7708 5
    endloop
  endfacet
  facet normal 0 0 1
    outer loop
      vertex 50 45.5 5
      vertex 40.6664 40.0953 5
      vertex 40.7944 39.9405 5
    endloop
  endfacet
  facet normal 0 0 1
    outer loop
      vertex 50 45.5 5
      vertex 40.5199 40.2328 5
      vertex 40.6664 40.0953 5
    endloop
  endfacet
  facet normal 0 0 1
    outer loop
      vertex 45.5 50 5
      vertex 40.3573 40.3509 5
      vertex 40.5199 40.2328 5
    endloop
  endfacet
  facet normal 0 0 1
    outer loop
      vertex 45.5 50 5
      vertex 40.1812 40.4477 5
      vertex 40.3573 40.3509 5
    endloop
  endfacet
  facet normal 0 0 1
    outer loop
      vertex 45.5 50 5
      vertex 39.9944 40.5217 5
      vertex 40.1812 40.4477 5
    endloop
  endfacet
  facet normal 0 0 1
    outer loop
      vertex 45.5 50 5
      vertex 39.7998 40.5717 5
      vertex 39.9944 40.5217 5
    endloop
  endfacet
  facet normal 0 0 1
    outer loop
      vertex 45.5 50 5
      vertex 39.6005 40.5968 5
      vertex 39.7998 40.5717 5
    endloop
  endfacet
  facet normal 0 0 1
    outer loop
      vertex 45.5 50 5
      vertex 39.3995 40.5968 5
      vertex 39.6005 40.5968 5
    endloop
  endfacet
  facet normal -0 0 1
    outer loop
      vertex 32.7135 43.8817 5
      vertex 39.3995 40.5968 5
      vertex 45.5 50 5
    endloop
  endfacet
  facet normal -0 -0 1
    outer loop
      vertex 32.8145 43.7226 5
      vertex 39.3995 40.5968 5
      vertex 32.7135 43.8817 5
    endloop
  endfacet
  facet normal -0 -0 1
    outer loop
      vertex 32.8947 43.5522 5
      vertex 39.2002 40.5717 5
      vertex 32.8145 43.7226 5
    endloop
  endfacet
  facet normal 0 0 1
    outer loop
      vertex 39.2002 40.5717 5
      vertex 32.8947 43.5522 5
      vertex 39.0056 40.5217 5
    endloop
  endfacet
  facet normal -0 -0 1
    outer loop
      vertex 32.9529 43.373 5
      vertex 39.0056 40.5217 5
      vertex 32.8947 43.5522 5
    endloop
  endfacet
  facet normal 0 0 1
    outer loop
      vertex 39.0056 40.5217 5
      vertex 32.9529 43.373 5
      vertex 38.8188 40.4477 5
    endloop
  endfacet
  facet normal -0 -0 1
    outer loop
      vertex 32.9882 43.188 5
      vertex 38.8188 40.4477 5
      vertex 32.9529 43.373 5
    endloop
  endfacet
  facet normal 0 0 1
    outer loop
      vertex 33 43 5
      vertex 37.9 39 5
      vertex 37.9126 39.2005 5
    endloop
  endfacet
  facet normal 0 0 1
    outer loop
      vertex 33 43 5
      vertex 37.9126 39.2005 5
      vertex 37.9503 39.3979 5
    endloop
  endfacet
  facet normal 0 0 1
    outer loop
      vertex 32.9882 34.812 5
      vertex 37.9 39 5
      vertex 33 35 5
    endloop
  endfacet
  facet normal 0 0 1
    outer loop
      vertex 33 43 5
      vertex 37.9503 39.3979 5
      vertex 38.0124 39.589 5
    endloop
  endfacet
  facet normal 0 0 1
    outer loop
      vertex 32.9529 34.627 5
      vertex 38.8188 37.5523 5
      vertex 32.9882 34.812 5
    endloop
  endfacet
  facet normal 0 0 1
    outer loop
      vertex 34.9058 29.997 5
      vertex 33 31 5
      vertex 34.7189 29.9734 5
    endloop
  endfacet
  facet normal 0 0 1
    outer loop
      vertex 34.7189 29.9734 5
      vertex 33 31 5
      vertex 34.5365 29.9266 5
    endloop
  endfacet
  facet normal 0 0 1
    outer loop
      vertex 34.5365 29.9266 5
      vertex 33 31 5
      vertex 34.3613 29.8572 5
    endloop
  endfacet
  facet normal 0 0 1
    outer loop
      vertex 34.3613 29.8572 5
      vertex 33 31 5
      vertex 34.1963 29.7665 5
    endloop
  endfacet
  facet normal 0 0 1
    outer loop
      vertex 34.1963 29.7665 5
      vertex 33 31 5
      vertex 34.0439 29.6558 5
    endloop
  endfacet
  facet normal 0 0 1
    outer loop
      vertex 34.0439 29.6558 5
      vertex 33 31 5
      vertex 33.9065 29.5268 5
    endloop
  endfacet
  facet normal 0 0 1
    outer loop
      vertex 33.7865 29.3817 5
      vertex 33 31 5
      vertex 33.6855 29.2226 5
    endloop
  endfacet
  facet normal 0 0 1
    outer loop
      vertex 33.5471 28.873 5
      vertex 33 31 5
      vertex 33.5118 28.688 5
    endloop
  endfacet
  facet normal 0 0 1
    outer loop
      vertex 33.6053 29.0522 5
      vertex 33 31 5
      vertex 33.5471 28.873 5
    endloop
  endfacet
  facet normal 0 0 1
    outer loop
      vertex 33.6855 29.2226 5
      vertex 33 31 5
      vertex 33.6053 29.0522 5
    endloop
  endfacet
  facet normal 0 0 1
    outer loop
      vertex 33.9065 29.5268 5
      vertex 33 31 5
      vertex 33.7865 29.3817 5
    endloop
  endfacet
  facet normal 0 0 1
    outer loop
      vertex 37.9 39 5
      vertex 33 43 5
      vertex 33 35 5
    endloop
  endfacet
  facet normal 0 0 1
    outer loop
      vertex 38.0979 39.7708 5
      vertex 33 43 5
      vertex 38.0124 39.589 5
    endloop
  endfacet
  facet normal 0 0 1
    outer loop
      vertex 38.2056 39.9405 5
      vertex 33 43 5
      vertex 38.0979 39.7708 5
    endloop
  endfacet
  facet normal 0 0 1
    outer loop
      vertex 38.8188 40.4477 5
      vertex 32.9882 43.188 5
      vertex 38.6427 40.3509 5
    endloop
  endfacet
  facet normal 0 0 1
    outer loop
      vertex 38.3336 40.0953 5
      vertex 33 43 5
      vertex 38.2056 39.9405 5
    endloop
  endfacet
  facet normal 0 0 1
    outer loop
      vertex 38.4801 40.2328 5
      vertex 33 43 5
      vertex 38.3336 40.0953 5
    endloop
  endfacet
  facet normal 0 0 1
    outer loop
      vertex 38.6427 40.3509 5
      vertex 33 43 5
      vertex 38.4801 40.2328 5
    endloop
  endfacet
  facet normal -0 -0 1
    outer loop
      vertex 33 43 5
      vertex 38.6427 40.3509 5
      vertex 32.9882 43.188 5
    endloop
  endfacet
  facet normal 0 0 1
    outer loop
      vertex 39.3995 40.5968 5
      vertex 32.8145 43.7226 5
      vertex 39.2002 40.5717 5
    endloop
  endfacet
  facet normal 0 0 1
    outer loop
      vertex 45.5 50 5
      vertex 32.5935 44.0268 5
      vertex 32.7135 43.8817 5
    endloop
  endfacet
  facet normal 0 0 1
    outer loop
      vertex 45.5 50 5
      vertex 32.4561 44.1558 5
      vertex 32.5935 44.0268 5
    endloop
  endfacet
  facet normal -0 0 1
    outer loop
      vertex 29.5 50 5
      vertex 32.4561 44.1558 5
      vertex 45.5 50 5
    endloop
  endfacet
  facet normal 0 0 1
    outer loop
      vertex 32.4561 44.1558 5
      vertex 29.5 50 5
      vertex 32.3037 44.2665 5
    endloop
  endfacet
  facet normal -0 0 1
    outer loop
      vertex 29.4645 49.436 5
      vertex 32.3037 44.2665 5
      vertex 29.5 50 5
    endloop
  endfacet
  facet normal 0 0 1
    outer loop
      vertex 32.3037 44.2665 5
      vertex 29.4645 49.436 5
      vertex 32.1387 44.3572 5
    endloop
  endfacet
  facet normal 0 0 1
    outer loop
      vertex 32.1387 44.3572 5
      vertex 29.4645 49.436 5
      vertex 31.9635 44.4266 5
    endloop
  endfacet
  facet normal -0 0 1
    outer loop
      vertex 29.3586 48.8809 5
      vertex 31.9635 44.4266 5
      vertex 29.4645 49.436 5
    endloop
  endfacet
  facet normal 0 0 1
    outer loop
      vertex 31.9635 44.4266 5
      vertex 29.3586 48.8809 5
      vertex 31.7811 44.4734 5
    endloop
  endfacet
  facet normal -0 0 1
    outer loop
      vertex 29.184 48.3434 5
      vertex 31.7811 44.4734 5
      vertex 29.3586 48.8809 5
    endloop
  endfacet
  facet normal 0 0 1
    outer loop
      vertex 31.7811 44.4734 5
      vertex 29.184 48.3434 5
      vertex 31.5942 44.497 5
    endloop
  endfacet
  facet normal -0 0 1
    outer loop
      vertex 28.9434 47.8321 5
      vertex 31.5942 44.497 5
      vertex 29.184 48.3434 5
    endloop
  endfacet
  facet normal -0 0 1
    outer loop
      vertex 28.6406 47.355 5
      vertex 31.5942 44.497 5
      vertex 28.9434 47.8321 5
    endloop
  endfacet
  facet normal -0 0 1
    outer loop
      vertex 28.2804 46.9195 5
      vertex 31.5942 44.497 5
      vertex 28.6406 47.355 5
    endloop
  endfacet
  facet normal -0 0 1
    outer loop
      vertex 27.8684 46.5327 5
      vertex 31.5942 44.497 5
      vertex 28.2804 46.9195 5
    endloop
  endfacet
  facet normal -0 0 1
    outer loop
      vertex 27.4112 46.2005 5
      vertex 31.5942 44.497 5
      vertex 27.8684 46.5327 5
    endloop
  endfacet
  facet normal -0 0 1
    outer loop
      vertex 26.916 45.9283 5
      vertex 31.5942 44.497 5
      vertex 27.4112 46.2005 5
    endloop
  endfacet
  facet normal -0 0 1
    outer loop
      vertex 26.3906 45.7202 5
      vertex 31.5942 44.497 5
      vertex 26.916 45.9283 5
    endloop
  endfacet
  facet normal -0 0 1
    outer loop
      vertex 25.8432 45.5797 5
      vertex 31.5942 44.497 5
      vertex 26.3906 45.7202 5
    endloop
  endfacet
  facet normal -0 0 1
    outer loop
      vertex 25.2826 45.5089 5
      vertex 31.5942 44.497 5
      vertex 25.8432 45.5797 5
    endloop
  endfacet
  facet normal 0 0 1
    outer loop
      vertex 21.4058 44.497 5
      vertex 25.2826 45.5089 5
      vertex 24.7174 45.5089 5
    endloop
  endfacet
  facet normal 0 0 1
    outer loop
      vertex 21.4058 44.497 5
      vertex 24.7174 45.5089 5
      vertex 24.1568 45.5797 5
    endloop
  endfacet
  facet normal 0 0 1
    outer loop
      vertex 25.2826 45.5089 5
      vertex 21.4058 44.497 5
      vertex 31.5942 44.497 5
    endloop
  endfacet
  facet normal 0 0 1
    outer loop
      vertex 23.6094 45.7202 5
      vertex 21.4058 44.497 5
      vertex 24.1568 45.5797 5
    endloop
  endfacet
  facet normal 0 0 1
    outer loop
      vertex 23.084 45.9283 5
      vertex 21.4058 44.497 5
      vertex 23.6094 45.7202 5
    endloop
  endfacet
  facet normal 0 0 1
    outer loop
      vertex 22.5888 46.2005 5
      vertex 21.4058 44.497 5
      vertex 23.084 45.9283 5
    endloop
  endfacet
  facet normal 0 0 1
    outer loop
      vertex 22.1316 46.5327 5
      vertex 21.4058 44.497 5
      vertex 22.5888 46.2005 5
    endloop
  endfacet
  facet normal 0 0 1
    outer loop
      vertex 21.2189 44.4734 5
      vertex 22.1316 46.5327 5
      vertex 21.7196 46.9195 5
    endloop
  endfacet
  facet normal 0 0 1
    outer loop
      vertex 20.8613 44.3572 5
      vertex 21.7196 46.9195 5
      vertex 21.3594 47.355 5
    endloop
  endfacet
  facet normal 0 0 1
    outer loop
      vertex 22.1316 46.5327 5
      vertex 21.2189 44.4734 5
      vertex 21.4058 44.497 5
    endloop
  endfacet
  facet normal 0 0 1
    outer loop
      vertex 20.5439 44.1558 5
      vertex 21.3594 47.355 5
      vertex 21.0566 47.8321 5
    endloop
  endfacet
  facet normal 0 0 1
    outer loop
      vertex 21.7196 46.9195 5
      vertex 21.0365 44.4266 5
      vertex 21.2189 44.4734 5
    endloop
  endfacet
  facet normal 0 0 1
    outer loop
      vertex 21.7196 46.9195 5
      vertex 20.8613 44.3572 5
      vertex 21.0365 44.4266 5
    endloop
  endfacet
  facet normal 0 0 1
    outer loop
      vertex 20.4065 44.0268 5
      vertex 21.0566 47.8321 5
      vertex 20.816 48.3434 5
    endloop
  endfacet
  facet normal 0 0 1
    outer loop
      vertex 21.3594 47.355 5
      vertex 20.6963 44.2665 5
      vertex 20.8613 44.3572 5
    endloop
  endfacet
  facet normal 0 0 1
    outer loop
      vertex 20.1855 43.7226 5
      vertex 20.816 48.3434 5
      vertex 20.6414 48.8809 5
    endloop
  endfacet
  facet normal 0 0 1
    outer loop
      vertex 21.3594 47.355 5
      vertex 20.5439 44.1558 5
      vertex 20.6963 44.2665 5
    endloop
  endfacet
  facet normal 0 0 1
    outer loop
      vertex 11.4944 41.0217 5
      vertex 20.6414 48.8809 5
      vertex 20.5355 49.436 5
    endloop
  endfacet
  facet normal -0 0 1
    outer loop
      vertex 4.5 50 5
      vertex 20.5355 49.436 5
      vertex 20.5 50 5
    endloop
  endfacet
  facet normal 0 0 1
    outer loop
      vertex 21.0566 47.8321 5
      vertex 20.4065 44.0268 5
      vertex 20.5439 44.1558 5
    endloop
  endfacet
  facet normal 0 0 1
    outer loop
      vertex 20.816 48.3434 5
      vertex 20.2865 43.8817 5
      vertex 20.4065 44.0268 5
    endloop
  endfacet
  facet normal 0 0 1
    outer loop
      vertex 20.816 48.3434 5
      vertex 20.1855 43.7226 5
      vertex 20.2865 43.8817 5
    endloop
  endfacet
  facet normal 0 0 1
    outer loop
      vertex 20.6414 48.8809 5
      vertex 11.6812 40.9477 5
      vertex 20.1855 43.7226 5
    endloop
  endfacet
  facet normal 0 0 1
    outer loop
      vertex 20.1855 43.7226 5
      vertex 11.6812 40.9477 5
      vertex 20.1053 43.5522 5
    endloop
  endfacet
  facet normal 0 -0 1
    outer loop
      vertex 11.8573 40.8509 5
      vertex 20.1053 43.5522 5
      vertex 11.6812 40.9477 5
    endloop
  endfacet
  facet normal 0 0 1
    outer loop
      vertex 12.5874 39.2995 5
      vertex 20 43 5
      vertex 12.6 39.5 5
    endloop
  endfacet
  facet normal 0 0 1
    outer loop
      vertex 12.1663 40.5953 5
      vertex 20 43 5
      vertex 20.0118 43.188 5
    endloop
  endfacet
  facet normal 0 0 1
    outer loop
      vertex 20.1053 43.5522 5
      vertex 11.8573 40.8509 5
      vertex 20.0471 43.373 5
    endloop
  endfacet
  facet normal 0 0 1
    outer loop
      vertex 20 43 5
      vertex 12.5874 39.7005 5
      vertex 12.6 39.5 5
    endloop
  endfacet
  facet normal 0 0 1
    outer loop
      vertex 20 43 5
      vertex 12.5874 39.2995 5
      vertex 20 35 5
    endloop
  endfacet
  facet normal 0 0 1
    outer loop
      vertex 20.0118 34.812 5
      vertex 18.6252 32.9646 5
      vertex 18.8744 32.9961 5
    endloop
  endfacet
  facet normal 0 0 1
    outer loop
      vertex 20 35 5
      vertex 18.382 32.9021 5
      vertex 18.6252 32.9646 5
    endloop
  endfacet
  facet normal 0 -0 1
    outer loop
      vertex 15.6387 32.8572 5
      vertex 20 35 5
      vertex 15.4635 32.9266 5
    endloop
  endfacet
  facet normal 0 -0 1
    outer loop
      vertex 18.1484 32.8097 5
      vertex 20 35 5
      vertex 15.6387 32.8572 5
    endloop
  endfacet
  facet normal 0 0 1
    outer loop
      vertex 20 35 5
      vertex 18.1484 32.8097 5
      vertex 18.382 32.9021 5
    endloop
  endfacet
  facet normal 0 0 1
    outer loop
      vertex 18.1484 32.8097 5
      vertex 15.8037 32.7665 5
      vertex 17.9283 32.6887 5
    endloop
  endfacet
  facet normal 0 -0 1
    outer loop
      vertex 15.9561 32.6558 5
      vertex 17.9283 32.6887 5
      vertex 15.8037 32.7665 5
    endloop
  endfacet
  facet normal 0 0 1
    outer loop
      vertex 17.5421 32.3691 5
      vertex 16.2135 32.3817 5
      vertex 17.382 32.1756 5
    endloop
  endfacet
  facet normal 0 -0 1
    outer loop
      vertex 16.3947 32.0522 5
      vertex 17.382 32.1756 5
      vertex 16.3145 32.2226 5
    endloop
  endfacet
  facet normal -0 0 1
    outer loop
      vertex 16.5 21.5 5
      vertex 17 19 5
      vertex 17 31 5
    endloop
  endfacet
  facet normal -0 0 1
    outer loop
      vertex 16.4882 21.312 5
      vertex 17 19 5
      vertex 16.5 21.5 5
    endloop
  endfacet
  facet normal 0 0 1
    outer loop
      vertex 16.5 21.5 5
      vertex 17 31 5
      vertex 16.5 31.5 5
    endloop
  endfacet
  facet normal 0 0 1
    outer loop
      vertex 17.0158 31.2507 5
      vertex 16.5 31.5 5
      vertex 17 31 5
    endloop
  endfacet
  facet normal 0 0 1
    outer loop
      vertex 17.2474 31.9635 5
      vertex 16.4529 31.873 5
      vertex 17.1404 31.7362 5
    endloop
  endfacet
  facet normal 0 0 1
    outer loop
      vertex 17.0628 31.4974 5
      vertex 16.5 31.5 5
      vertex 17.0158 31.2507 5
    endloop
  endfacet
  facet normal -0 -0 1
    outer loop
      vertex 16.5 31.5 5
      vertex 17.0628 31.4974 5
      vertex 16.4882 31.688 5
    endloop
  endfacet
  facet normal 0 0 1
    outer loop
      vertex 17.1404 31.7362 5
      vertex 16.4882 31.688 5
      vertex 17.0628 31.4974 5
    endloop
  endfacet
  facet normal 0 -0 1
    outer loop
      vertex 16.4882 31.688 5
      vertex 17.1404 31.7362 5
      vertex 16.4529 31.873 5
    endloop
  endfacet
  facet normal 0 -0 1
    outer loop
      vertex 16.4529 31.873 5
      vertex 17.2474 31.9635 5
      vertex 16.3947 32.0522 5
    endloop
  endfacet
  facet normal 0 0 1
    outer loop
      vertex 17.382 32.1756 5
      vertex 16.3947 32.0522 5
      vertex 17.2474 31.9635 5
    endloop
  endfacet
  facet normal -0 -0 1
    outer loop
      vertex 16.3145 32.2226 5
      vertex 17.382 32.1756 5
      vertex 16.2135 32.3817 5
    endloop
  endfacet
  facet normal 0 0 1
    outer loop
      vertex 17.7252 32.541 5
      vertex 16.0935 32.5268 5
      vertex 17.5421 32.3691 5
    endloop
  endfacet
  facet normal -0 -0 1
    outer loop
      vertex 16.2135 32.3817 5
      vertex 17.5421 32.3691 5
      vertex 16.0935 32.5268 5
    endloop
  endfacet
  facet normal 0 0 1
    outer loop
      vertex 17.9283 32.6887 5
      vertex 15.9561 32.6558 5
      vertex 17.7252 32.541 5
    endloop
  endfacet
  facet normal 0 -0 1
    outer loop
      vertex 15.8037 32.7665 5
      vertex 18.1484 32.8097 5
      vertex 15.6387 32.8572 5
    endloop
  endfacet
  facet normal 0 0 1
    outer loop
      vertex 20 35 5
      vertex 15.2811 32.9734 5
      vertex 15.4635 32.9266 5
    endloop
  endfacet
  facet normal -0 0 1
    outer loop
      vertex 12.5497 39.1021 5
      vertex 20 35 5
      vertex 12.5874 39.2995 5
    endloop
  endfacet
  facet normal 0 -0 1
    outer loop
      vertex 16.0935 32.5268 5
      vertex 17.7252 32.541 5
      vertex 15.9561 32.6558 5
    endloop
  endfacet
  facet normal 0 0 1
    outer loop
      vertex 20 43 5
      vertex 12.5497 39.8979 5
      vertex 12.5874 39.7005 5
    endloop
  endfacet
  facet normal 0 0 1
    outer loop
      vertex 20 43 5
      vertex 12.4876 40.089 5
      vertex 12.5497 39.8979 5
    endloop
  endfacet
  facet normal 0 0 1
    outer loop
      vertex 20 43 5
      vertex 12.4021 40.2708 5
      vertex 12.4876 40.089 5
    endloop
  endfacet
  facet normal 0 0 1
    outer loop
      vertex 20 43 5
      vertex 12.2944 40.4405 5
      vertex 12.4021 40.2708 5
    endloop
  endfacet
  facet normal 0 0 1
    outer loop
      vertex 20 43 5
      vertex 12.1663 40.5953 5
      vertex 12.2944 40.4405 5
    endloop
  endfacet
  facet normal 0 0 1
    outer loop
      vertex 20.0118 43.188 5
      vertex 12.0199 40.7328 5
      vertex 12.1663 40.5953 5
    endloop
  endfacet
  facet normal 0 0 1
    outer loop
      vertex 20.0471 43.373 5
      vertex 12.0199 40.7328 5
      vertex 20.0118 43.188 5
    endloop
  endfacet
  facet normal 0 -0 1
    outer loop
      vertex 12.0199 40.7328 5
      vertex 20.0471 43.373 5
      vertex 11.8573 40.8509 5
    endloop
  endfacet
  facet normal 0 0 1
    outer loop
      vertex 20.6414 48.8809 5
      vertex 11.4944 41.0217 5
      vertex 11.6812 40.9477 5
    endloop
  endfacet
  facet normal 0 0 1
    outer loop
      vertex 20.5355 49.436 5
      vertex 11.2998 41.0717 5
      vertex 11.4944 41.0217 5
    endloop
  endfacet
  facet normal 0 0 1
    outer loop
      vertex 20.5355 49.436 5
      vertex 4.5 50 5
      vertex 11.2998 41.0717 5
    endloop
  endfacet
  facet normal 0 0 1
    outer loop
      vertex 11.2998 41.0717 5
      vertex 4.5 50 5
      vertex 11.1005 41.0968 5
    endloop
  endfacet
  facet normal 0 0 1
    outer loop
      vertex 11.1005 41.0968 5
      vertex 4.5 50 5
      vertex 10.8995 41.0968 5
    endloop
  endfacet
  facet normal 0 0 1
    outer loop
      vertex 10.8995 41.0968 5
      vertex 4.5 50 5
      vertex 10.7002 41.0717 5
    endloop
  endfacet
  facet normal 0 0 1
    outer loop
      vertex 10.7002 41.0717 5
      vertex 4.5 50 5
      vertex 10.5056 41.0217 5
    endloop
  endfacet
  facet normal 0 0 1
    outer loop
      vertex 10.5056 41.0217 5
      vertex 4.5 50 5
      vertex 10.3188 40.9477 5
    endloop
  endfacet
  facet normal 0 0 1
    outer loop
      vertex 10.3188 40.9477 5
      vertex 4.5 50 5
      vertex 10.1427 40.8509 5
    endloop
  endfacet
  facet normal 0 0 1
    outer loop
      vertex 0 45.5 5
      vertex 9.4 39.5 5
      vertex 9.41262 39.7005 5
    endloop
  endfacet
  facet normal 0 0 1
    outer loop
      vertex 9.51236 40.089 5
      vertex 0 45.5 5
      vertex 9.45027 39.8979 5
    endloop
  endfacet
  facet normal 0 0 1
    outer loop
      vertex 9.59791 40.2708 5
      vertex 0 45.5 5
      vertex 9.51236 40.089 5
    endloop
  endfacet
  facet normal 0 0 1
    outer loop
      vertex 9.59791 38.7292 5
      vertex 6.71893 32.9734 5
      vertex 6.90581 32.997 5
    endloop
  endfacet
  facet normal 0 0 1
    outer loop
      vertex 9.51236 38.911 5
      vertex 6.53647 32.9266 5
      vertex 6.71893 32.9734 5
    endloop
  endfacet
  facet normal 0 0 1
    outer loop
      vertex 9.45027 39.1021 5
      vertex 6.36133 32.8572 5
      vertex 6.53647 32.9266 5
    endloop
  endfacet
  facet normal 0 0 1
    outer loop
      vertex 9.41262 39.2995 5
      vertex 6.19626 32.7665 5
      vertex 6.36133 32.8572 5
    endloop
  endfacet
  facet normal 0 0 1
    outer loop
      vertex 9.41262 39.2995 5
      vertex 0 45.5 5
      vertex 6.19626 32.7665 5
    endloop
  endfacet
  facet normal 0 0 1
    outer loop
      vertex 6.19626 32.7665 5
      vertex 0 45.5 5
      vertex 6.04386 32.6558 5
    endloop
  endfacet
  facet normal 0 0 1
    outer loop
      vertex 9.70557 40.4405 5
      vertex 0 45.5 5
      vertex 9.59791 40.2708 5
    endloop
  endfacet
  facet normal 0 0 1
    outer loop
      vertex 9.45027 39.8979 5
      vertex 0 45.5 5
      vertex 9.41262 39.7005 5
    endloop
  endfacet
  facet normal 0 0 1
    outer loop
      vertex 6.04386 32.6558 5
      vertex 0 45.5 5
      vertex 5.90655 32.5268 5
    endloop
  endfacet
  facet normal 0 0 1
    outer loop
      vertex 4.46452 25.564 5
      vertex 5.5 31.5 5
      vertex 5.51183 31.688 5
    endloop
  endfacet
  facet normal 0 -0 1
    outer loop
      vertex 0.843215 29.4203 5
      vertex 5.68554 32.2226 5
      vertex 0.282557 29.4911 5
    endloop
  endfacet
  facet normal 0 0 1
    outer loop
      vertex 5.78647 32.3817 5
      vertex 0.282557 29.4911 5
      vertex 5.68554 32.2226 5
    endloop
  endfacet
  facet normal 0 -0 1
    outer loop
      vertex 0.282557 29.4911 5
      vertex 5.78647 32.3817 5
      vertex 0 29.4911 5
    endloop
  endfacet
  facet normal 0 0 1
    outer loop
      vertex 0 29.4911 5
      vertex 5.78647 32.3817 5
      vertex 0 45.5 5
    endloop
  endfacet
  facet normal 0 0 1
    outer loop
      vertex 5.90655 32.5268 5
      vertex 0 45.5 5
      vertex 5.78647 32.3817 5
    endloop
  endfacet
  facet normal 0 0 1
    outer loop
      vertex 9.83365 40.5953 5
      vertex 0 45.5 5
      vertex 9.70557 40.4405 5
    endloop
  endfacet
  facet normal -0 0 1
    outer loop
      vertex 0 45.5 5
      vertex 9.83365 40.5953 5
      vertex 4.5 50 5
    endloop
  endfacet
  facet normal 0 0 1
    outer loop
      vertex 9.98012 40.7328 5
      vertex 4.5 50 5
      vertex 9.83365 40.5953 5
    endloop
  endfacet
  facet normal 0 0 1
    outer loop
      vertex 10.1427 40.8509 5
      vertex 4.5 50 5
      vertex 9.98012 40.7328 5
    endloop
  endfacet
  facet normal -0 0 1
    outer loop
      vertex 49.7174 20.5089 5
      vertex 50 4.5 5
      vertex 50 20.5089 5
    endloop
  endfacet
  facet normal 0 0 1
    outer loop
      vertex 49.1568 20.5797 5
      vertex 50 4.5 5
      vertex 49.7174 20.5089 5
    endloop
  endfacet
  facet normal 0 0 1
    outer loop
      vertex 48.6094 20.7202 5
      vertex 50 4.5 5
      vertex 49.1568 20.5797 5
    endloop
  endfacet
  facet normal 0 0 1
    outer loop
      vertex 48.084 20.9283 5
      vertex 50 4.5 5
      vertex 48.6094 20.7202 5
    endloop
  endfacet
  facet normal 0 0 1
    outer loop
      vertex 47.5888 21.2005 5
      vertex 50 4.5 5
      vertex 48.084 20.9283 5
    endloop
  endfacet
  facet normal 0 0 1
    outer loop
      vertex 47.1316 21.5327 5
      vertex 50 4.5 5
      vertex 47.5888 21.2005 5
    endloop
  endfacet
  facet normal 0 0 1
    outer loop
      vertex 45.5 0 5
      vertex 47.1316 21.5327 5
      vertex 46.7196 21.9195 5
    endloop
  endfacet
  facet normal 0 0 1
    outer loop
      vertex 45.5 0 5
      vertex 46.7196 21.9195 5
      vertex 46.3594 22.355 5
    endloop
  endfacet
  facet normal 0 0 1
    outer loop
      vertex 45.5 0 5
      vertex 46.3594 22.355 5
      vertex 46.0566 22.8321 5
    endloop
  endfacet
  facet normal 0 0 1
    outer loop
      vertex 45.5 0 5
      vertex 46.0566 22.8321 5
      vertex 45.816 23.3434 5
    endloop
  endfacet
  facet normal 0 0 1
    outer loop
      vertex 45.5 0 5
      vertex 45.816 23.3434 5
      vertex 45.6414 23.8809 5
    endloop
  endfacet
  facet normal 0 0 1
    outer loop
      vertex 47.1316 21.5327 5
      vertex 45.5 0 5
      vertex 50 4.5 5
    endloop
  endfacet
  facet normal 0 0 1
    outer loop
      vertex 45.5355 24.436 5
      vertex 45.5 0 5
      vertex 45.6414 23.8809 5
    endloop
  endfacet
  facet normal 0 0 1
    outer loop
      vertex 45.5 0 5
      vertex 45.5355 24.436 5
      vertex 45.5 25 5
    endloop
  endfacet
  facet normal 0 0 1
    outer loop
      vertex 44.4882 18.312 5
      vertex 45.5 25 5
      vertex 44.5 18.5 5
    endloop
  endfacet
  facet normal 0 0 1
    outer loop
      vertex 45.5 25 5
      vertex 44.4882 18.312 5
      vertex 45.5 0 5
    endloop
  endfacet
  facet normal -0 0 1
    outer loop
      vertex 44.4529 18.127 5
      vertex 45.5 0 5
      vertex 44.4882 18.312 5
    endloop
  endfacet
  facet normal -0 0 1
    outer loop
      vertex 44.3947 17.9478 5
      vertex 45.5 0 5
      vertex 44.4529 18.127 5
    endloop
  endfacet
  facet normal -0 0 1
    outer loop
      vertex 44.3145 17.7774 5
      vertex 45.5 0 5
      vertex 44.3947 17.9478 5
    endloop
  endfacet
  facet normal -0 0 1
    outer loop
      vertex 44.2135 17.6183 5
      vertex 45.5 0 5
      vertex 44.3145 17.7774 5
    endloop
  endfacet
  facet normal -0 0 1
    outer loop
      vertex 44.0935 17.4732 5
      vertex 45.5 0 5
      vertex 44.2135 17.6183 5
    endloop
  endfacet
  facet normal -0 0 1
    outer loop
      vertex 43.9561 17.3442 5
      vertex 45.5 0 5
      vertex 44.0935 17.4732 5
    endloop
  endfacet
  facet normal 0 0 1
    outer loop
      vertex 40.6 10.5 5
      vertex 43.9561 17.3442 5
      vertex 43.8037 17.2335 5
    endloop
  endfacet
  facet normal 0 0 1
    outer loop
      vertex 40.5874 10.7005 5
      vertex 43.8037 17.2335 5
      vertex 43.6387 17.1428 5
    endloop
  endfacet
  facet normal 0 0 1
    outer loop
      vertex 40.5874 10.7005 5
      vertex 43.6387 17.1428 5
      vertex 43.4635 17.0734 5
    endloop
  endfacet
  facet normal 0 0 1
    outer loop
      vertex 40.5874 10.7005 5
      vertex 43.4635 17.0734 5
      vertex 43.2811 17.0266 5
    endloop
  endfacet
  facet normal 0 0 1
    outer loop
      vertex 40.4021 11.2708 5
      vertex 43.2811 17.0266 5
      vertex 43.0942 17.003 5
    endloop
  endfacet
  facet normal 0 0 1
    outer loop
      vertex 43.9561 17.3442 5
      vertex 40.6 10.5 5
      vertex 40.5874 10.2995 5
    endloop
  endfacet
  facet normal 0 0 1
    outer loop
      vertex 43.9561 17.3442 5
      vertex 40.5874 10.2995 5
      vertex 45.5 0 5
    endloop
  endfacet
  facet normal -0 0 1
    outer loop
      vertex 40.5497 10.1021 5
      vertex 45.5 0 5
      vertex 40.5874 10.2995 5
    endloop
  endfacet
  facet normal -0 0 1
    outer loop
      vertex 40.4876 9.911 5
      vertex 45.5 0 5
      vertex 40.5497 10.1021 5
    endloop
  endfacet
  facet normal -0 0 1
    outer loop
      vertex 40.4021 9.72919 5
      vertex 45.5 0 5
      vertex 40.4876 9.911 5
    endloop
  endfacet
  facet normal -0 0 1
    outer loop
      vertex 40.2944 9.55954 5
      vertex 45.5 0 5
      vertex 40.4021 9.72919 5
    endloop
  endfacet
  facet normal -0 0 1
    outer loop
      vertex 40.1664 9.40472 5
      vertex 45.5 0 5
      vertex 40.2944 9.55954 5
    endloop
  endfacet
  facet normal -0 0 1
    outer loop
      vertex 40.0199 9.26718 5
      vertex 45.5 0 5
      vertex 40.1664 9.40472 5
    endloop
  endfacet
  facet normal -0 0 1
    outer loop
      vertex 39.8573 9.14907 5
      vertex 45.5 0 5
      vertex 40.0199 9.26718 5
    endloop
  endfacet
  facet normal -0 0 1
    outer loop
      vertex 39.6812 9.05228 5
      vertex 45.5 0 5
      vertex 39.8573 9.14907 5
    endloop
  endfacet
  facet normal -0 0 1
    outer loop
      vertex 39.4944 8.97831 5
      vertex 45.5 0 5
      vertex 39.6812 9.05228 5
    endloop
  endfacet
  facet normal -0 0 1
    outer loop
      vertex 39.2998 8.92834 5
      vertex 45.5 0 5
      vertex 39.4944 8.97831 5
    endloop
  endfacet
  facet normal -0 0 1
    outer loop
      vertex 39.1005 8.90316 5
      vertex 45.5 0 5
      vertex 39.2998 8.92834 5
    endloop
  endfacet
  facet normal -0 0 1
    outer loop
      vertex 38.8995 8.90316 5
      vertex 45.5 0 5
      vertex 39.1005 8.90316 5
    endloop
  endfacet
  facet normal 0 0 1
    outer loop
      vertex 38.7002 8.92834 5
      vertex 45.5 0 5
      vertex 38.8995 8.90316 5
    endloop
  endfacet
  facet normal 0 0 1
    outer loop
      vertex 29.4645 0.563999 5
      vertex 38.7002 8.92834 5
      vertex 38.5056 8.97831 5
    endloop
  endfacet
  facet normal 0 0 1
    outer loop
      vertex 29.3586 1.1191 5
      vertex 38.5056 8.97831 5
      vertex 38.3188 9.05228 5
    endloop
  endfacet
  facet normal 0 0 1
    outer loop
      vertex 29.8145 6.27737 5
      vertex 38.3188 9.05228 5
      vertex 38.1427 9.14907 5
    endloop
  endfacet
  facet normal 0 0 1
    outer loop
      vertex 29.8947 6.44781 5
      vertex 38.1427 9.14907 5
      vertex 37.9801 9.26718 5
    endloop
  endfacet
  facet normal 0 0 1
    outer loop
      vertex 29.9529 6.62696 5
      vertex 37.9801 9.26718 5
      vertex 37.8336 9.40472 5
    endloop
  endfacet
  facet normal 0 0 1
    outer loop
      vertex 30 7 5
      vertex 37.8336 9.40472 5
      vertex 37.7056 9.55954 5
    endloop
  endfacet
  facet normal 0 0 1
    outer loop
      vertex 37.4503 10.8979 5
      vertex 30 15 5
      vertex 37.4126 10.7005 5
    endloop
  endfacet
  facet normal 0 0 1
    outer loop
      vertex 30 7 5
      vertex 37.4126 10.7005 5
      vertex 30 15 5
    endloop
  endfacet
  facet normal 0 0 1
    outer loop
      vertex 37.4126 10.7005 5
      vertex 30 7 5
      vertex 37.4 10.5 5
    endloop
  endfacet
  facet normal 0 0 1
    outer loop
      vertex 37.4 10.5 5
      vertex 30 7 5
      vertex 37.4126 10.2995 5
    endloop
  endfacet
  facet normal 0 0 1
    outer loop
      vertex 30 15 5
      vertex 34.7189 17.0266 5
      vertex 34.5365 17.0734 5
    endloop
  endfacet
  facet normal 0 0 1
    outer loop
      vertex 30 15 5
      vertex 34.5365 17.0734 5
      vertex 34.3613 17.1428 5
    endloop
  endfacet
  facet normal -0 0 1
    outer loop
      vertex 31.8516 17.1903 5
      vertex 34.3613 17.1428 5
      vertex 34.1963 17.2335 5
    endloop
  endfacet
  facet normal -0 0 1
    outer loop
      vertex 32.0717 17.3113 5
      vertex 34.1963 17.2335 5
      vertex 34.0439 17.3442 5
    endloop
  endfacet
  facet normal -0 0 1
    outer loop
      vertex 32.2748 17.459 5
      vertex 34.0439 17.3442 5
      vertex 33.9065 17.4732 5
    endloop
  endfacet
  facet normal 0 0 1
    outer loop
      vertex 37.4126 10.2995 5
      vertex 30 7 5
      vertex 37.4503 10.1021 5
    endloop
  endfacet
  facet normal 0 0 1
    outer loop
      vertex 32.4579 17.6309 5
      vertex 33.9065 17.4732 5
      vertex 33.7865 17.6183 5
    endloop
  endfacet
  facet normal 0 0 1
    outer loop
      vertex 32.618 17.8244 5
      vertex 33.7865 17.6183 5
      vertex 33.6855 17.7774 5
    endloop
  endfacet
  facet normal 0 0 1
    outer loop
      vertex 33.5118 28.688 5
      vertex 33 31 5
      vertex 33.5 28.5 5
    endloop
  endfacet
  facet normal 0 0 1
    outer loop
      vertex 33 19 5
      vertex 33.5 28.5 5
      vertex 33 31 5
    endloop
  endfacet
  facet normal 0 0 1
    outer loop
      vertex 33.5 28.5 5
      vertex 33 19 5
      vertex 33.5 18.5 5
    endloop
  endfacet
  facet normal -0 0 1
    outer loop
      vertex 32.9842 18.7493 5
      vertex 33.5 18.5 5
      vertex 33 19 5
    endloop
  endfacet
  facet normal -0 0 1
    outer loop
      vertex 32.9372 18.5026 5
      vertex 33.5 18.5 5
      vertex 32.9842 18.7493 5
    endloop
  endfacet
  facet normal 0 0 1
    outer loop
      vertex 33.5 18.5 5
      vertex 32.9372 18.5026 5
      vertex 33.5118 18.312 5
    endloop
  endfacet
  facet normal 0 0 1
    outer loop
      vertex 32.8596 18.2638 5
      vertex 33.5118 18.312 5
      vertex 32.9372 18.5026 5
    endloop
  endfacet
  facet normal 0 0 1
    outer loop
      vertex 33.5118 18.312 5
      vertex 32.8596 18.2638 5
      vertex 33.5471 18.127 5
    endloop
  endfacet
  facet normal 0 0 1
    outer loop
      vertex 32.7526 18.0365 5
      vertex 33.5471 18.127 5
      vertex 32.8596 18.2638 5
    endloop
  endfacet
  facet normal 0 0 1
    outer loop
      vertex 33.5471 18.127 5
      vertex 32.7526 18.0365 5
      vertex 33.6053 17.9478 5
    endloop
  endfacet
  facet normal 0 0 1
    outer loop
      vertex 32.618 17.8244 5
      vertex 33.6053 17.9478 5
      vertex 32.7526 18.0365 5
    endloop
  endfacet
  facet normal 0 0 1
    outer loop
      vertex 33.6053 17.9478 5
      vertex 32.618 17.8244 5
      vertex 33.6855 17.7774 5
    endloop
  endfacet
  facet normal 0 0 1
    outer loop
      vertex 33.7865 17.6183 5
      vertex 32.618 17.8244 5
      vertex 32.4579 17.6309 5
    endloop
  endfacet
  facet normal 0 0 1
    outer loop
      vertex 33.9065 17.4732 5
      vertex 32.4579 17.6309 5
      vertex 32.2748 17.459 5
    endloop
  endfacet
  facet normal 0 0 1
    outer loop
      vertex 34.0439 17.3442 5
      vertex 32.2748 17.459 5
      vertex 32.0717 17.3113 5
    endloop
  endfacet
  facet normal 0 0 1
    outer loop
      vertex 34.1963 17.2335 5
      vertex 32.0717 17.3113 5
      vertex 31.8516 17.1903 5
    endloop
  endfacet
  facet normal 0 0 1
    outer loop
      vertex 37.4503 10.1021 5
      vertex 30 7 5
      vertex 37.5124 9.911 5
    endloop
  endfacet
  facet normal 0 0 1
    outer loop
      vertex 34.3613 17.1428 5
      vertex 31.8516 17.1903 5
      vertex 30 15 5
    endloop
  endfacet
  facet normal 0 0 1
    outer loop
      vertex 30 15 5
      vertex 31.8516 17.1903 5
      vertex 31.618 17.0979 5
    endloop
  endfacet
  facet normal 0 0 1
    outer loop
      vertex 30 15 5
      vertex 31.618 17.0979 5
      vertex 31.3748 17.0354 5
    endloop
  endfacet
  facet normal 0 0 1
    outer loop
      vertex 37.5124 9.911 5
      vertex 30 7 5
      vertex 37.5979 9.72919 5
    endloop
  endfacet
  facet normal 0 0 1
    outer loop
      vertex 29.9882 15.188 5
      vertex 31.3748 17.0354 5
      vertex 31.1256 17.0039 5
    endloop
  endfacet
  facet normal 0 0 1
    outer loop
      vertex 37.5979 9.72919 5
      vertex 30 7 5
      vertex 37.7056 9.55954 5
    endloop
  endfacet
  facet normal 0 0 1
    outer loop
      vertex 37.8336 9.40472 5
      vertex 30 7 5
      vertex 29.9882 6.812 5
    endloop
  endfacet
  facet normal 0 0 1
    outer loop
      vertex 37.8336 9.40472 5
      vertex 29.9882 6.812 5
      vertex 29.9529 6.62696 5
    endloop
  endfacet
  facet normal 0 0 1
    outer loop
      vertex 37.9801 9.26718 5
      vertex 29.9529 6.62696 5
      vertex 29.8947 6.44781 5
    endloop
  endfacet
  facet normal 0 0 1
    outer loop
      vertex 38.1427 9.14907 5
      vertex 29.8947 6.44781 5
      vertex 29.8145 6.27737 5
    endloop
  endfacet
  facet normal 0 0 1
    outer loop
      vertex 38.3188 9.05228 5
      vertex 29.8145 6.27737 5
      vertex 29.3586 1.1191 5
    endloop
  endfacet
  facet normal 0 0 1
    outer loop
      vertex 29.184 1.65656 5
      vertex 29.8145 6.27737 5
      vertex 29.7135 6.11832 5
    endloop
  endfacet
  facet normal 0 0 1
    outer loop
      vertex 29.184 1.65656 5
      vertex 29.7135 6.11832 5
      vertex 29.5935 5.97318 5
    endloop
  endfacet
  facet normal 0 0 1
    outer loop
      vertex 38.5056 8.97831 5
      vertex 29.3586 1.1191 5
      vertex 29.4645 0.563999 5
    endloop
  endfacet
  facet normal 0 0 1
    outer loop
      vertex 45.5 0 5
      vertex 29.4645 0.563999 5
      vertex 29.5 0 5
    endloop
  endfacet
  facet normal 0 0 1
    outer loop
      vertex 28.9434 2.16789 5
      vertex 29.5935 5.97318 5
      vertex 29.4561 5.84423 5
    endloop
  endfacet
  facet normal 0 0 1
    outer loop
      vertex 38.7002 8.92834 5
      vertex 29.4645 0.563999 5
      vertex 45.5 0 5
    endloop
  endfacet
  facet normal 0 0 1
    outer loop
      vertex 28.6406 2.64503 5
      vertex 29.4561 5.84423 5
      vertex 29.3037 5.73351 5
    endloop
  endfacet
  facet normal 0 0 1
    outer loop
      vertex 29.8145 6.27737 5
      vertex 29.184 1.65656 5
      vertex 29.3586 1.1191 5
    endloop
  endfacet
  facet normal 0 0 1
    outer loop
      vertex 28.6406 2.64503 5
      vertex 29.3037 5.73351 5
      vertex 29.1387 5.64276 5
    endloop
  endfacet
  facet normal 0 0 1
    outer loop
      vertex 28.2804 3.08046 5
      vertex 29.1387 5.64276 5
      vertex 28.9635 5.57341 5
    endloop
  endfacet
  facet normal 0 0 1
    outer loop
      vertex 29.5935 5.97318 5
      vertex 28.9434 2.16789 5
      vertex 29.184 1.65656 5
    endloop
  endfacet
  facet normal 0 0 1
    outer loop
      vertex 28.2804 3.08046 5
      vertex 28.9635 5.57341 5
      vertex 28.7811 5.52657 5
    endloop
  endfacet
  facet normal 0 0 1
    outer loop
      vertex 29.4561 5.84423 5
      vertex 28.6406 2.64503 5
      vertex 28.9434 2.16789 5
    endloop
  endfacet
  facet normal 0 0 1
    outer loop
      vertex 27.8684 3.46731 5
      vertex 28.7811 5.52657 5
      vertex 28.5942 5.50296 5
    endloop
  endfacet
  facet normal 0 0 1
    outer loop
      vertex 29.1387 5.64276 5
      vertex 28.2804 3.08046 5
      vertex 28.6406 2.64503 5
    endloop
  endfacet
  facet normal 0 0 1
    outer loop
      vertex 28.7811 5.52657 5
      vertex 27.8684 3.46731 5
      vertex 28.2804 3.08046 5
    endloop
  endfacet
  facet normal 0 0 1
    outer loop
      vertex 28.5942 5.50296 5
      vertex 27.4112 3.79947 5
      vertex 27.8684 3.46731 5
    endloop
  endfacet
  facet normal 0 0 1
    outer loop
      vertex 28.5942 5.50296 5
      vertex 26.916 4.07172 5
      vertex 27.4112 3.79947 5
    endloop
  endfacet
  facet normal 0 0 1
    outer loop
      vertex 28.5942 5.50296 5
      vertex 26.3906 4.27975 5
      vertex 26.916 4.07172 5
    endloop
  endfacet
  facet normal 0 0 1
    outer loop
      vertex 28.5942 5.50296 5
      vertex 25.8432 4.42029 5
      vertex 26.3906 4.27975 5
    endloop
  endfacet
  facet normal 0 0 1
    outer loop
      vertex 28.5942 5.50296 5
      vertex 25.2826 4.49112 5
      vertex 25.8432 4.42029 5
    endloop
  endfacet
  facet normal 0 0 1
    outer loop
      vertex 28.5942 5.50296 5
      vertex 24.7174 4.49112 5
      vertex 25.2826 4.49112 5
    endloop
  endfacet
  facet normal -0 0 1
    outer loop
      vertex 18.4058 5.50296 5
      vertex 24.7174 4.49112 5
      vertex 28.5942 5.50296 5
    endloop
  endfacet
  facet normal 0 0 1
    outer loop
      vertex 24.7174 4.49112 5
      vertex 18.4058 5.50296 5
      vertex 24.1568 4.42029 5
    endloop
  endfacet
  facet normal 0 0 1
    outer loop
      vertex 18.4058 5.50296 5
      vertex 23.6094 4.27975 5
      vertex 24.1568 4.42029 5
    endloop
  endfacet
  facet normal 0 0 1
    outer loop
      vertex 18.4058 5.50296 5
      vertex 23.084 4.07172 5
      vertex 23.6094 4.27975 5
    endloop
  endfacet
  facet normal 0 0 1
    outer loop
      vertex 18.4058 5.50296 5
      vertex 22.5888 3.79947 5
      vertex 23.084 4.07172 5
    endloop
  endfacet
  facet normal 0 0 1
    outer loop
      vertex 18.4058 5.50296 5
      vertex 22.1316 3.46731 5
      vertex 22.5888 3.79947 5
    endloop
  endfacet
  facet normal 0 0 1
    outer loop
      vertex 18.4058 5.50296 5
      vertex 21.7196 3.08046 5
      vertex 22.1316 3.46731 5
    endloop
  endfacet
  facet normal 0 0 1
    outer loop
      vertex 18.4058 5.50296 5
      vertex 21.3594 2.64503 5
      vertex 21.7196 3.08046 5
    endloop
  endfacet
  facet normal 0 0 1
    outer loop
      vertex 18.4058 5.50296 5
      vertex 21.0566 2.16789 5
      vertex 21.3594 2.64503 5
    endloop
  endfacet
  facet normal 0 0 1
    outer loop
      vertex 18.4058 5.50296 5
      vertex 20.816 1.65656 5
      vertex 21.0566 2.16789 5
    endloop
  endfacet
  facet normal 0 0 1
    outer loop
      vertex 18.2189 5.52657 5
      vertex 20.816 1.65656 5
      vertex 18.4058 5.50296 5
    endloop
  endfacet
  facet normal 0 0 1
    outer loop
      vertex 20.816 1.65656 5
      vertex 18.2189 5.52657 5
      vertex 20.6414 1.1191 5
    endloop
  endfacet
  facet normal 0 0 1
    outer loop
      vertex 18.0365 5.57341 5
      vertex 20.6414 1.1191 5
      vertex 18.2189 5.52657 5
    endloop
  endfacet
  facet normal 0 0 1
    outer loop
      vertex 20.6414 1.1191 5
      vertex 18.0365 5.57341 5
      vertex 20.5355 0.563999 5
    endloop
  endfacet
  facet normal 0 0 1
    outer loop
      vertex 17.8613 5.64276 5
      vertex 20.5355 0.563999 5
      vertex 18.0365 5.57341 5
    endloop
  endfacet
  facet normal 0 0 1
    outer loop
      vertex 17.6963 5.73351 5
      vertex 20.5355 0.563999 5
      vertex 17.8613 5.64276 5
    endloop
  endfacet
  facet normal 0 0 1
    outer loop
      vertex 20.5355 0.563999 5
      vertex 17.6963 5.73351 5
      vertex 20.5 0 5
    endloop
  endfacet
  facet normal 0 0 1
    outer loop
      vertex 17.5439 5.84423 5
      vertex 20.5 0 5
      vertex 17.6963 5.73351 5
    endloop
  endfacet
  facet normal 0 0 1
    outer loop
      vertex 4.5 0 5
      vertex 17.5439 5.84423 5
      vertex 17.4065 5.97318 5
    endloop
  endfacet
  facet normal 0 0 1
    outer loop
      vertex 4.5 0 5
      vertex 17.4065 5.97318 5
      vertex 17.2865 6.11832 5
    endloop
  endfacet
  facet normal 0 0 1
    outer loop
      vertex 10.6005 9.40316 5
      vertex 17.2865 6.11832 5
      vertex 17.1855 6.27737 5
    endloop
  endfacet
  facet normal -0 0 1
    outer loop
      vertex 16.4529 21.127 5
      vertex 17 19 5
      vertex 16.4882 21.312 5
    endloop
  endfacet
  facet normal -0 0 1
    outer loop
      vertex 16.3947 20.9478 5
      vertex 17 19 5
      vertex 16.4529 21.127 5
    endloop
  endfacet
  facet normal -0 0 1
    outer loop
      vertex 16.3145 20.7774 5
      vertex 17 19 5
      vertex 16.3947 20.9478 5
    endloop
  endfacet
  facet normal -0 0 1
    outer loop
      vertex 16.2135 20.6183 5
      vertex 17 19 5
      vertex 16.3145 20.7774 5
    endloop
  endfacet
  facet normal -0 0 1
    outer loop
      vertex 16.0935 20.4732 5
      vertex 17 19 5
      vertex 16.2135 20.6183 5
    endloop
  endfacet
  facet normal -0 0 1
    outer loop
      vertex 15.9561 20.3442 5
      vertex 17 19 5
      vertex 16.0935 20.4732 5
    endloop
  endfacet
  facet normal -0 0 1
    outer loop
      vertex 15.8037 20.2335 5
      vertex 17 19 5
      vertex 15.9561 20.3442 5
    endloop
  endfacet
  facet normal -0 0 1
    outer loop
      vertex 15.6387 20.1428 5
      vertex 17 19 5
      vertex 15.8037 20.2335 5
    endloop
  endfacet
  facet normal -0 0 1
    outer loop
      vertex 15.4635 20.0734 5
      vertex 17 19 5
      vertex 15.6387 20.1428 5
    endloop
  endfacet
  facet normal 0 0 1
    outer loop
      vertex 17.0158 18.7493 5
      vertex 15.4635 20.0734 5
      vertex 15.2811 20.0266 5
    endloop
  endfacet
  facet normal 0 0 1
    outer loop
      vertex 17 15 5
      vertex 12.1 11 5
      vertex 17 7 5
    endloop
  endfacet
  facet normal 0 0 1
    outer loop
      vertex 17.0158 18.7493 5
      vertex 15.2811 20.0266 5
      vertex 15.0942 20.003 5
    endloop
  endfacet
  facet normal 0 0 1
    outer loop
      vertex 17.0471 15.373 5
      vertex 11.1812 12.4477 5
      vertex 17.0118 15.188 5
    endloop
  endfacet
  facet normal 0 0 1
    outer loop
      vertex 12.0874 11.2005 5
      vertex 17 15 5
      vertex 17.0118 15.188 5
    endloop
  endfacet
  facet normal -0 0 1
    outer loop
      vertex 12.0874 10.7995 5
      vertex 17 7 5
      vertex 12.1 11 5
    endloop
  endfacet
  facet normal -0 0 1
    outer loop
      vertex 12.0497 10.6021 5
      vertex 17 7 5
      vertex 12.0874 10.7995 5
    endloop
  endfacet
  facet normal -0 0 1
    outer loop
      vertex 11.9876 10.411 5
      vertex 17 7 5
      vertex 12.0497 10.6021 5
    endloop
  endfacet
  facet normal -0 0 1
    outer loop
      vertex 11.9021 10.2292 5
      vertex 17 7 5
      vertex 11.9876 10.411 5
    endloop
  endfacet
  facet normal -0 0 1
    outer loop
      vertex 11.7944 10.0595 5
      vertex 17 7 5
      vertex 11.9021 10.2292 5
    endloop
  endfacet
  facet normal -0 0 1
    outer loop
      vertex 11.6663 9.90472 5
      vertex 17 7 5
      vertex 11.7944 10.0595 5
    endloop
  endfacet
  facet normal -0 0 1
    outer loop
      vertex 11.5199 9.76718 5
      vertex 17 7 5
      vertex 11.6663 9.90472 5
    endloop
  endfacet
  facet normal -0 0 1
    outer loop
      vertex 11.3573 9.64907 5
      vertex 17 7 5
      vertex 11.5199 9.76718 5
    endloop
  endfacet
  facet normal 0 0 1
    outer loop
      vertex 17 7 5
      vertex 11.3573 9.64907 5
      vertex 17.0118 6.812 5
    endloop
  endfacet
  facet normal -0 0 1
    outer loop
      vertex 11.1812 9.55228 5
      vertex 17.0118 6.812 5
      vertex 11.3573 9.64907 5
    endloop
  endfacet
  facet normal 0 0 1
    outer loop
      vertex 17.0118 6.812 5
      vertex 11.1812 9.55228 5
      vertex 17.0471 6.62696 5
    endloop
  endfacet
  facet normal -0 0 1
    outer loop
      vertex 10.9944 9.47831 5
      vertex 17.0471 6.62696 5
      vertex 11.1812 9.55228 5
    endloop
  endfacet
  facet normal 0 0 1
    outer loop
      vertex 17.0471 6.62696 5
      vertex 10.9944 9.47831 5
      vertex 17.1053 6.44781 5
    endloop
  endfacet
  facet normal -0 0 1
    outer loop
      vertex 10.7998 9.42834 5
      vertex 17.1053 6.44781 5
      vertex 10.9944 9.47831 5
    endloop
  endfacet
  facet normal 0 0 1
    outer loop
      vertex 17.1053 6.44781 5
      vertex 10.7998 9.42834 5
      vertex 17.1855 6.27737 5
    endloop
  endfacet
  facet normal -0 0 1
    outer loop
      vertex 10.6005 9.40316 5
      vertex 17.1855 6.27737 5
      vertex 10.7998 9.42834 5
    endloop
  endfacet
  facet normal 0 0 1
    outer loop
      vertex 17.2865 6.11832 5
      vertex 10.6005 9.40316 5
      vertex 4.5 0 5
    endloop
  endfacet
  facet normal 0 0 1
    outer loop
      vertex 4.5 0 5
      vertex 10.6005 9.40316 5
      vertex 10.3995 9.40316 5
    endloop
  endfacet
  facet normal 0 0 1
    outer loop
      vertex 4.5 0 5
      vertex 10.3995 9.40316 5
      vertex 10.2002 9.42834 5
    endloop
  endfacet
  facet normal 0 0 1
    outer loop
      vertex 4.5 0 5
      vertex 10.2002 9.42834 5
      vertex 10.0056 9.47831 5
    endloop
  endfacet
  facet normal 0 0 1
    outer loop
      vertex 4.5 0 5
      vertex 10.0056 9.47831 5
      vertex 9.81875 9.55228 5
    endloop
  endfacet
  facet normal 0 0 1
    outer loop
      vertex 4.5 0 5
      vertex 9.81875 9.55228 5
      vertex 9.64268 9.64907 5
    endloop
  endfacet
  facet normal 0 0 1
    outer loop
      vertex 4.5 0 5
      vertex 9.64268 9.64907 5
      vertex 9.48012 9.76718 5
    endloop
  endfacet
  facet normal 0 0 1
    outer loop
      vertex 1.39058 20.7202 5
      vertex 9.01236 11.589 5
      vertex 6.36133 20.1428 5
    endloop
  endfacet
  facet normal -0 0 1
    outer loop
      vertex 0.843215 20.5797 5
      vertex 9.01236 11.589 5
      vertex 1.39058 20.7202 5
    endloop
  endfacet
  facet normal 0 0 1
    outer loop
      vertex 9.01236 11.589 5
      vertex 0.843215 20.5797 5
      vertex 8.95027 11.3979 5
    endloop
  endfacet
  facet normal -0 0 1
    outer loop
      vertex 0.282557 20.5089 5
      vertex 8.95027 11.3979 5
      vertex 0.843215 20.5797 5
    endloop
  endfacet
  facet normal 0 0 1
    outer loop
      vertex 8.95027 11.3979 5
      vertex 0.282557 20.5089 5
      vertex 8.91262 11.2005 5
    endloop
  endfacet
  facet normal 0 0 1
    outer loop
      vertex 1.39058 20.7202 5
      vertex 6.36133 20.1428 5
      vertex 6.19626 20.2335 5
    endloop
  endfacet
  facet normal 0 0 1
    outer loop
      vertex 1.39058 20.7202 5
      vertex 6.19626 20.2335 5
      vertex 6.04386 20.3442 5
    endloop
  endfacet
  facet normal 0 0 1
    outer loop
      vertex 1.91601 20.9283 5
      vertex 6.04386 20.3442 5
      vertex 5.90655 20.4732 5
    endloop
  endfacet
  facet normal 0 0 1
    outer loop
      vertex 2.41122 21.2005 5
      vertex 5.90655 20.4732 5
      vertex 5.78647 20.6183 5
    endloop
  endfacet
  facet normal 0 0 1
    outer loop
      vertex 2.41122 21.2005 5
      vertex 5.78647 20.6183 5
      vertex 5.68554 20.7774 5
    endloop
  endfacet
  facet normal 0 0 1
    outer loop
      vertex 2.86841 21.5327 5
      vertex 5.68554 20.7774 5
      vertex 5.60534 20.9478 5
    endloop
  endfacet
  facet normal 0 0 1
    outer loop
      vertex 2.86841 21.5327 5
      vertex 5.60534 20.9478 5
      vertex 5.54712 21.127 5
    endloop
  endfacet
  facet normal -0 0 1
    outer loop
      vertex 4.46452 25.564 5
      vertex 5.5 21.5 5
      vertex 5.5 31.5 5
    endloop
  endfacet
  facet normal -0 0 1
    outer loop
      vertex 4.46452 24.436 5
      vertex 5.5 21.5 5
      vertex 4.5 25 5
    endloop
  endfacet
  facet normal -0 0 1
    outer loop
      vertex 4.35862 23.8809 5
      vertex 5.5 21.5 5
      vertex 4.46452 24.436 5
    endloop
  endfacet
  facet normal 0 0 1
    outer loop
      vertex 17.5439 5.84423 5
      vertex 4.5 0 5
      vertex 20.5 0 5
    endloop
  endfacet
  facet normal 0 0 1
    outer loop
      vertex 0 4.5 5
      vertex 9.48012 9.76718 5
      vertex 9.33365 9.90472 5
    endloop
  endfacet
  facet normal 0 0 1
    outer loop
      vertex 0 4.5 5
      vertex 9.33365 9.90472 5
      vertex 9.20557 10.0595 5
    endloop
  endfacet
  facet normal 0 0 1
    outer loop
      vertex 0 4.5 5
      vertex 9.20557 10.0595 5
      vertex 9.09791 10.2292 5
    endloop
  endfacet
  facet normal 0 0 1
    outer loop
      vertex 0 4.5 5
      vertex 9.09791 10.2292 5
      vertex 9.01236 10.411 5
    endloop
  endfacet
  facet normal 0 0 1
    outer loop
      vertex 0 4.5 5
      vertex 9.01236 10.411 5
      vertex 8.95027 10.6021 5
    endloop
  endfacet
  facet normal 0 0 1
    outer loop
      vertex 0 4.5 5
      vertex 8.91262 11.2005 5
      vertex 0.282557 20.5089 5
    endloop
  endfacet
  facet normal -0 0 1
    outer loop
      vertex 4.18399 23.3434 5
      vertex 5.5 21.5 5
      vertex 4.35862 23.8809 5
    endloop
  endfacet
  facet normal -0 0 1
    outer loop
      vertex 3.94338 22.8321 5
      vertex 5.5 21.5 5
      vertex 4.18399 23.3434 5
    endloop
  endfacet
  facet normal -0 0 1
    outer loop
      vertex 3.64058 22.355 5
      vertex 5.5 21.5 5
      vertex 3.94338 22.8321 5
    endloop
  endfacet
  facet normal -0 0 1
    outer loop
      vertex 3.28036 21.9195 5
      vertex 5.5 21.5 5
      vertex 3.64058 22.355 5
    endloop
  endfacet
  facet normal 0 0 1
    outer loop
      vertex 5.5 21.5 5
      vertex 3.28036 21.9195 5
      vertex 5.51183 21.312 5
    endloop
  endfacet
  facet normal 0 0 1
    outer loop
      vertex 5.51183 21.312 5
      vertex 3.28036 21.9195 5
      vertex 5.54712 21.127 5
    endloop
  endfacet
  facet normal -0 0 1
    outer loop
      vertex 2.86841 21.5327 5
      vertex 5.54712 21.127 5
      vertex 3.28036 21.9195 5
    endloop
  endfacet
  facet normal 0 0 1
    outer loop
      vertex 5.68554 20.7774 5
      vertex 2.86841 21.5327 5
      vertex 2.41122 21.2005 5
    endloop
  endfacet
  facet normal 0 0 1
    outer loop
      vertex 5.90655 20.4732 5
      vertex 2.41122 21.2005 5
      vertex 1.91601 20.9283 5
    endloop
  endfacet
  facet normal 0 0 1
    outer loop
      vertex 6.04386 20.3442 5
      vertex 1.91601 20.9283 5
      vertex 1.39058 20.7202 5
    endloop
  endfacet
  facet normal 0 0 1
    outer loop
      vertex 8.91262 11.2005 5
      vertex 0 4.5 5
      vertex 8.9 11 5
    endloop
  endfacet
  facet normal 0 0 1
    outer loop
      vertex 8.9 11 5
      vertex 0 4.5 5
      vertex 8.91262 10.7995 5
    endloop
  endfacet
  facet normal 0 0 1
    outer loop
      vertex 8.91262 10.7995 5
      vertex 0 4.5 5
      vertex 8.95027 10.6021 5
    endloop
  endfacet
  facet normal 0 0 1
    outer loop
      vertex 0 4.5 5
      vertex 0.282557 20.5089 5
      vertex 0 20.5089 5
    endloop
  endfacet
  facet normal 0 0 1
    outer loop
      vertex 9.48012 9.76718 5
      vertex 0 4.5 5
      vertex 4.5 0 5
    endloop
  endfacet
  facet normal -0 0 1
    outer loop
      vertex 40.9021 38.2292 5
      vertex 43.6387 29.8572 5
      vertex 40.9876 38.411 5
    endloop
  endfacet
  facet normal 0 0 1
    outer loop
      vertex 43.6387 29.8572 5
      vertex 40.9021 38.2292 5
      vertex 43.4635 29.9266 5
    endloop
  endfacet
  facet normal -0 0 1
    outer loop
      vertex 40.7944 38.0595 5
      vertex 43.4635 29.9266 5
      vertex 40.9021 38.2292 5
    endloop
  endfacet
  facet normal 0 0 1
    outer loop
      vertex 43.4635 29.9266 5
      vertex 40.7944 38.0595 5
      vertex 43.2811 29.9734 5
    endloop
  endfacet
  facet normal -0 0 1
    outer loop
      vertex 40.6664 37.9047 5
      vertex 43.2811 29.9734 5
      vertex 40.7944 38.0595 5
    endloop
  endfacet
  facet normal 0 0 1
    outer loop
      vertex 43.2811 29.9734 5
      vertex 40.6664 37.9047 5
      vertex 43.0942 29.997 5
    endloop
  endfacet
  facet normal -0 0 1
    outer loop
      vertex 40.5199 37.7672 5
      vertex 43.0942 29.997 5
      vertex 40.6664 37.9047 5
    endloop
  endfacet
  facet normal -0 0 1
    outer loop
      vertex 40.3573 37.6491 5
      vertex 43.0942 29.997 5
      vertex 40.5199 37.7672 5
    endloop
  endfacet
  facet normal -0 0 1
    outer loop
      vertex 40.1812 37.5523 5
      vertex 43.0942 29.997 5
      vertex 40.3573 37.6491 5
    endloop
  endfacet
  facet normal -0 0 1
    outer loop
      vertex 39.9944 37.4783 5
      vertex 43.0942 29.997 5
      vertex 40.1812 37.5523 5
    endloop
  endfacet
  facet normal -0 0 1
    outer loop
      vertex 39.7998 37.4283 5
      vertex 43.0942 29.997 5
      vertex 39.9944 37.4783 5
    endloop
  endfacet
  facet normal -0 0 1
    outer loop
      vertex 39.6005 37.4032 5
      vertex 43.0942 29.997 5
      vertex 39.7998 37.4283 5
    endloop
  endfacet
  facet normal -0 0 1
    outer loop
      vertex 39.3995 37.4032 5
      vertex 43.0942 29.997 5
      vertex 39.6005 37.4032 5
    endloop
  endfacet
  facet normal 0 0 1
    outer loop
      vertex 34.9058 29.997 5
      vertex 39.3995 37.4032 5
      vertex 39.2002 37.4283 5
    endloop
  endfacet
  facet normal 0 0 1
    outer loop
      vertex 34.9058 29.997 5
      vertex 39.2002 37.4283 5
      vertex 39.0056 37.4783 5
    endloop
  endfacet
  facet normal 0 0 1
    outer loop
      vertex 34.9058 29.997 5
      vertex 39.0056 37.4783 5
      vertex 38.8188 37.5523 5
    endloop
  endfacet
  facet normal 0 0 1
    outer loop
      vertex 32.9882 34.812 5
      vertex 38.8188 37.5523 5
      vertex 38.6427 37.6491 5
    endloop
  endfacet
  facet normal 0 0 1
    outer loop
      vertex 32.9882 34.812 5
      vertex 38.6427 37.6491 5
      vertex 38.4801 37.7672 5
    endloop
  endfacet
  facet normal 0 0 1
    outer loop
      vertex 32.9882 34.812 5
      vertex 38.4801 37.7672 5
      vertex 38.3336 37.9047 5
    endloop
  endfacet
  facet normal 0 0 1
    outer loop
      vertex 32.9882 34.812 5
      vertex 38.3336 37.9047 5
      vertex 38.2056 38.0595 5
    endloop
  endfacet
  facet normal 0 0 1
    outer loop
      vertex 32.9882 34.812 5
      vertex 38.2056 38.0595 5
      vertex 38.0979 38.2292 5
    endloop
  endfacet
  facet normal 0 0 1
    outer loop
      vertex 39.3995 37.4032 5
      vertex 34.9058 29.997 5
      vertex 43.0942 29.997 5
    endloop
  endfacet
  facet normal 0 0 1
    outer loop
      vertex 32.9882 34.812 5
      vertex 38.0979 38.2292 5
      vertex 38.0124 38.411 5
    endloop
  endfacet
  facet normal 0 0 1
    outer loop
      vertex 32.9882 34.812 5
      vertex 38.0124 38.411 5
      vertex 37.9503 38.6021 5
    endloop
  endfacet
  facet normal 0 0 1
    outer loop
      vertex 32.9882 34.812 5
      vertex 37.9503 38.6021 5
      vertex 37.9126 38.7995 5
    endloop
  endfacet
  facet normal 0 0 1
    outer loop
      vertex 32.9882 34.812 5
      vertex 37.9126 38.7995 5
      vertex 37.9 39 5
    endloop
  endfacet
  facet normal 0.998032 0.0627129 0
    outer loop
      vertex 54 25 3
      vertex 53.9685 25.5013 0
      vertex 53.9685 25.5013 3
    endloop
  endfacet
  facet normal 0.998032 0.0627129 0
    outer loop
      vertex 53.9685 25.5013 0
      vertex 54 25 3
      vertex 54 25 0
    endloop
  endfacet
  facet normal 0.587698 0.80908 -0
    outer loop
      vertex 52.5497 28.0821 0
      vertex 52.1433 28.3773 3
      vertex 52.5497 28.0821 3
    endloop
  endfacet
  facet normal 0.587698 0.80908 0
    outer loop
      vertex 52.1433 28.3773 3
      vertex 52.5497 28.0821 0
      vertex 52.1433 28.3773 0
    endloop
  endfacet
  facet normal 0.844366 -0.535767 0
    outer loop
      vertex 53.2361 22.6489 3
      vertex 53.5052 23.073 0
      vertex 53.5052 23.073 3
    endloop
  endfacet
  facet normal 0.844366 -0.535767 0
    outer loop
      vertex 53.5052 23.073 0
      vertex 53.2361 22.6489 3
      vertex 53.2361 22.6489 0
    endloop
  endfacet
  facet normal 0.844366 0.535767 0
    outer loop
      vertex 53.5052 26.927 3
      vertex 53.2361 27.3511 0
      vertex 53.2361 27.3511 3
    endloop
  endfacet
  facet normal 0.844366 0.535767 0
    outer loop
      vertex 53.2361 27.3511 0
      vertex 53.5052 26.927 3
      vertex 53.5052 26.927 0
    endloop
  endfacet
  facet normal 0.770549 0.63738 0
    outer loop
      vertex 53.2361 27.3511 3
      vertex 52.9159 27.7382 0
      vertex 52.9159 27.7382 3
    endloop
  endfacet
  facet normal 0.770549 0.63738 0
    outer loop
      vertex 52.9159 27.7382 0
      vertex 53.2361 27.3511 3
      vertex 53.2361 27.3511 0
    endloop
  endfacet
  facet normal 0.24862 0.968601 -0
    outer loop
      vertex 51.2361 28.8042 0
      vertex 50.7495 28.9291 3
      vertex 51.2361 28.8042 3
    endloop
  endfacet
  facet normal 0.24862 0.968601 0
    outer loop
      vertex 50.7495 28.9291 3
      vertex 51.2361 28.8042 0
      vertex 50.7495 28.9291 0
    endloop
  endfacet
  facet normal 0.125431 0.992102 -0
    outer loop
      vertex 50.7495 28.9291 0
      vertex 50.2512 28.9921 3
      vertex 50.7495 28.9291 3
    endloop
  endfacet
  facet normal 0.125431 0.992102 0
    outer loop
      vertex 50.2512 28.9921 3
      vertex 50.7495 28.9291 0
      vertex 50.2512 28.9921 0
    endloop
  endfacet
  facet normal 0.481751 0.876308 -0
    outer loop
      vertex 52.1433 28.3773 0
      vertex 51.7031 28.6193 3
      vertex 52.1433 28.3773 3
    endloop
  endfacet
  facet normal 0.481751 0.876308 0
    outer loop
      vertex 51.7031 28.6193 3
      vertex 52.1433 28.3773 0
      vertex 51.7031 28.6193 0
    endloop
  endfacet
  facet normal 0.998032 -0.0627129 0
    outer loop
      vertex 53.9685 24.4987 3
      vertex 54 25 0
      vertex 54 25 3
    endloop
  endfacet
  facet normal 0.998032 -0.0627129 0
    outer loop
      vertex 54 25 0
      vertex 53.9685 24.4987 3
      vertex 53.9685 24.4987 0
    endloop
  endfacet
  facet normal 0.24862 -0.968601 0
    outer loop
      vertex 50.7495 21.0709 0
      vertex 51.2361 21.1958 3
      vertex 50.7495 21.0709 3
    endloop
  endfacet
  facet normal 0.24862 -0.968601 0
    outer loop
      vertex 51.2361 21.1958 3
      vertex 50.7495 21.0709 0
      vertex 51.2361 21.1958 0
    endloop
  endfacet
  facet normal 0.951065 0.308992 0
    outer loop
      vertex 53.8743 25.9948 3
      vertex 53.7191 26.4725 0
      vertex 53.7191 26.4725 3
    endloop
  endfacet
  facet normal 0.951065 0.308992 0
    outer loop
      vertex 53.7191 26.4725 0
      vertex 53.8743 25.9948 3
      vertex 53.8743 25.9948 0
    endloop
  endfacet
  facet normal 0.982265 0.187496 0
    outer loop
      vertex 53.9685 25.5013 3
      vertex 53.8743 25.9948 0
      vertex 53.8743 25.9948 3
    endloop
  endfacet
  facet normal 0.982265 0.187496 0
    outer loop
      vertex 53.8743 25.9948 0
      vertex 53.9685 25.5013 3
      vertex 53.9685 25.5013 0
    endloop
  endfacet
  facet normal 0.904805 0.425826 0
    outer loop
      vertex 53.7191 26.4725 3
      vertex 53.5052 26.927 0
      vertex 53.5052 26.927 3
    endloop
  endfacet
  facet normal 0.904805 0.425826 0
    outer loop
      vertex 53.5052 26.927 0
      vertex 53.7191 26.4725 3
      vertex 53.7191 26.4725 0
    endloop
  endfacet
  facet normal 0.684563 0.728953 -0
    outer loop
      vertex 52.9159 27.7382 0
      vertex 52.5497 28.0821 3
      vertex 52.9159 27.7382 3
    endloop
  endfacet
  facet normal 0.684563 0.728953 0
    outer loop
      vertex 52.5497 28.0821 3
      vertex 52.9159 27.7382 0
      vertex 52.5497 28.0821 0
    endloop
  endfacet
  facet normal 0 1 -0
    outer loop
      vertex 50.2512 28.9921 0
      vertex 50 28.9921 3
      vertex 50.2512 28.9921 3
    endloop
  endfacet
  facet normal 0 1 0
    outer loop
      vertex 50 28.9921 3
      vertex 50.2512 28.9921 0
      vertex 50 28.9921 0
    endloop
  endfacet
  facet normal 0.368127 0.929775 -0
    outer loop
      vertex 51.7031 28.6193 0
      vertex 51.2361 28.8042 3
      vertex 51.7031 28.6193 3
    endloop
  endfacet
  facet normal 0.368127 0.929775 0
    outer loop
      vertex 51.2361 28.8042 3
      vertex 51.7031 28.6193 0
      vertex 51.2361 28.8042 0
    endloop
  endfacet
  facet normal 0.951065 -0.308992 0
    outer loop
      vertex 53.7191 23.5275 3
      vertex 53.8743 24.0052 0
      vertex 53.8743 24.0052 3
    endloop
  endfacet
  facet normal 0.951065 -0.308992 0
    outer loop
      vertex 53.8743 24.0052 0
      vertex 53.7191 23.5275 3
      vertex 53.7191 23.5275 0
    endloop
  endfacet
  facet normal 0.904805 -0.425826 0
    outer loop
      vertex 53.5052 23.073 3
      vertex 53.7191 23.5275 0
      vertex 53.7191 23.5275 3
    endloop
  endfacet
  facet normal 0.904805 -0.425826 0
    outer loop
      vertex 53.7191 23.5275 0
      vertex 53.5052 23.073 3
      vertex 53.5052 23.073 0
    endloop
  endfacet
  facet normal 0.982265 -0.187496 0
    outer loop
      vertex 53.8743 24.0052 3
      vertex 53.9685 24.4987 0
      vertex 53.9685 24.4987 3
    endloop
  endfacet
  facet normal 0.982265 -0.187496 0
    outer loop
      vertex 53.9685 24.4987 0
      vertex 53.8743 24.0052 3
      vertex 53.8743 24.0052 0
    endloop
  endfacet
  facet normal 0.481751 -0.876308 0
    outer loop
      vertex 51.7031 21.3807 0
      vertex 52.1433 21.6227 3
      vertex 51.7031 21.3807 3
    endloop
  endfacet
  facet normal 0.481751 -0.876308 0
    outer loop
      vertex 52.1433 21.6227 3
      vertex 51.7031 21.3807 0
      vertex 52.1433 21.6227 0
    endloop
  endfacet
  facet normal 0.368127 -0.929775 0
    outer loop
      vertex 51.2361 21.1958 0
      vertex 51.7031 21.3807 3
      vertex 51.2361 21.1958 3
    endloop
  endfacet
  facet normal 0.368127 -0.929775 0
    outer loop
      vertex 51.7031 21.3807 3
      vertex 51.2361 21.1958 0
      vertex 51.7031 21.3807 0
    endloop
  endfacet
  facet normal 0 -1 0
    outer loop
      vertex 50 21.0079 0
      vertex 50.2512 21.0079 3
      vertex 50 21.0079 3
    endloop
  endfacet
  facet normal 0 -1 -0
    outer loop
      vertex 50.2512 21.0079 3
      vertex 50 21.0079 0
      vertex 50.2512 21.0079 0
    endloop
  endfacet
  facet normal 0.770549 -0.63738 0
    outer loop
      vertex 52.9159 22.2618 3
      vertex 53.2361 22.6489 0
      vertex 53.2361 22.6489 3
    endloop
  endfacet
  facet normal 0.770549 -0.63738 0
    outer loop
      vertex 53.2361 22.6489 0
      vertex 52.9159 22.2618 3
      vertex 52.9159 22.2618 0
    endloop
  endfacet
  facet normal 0.587698 -0.80908 0
    outer loop
      vertex 52.1433 21.6227 0
      vertex 52.5497 21.9179 3
      vertex 52.1433 21.6227 3
    endloop
  endfacet
  facet normal 0.587698 -0.80908 0
    outer loop
      vertex 52.5497 21.9179 3
      vertex 52.1433 21.6227 0
      vertex 52.5497 21.9179 0
    endloop
  endfacet
  facet normal 0.125431 -0.992102 0
    outer loop
      vertex 50.2512 21.0079 0
      vertex 50.7495 21.0709 3
      vertex 50.2512 21.0079 3
    endloop
  endfacet
  facet normal 0.125431 -0.992102 0
    outer loop
      vertex 50.7495 21.0709 3
      vertex 50.2512 21.0079 0
      vertex 50.7495 21.0709 0
    endloop
  endfacet
  facet normal 0.684563 -0.728953 0
    outer loop
      vertex 52.5497 21.9179 0
      vertex 52.9159 22.2618 3
      vertex 52.5497 21.9179 3
    endloop
  endfacet
  facet normal 0.684563 -0.728953 0
    outer loop
      vertex 52.9159 22.2618 3
      vertex 52.5497 21.9179 0
      vertex 52.9159 22.2618 0
    endloop
  endfacet
  facet normal 0.125353 -0.992112 0
    outer loop
      vertex 25.2512 -3.99211 0
      vertex 25.7495 -3.92915 3
      vertex 25.2512 -3.99211 3
    endloop
  endfacet
  facet normal 0.125353 -0.992112 0
    outer loop
      vertex 25.7495 -3.92915 3
      vertex 25.2512 -3.99211 0
      vertex 25.7495 -3.92915 0
    endloop
  endfacet
  facet normal 0.248657 -0.968592 0
    outer loop
      vertex 25.7495 -3.92915 0
      vertex 26.2361 -3.80423 3
      vertex 25.7495 -3.92915 3
    endloop
  endfacet
  facet normal 0.248657 -0.968592 0
    outer loop
      vertex 26.2361 -3.80423 3
      vertex 25.7495 -3.92915 0
      vertex 26.2361 -3.80423 0
    endloop
  endfacet
  facet normal 0.998032 -0.062709 0
    outer loop
      vertex 28.9685 -0.501332 3
      vertex 29 0 0
      vertex 29 0 3
    endloop
  endfacet
  facet normal 0.998032 -0.062709 0
    outer loop
      vertex 29 0 0
      vertex 28.9685 -0.501332 3
      vertex 28.9685 -0.501332 0
    endloop
  endfacet
  facet normal 0.951073 -0.308968 0
    outer loop
      vertex 28.7191 -1.4725 3
      vertex 28.8743 -0.994759 0
      vertex 28.8743 -0.994759 3
    endloop
  endfacet
  facet normal 0.951073 -0.308968 0
    outer loop
      vertex 28.8743 -0.994759 0
      vertex 28.7191 -1.4725 3
      vertex 28.7191 -1.4725 0
    endloop
  endfacet
  facet normal 0.98226 -0.187523 0
    outer loop
      vertex 28.8743 -0.994759 3
      vertex 28.9685 -0.501332 0
      vertex 28.9685 -0.501332 3
    endloop
  endfacet
  facet normal 0.98226 -0.187523 0
    outer loop
      vertex 28.9685 -0.501332 0
      vertex 28.8743 -0.994759 3
      vertex 28.8743 -0.994759 0
    endloop
  endfacet
  facet normal -0.770509 -0.637429 0
    outer loop
      vertex 22.0841 -2.73819 0
      vertex 21.7639 -2.35114 3
      vertex 21.7639 -2.35114 0
    endloop
  endfacet
  facet normal -0.770509 -0.637429 0
    outer loop
      vertex 21.7639 -2.35114 3
      vertex 22.0841 -2.73819 0
      vertex 22.0841 -2.73819 3
    endloop
  endfacet
  facet normal -0.844383 -0.53574 0
    outer loop
      vertex 21.7639 -2.35114 0
      vertex 21.4948 -1.92701 3
      vertex 21.4948 -1.92701 0
    endloop
  endfacet
  facet normal -0.844383 -0.53574 0
    outer loop
      vertex 21.4948 -1.92701 3
      vertex 21.7639 -2.35114 0
      vertex 21.7639 -2.35114 3
    endloop
  endfacet
  facet normal 0.481751 -0.876308 0
    outer loop
      vertex 26.7031 -3.61931 0
      vertex 27.1433 -3.37731 3
      vertex 26.7031 -3.61931 3
    endloop
  endfacet
  facet normal 0.481751 -0.876308 0
    outer loop
      vertex 27.1433 -3.37731 3
      vertex 26.7031 -3.61931 0
      vertex 27.1433 -3.37731 0
    endloop
  endfacet
  facet normal -0.998032 -0.062709 0
    outer loop
      vertex 21.0315 -0.501332 0
      vertex 21 0 3
      vertex 21 0 0
    endloop
  endfacet
  facet normal -0.998032 -0.062709 0
    outer loop
      vertex 21 0 3
      vertex 21.0315 -0.501332 0
      vertex 21.0315 -0.501332 3
    endloop
  endfacet
  facet normal 0.844383 -0.53574 0
    outer loop
      vertex 28.2361 -2.35114 3
      vertex 28.5052 -1.92701 0
      vertex 28.5052 -1.92701 3
    endloop
  endfacet
  facet normal 0.844383 -0.53574 0
    outer loop
      vertex 28.5052 -1.92701 0
      vertex 28.2361 -2.35114 3
      vertex 28.2361 -2.35114 0
    endloop
  endfacet
  facet normal -0.248657 -0.968592 0
    outer loop
      vertex 23.7639 -3.80423 0
      vertex 24.2505 -3.92915 3
      vertex 23.7639 -3.80423 3
    endloop
  endfacet
  facet normal -0.248657 -0.968592 -0
    outer loop
      vertex 24.2505 -3.92915 3
      vertex 23.7639 -3.80423 0
      vertex 24.2505 -3.92915 0
    endloop
  endfacet
  facet normal -0.684521 -0.728993 0
    outer loop
      vertex 22.0841 -2.73819 0
      vertex 22.4503 -3.08205 3
      vertex 22.0841 -2.73819 3
    endloop
  endfacet
  facet normal -0.684521 -0.728993 -0
    outer loop
      vertex 22.4503 -3.08205 3
      vertex 22.0841 -2.73819 0
      vertex 22.4503 -3.08205 0
    endloop
  endfacet
  facet normal -0.904809 -0.425818 0
    outer loop
      vertex 21.4948 -1.92701 0
      vertex 21.2809 -1.4725 3
      vertex 21.2809 -1.4725 0
    endloop
  endfacet
  facet normal -0.904809 -0.425818 0
    outer loop
      vertex 21.2809 -1.4725 3
      vertex 21.4948 -1.92701 0
      vertex 21.4948 -1.92701 3
    endloop
  endfacet
  facet normal 0.770509 -0.637429 0
    outer loop
      vertex 27.9159 -2.73819 3
      vertex 28.2361 -2.35114 0
      vertex 28.2361 -2.35114 3
    endloop
  endfacet
  facet normal 0.770509 -0.637429 0
    outer loop
      vertex 28.2361 -2.35114 0
      vertex 27.9159 -2.73819 3
      vertex 27.9159 -2.73819 0
    endloop
  endfacet
  facet normal 0.587776 -0.809024 0
    outer loop
      vertex 27.1433 -3.37731 0
      vertex 27.5497 -3.08205 3
      vertex 27.1433 -3.37731 3
    endloop
  endfacet
  facet normal 0.587776 -0.809024 0
    outer loop
      vertex 27.5497 -3.08205 3
      vertex 27.1433 -3.37731 0
      vertex 27.5497 -3.08205 0
    endloop
  endfacet
  facet normal 0.368162 -0.929762 0
    outer loop
      vertex 26.2361 -3.80423 0
      vertex 26.7031 -3.61931 3
      vertex 26.2361 -3.80423 3
    endloop
  endfacet
  facet normal 0.368162 -0.929762 0
    outer loop
      vertex 26.7031 -3.61931 3
      vertex 26.2361 -3.80423 0
      vertex 26.7031 -3.61931 0
    endloop
  endfacet
  facet normal 0.904809 -0.425818 0
    outer loop
      vertex 28.5052 -1.92701 3
      vertex 28.7191 -1.4725 0
      vertex 28.7191 -1.4725 3
    endloop
  endfacet
  facet normal 0.904809 -0.425818 0
    outer loop
      vertex 28.7191 -1.4725 0
      vertex 28.5052 -1.92701 3
      vertex 28.5052 -1.92701 0
    endloop
  endfacet
  facet normal 0 -1 0
    outer loop
      vertex 24.7488 -3.99211 0
      vertex 25.2512 -3.99211 3
      vertex 24.7488 -3.99211 3
    endloop
  endfacet
  facet normal 0 -1 -0
    outer loop
      vertex 25.2512 -3.99211 3
      vertex 24.7488 -3.99211 0
      vertex 25.2512 -3.99211 0
    endloop
  endfacet
  facet normal -0.125353 -0.992112 0
    outer loop
      vertex 24.2505 -3.92915 0
      vertex 24.7488 -3.99211 3
      vertex 24.2505 -3.92915 3
    endloop
  endfacet
  facet normal -0.125353 -0.992112 -0
    outer loop
      vertex 24.7488 -3.99211 3
      vertex 24.2505 -3.92915 0
      vertex 24.7488 -3.99211 0
    endloop
  endfacet
  facet normal -0.587776 -0.809024 0
    outer loop
      vertex 22.4503 -3.08205 0
      vertex 22.8567 -3.37731 3
      vertex 22.4503 -3.08205 3
    endloop
  endfacet
  facet normal -0.587776 -0.809024 -0
    outer loop
      vertex 22.8567 -3.37731 3
      vertex 22.4503 -3.08205 0
      vertex 22.8567 -3.37731 0
    endloop
  endfacet
  facet normal -0.951073 -0.308968 0
    outer loop
      vertex 21.2809 -1.4725 0
      vertex 21.1257 -0.994759 3
      vertex 21.1257 -0.994759 0
    endloop
  endfacet
  facet normal -0.951073 -0.308968 0
    outer loop
      vertex 21.1257 -0.994759 3
      vertex 21.2809 -1.4725 0
      vertex 21.2809 -1.4725 3
    endloop
  endfacet
  facet normal -0.98226 -0.187523 0
    outer loop
      vertex 21.1257 -0.994759 0
      vertex 21.0315 -0.501332 3
      vertex 21.0315 -0.501332 0
    endloop
  endfacet
  facet normal -0.98226 -0.187523 0
    outer loop
      vertex 21.0315 -0.501332 3
      vertex 21.1257 -0.994759 0
      vertex 21.1257 -0.994759 3
    endloop
  endfacet
  facet normal 0.684521 -0.728993 0
    outer loop
      vertex 27.5497 -3.08205 0
      vertex 27.9159 -2.73819 3
      vertex 27.5497 -3.08205 3
    endloop
  endfacet
  facet normal 0.684521 -0.728993 0
    outer loop
      vertex 27.9159 -2.73819 3
      vertex 27.5497 -3.08205 0
      vertex 27.9159 -2.73819 0
    endloop
  endfacet
  facet normal -0.481751 -0.876308 0
    outer loop
      vertex 22.8567 -3.37731 0
      vertex 23.2969 -3.61931 3
      vertex 22.8567 -3.37731 3
    endloop
  endfacet
  facet normal -0.481751 -0.876308 -0
    outer loop
      vertex 23.2969 -3.61931 3
      vertex 22.8567 -3.37731 0
      vertex 23.2969 -3.61931 0
    endloop
  endfacet
  facet normal -0.368162 -0.929762 0
    outer loop
      vertex 23.2969 -3.61931 0
      vertex 23.7639 -3.80423 3
      vertex 23.2969 -3.61931 3
    endloop
  endfacet
  facet normal -0.368162 -0.929762 -0
    outer loop
      vertex 23.7639 -3.80423 3
      vertex 23.2969 -3.61931 0
      vertex 23.7639 -3.80423 0
    endloop
  endfacet
  facet normal -0.125416 0.992104 0
    outer loop
      vertex -0.251162 28.9921 0
      vertex -0.749525 28.9291 3
      vertex -0.251162 28.9921 3
    endloop
  endfacet
  facet normal -0.125416 0.992104 0
    outer loop
      vertex -0.749525 28.9291 3
      vertex -0.251162 28.9921 0
      vertex -0.749525 28.9291 0
    endloop
  endfacet
  facet normal -0.770549 0.63738 0
    outer loop
      vertex -3.23607 27.3511 0
      vertex -2.91587 27.7382 3
      vertex -2.91587 27.7382 0
    endloop
  endfacet
  facet normal -0.770549 0.63738 0
    outer loop
      vertex -2.91587 27.7382 3
      vertex -3.23607 27.3511 0
      vertex -3.23607 27.3511 3
    endloop
  endfacet
  facet normal -0.481759 0.876304 0
    outer loop
      vertex -1.70312 28.6193 0
      vertex -2.14331 28.3773 3
      vertex -1.70312 28.6193 3
    endloop
  endfacet
  facet normal -0.481759 0.876304 0
    outer loop
      vertex -2.14331 28.3773 3
      vertex -1.70312 28.6193 0
      vertex -2.14331 28.3773 0
    endloop
  endfacet
  facet normal -0.951053 0.309028 0
    outer loop
      vertex -3.87433 25.9948 0
      vertex -3.71911 26.4725 3
      vertex -3.71911 26.4725 0
    endloop
  endfacet
  facet normal -0.951053 0.309028 0
    outer loop
      vertex -3.71911 26.4725 3
      vertex -3.87433 25.9948 0
      vertex -3.87433 25.9948 3
    endloop
  endfacet
  facet normal -0.248646 0.968594 0
    outer loop
      vertex -0.749525 28.9291 0
      vertex -1.23607 28.8042 3
      vertex -0.749525 28.9291 3
    endloop
  endfacet
  facet normal -0.248646 0.968594 0
    outer loop
      vertex -1.23607 28.8042 3
      vertex -0.749525 28.9291 0
      vertex -1.23607 28.8042 0
    endloop
  endfacet
  facet normal 0 1 -0
    outer loop
      vertex 0 28.9921 0
      vertex -0.251162 28.9921 3
      vertex 0 28.9921 3
    endloop
  endfacet
  facet normal 0 1 0
    outer loop
      vertex -0.251162 28.9921 3
      vertex 0 28.9921 0
      vertex -0.251162 28.9921 0
    endloop
  endfacet
  facet normal -0.904821 0.425793 0
    outer loop
      vertex -3.71911 26.4725 0
      vertex -3.50523 26.927 3
      vertex -3.50523 26.927 0
    endloop
  endfacet
  facet normal -0.904821 0.425793 0
    outer loop
      vertex -3.50523 26.927 3
      vertex -3.71911 26.4725 0
      vertex -3.71911 26.4725 3
    endloop
  endfacet
  facet normal -0.844312 0.535852 0
    outer loop
      vertex -3.50523 26.927 0
      vertex -3.23607 27.3511 3
      vertex -3.23607 27.3511 0
    endloop
  endfacet
  facet normal -0.844312 0.535852 0
    outer loop
      vertex -3.23607 27.3511 3
      vertex -3.50523 26.927 0
      vertex -3.50523 26.927 3
    endloop
  endfacet
  facet normal -0.982291 0.187362 0
    outer loop
      vertex -3.96846 25.5013 0
      vertex -3.87433 25.9948 3
      vertex -3.87433 25.9948 0
    endloop
  endfacet
  facet normal -0.982291 0.187362 0
    outer loop
      vertex -3.87433 25.9948 3
      vertex -3.96846 25.5013 0
      vertex -3.96846 25.5013 3
    endloop
  endfacet
  facet normal -0.998027 0.0627923 0
    outer loop
      vertex -4 25 0
      vertex -3.96846 25.5013 3
      vertex -3.96846 25.5013 0
    endloop
  endfacet
  facet normal -0.998027 0.0627923 0
    outer loop
      vertex -3.96846 25.5013 3
      vertex -4 25 0
      vertex -4 25 3
    endloop
  endfacet
  facet normal -0.998027 -0.0627923 0
    outer loop
      vertex -3.96846 24.4987 0
      vertex -4 25 3
      vertex -4 25 0
    endloop
  endfacet
  facet normal -0.998027 -0.0627923 0
    outer loop
      vertex -4 25 3
      vertex -3.96846 24.4987 0
      vertex -3.96846 24.4987 3
    endloop
  endfacet
  facet normal -0.587708 0.809073 0
    outer loop
      vertex -2.14331 28.3773 0
      vertex -2.5497 28.0821 3
      vertex -2.14331 28.3773 3
    endloop
  endfacet
  facet normal -0.587708 0.809073 0
    outer loop
      vertex -2.5497 28.0821 3
      vertex -2.14331 28.3773 0
      vertex -2.5497 28.0821 0
    endloop
  endfacet
  facet normal -0.684593 0.728925 0
    outer loop
      vertex -2.5497 28.0821 0
      vertex -2.91587 27.7382 3
      vertex -2.5497 28.0821 3
    endloop
  endfacet
  facet normal -0.684593 0.728925 0
    outer loop
      vertex -2.91587 27.7382 3
      vertex -2.5497 28.0821 0
      vertex -2.91587 27.7382 0
    endloop
  endfacet
  facet normal -0.368093 0.929789 0
    outer loop
      vertex -1.23607 28.8042 0
      vertex -1.70312 28.6193 3
      vertex -1.23607 28.8042 3
    endloop
  endfacet
  facet normal -0.368093 0.929789 0
    outer loop
      vertex -1.70312 28.6193 3
      vertex -1.23607 28.8042 0
      vertex -1.70312 28.6193 0
    endloop
  endfacet
  facet normal -0.684593 -0.728925 0
    outer loop
      vertex -2.91587 22.2618 0
      vertex -2.5497 21.9179 3
      vertex -2.91587 22.2618 3
    endloop
  endfacet
  facet normal -0.684593 -0.728925 -0
    outer loop
      vertex -2.5497 21.9179 3
      vertex -2.91587 22.2618 0
      vertex -2.5497 21.9179 0
    endloop
  endfacet
  facet normal -0.770549 -0.63738 0
    outer loop
      vertex -2.91587 22.2618 0
      vertex -3.23607 22.6489 3
      vertex -3.23607 22.6489 0
    endloop
  endfacet
  facet normal -0.770549 -0.63738 0
    outer loop
      vertex -3.23607 22.6489 3
      vertex -2.91587 22.2618 0
      vertex -2.91587 22.2618 3
    endloop
  endfacet
  facet normal -0.904821 -0.425793 0
    outer loop
      vertex -3.50523 23.073 0
      vertex -3.71911 23.5275 3
      vertex -3.71911 23.5275 0
    endloop
  endfacet
  facet normal -0.904821 -0.425793 0
    outer loop
      vertex -3.71911 23.5275 3
      vertex -3.50523 23.073 0
      vertex -3.50523 23.073 3
    endloop
  endfacet
  facet normal -0.248646 -0.968594 0
    outer loop
      vertex -1.23607 21.1958 0
      vertex -0.749525 21.0709 3
      vertex -1.23607 21.1958 3
    endloop
  endfacet
  facet normal -0.248646 -0.968594 -0
    outer loop
      vertex -0.749525 21.0709 3
      vertex -1.23607 21.1958 0
      vertex -0.749525 21.0709 0
    endloop
  endfacet
  facet normal -0.125416 -0.992104 0
    outer loop
      vertex -0.749525 21.0709 0
      vertex -0.251162 21.0079 3
      vertex -0.749525 21.0709 3
    endloop
  endfacet
  facet normal -0.125416 -0.992104 -0
    outer loop
      vertex -0.251162 21.0079 3
      vertex -0.749525 21.0709 0
      vertex -0.251162 21.0079 0
    endloop
  endfacet
  facet normal -0.587708 -0.809073 0
    outer loop
      vertex -2.5497 21.9179 0
      vertex -2.14331 21.6227 3
      vertex -2.5497 21.9179 3
    endloop
  endfacet
  facet normal -0.587708 -0.809073 -0
    outer loop
      vertex -2.14331 21.6227 3
      vertex -2.5497 21.9179 0
      vertex -2.14331 21.6227 0
    endloop
  endfacet
  facet normal -0.844312 -0.535852 0
    outer loop
      vertex -3.23607 22.6489 0
      vertex -3.50523 23.073 3
      vertex -3.50523 23.073 0
    endloop
  endfacet
  facet normal -0.844312 -0.535852 0
    outer loop
      vertex -3.50523 23.073 3
      vertex -3.23607 22.6489 0
      vertex -3.23607 22.6489 3
    endloop
  endfacet
  facet normal -0.951053 -0.309028 0
    outer loop
      vertex -3.71911 23.5275 0
      vertex -3.87433 24.0052 3
      vertex -3.87433 24.0052 0
    endloop
  endfacet
  facet normal -0.951053 -0.309028 0
    outer loop
      vertex -3.87433 24.0052 3
      vertex -3.71911 23.5275 0
      vertex -3.71911 23.5275 3
    endloop
  endfacet
  facet normal -0.982291 -0.187362 0
    outer loop
      vertex -3.87433 24.0052 0
      vertex -3.96846 24.4987 3
      vertex -3.96846 24.4987 0
    endloop
  endfacet
  facet normal -0.982291 -0.187362 0
    outer loop
      vertex -3.96846 24.4987 3
      vertex -3.87433 24.0052 0
      vertex -3.87433 24.0052 3
    endloop
  endfacet
  facet normal -0.481759 -0.876304 0
    outer loop
      vertex -2.14331 21.6227 0
      vertex -1.70312 21.3807 3
      vertex -2.14331 21.6227 3
    endloop
  endfacet
  facet normal -0.481759 -0.876304 -0
    outer loop
      vertex -1.70312 21.3807 3
      vertex -2.14331 21.6227 0
      vertex -1.70312 21.3807 0
    endloop
  endfacet
  facet normal -0.368093 -0.929789 0
    outer loop
      vertex -1.70312 21.3807 0
      vertex -1.23607 21.1958 3
      vertex -1.70312 21.3807 3
    endloop
  endfacet
  facet normal -0.368093 -0.929789 -0
    outer loop
      vertex -1.23607 21.1958 3
      vertex -1.70312 21.3807 0
      vertex -1.23607 21.1958 0
    endloop
  endfacet
  facet normal 0 -1 0
    outer loop
      vertex -0.251162 21.0079 0
      vertex 0 21.0079 3
      vertex -0.251162 21.0079 3
    endloop
  endfacet
  facet normal 0 -1 -0
    outer loop
      vertex 0 21.0079 3
      vertex -0.251162 21.0079 0
      vertex 0 21.0079 0
    endloop
  endfacet
  facet normal 0.707107 0.707107 0
    outer loop
      vertex 50 45.5 5
      vertex 45.5 50 0
      vertex 45.5 50 5
    endloop
  endfacet
  facet normal 0.707107 0.707107 0
    outer loop
      vertex 45.5 50 0
      vertex 50 45.5 5
      vertex 50 45.5 0
    endloop
  endfacet
  facet normal -1 0 0
    outer loop
      vertex 0 45.5 0
      vertex 0 29.4911 3
      vertex 0 45.5 5
    endloop
  endfacet
  facet normal -1 0 0
    outer loop
      vertex 0 28.9921 0
      vertex 0 29.4911 3
      vertex 0 45.5 0
    endloop
  endfacet
  facet normal -1 -0 0
    outer loop
      vertex 0 29.4911 3
      vertex 0 28.9921 0
      vertex 0 28.9921 3
    endloop
  endfacet
  facet normal -1 -0 0
    outer loop
      vertex 0 45.5 5
      vertex 0 29.4911 3
      vertex 0 29.4911 5
    endloop
  endfacet
  facet normal -1 0 0
    outer loop
      vertex 0 21.0079 0
      vertex 0 20.5089 3
      vertex 0 21.0079 3
    endloop
  endfacet
  facet normal -1 0 0
    outer loop
      vertex 0 4.5 0
      vertex 0 20.5089 3
      vertex 0 21.0079 0
    endloop
  endfacet
  facet normal -1 0 0
    outer loop
      vertex 0 4.5 5
      vertex 0 20.5089 3
      vertex 0 4.5 0
    endloop
  endfacet
  facet normal -1 0 0
    outer loop
      vertex 0 20.5089 3
      vertex 0 4.5 5
      vertex 0 20.5089 5
    endloop
  endfacet
  facet normal 1 0 0
    outer loop
      vertex 50 29.4911 3
      vertex 50 45.5 5
      vertex 50 29.4911 5
    endloop
  endfacet
  facet normal 1 0 0
    outer loop
      vertex 50 45.5 5
      vertex 50 29.4911 3
      vertex 50 45.5 0
    endloop
  endfacet
  facet normal 1 0 0
    outer loop
      vertex 50 28.9921 0
      vertex 50 29.4911 3
      vertex 50 28.9921 3
    endloop
  endfacet
  facet normal 1 0 0
    outer loop
      vertex 50 29.4911 3
      vertex 50 28.9921 0
      vertex 50 45.5 0
    endloop
  endfacet
  facet normal 1 0 0
    outer loop
      vertex 50 20.5089 5
      vertex 50 4.5 5
      vertex 50 20.5089 3
    endloop
  endfacet
  facet normal 1 -0 0
    outer loop
      vertex 50 20.5089 3
      vertex 50 21.0079 0
      vertex 50 21.0079 3
    endloop
  endfacet
  facet normal 1 0 0
    outer loop
      vertex 50 4.5 0
      vertex 50 20.5089 3
      vertex 50 4.5 5
    endloop
  endfacet
  facet normal 1 0 0
    outer loop
      vertex 50 20.5089 3
      vertex 50 4.5 0
      vertex 50 21.0079 0
    endloop
  endfacet
  facet normal 0 1 0
    outer loop
      vertex 45.5 50 5
      vertex 29.5 50 3
      vertex 29.5 50 5
    endloop
  endfacet
  facet normal 0 1 -0
    outer loop
      vertex 45.5 50 0
      vertex 29.5 50 3
      vertex 45.5 50 5
    endloop
  endfacet
  facet normal 0 1 0
    outer loop
      vertex 29 50 0
      vertex 29.5 50 3
      vertex 45.5 50 0
    endloop
  endfacet
  facet normal 0 1 0
    outer loop
      vertex 29.5 50 3
      vertex 29 50 0
      vertex 29 50 3
    endloop
  endfacet
  facet normal 0 1 0
    outer loop
      vertex 21 50 3
      vertex 21 50 0
      vertex 20.5 50 3
    endloop
  endfacet
  facet normal 0 1 -0
    outer loop
      vertex 20.5 50 3
      vertex 4.5 50 5
      vertex 20.5 50 5
    endloop
  endfacet
  facet normal 0 1 0
    outer loop
      vertex 4.5 50 0
      vertex 20.5 50 3
      vertex 21 50 0
    endloop
  endfacet
  facet normal 0 1 0
    outer loop
      vertex 20.5 50 3
      vertex 4.5 50 0
      vertex 4.5 50 5
    endloop
  endfacet
  facet normal -0.707107 -0.707107 0
    outer loop
      vertex 4.5 0 0
      vertex 0 4.5 5
      vertex 0 4.5 0
    endloop
  endfacet
  facet normal -0.707107 -0.707107 0
    outer loop
      vertex 0 4.5 5
      vertex 4.5 0 0
      vertex 4.5 0 5
    endloop
  endfacet
  facet normal 0.707107 -0.707107 0
    outer loop
      vertex 45.5 0 5
      vertex 50 4.5 0
      vertex 50 4.5 5
    endloop
  endfacet
  facet normal 0.707107 -0.707107 0
    outer loop
      vertex 50 4.5 0
      vertex 45.5 0 5
      vertex 45.5 0 0
    endloop
  endfacet
  facet normal -0.707107 0.707107 0
    outer loop
      vertex 0 45.5 0
      vertex 4.5 50 5
      vertex 4.5 50 0
    endloop
  endfacet
  facet normal -0.707107 0.707107 0
    outer loop
      vertex 4.5 50 5
      vertex 0 45.5 0
      vertex 0 45.5 5
    endloop
  endfacet
  facet normal 0 -1 0
    outer loop
      vertex 29 0 3
      vertex 29 0 0
      vertex 29.5 0 3
    endloop
  endfacet
  facet normal 0 -1 0
    outer loop
      vertex 29.5 0 3
      vertex 45.5 0 5
      vertex 29.5 0 5
    endloop
  endfacet
  facet normal 0 -1 0
    outer loop
      vertex 45.5 0 0
      vertex 29.5 0 3
      vertex 29 0 0
    endloop
  endfacet
  facet normal 0 -1 0
    outer loop
      vertex 29.5 0 3
      vertex 45.5 0 0
      vertex 45.5 0 5
    endloop
  endfacet
  facet normal 0 -1 0
    outer loop
      vertex 4.5 0 5
      vertex 20.5 0 3
      vertex 20.5 0 5
    endloop
  endfacet
  facet normal 0 -1 0
    outer loop
      vertex 4.5 0 0
      vertex 20.5 0 3
      vertex 4.5 0 5
    endloop
  endfacet
  facet normal 0 -1 0
    outer loop
      vertex 21 0 0
      vertex 20.5 0 3
      vertex 4.5 0 0
    endloop
  endfacet
  facet normal 0 -1 0
    outer loop
      vertex 20.5 0 3
      vertex 21 0 0
      vertex 21 0 3
    endloop
  endfacet
  facet normal 0.982247 -0.187592 0
    outer loop
      vertex 37.9126 39.2005 5
      vertex 37.9503 39.3979 2.4
      vertex 37.9503 39.3979 5
    endloop
  endfacet
  facet normal 0.982247 -0.187592 0
    outer loop
      vertex 37.9503 39.3979 2.4
      vertex 37.9126 39.2005 5
      vertex 37.9126 39.2005 2.4
    endloop
  endfacet
  facet normal -0.770664 -0.637242 0
    outer loop
      vertex 40.7944 39.9405 2.4
      vertex 40.6664 40.0953 5
      vertex 40.6664 40.0953 2.4
    endloop
  endfacet
  facet normal -0.770664 -0.637242 0
    outer loop
      vertex 40.6664 40.0953 5
      vertex 40.7944 39.9405 2.4
      vertex 40.7944 39.9405 5
    endloop
  endfacet
  facet normal -0.248854 -0.968541 0
    outer loop
      vertex 39.7998 40.5717 2.4
      vertex 39.9944 40.5217 5
      vertex 39.7998 40.5717 5
    endloop
  endfacet
  facet normal -0.248854 -0.968541 -0
    outer loop
      vertex 39.9944 40.5217 5
      vertex 39.7998 40.5717 2.4
      vertex 39.9944 40.5217 2.4
    endloop
  endfacet
  facet normal 0.481709 -0.876331 0
    outer loop
      vertex 38.6427 40.3509 2.4
      vertex 38.8188 40.4477 5
      vertex 38.6427 40.3509 5
    endloop
  endfacet
  facet normal 0.481709 -0.876331 0
    outer loop
      vertex 38.8188 40.4477 5
      vertex 38.6427 40.3509 2.4
      vertex 38.8188 40.4477 2.4
    endloop
  endfacet
  facet normal 0.951045 -0.309052 0
    outer loop
      vertex 37.9503 39.3979 5
      vertex 38.0124 39.589 2.4
      vertex 38.0124 39.589 5
    endloop
  endfacet
  facet normal 0.951045 -0.309052 0
    outer loop
      vertex 38.0124 39.589 2.4
      vertex 37.9503 39.3979 5
      vertex 37.9503 39.3979 2.4
    endloop
  endfacet
  facet normal -0.982247 0.187592 0
    outer loop
      vertex 41.0497 38.6021 2.4
      vertex 41.0874 38.7995 5
      vertex 41.0874 38.7995 2.4
    endloop
  endfacet
  facet normal -0.982247 0.187592 0
    outer loop
      vertex 41.0874 38.7995 5
      vertex 41.0497 38.6021 2.4
      vertex 41.0497 38.6021 5
    endloop
  endfacet
  facet normal -0.481709 0.876331 0
    outer loop
      vertex 40.3573 37.6491 2.4
      vertex 40.1812 37.5523 5
      vertex 40.3573 37.6491 5
    endloop
  endfacet
  facet normal -0.481709 0.876331 0
    outer loop
      vertex 40.1812 37.5523 5
      vertex 40.3573 37.6491 2.4
      vertex 40.1812 37.5523 2.4
    endloop
  endfacet
  facet normal 0 -1 0
    outer loop
      vertex 39.3995 40.5968 2.4
      vertex 39.6005 40.5968 5
      vertex 39.3995 40.5968 5
    endloop
  endfacet
  facet normal 0 -1 -0
    outer loop
      vertex 39.6005 40.5968 5
      vertex 39.3995 40.5968 2.4
      vertex 39.6005 40.5968 2.4
    endloop
  endfacet
  facet normal 0.998031 0.0627192 0
    outer loop
      vertex 37.9126 38.7995 5
      vertex 37.9 39 2.4
      vertex 37.9 39 5
    endloop
  endfacet
  facet normal 0.998031 0.0627192 0
    outer loop
      vertex 37.9 39 2.4
      vertex 37.9126 38.7995 5
      vertex 37.9126 38.7995 2.4
    endloop
  endfacet
  facet normal 0.844316 -0.535845 0
    outer loop
      vertex 38.0979 39.7708 5
      vertex 38.2056 39.9405 2.4
      vertex 38.2056 39.9405 5
    endloop
  endfacet
  facet normal 0.844316 -0.535845 0
    outer loop
      vertex 38.2056 39.9405 2.4
      vertex 38.0979 39.7708 5
      vertex 38.0979 39.7708 2.4
    endloop
  endfacet
  facet normal 0.248854 -0.968541 0
    outer loop
      vertex 39.0056 40.5217 2.4
      vertex 39.2002 40.5717 5
      vertex 39.0056 40.5217 5
    endloop
  endfacet
  facet normal 0.248854 -0.968541 0
    outer loop
      vertex 39.2002 40.5717 5
      vertex 39.0056 40.5217 2.4
      vertex 39.2002 40.5717 2.4
    endloop
  endfacet
  facet normal 0.770664 -0.637242 0
    outer loop
      vertex 38.2056 39.9405 5
      vertex 38.3336 40.0953 2.4
      vertex 38.3336 40.0953 5
    endloop
  endfacet
  facet normal 0.770664 -0.637242 0
    outer loop
      vertex 38.3336 40.0953 2.4
      vertex 38.2056 39.9405 5
      vertex 38.2056 39.9405 2.4
    endloop
  endfacet
  facet normal -0.684355 0.729149 0
    outer loop
      vertex 40.6664 37.9047 2.4
      vertex 40.5199 37.7672 5
      vertex 40.6664 37.9047 5
    endloop
  endfacet
  facet normal -0.684355 0.729149 0
    outer loop
      vertex 40.5199 37.7672 5
      vertex 40.6664 37.9047 2.4
      vertex 40.5199 37.7672 2.4
    endloop
  endfacet
  facet normal -0.951045 0.309052 0
    outer loop
      vertex 40.9876 38.411 2.4
      vertex 41.0497 38.6021 5
      vertex 41.0497 38.6021 2.4
    endloop
  endfacet
  facet normal -0.951045 0.309052 0
    outer loop
      vertex 41.0497 38.6021 5
      vertex 40.9876 38.411 2.4
      vertex 40.9876 38.411 5
    endloop
  endfacet
  facet normal 0.124954 0.992163 -0
    outer loop
      vertex 39.3995 37.4032 2.4
      vertex 39.2002 37.4283 5
      vertex 39.3995 37.4032 5
    endloop
  endfacet
  facet normal 0.124954 0.992163 0
    outer loop
      vertex 39.2002 37.4283 5
      vertex 39.3995 37.4032 2.4
      vertex 39.2002 37.4283 2.4
    endloop
  endfacet
  facet normal -0.368299 0.929707 0
    outer loop
      vertex 40.1812 37.5523 2.4
      vertex 39.9944 37.4783 5
      vertex 40.1812 37.5523 5
    endloop
  endfacet
  facet normal -0.368299 0.929707 0
    outer loop
      vertex 39.9944 37.4783 5
      vertex 40.1812 37.5523 2.4
      vertex 39.9944 37.4783 2.4
    endloop
  endfacet
  facet normal -0.982247 -0.187592 0
    outer loop
      vertex 41.0874 39.2005 2.4
      vertex 41.0497 39.3979 5
      vertex 41.0497 39.3979 2.4
    endloop
  endfacet
  facet normal -0.982247 -0.187592 0
    outer loop
      vertex 41.0497 39.3979 5
      vertex 41.0874 39.2005 2.4
      vertex 41.0874 39.2005 5
    endloop
  endfacet
  facet normal -0.587669 -0.809102 0
    outer loop
      vertex 40.3573 40.3509 2.4
      vertex 40.5199 40.2328 5
      vertex 40.3573 40.3509 5
    endloop
  endfacet
  facet normal -0.587669 -0.809102 -0
    outer loop
      vertex 40.5199 40.2328 5
      vertex 40.3573 40.3509 2.4
      vertex 40.5199 40.2328 2.4
    endloop
  endfacet
  facet normal 0.124954 -0.992163 0
    outer loop
      vertex 39.2002 40.5717 2.4
      vertex 39.3995 40.5968 5
      vertex 39.2002 40.5717 5
    endloop
  endfacet
  facet normal 0.124954 -0.992163 0
    outer loop
      vertex 39.3995 40.5968 5
      vertex 39.2002 40.5717 2.4
      vertex 39.3995 40.5968 2.4
    endloop
  endfacet
  facet normal -0.124954 -0.992163 0
    outer loop
      vertex 39.6005 40.5968 2.4
      vertex 39.7998 40.5717 5
      vertex 39.6005 40.5968 5
    endloop
  endfacet
  facet normal -0.124954 -0.992163 -0
    outer loop
      vertex 39.7998 40.5717 5
      vertex 39.6005 40.5968 2.4
      vertex 39.7998 40.5717 2.4
    endloop
  endfacet
  facet normal -0.481709 -0.876331 0
    outer loop
      vertex 40.1812 40.4477 2.4
      vertex 40.3573 40.3509 5
      vertex 40.1812 40.4477 5
    endloop
  endfacet
  facet normal -0.481709 -0.876331 -0
    outer loop
      vertex 40.3573 40.3509 5
      vertex 40.1812 40.4477 2.4
      vertex 40.3573 40.3509 2.4
    endloop
  endfacet
  facet normal -0.368299 -0.929707 0
    outer loop
      vertex 39.9944 40.5217 2.4
      vertex 40.1812 40.4477 5
      vertex 39.9944 40.5217 5
    endloop
  endfacet
  facet normal -0.368299 -0.929707 -0
    outer loop
      vertex 40.1812 40.4477 5
      vertex 39.9944 40.5217 2.4
      vertex 40.1812 40.4477 2.4
    endloop
  endfacet
  facet normal 0.998031 -0.0627192 0
    outer loop
      vertex 37.9 39 5
      vertex 37.9126 39.2005 2.4
      vertex 37.9126 39.2005 5
    endloop
  endfacet
  facet normal 0.998031 -0.0627192 0
    outer loop
      vertex 37.9126 39.2005 2.4
      vertex 37.9 39 5
      vertex 37.9 39 2.4
    endloop
  endfacet
  facet normal 0.90492 -0.425581 0
    outer loop
      vertex 38.0124 39.589 5
      vertex 38.0979 39.7708 2.4
      vertex 38.0979 39.7708 5
    endloop
  endfacet
  facet normal 0.90492 -0.425581 0
    outer loop
      vertex 38.0979 39.7708 2.4
      vertex 38.0124 39.589 5
      vertex 38.0124 39.589 2.4
    endloop
  endfacet
  facet normal 0.368299 -0.929707 0
    outer loop
      vertex 38.8188 40.4477 2.4
      vertex 39.0056 40.5217 5
      vertex 38.8188 40.4477 5
    endloop
  endfacet
  facet normal 0.368299 -0.929707 0
    outer loop
      vertex 39.0056 40.5217 5
      vertex 38.8188 40.4477 2.4
      vertex 39.0056 40.5217 2.4
    endloop
  endfacet
  facet normal 0.587669 -0.809102 0
    outer loop
      vertex 38.4801 40.2328 2.4
      vertex 38.6427 40.3509 5
      vertex 38.4801 40.2328 5
    endloop
  endfacet
  facet normal 0.587669 -0.809102 0
    outer loop
      vertex 38.6427 40.3509 5
      vertex 38.4801 40.2328 2.4
      vertex 38.6427 40.3509 2.4
    endloop
  endfacet
  facet normal 0.684355 -0.729149 0
    outer loop
      vertex 38.3336 40.0953 2.4
      vertex 38.4801 40.2328 5
      vertex 38.3336 40.0953 5
    endloop
  endfacet
  facet normal 0.684355 -0.729149 0
    outer loop
      vertex 38.4801 40.2328 5
      vertex 38.3336 40.0953 2.4
      vertex 38.4801 40.2328 2.4
    endloop
  endfacet
  facet normal -0.998031 -0.0627192 0
    outer loop
      vertex 41.1 39 2.4
      vertex 41.0874 39.2005 5
      vertex 41.0874 39.2005 2.4
    endloop
  endfacet
  facet normal -0.998031 -0.0627192 0
    outer loop
      vertex 41.0874 39.2005 5
      vertex 41.1 39 2.4
      vertex 41.1 39 5
    endloop
  endfacet
  facet normal -0.844316 0.535845 0
    outer loop
      vertex 40.7944 38.0595 2.4
      vertex 40.9021 38.2292 5
      vertex 40.9021 38.2292 2.4
    endloop
  endfacet
  facet normal -0.844316 0.535845 0
    outer loop
      vertex 40.9021 38.2292 5
      vertex 40.7944 38.0595 2.4
      vertex 40.7944 38.0595 5
    endloop
  endfacet
  facet normal -0.90492 0.425581 0
    outer loop
      vertex 40.9021 38.2292 2.4
      vertex 40.9876 38.411 5
      vertex 40.9876 38.411 2.4
    endloop
  endfacet
  facet normal -0.90492 0.425581 0
    outer loop
      vertex 40.9876 38.411 5
      vertex 40.9021 38.2292 2.4
      vertex 40.9021 38.2292 5
    endloop
  endfacet
  facet normal 0.770664 0.637242 0
    outer loop
      vertex 38.3336 37.9047 5
      vertex 38.2056 38.0595 2.4
      vertex 38.2056 38.0595 5
    endloop
  endfacet
  facet normal 0.770664 0.637242 0
    outer loop
      vertex 38.2056 38.0595 2.4
      vertex 38.3336 37.9047 5
      vertex 38.3336 37.9047 2.4
    endloop
  endfacet
  facet normal -0.248854 0.968541 0
    outer loop
      vertex 39.9944 37.4783 2.4
      vertex 39.7998 37.4283 5
      vertex 39.9944 37.4783 5
    endloop
  endfacet
  facet normal -0.248854 0.968541 0
    outer loop
      vertex 39.7998 37.4283 5
      vertex 39.9944 37.4783 2.4
      vertex 39.7998 37.4283 2.4
    endloop
  endfacet
  facet normal -0.770664 0.637242 0
    outer loop
      vertex 40.6664 37.9047 2.4
      vertex 40.7944 38.0595 5
      vertex 40.7944 38.0595 2.4
    endloop
  endfacet
  facet normal -0.770664 0.637242 0
    outer loop
      vertex 40.7944 38.0595 5
      vertex 40.6664 37.9047 2.4
      vertex 40.6664 37.9047 5
    endloop
  endfacet
  facet normal -0.844316 -0.535845 0
    outer loop
      vertex 40.9021 39.7708 2.4
      vertex 40.7944 39.9405 5
      vertex 40.7944 39.9405 2.4
    endloop
  endfacet
  facet normal -0.844316 -0.535845 0
    outer loop
      vertex 40.7944 39.9405 5
      vertex 40.9021 39.7708 2.4
      vertex 40.9021 39.7708 5
    endloop
  endfacet
  facet normal -0.90492 -0.425581 0
    outer loop
      vertex 40.9876 39.589 2.4
      vertex 40.9021 39.7708 5
      vertex 40.9021 39.7708 2.4
    endloop
  endfacet
  facet normal -0.90492 -0.425581 0
    outer loop
      vertex 40.9021 39.7708 5
      vertex 40.9876 39.589 2.4
      vertex 40.9876 39.589 5
    endloop
  endfacet
  facet normal -0.951045 -0.309052 0
    outer loop
      vertex 41.0497 39.3979 2.4
      vertex 40.9876 39.589 5
      vertex 40.9876 39.589 2.4
    endloop
  endfacet
  facet normal -0.951045 -0.309052 0
    outer loop
      vertex 40.9876 39.589 5
      vertex 41.0497 39.3979 2.4
      vertex 41.0497 39.3979 5
    endloop
  endfacet
  facet normal -0.684355 -0.729149 0
    outer loop
      vertex 40.5199 40.2328 2.4
      vertex 40.6664 40.0953 5
      vertex 40.5199 40.2328 5
    endloop
  endfacet
  facet normal -0.684355 -0.729149 -0
    outer loop
      vertex 40.6664 40.0953 5
      vertex 40.5199 40.2328 2.4
      vertex 40.6664 40.0953 2.4
    endloop
  endfacet
  facet normal -0.998031 0.0627192 0
    outer loop
      vertex 41.0874 38.7995 2.4
      vertex 41.1 39 5
      vertex 41.1 39 2.4
    endloop
  endfacet
  facet normal -0.998031 0.0627192 0
    outer loop
      vertex 41.1 39 5
      vertex 41.0874 38.7995 2.4
      vertex 41.0874 38.7995 5
    endloop
  endfacet
  facet normal 0.248854 0.968541 -0
    outer loop
      vertex 39.2002 37.4283 2.4
      vertex 39.0056 37.4783 5
      vertex 39.2002 37.4283 5
    endloop
  endfacet
  facet normal 0.248854 0.968541 0
    outer loop
      vertex 39.0056 37.4783 5
      vertex 39.2002 37.4283 2.4
      vertex 39.0056 37.4783 2.4
    endloop
  endfacet
  facet normal 0 1 -0
    outer loop
      vertex 39.6005 37.4032 2.4
      vertex 39.3995 37.4032 5
      vertex 39.6005 37.4032 5
    endloop
  endfacet
  facet normal 0 1 0
    outer loop
      vertex 39.3995 37.4032 5
      vertex 39.6005 37.4032 2.4
      vertex 39.3995 37.4032 2.4
    endloop
  endfacet
  facet normal 0.982247 0.187592 0
    outer loop
      vertex 37.9503 38.6021 5
      vertex 37.9126 38.7995 2.4
      vertex 37.9126 38.7995 5
    endloop
  endfacet
  facet normal 0.982247 0.187592 0
    outer loop
      vertex 37.9126 38.7995 2.4
      vertex 37.9503 38.6021 5
      vertex 37.9503 38.6021 2.4
    endloop
  endfacet
  facet normal 0.844316 0.535845 0
    outer loop
      vertex 38.2056 38.0595 5
      vertex 38.0979 38.2292 2.4
      vertex 38.0979 38.2292 5
    endloop
  endfacet
  facet normal 0.844316 0.535845 0
    outer loop
      vertex 38.0979 38.2292 2.4
      vertex 38.2056 38.0595 5
      vertex 38.2056 38.0595 2.4
    endloop
  endfacet
  facet normal 0.90492 0.425581 0
    outer loop
      vertex 38.0979 38.2292 5
      vertex 38.0124 38.411 2.4
      vertex 38.0124 38.411 5
    endloop
  endfacet
  facet normal 0.90492 0.425581 0
    outer loop
      vertex 38.0124 38.411 2.4
      vertex 38.0979 38.2292 5
      vertex 38.0979 38.2292 2.4
    endloop
  endfacet
  facet normal 0.684355 0.729149 -0
    outer loop
      vertex 38.4801 37.7672 2.4
      vertex 38.3336 37.9047 5
      vertex 38.4801 37.7672 5
    endloop
  endfacet
  facet normal 0.684355 0.729149 0
    outer loop
      vertex 38.3336 37.9047 5
      vertex 38.4801 37.7672 2.4
      vertex 38.3336 37.9047 2.4
    endloop
  endfacet
  facet normal -0.587669 0.809102 0
    outer loop
      vertex 40.5199 37.7672 2.4
      vertex 40.3573 37.6491 5
      vertex 40.5199 37.7672 5
    endloop
  endfacet
  facet normal -0.587669 0.809102 0
    outer loop
      vertex 40.3573 37.6491 5
      vertex 40.5199 37.7672 2.4
      vertex 40.3573 37.6491 2.4
    endloop
  endfacet
  facet normal -0.124954 0.992163 0
    outer loop
      vertex 39.7998 37.4283 2.4
      vertex 39.6005 37.4032 5
      vertex 39.7998 37.4283 5
    endloop
  endfacet
  facet normal -0.124954 0.992163 0
    outer loop
      vertex 39.6005 37.4032 5
      vertex 39.7998 37.4283 2.4
      vertex 39.6005 37.4032 2.4
    endloop
  endfacet
  facet normal 0.951045 0.309052 0
    outer loop
      vertex 38.0124 38.411 5
      vertex 37.9503 38.6021 2.4
      vertex 37.9503 38.6021 5
    endloop
  endfacet
  facet normal 0.951045 0.309052 0
    outer loop
      vertex 37.9503 38.6021 2.4
      vertex 38.0124 38.411 5
      vertex 38.0124 38.411 2.4
    endloop
  endfacet
  facet normal 0.587669 0.809102 -0
    outer loop
      vertex 38.6427 37.6491 2.4
      vertex 38.4801 37.7672 5
      vertex 38.6427 37.6491 5
    endloop
  endfacet
  facet normal 0.587669 0.809102 0
    outer loop
      vertex 38.4801 37.7672 5
      vertex 38.6427 37.6491 2.4
      vertex 38.4801 37.7672 2.4
    endloop
  endfacet
  facet normal 0.481709 0.876331 -0
    outer loop
      vertex 38.8188 37.5523 2.4
      vertex 38.6427 37.6491 5
      vertex 38.8188 37.5523 5
    endloop
  endfacet
  facet normal 0.481709 0.876331 0
    outer loop
      vertex 38.6427 37.6491 5
      vertex 38.8188 37.5523 2.4
      vertex 38.6427 37.6491 2.4
    endloop
  endfacet
  facet normal 0.368299 0.929707 -0
    outer loop
      vertex 39.0056 37.4783 2.4
      vertex 38.8188 37.5523 5
      vertex 39.0056 37.4783 5
    endloop
  endfacet
  facet normal 0.368299 0.929707 0
    outer loop
      vertex 38.8188 37.5523 5
      vertex 39.0056 37.4783 2.4
      vertex 38.8188 37.5523 2.4
    endloop
  endfacet
  facet normal -0.866027 -0.499998 0
    outer loop
      vertex 42.8254 39 0
      vertex 41.1627 41.8799 2.4
      vertex 41.1627 41.8799 0
    endloop
  endfacet
  facet normal -0.866027 -0.499998 0
    outer loop
      vertex 41.1627 41.8799 2.4
      vertex 42.8254 39 0
      vertex 42.8254 39 2.4
    endloop
  endfacet
  facet normal 0 -1 0
    outer loop
      vertex 37.8373 41.8799 0
      vertex 41.1627 41.8799 2.4
      vertex 37.8373 41.8799 2.4
    endloop
  endfacet
  facet normal 0 -1 -0
    outer loop
      vertex 41.1627 41.8799 2.4
      vertex 37.8373 41.8799 0
      vertex 41.1627 41.8799 0
    endloop
  endfacet
  facet normal 0 1 -0
    outer loop
      vertex 41.1627 36.1201 0
      vertex 37.8373 36.1201 2.4
      vertex 41.1627 36.1201 2.4
    endloop
  endfacet
  facet normal 0 1 0
    outer loop
      vertex 37.8373 36.1201 2.4
      vertex 41.1627 36.1201 0
      vertex 37.8373 36.1201 0
    endloop
  endfacet
  facet normal 0 0 -1
    outer loop
      vertex 40.9021 38.2292 2.4
      vertex 42.8254 39 2.4
      vertex 41.1627 36.1201 2.4
    endloop
  endfacet
  facet normal 0 0 -1
    outer loop
      vertex 41.0874 39.2005 2.4
      vertex 42.8254 39 2.4
      vertex 41.1 39 2.4
    endloop
  endfacet
  facet normal -0 0 -1
    outer loop
      vertex 42.8254 39 2.4
      vertex 41.0874 38.7995 2.4
      vertex 41.1 39 2.4
    endloop
  endfacet
  facet normal 0 0 -1
    outer loop
      vertex 42.8254 39 2.4
      vertex 41.0497 38.6021 2.4
      vertex 41.0874 38.7995 2.4
    endloop
  endfacet
  facet normal 0 0 -1
    outer loop
      vertex 42.8254 39 2.4
      vertex 40.9876 38.411 2.4
      vertex 41.0497 38.6021 2.4
    endloop
  endfacet
  facet normal 0 0 -1
    outer loop
      vertex 42.8254 39 2.4
      vertex 40.9021 38.2292 2.4
      vertex 40.9876 38.411 2.4
    endloop
  endfacet
  facet normal 0 0 -1
    outer loop
      vertex 41.1627 36.1201 2.4
      vertex 40.7944 38.0595 2.4
      vertex 40.9021 38.2292 2.4
    endloop
  endfacet
  facet normal 0 0 -1
    outer loop
      vertex 41.1627 36.1201 2.4
      vertex 40.6664 37.9047 2.4
      vertex 40.7944 38.0595 2.4
    endloop
  endfacet
  facet normal 0 0 -1
    outer loop
      vertex 41.1627 36.1201 2.4
      vertex 40.5199 37.7672 2.4
      vertex 40.6664 37.9047 2.4
    endloop
  endfacet
  facet normal 0 0 -1
    outer loop
      vertex 41.1627 36.1201 2.4
      vertex 40.3573 37.6491 2.4
      vertex 40.5199 37.7672 2.4
    endloop
  endfacet
  facet normal 0 0 -1
    outer loop
      vertex 41.1627 36.1201 2.4
      vertex 40.1812 37.5523 2.4
      vertex 40.3573 37.6491 2.4
    endloop
  endfacet
  facet normal 0 0 -1
    outer loop
      vertex 41.1627 36.1201 2.4
      vertex 39.9944 37.4783 2.4
      vertex 40.1812 37.5523 2.4
    endloop
  endfacet
  facet normal 0 0 -1
    outer loop
      vertex 41.1627 36.1201 2.4
      vertex 39.7998 37.4283 2.4
      vertex 39.9944 37.4783 2.4
    endloop
  endfacet
  facet normal 0 0 -1
    outer loop
      vertex 41.1627 36.1201 2.4
      vertex 39.6005 37.4032 2.4
      vertex 39.7998 37.4283 2.4
    endloop
  endfacet
  facet normal 0 0 -1
    outer loop
      vertex 41.1627 36.1201 2.4
      vertex 39.3995 37.4032 2.4
      vertex 39.6005 37.4032 2.4
    endloop
  endfacet
  facet normal 0 0 -1
    outer loop
      vertex 37.8373 36.1201 2.4
      vertex 39.3995 37.4032 2.4
      vertex 41.1627 36.1201 2.4
    endloop
  endfacet
  facet normal -0 0 -1
    outer loop
      vertex 39.3995 37.4032 2.4
      vertex 37.8373 36.1201 2.4
      vertex 39.2002 37.4283 2.4
    endloop
  endfacet
  facet normal -0 0 -1
    outer loop
      vertex 39.2002 37.4283 2.4
      vertex 37.8373 36.1201 2.4
      vertex 39.0056 37.4783 2.4
    endloop
  endfacet
  facet normal -0 0 -1
    outer loop
      vertex 39.0056 37.4783 2.4
      vertex 37.8373 36.1201 2.4
      vertex 38.8188 37.5523 2.4
    endloop
  endfacet
  facet normal 0 0 -1
    outer loop
      vertex 37.9503 38.6021 2.4
      vertex 36.1746 39 2.4
      vertex 37.9126 38.7995 2.4
    endloop
  endfacet
  facet normal 0 0 -1
    outer loop
      vertex 38.0124 38.411 2.4
      vertex 36.1746 39 2.4
      vertex 37.9503 38.6021 2.4
    endloop
  endfacet
  facet normal 0 0 -1
    outer loop
      vertex 38.0979 38.2292 2.4
      vertex 36.1746 39 2.4
      vertex 38.0124 38.411 2.4
    endloop
  endfacet
  facet normal 0 0 -1
    outer loop
      vertex 36.1746 39 2.4
      vertex 38.0979 38.2292 2.4
      vertex 37.8373 36.1201 2.4
    endloop
  endfacet
  facet normal -0 0 -1
    outer loop
      vertex 38.2056 38.0595 2.4
      vertex 37.8373 36.1201 2.4
      vertex 38.0979 38.2292 2.4
    endloop
  endfacet
  facet normal -0 0 -1
    outer loop
      vertex 38.3336 37.9047 2.4
      vertex 37.8373 36.1201 2.4
      vertex 38.2056 38.0595 2.4
    endloop
  endfacet
  facet normal -0 0 -1
    outer loop
      vertex 38.4801 37.7672 2.4
      vertex 37.8373 36.1201 2.4
      vertex 38.3336 37.9047 2.4
    endloop
  endfacet
  facet normal -0 0 -1
    outer loop
      vertex 38.6427 37.6491 2.4
      vertex 37.8373 36.1201 2.4
      vertex 38.4801 37.7672 2.4
    endloop
  endfacet
  facet normal -0 0 -1
    outer loop
      vertex 38.8188 37.5523 2.4
      vertex 37.8373 36.1201 2.4
      vertex 38.6427 37.6491 2.4
    endloop
  endfacet
  facet normal 0 0 -1
    outer loop
      vertex 41.0497 39.3979 2.4
      vertex 42.8254 39 2.4
      vertex 41.0874 39.2005 2.4
    endloop
  endfacet
  facet normal 0 0 -1
    outer loop
      vertex 40.9876 39.589 2.4
      vertex 42.8254 39 2.4
      vertex 41.0497 39.3979 2.4
    endloop
  endfacet
  facet normal 0 0 -1
    outer loop
      vertex 40.9021 39.7708 2.4
      vertex 42.8254 39 2.4
      vertex 40.9876 39.589 2.4
    endloop
  endfacet
  facet normal 0 0 -1
    outer loop
      vertex 42.8254 39 2.4
      vertex 40.9021 39.7708 2.4
      vertex 41.1627 41.8799 2.4
    endloop
  endfacet
  facet normal 0 0 -1
    outer loop
      vertex 40.7944 39.9405 2.4
      vertex 41.1627 41.8799 2.4
      vertex 40.9021 39.7708 2.4
    endloop
  endfacet
  facet normal 0 0 -1
    outer loop
      vertex 40.6664 40.0953 2.4
      vertex 41.1627 41.8799 2.4
      vertex 40.7944 39.9405 2.4
    endloop
  endfacet
  facet normal 0 0 -1
    outer loop
      vertex 40.5199 40.2328 2.4
      vertex 41.1627 41.8799 2.4
      vertex 40.6664 40.0953 2.4
    endloop
  endfacet
  facet normal 0 0 -1
    outer loop
      vertex 40.3573 40.3509 2.4
      vertex 41.1627 41.8799 2.4
      vertex 40.5199 40.2328 2.4
    endloop
  endfacet
  facet normal 0 0 -1
    outer loop
      vertex 40.1812 40.4477 2.4
      vertex 41.1627 41.8799 2.4
      vertex 40.3573 40.3509 2.4
    endloop
  endfacet
  facet normal 0 0 -1
    outer loop
      vertex 39.9944 40.5217 2.4
      vertex 41.1627 41.8799 2.4
      vertex 40.1812 40.4477 2.4
    endloop
  endfacet
  facet normal 0 0 -1
    outer loop
      vertex 39.7998 40.5717 2.4
      vertex 41.1627 41.8799 2.4
      vertex 39.9944 40.5217 2.4
    endloop
  endfacet
  facet normal 0 0 -1
    outer loop
      vertex 39.6005 40.5968 2.4
      vertex 41.1627 41.8799 2.4
      vertex 39.7998 40.5717 2.4
    endloop
  endfacet
  facet normal 0 0 -1
    outer loop
      vertex 39.3995 40.5968 2.4
      vertex 41.1627 41.8799 2.4
      vertex 39.6005 40.5968 2.4
    endloop
  endfacet
  facet normal 0 0 -1
    outer loop
      vertex 37.8373 41.8799 2.4
      vertex 39.3995 40.5968 2.4
      vertex 39.2002 40.5717 2.4
    endloop
  endfacet
  facet normal 0 0 -1
    outer loop
      vertex 37.8373 41.8799 2.4
      vertex 39.2002 40.5717 2.4
      vertex 39.0056 40.5217 2.4
    endloop
  endfacet
  facet normal 0 0 -1
    outer loop
      vertex 37.8373 41.8799 2.4
      vertex 39.0056 40.5217 2.4
      vertex 38.8188 40.4477 2.4
    endloop
  endfacet
  facet normal 0 0 -1
    outer loop
      vertex 37.8373 41.8799 2.4
      vertex 38.8188 40.4477 2.4
      vertex 38.6427 40.3509 2.4
    endloop
  endfacet
  facet normal 0 0 -1
    outer loop
      vertex 39.3995 40.5968 2.4
      vertex 37.8373 41.8799 2.4
      vertex 41.1627 41.8799 2.4
    endloop
  endfacet
  facet normal 0 0 -1
    outer loop
      vertex 38.4801 40.2328 2.4
      vertex 37.8373 41.8799 2.4
      vertex 38.6427 40.3509 2.4
    endloop
  endfacet
  facet normal 0 0 -1
    outer loop
      vertex 38.3336 40.0953 2.4
      vertex 37.8373 41.8799 2.4
      vertex 38.4801 40.2328 2.4
    endloop
  endfacet
  facet normal 0 0 -1
    outer loop
      vertex 38.2056 39.9405 2.4
      vertex 37.8373 41.8799 2.4
      vertex 38.3336 40.0953 2.4
    endloop
  endfacet
  facet normal 0 0 -1
    outer loop
      vertex 38.0979 39.7708 2.4
      vertex 37.8373 41.8799 2.4
      vertex 38.2056 39.9405 2.4
    endloop
  endfacet
  facet normal 0 0 -1
    outer loop
      vertex 36.1746 39 2.4
      vertex 38.0979 39.7708 2.4
      vertex 38.0124 39.589 2.4
    endloop
  endfacet
  facet normal 0 0 -1
    outer loop
      vertex 36.1746 39 2.4
      vertex 38.0124 39.589 2.4
      vertex 37.9503 39.3979 2.4
    endloop
  endfacet
  facet normal 0 0 -1
    outer loop
      vertex 36.1746 39 2.4
      vertex 37.9503 39.3979 2.4
      vertex 37.9126 39.2005 2.4
    endloop
  endfacet
  facet normal 0 0 -1
    outer loop
      vertex 36.1746 39 2.4
      vertex 37.9126 39.2005 2.4
      vertex 37.9 39 2.4
    endloop
  endfacet
  facet normal 0 0 -1
    outer loop
      vertex 37.9126 38.7995 2.4
      vertex 36.1746 39 2.4
      vertex 37.9 39 2.4
    endloop
  endfacet
  facet normal -0 0 -1
    outer loop
      vertex 38.0979 39.7708 2.4
      vertex 36.1746 39 2.4
      vertex 37.8373 41.8799 2.4
    endloop
  endfacet
  facet normal 0.866027 -0.499998 0
    outer loop
      vertex 36.1746 39 2.4
      vertex 37.8373 41.8799 0
      vertex 37.8373 41.8799 2.4
    endloop
  endfacet
  facet normal 0.866027 -0.499998 0
    outer loop
      vertex 37.8373 41.8799 0
      vertex 36.1746 39 2.4
      vertex 36.1746 39 0
    endloop
  endfacet
  facet normal -0.866027 0.499998 0
    outer loop
      vertex 41.1627 36.1201 0
      vertex 42.8254 39 2.4
      vertex 42.8254 39 0
    endloop
  endfacet
  facet normal -0.866027 0.499998 0
    outer loop
      vertex 42.8254 39 2.4
      vertex 41.1627 36.1201 0
      vertex 41.1627 36.1201 2.4
    endloop
  endfacet
  facet normal 0.866027 0.499998 0
    outer loop
      vertex 37.8373 36.1201 2.4
      vertex 36.1746 39 0
      vertex 36.1746 39 2.4
    endloop
  endfacet
  facet normal 0.866027 0.499998 0
    outer loop
      vertex 36.1746 39 0
      vertex 37.8373 36.1201 2.4
      vertex 37.8373 36.1201 0
    endloop
  endfacet
  facet normal -0.770664 -0.637242 0
    outer loop
      vertex 40.2944 11.4405 2.4
      vertex 40.1664 11.5953 5
      vertex 40.1664 11.5953 2.4
    endloop
  endfacet
  facet normal -0.770664 -0.637242 0
    outer loop
      vertex 40.1664 11.5953 5
      vertex 40.2944 11.4405 2.4
      vertex 40.2944 11.4405 5
    endloop
  endfacet
  facet normal -0.248854 -0.968541 0
    outer loop
      vertex 39.2998 12.0717 2.4
      vertex 39.4944 12.0217 5
      vertex 39.2998 12.0717 5
    endloop
  endfacet
  facet normal -0.248854 -0.968541 -0
    outer loop
      vertex 39.4944 12.0217 5
      vertex 39.2998 12.0717 2.4
      vertex 39.4944 12.0217 2.4
    endloop
  endfacet
  facet normal 0.481709 -0.876331 0
    outer loop
      vertex 38.1427 11.8509 2.4
      vertex 38.3188 11.9477 5
      vertex 38.1427 11.8509 5
    endloop
  endfacet
  facet normal 0.481709 -0.876331 0
    outer loop
      vertex 38.3188 11.9477 5
      vertex 38.1427 11.8509 2.4
      vertex 38.3188 11.9477 2.4
    endloop
  endfacet
  facet normal 0.951045 -0.309052 0
    outer loop
      vertex 37.4503 10.8979 5
      vertex 37.5124 11.089 2.4
      vertex 37.5124 11.089 5
    endloop
  endfacet
  facet normal 0.951045 -0.309052 0
    outer loop
      vertex 37.5124 11.089 2.4
      vertex 37.4503 10.8979 5
      vertex 37.4503 10.8979 2.4
    endloop
  endfacet
  facet normal -0.982247 0.187592 0
    outer loop
      vertex 40.5497 10.1021 2.4
      vertex 40.5874 10.2995 5
      vertex 40.5874 10.2995 2.4
    endloop
  endfacet
  facet normal -0.982247 0.187592 0
    outer loop
      vertex 40.5874 10.2995 5
      vertex 40.5497 10.1021 2.4
      vertex 40.5497 10.1021 5
    endloop
  endfacet
  facet normal -0.368299 -0.929707 0
    outer loop
      vertex 39.4944 12.0217 2.4
      vertex 39.6812 11.9477 5
      vertex 39.4944 12.0217 5
    endloop
  endfacet
  facet normal -0.368299 -0.929707 -0
    outer loop
      vertex 39.6812 11.9477 5
      vertex 39.4944 12.0217 2.4
      vertex 39.6812 11.9477 2.4
    endloop
  endfacet
  facet normal 0.998031 -0.0627192 0
    outer loop
      vertex 37.4 10.5 5
      vertex 37.4126 10.7005 2.4
      vertex 37.4126 10.7005 5
    endloop
  endfacet
  facet normal 0.998031 -0.0627192 0
    outer loop
      vertex 37.4126 10.7005 2.4
      vertex 37.4 10.5 5
      vertex 37.4 10.5 2.4
    endloop
  endfacet
  facet normal 0.844316 -0.535845 0
    outer loop
      vertex 37.5979 11.2708 5
      vertex 37.7056 11.4405 2.4
      vertex 37.7056 11.4405 5
    endloop
  endfacet
  facet normal 0.844316 -0.535845 0
    outer loop
      vertex 37.7056 11.4405 2.4
      vertex 37.5979 11.2708 5
      vertex 37.5979 11.2708 2.4
    endloop
  endfacet
  facet normal 0.248854 -0.968541 0
    outer loop
      vertex 38.5056 12.0217 2.4
      vertex 38.7002 12.0717 5
      vertex 38.5056 12.0217 5
    endloop
  endfacet
  facet normal 0.248854 -0.968541 0
    outer loop
      vertex 38.7002 12.0717 5
      vertex 38.5056 12.0217 2.4
      vertex 38.7002 12.0717 2.4
    endloop
  endfacet
  facet normal 0.770664 -0.637242 0
    outer loop
      vertex 37.7056 11.4405 5
      vertex 37.8336 11.5953 2.4
      vertex 37.8336 11.5953 5
    endloop
  endfacet
  facet normal 0.770664 -0.637242 0
    outer loop
      vertex 37.8336 11.5953 2.4
      vertex 37.7056 11.4405 5
      vertex 37.7056 11.4405 2.4
    endloop
  endfacet
  facet normal -0.998031 0.0627192 0
    outer loop
      vertex 40.5874 10.2995 2.4
      vertex 40.6 10.5 5
      vertex 40.6 10.5 2.4
    endloop
  endfacet
  facet normal -0.998031 0.0627192 0
    outer loop
      vertex 40.6 10.5 5
      vertex 40.5874 10.2995 2.4
      vertex 40.5874 10.2995 5
    endloop
  endfacet
  facet normal -0.951045 0.309052 0
    outer loop
      vertex 40.4876 9.911 2.4
      vertex 40.5497 10.1021 5
      vertex 40.5497 10.1021 2.4
    endloop
  endfacet
  facet normal -0.951045 0.309052 0
    outer loop
      vertex 40.5497 10.1021 5
      vertex 40.4876 9.911 2.4
      vertex 40.4876 9.911 5
    endloop
  endfacet
  facet normal -0.587701 0.809078 0
    outer loop
      vertex 40.0199 9.26718 2.4
      vertex 39.8573 9.14907 5
      vertex 40.0199 9.26718 5
    endloop
  endfacet
  facet normal -0.587701 0.809078 0
    outer loop
      vertex 39.8573 9.14907 5
      vertex 40.0199 9.26718 2.4
      vertex 39.8573 9.14907 2.4
    endloop
  endfacet
  facet normal -0.982247 -0.187592 0
    outer loop
      vertex 40.5874 10.7005 2.4
      vertex 40.5497 10.8979 5
      vertex 40.5497 10.8979 2.4
    endloop
  endfacet
  facet normal -0.982247 -0.187592 0
    outer loop
      vertex 40.5497 10.8979 5
      vertex 40.5874 10.7005 2.4
      vertex 40.5874 10.7005 5
    endloop
  endfacet
  facet normal -0.587669 -0.809102 0
    outer loop
      vertex 39.8573 11.8509 2.4
      vertex 40.0199 11.7328 5
      vertex 39.8573 11.8509 5
    endloop
  endfacet
  facet normal -0.587669 -0.809102 -0
    outer loop
      vertex 40.0199 11.7328 5
      vertex 39.8573 11.8509 2.4
      vertex 40.0199 11.7328 2.4
    endloop
  endfacet
  facet normal 0.124954 -0.992163 0
    outer loop
      vertex 38.7002 12.0717 2.4
      vertex 38.8995 12.0968 5
      vertex 38.7002 12.0717 5
    endloop
  endfacet
  facet normal 0.124954 -0.992163 0
    outer loop
      vertex 38.8995 12.0968 5
      vertex 38.7002 12.0717 2.4
      vertex 38.8995 12.0968 2.4
    endloop
  endfacet
  facet normal -0.124954 -0.992163 0
    outer loop
      vertex 39.1005 12.0968 2.4
      vertex 39.2998 12.0717 5
      vertex 39.1005 12.0968 5
    endloop
  endfacet
  facet normal -0.124954 -0.992163 -0
    outer loop
      vertex 39.2998 12.0717 5
      vertex 39.1005 12.0968 2.4
      vertex 39.2998 12.0717 2.4
    endloop
  endfacet
  facet normal -0.481709 -0.876331 0
    outer loop
      vertex 39.6812 11.9477 2.4
      vertex 39.8573 11.8509 5
      vertex 39.6812 11.9477 5
    endloop
  endfacet
  facet normal -0.481709 -0.876331 -0
    outer loop
      vertex 39.8573 11.8509 5
      vertex 39.6812 11.9477 2.4
      vertex 39.8573 11.8509 2.4
    endloop
  endfacet
  facet normal 0.998031 0.0627192 0
    outer loop
      vertex 37.4126 10.2995 5
      vertex 37.4 10.5 2.4
      vertex 37.4 10.5 5
    endloop
  endfacet
  facet normal 0.998031 0.0627192 0
    outer loop
      vertex 37.4 10.5 2.4
      vertex 37.4126 10.2995 5
      vertex 37.4126 10.2995 2.4
    endloop
  endfacet
  facet normal 0.982247 -0.187592 0
    outer loop
      vertex 37.4126 10.7005 5
      vertex 37.4503 10.8979 2.4
      vertex 37.4503 10.8979 5
    endloop
  endfacet
  facet normal 0.982247 -0.187592 0
    outer loop
      vertex 37.4503 10.8979 2.4
      vertex 37.4126 10.7005 5
      vertex 37.4126 10.7005 2.4
    endloop
  endfacet
  facet normal 0.90492 -0.425581 0
    outer loop
      vertex 37.5124 11.089 5
      vertex 37.5979 11.2708 2.4
      vertex 37.5979 11.2708 5
    endloop
  endfacet
  facet normal 0.90492 -0.425581 0
    outer loop
      vertex 37.5979 11.2708 2.4
      vertex 37.5124 11.089 5
      vertex 37.5124 11.089 2.4
    endloop
  endfacet
  facet normal 0.368299 -0.929707 0
    outer loop
      vertex 38.3188 11.9477 2.4
      vertex 38.5056 12.0217 5
      vertex 38.3188 11.9477 5
    endloop
  endfacet
  facet normal 0.368299 -0.929707 0
    outer loop
      vertex 38.5056 12.0217 5
      vertex 38.3188 11.9477 2.4
      vertex 38.5056 12.0217 2.4
    endloop
  endfacet
  facet normal 0.684355 -0.729149 0
    outer loop
      vertex 37.8336 11.5953 2.4
      vertex 37.9801 11.7328 5
      vertex 37.8336 11.5953 5
    endloop
  endfacet
  facet normal 0.684355 -0.729149 0
    outer loop
      vertex 37.9801 11.7328 5
      vertex 37.8336 11.5953 2.4
      vertex 37.9801 11.7328 2.4
    endloop
  endfacet
  facet normal 0.587669 -0.809102 0
    outer loop
      vertex 37.9801 11.7328 2.4
      vertex 38.1427 11.8509 5
      vertex 37.9801 11.7328 5
    endloop
  endfacet
  facet normal 0.587669 -0.809102 0
    outer loop
      vertex 38.1427 11.8509 5
      vertex 37.9801 11.7328 2.4
      vertex 38.1427 11.8509 2.4
    endloop
  endfacet
  facet normal -0.998031 -0.0627192 0
    outer loop
      vertex 40.6 10.5 2.4
      vertex 40.5874 10.7005 5
      vertex 40.5874 10.7005 2.4
    endloop
  endfacet
  facet normal -0.998031 -0.0627192 0
    outer loop
      vertex 40.5874 10.7005 5
      vertex 40.6 10.5 2.4
      vertex 40.6 10.5 5
    endloop
  endfacet
  facet normal -0.844245 0.535957 0
    outer loop
      vertex 40.2944 9.55954 2.4
      vertex 40.4021 9.72919 5
      vertex 40.4021 9.72919 2.4
    endloop
  endfacet
  facet normal -0.844245 0.535957 0
    outer loop
      vertex 40.4021 9.72919 5
      vertex 40.2944 9.55954 2.4
      vertex 40.2944 9.55954 5
    endloop
  endfacet
  facet normal -0.248714 0.968577 0
    outer loop
      vertex 39.4944 8.97831 2.4
      vertex 39.2998 8.92834 5
      vertex 39.4944 8.97831 5
    endloop
  endfacet
  facet normal -0.248714 0.968577 0
    outer loop
      vertex 39.2998 8.92834 5
      vertex 39.4944 8.97831 2.4
      vertex 39.2998 8.92834 2.4
    endloop
  endfacet
  facet normal -0.844316 -0.535845 0
    outer loop
      vertex 40.4021 11.2708 2.4
      vertex 40.2944 11.4405 5
      vertex 40.2944 11.4405 2.4
    endloop
  endfacet
  facet normal -0.844316 -0.535845 0
    outer loop
      vertex 40.2944 11.4405 5
      vertex 40.4021 11.2708 2.4
      vertex 40.4021 11.2708 5
    endloop
  endfacet
  facet normal -0.90492 -0.425581 0
    outer loop
      vertex 40.4876 11.089 2.4
      vertex 40.4021 11.2708 5
      vertex 40.4021 11.2708 2.4
    endloop
  endfacet
  facet normal -0.90492 -0.425581 0
    outer loop
      vertex 40.4021 11.2708 5
      vertex 40.4876 11.089 2.4
      vertex 40.4876 11.089 5
    endloop
  endfacet
  facet normal -0.951045 -0.309052 0
    outer loop
      vertex 40.5497 10.8979 2.4
      vertex 40.4876 11.089 5
      vertex 40.4876 11.089 2.4
    endloop
  endfacet
  facet normal -0.951045 -0.309052 0
    outer loop
      vertex 40.4876 11.089 5
      vertex 40.5497 10.8979 2.4
      vertex 40.5497 10.8979 5
    endloop
  endfacet
  facet normal -0.684355 -0.729149 0
    outer loop
      vertex 40.0199 11.7328 2.4
      vertex 40.1664 11.5953 5
      vertex 40.0199 11.7328 5
    endloop
  endfacet
  facet normal -0.684355 -0.729149 -0
    outer loop
      vertex 40.1664 11.5953 5
      vertex 40.0199 11.7328 2.4
      vertex 40.1664 11.5953 2.4
    endloop
  endfacet
  facet normal 0 -1 0
    outer loop
      vertex 38.8995 12.0968 2.4
      vertex 39.1005 12.0968 5
      vertex 38.8995 12.0968 5
    endloop
  endfacet
  facet normal 0 -1 -0
    outer loop
      vertex 39.1005 12.0968 5
      vertex 38.8995 12.0968 2.4
      vertex 39.1005 12.0968 2.4
    endloop
  endfacet
  facet normal -0.904929 0.425562 0
    outer loop
      vertex 40.4021 9.72919 2.4
      vertex 40.4876 9.911 5
      vertex 40.4876 9.911 2.4
    endloop
  endfacet
  facet normal -0.904929 0.425562 0
    outer loop
      vertex 40.4876 9.911 5
      vertex 40.4021 9.72919 2.4
      vertex 40.4021 9.72919 5
    endloop
  endfacet
  facet normal 0.125346 0.992113 -0
    outer loop
      vertex 38.8995 8.90316 2.4
      vertex 38.7002 8.92834 5
      vertex 38.8995 8.90316 5
    endloop
  endfacet
  facet normal 0.125346 0.992113 0
    outer loop
      vertex 38.7002 8.92834 5
      vertex 38.8995 8.90316 2.4
      vertex 38.7002 8.92834 2.4
    endloop
  endfacet
  facet normal 0.982247 0.187592 0
    outer loop
      vertex 37.4503 10.1021 5
      vertex 37.4126 10.2995 2.4
      vertex 37.4126 10.2995 5
    endloop
  endfacet
  facet normal 0.982247 0.187592 0
    outer loop
      vertex 37.4126 10.2995 2.4
      vertex 37.4503 10.1021 5
      vertex 37.4503 10.1021 2.4
    endloop
  endfacet
  facet normal 0.951045 0.309052 0
    outer loop
      vertex 37.5124 9.911 5
      vertex 37.4503 10.1021 2.4
      vertex 37.4503 10.1021 5
    endloop
  endfacet
  facet normal 0.951045 0.309052 0
    outer loop
      vertex 37.4503 10.1021 2.4
      vertex 37.5124 9.911 5
      vertex 37.5124 9.911 2.4
    endloop
  endfacet
  facet normal 0.770705 0.637193 0
    outer loop
      vertex 37.8336 9.40472 5
      vertex 37.7056 9.55954 2.4
      vertex 37.7056 9.55954 5
    endloop
  endfacet
  facet normal 0.770705 0.637193 0
    outer loop
      vertex 37.7056 9.55954 2.4
      vertex 37.8336 9.40472 5
      vertex 37.8336 9.40472 2.4
    endloop
  endfacet
  facet normal 0.844245 0.535957 0
    outer loop
      vertex 37.7056 9.55954 5
      vertex 37.5979 9.72919 2.4
      vertex 37.5979 9.72919 5
    endloop
  endfacet
  facet normal 0.844245 0.535957 0
    outer loop
      vertex 37.5979 9.72919 2.4
      vertex 37.7056 9.55954 5
      vertex 37.7056 9.55954 2.4
    endloop
  endfacet
  facet normal -0.48167 0.876352 0
    outer loop
      vertex 39.8573 9.14907 2.4
      vertex 39.6812 9.05228 5
      vertex 39.8573 9.14907 5
    endloop
  endfacet
  facet normal -0.48167 0.876352 0
    outer loop
      vertex 39.6812 9.05228 5
      vertex 39.8573 9.14907 2.4
      vertex 39.6812 9.05228 2.4
    endloop
  endfacet
  facet normal -0.36817 0.929758 0
    outer loop
      vertex 39.6812 9.05228 2.4
      vertex 39.4944 8.97831 5
      vertex 39.6812 9.05228 5
    endloop
  endfacet
  facet normal -0.36817 0.929758 0
    outer loop
      vertex 39.4944 8.97831 5
      vertex 39.6812 9.05228 2.4
      vertex 39.4944 8.97831 2.4
    endloop
  endfacet
  facet normal -0.770705 0.637193 0
    outer loop
      vertex 40.1664 9.40472 2.4
      vertex 40.2944 9.55954 5
      vertex 40.2944 9.55954 2.4
    endloop
  endfacet
  facet normal -0.770705 0.637193 0
    outer loop
      vertex 40.2944 9.55954 5
      vertex 40.1664 9.40472 2.4
      vertex 40.1664 9.40472 5
    endloop
  endfacet
  facet normal 0.248714 0.968577 -0
    outer loop
      vertex 38.7002 8.92834 2.4
      vertex 38.5056 8.97831 5
      vertex 38.7002 8.92834 5
    endloop
  endfacet
  facet normal 0.248714 0.968577 0
    outer loop
      vertex 38.5056 8.97831 5
      vertex 38.7002 8.92834 2.4
      vertex 38.5056 8.97831 2.4
    endloop
  endfacet
  facet normal -0.125346 0.992113 0
    outer loop
      vertex 39.2998 8.92834 2.4
      vertex 39.1005 8.90316 5
      vertex 39.2998 8.92834 5
    endloop
  endfacet
  facet normal -0.125346 0.992113 0
    outer loop
      vertex 39.1005 8.90316 5
      vertex 39.2998 8.92834 2.4
      vertex 39.1005 8.90316 2.4
    endloop
  endfacet
  facet normal 0.684461 0.72905 -0
    outer loop
      vertex 37.9801 9.26718 2.4
      vertex 37.8336 9.40472 5
      vertex 37.9801 9.26718 5
    endloop
  endfacet
  facet normal 0.684461 0.72905 0
    outer loop
      vertex 37.8336 9.40472 5
      vertex 37.9801 9.26718 2.4
      vertex 37.8336 9.40472 2.4
    endloop
  endfacet
  facet normal 0.587701 0.809078 -0
    outer loop
      vertex 38.1427 9.14907 2.4
      vertex 37.9801 9.26718 5
      vertex 38.1427 9.14907 5
    endloop
  endfacet
  facet normal 0.587701 0.809078 0
    outer loop
      vertex 37.9801 9.26718 5
      vertex 38.1427 9.14907 2.4
      vertex 37.9801 9.26718 2.4
    endloop
  endfacet
  facet normal -0.684461 0.72905 0
    outer loop
      vertex 40.1664 9.40472 2.4
      vertex 40.0199 9.26718 5
      vertex 40.1664 9.40472 5
    endloop
  endfacet
  facet normal -0.684461 0.72905 0
    outer loop
      vertex 40.0199 9.26718 5
      vertex 40.1664 9.40472 2.4
      vertex 40.0199 9.26718 2.4
    endloop
  endfacet
  facet normal 0 1 -0
    outer loop
      vertex 39.1005 8.90316 2.4
      vertex 38.8995 8.90316 5
      vertex 39.1005 8.90316 5
    endloop
  endfacet
  facet normal 0 1 0
    outer loop
      vertex 38.8995 8.90316 5
      vertex 39.1005 8.90316 2.4
      vertex 38.8995 8.90316 2.4
    endloop
  endfacet
  facet normal 0.904929 0.425562 0
    outer loop
      vertex 37.5979 9.72919 5
      vertex 37.5124 9.911 2.4
      vertex 37.5124 9.911 5
    endloop
  endfacet
  facet normal 0.904929 0.425562 0
    outer loop
      vertex 37.5124 9.911 2.4
      vertex 37.5979 9.72919 5
      vertex 37.5979 9.72919 2.4
    endloop
  endfacet
  facet normal 0.36817 0.929758 -0
    outer loop
      vertex 38.5056 8.97831 2.4
      vertex 38.3188 9.05228 5
      vertex 38.5056 8.97831 5
    endloop
  endfacet
  facet normal 0.36817 0.929758 0
    outer loop
      vertex 38.3188 9.05228 5
      vertex 38.5056 8.97831 2.4
      vertex 38.3188 9.05228 2.4
    endloop
  endfacet
  facet normal 0.48167 0.876352 -0
    outer loop
      vertex 38.3188 9.05228 2.4
      vertex 38.1427 9.14907 5
      vertex 38.3188 9.05228 5
    endloop
  endfacet
  facet normal 0.48167 0.876352 0
    outer loop
      vertex 38.1427 9.14907 5
      vertex 38.3188 9.05228 2.4
      vertex 38.1427 9.14907 2.4
    endloop
  endfacet
  facet normal -0.866027 -0.499998 0
    outer loop
      vertex 42.3254 10.5 0
      vertex 40.6627 13.3799 2.4
      vertex 40.6627 13.3799 0
    endloop
  endfacet
  facet normal -0.866027 -0.499998 0
    outer loop
      vertex 40.6627 13.3799 2.4
      vertex 42.3254 10.5 0
      vertex 42.3254 10.5 2.4
    endloop
  endfacet
  facet normal 0 -1 0
    outer loop
      vertex 37.3373 13.3799 0
      vertex 40.6627 13.3799 2.4
      vertex 37.3373 13.3799 2.4
    endloop
  endfacet
  facet normal 0 -1 -0
    outer loop
      vertex 40.6627 13.3799 2.4
      vertex 37.3373 13.3799 0
      vertex 40.6627 13.3799 0
    endloop
  endfacet
  facet normal 0 1 -0
    outer loop
      vertex 40.6627 7.6201 0
      vertex 37.3373 7.6201 2.4
      vertex 40.6627 7.6201 2.4
    endloop
  endfacet
  facet normal 0 1 0
    outer loop
      vertex 37.3373 7.6201 2.4
      vertex 40.6627 7.6201 0
      vertex 37.3373 7.6201 0
    endloop
  endfacet
  facet normal 0 0 -1
    outer loop
      vertex 40.4021 9.72919 2.4
      vertex 42.3254 10.5 2.4
      vertex 40.6627 7.6201 2.4
    endloop
  endfacet
  facet normal 0 0 -1
    outer loop
      vertex 40.5874 10.7005 2.4
      vertex 42.3254 10.5 2.4
      vertex 40.6 10.5 2.4
    endloop
  endfacet
  facet normal -0 0 -1
    outer loop
      vertex 42.3254 10.5 2.4
      vertex 40.5874 10.2995 2.4
      vertex 40.6 10.5 2.4
    endloop
  endfacet
  facet normal 0 0 -1
    outer loop
      vertex 42.3254 10.5 2.4
      vertex 40.5497 10.1021 2.4
      vertex 40.5874 10.2995 2.4
    endloop
  endfacet
  facet normal 0 0 -1
    outer loop
      vertex 42.3254 10.5 2.4
      vertex 40.4876 9.911 2.4
      vertex 40.5497 10.1021 2.4
    endloop
  endfacet
  facet normal 0 0 -1
    outer loop
      vertex 42.3254 10.5 2.4
      vertex 40.4021 9.72919 2.4
      vertex 40.4876 9.911 2.4
    endloop
  endfacet
  facet normal 0 0 -1
    outer loop
      vertex 40.6627 7.6201 2.4
      vertex 40.2944 9.55954 2.4
      vertex 40.4021 9.72919 2.4
    endloop
  endfacet
  facet normal 0 0 -1
    outer loop
      vertex 40.6627 7.6201 2.4
      vertex 40.1664 9.40472 2.4
      vertex 40.2944 9.55954 2.4
    endloop
  endfacet
  facet normal 0 0 -1
    outer loop
      vertex 40.6627 7.6201 2.4
      vertex 40.0199 9.26718 2.4
      vertex 40.1664 9.40472 2.4
    endloop
  endfacet
  facet normal 0 0 -1
    outer loop
      vertex 40.6627 7.6201 2.4
      vertex 39.8573 9.14907 2.4
      vertex 40.0199 9.26718 2.4
    endloop
  endfacet
  facet normal 0 0 -1
    outer loop
      vertex 40.6627 7.6201 2.4
      vertex 39.6812 9.05228 2.4
      vertex 39.8573 9.14907 2.4
    endloop
  endfacet
  facet normal 0 0 -1
    outer loop
      vertex 40.6627 7.6201 2.4
      vertex 39.4944 8.97831 2.4
      vertex 39.6812 9.05228 2.4
    endloop
  endfacet
  facet normal 0 0 -1
    outer loop
      vertex 40.6627 7.6201 2.4
      vertex 39.2998 8.92834 2.4
      vertex 39.4944 8.97831 2.4
    endloop
  endfacet
  facet normal 0 0 -1
    outer loop
      vertex 40.6627 7.6201 2.4
      vertex 39.1005 8.90316 2.4
      vertex 39.2998 8.92834 2.4
    endloop
  endfacet
  facet normal 0 0 -1
    outer loop
      vertex 40.6627 7.6201 2.4
      vertex 38.8995 8.90316 2.4
      vertex 39.1005 8.90316 2.4
    endloop
  endfacet
  facet normal 0 0 -1
    outer loop
      vertex 37.3373 7.6201 2.4
      vertex 38.8995 8.90316 2.4
      vertex 40.6627 7.6201 2.4
    endloop
  endfacet
  facet normal -0 0 -1
    outer loop
      vertex 38.8995 8.90316 2.4
      vertex 37.3373 7.6201 2.4
      vertex 38.7002 8.92834 2.4
    endloop
  endfacet
  facet normal -0 0 -1
    outer loop
      vertex 38.7002 8.92834 2.4
      vertex 37.3373 7.6201 2.4
      vertex 38.5056 8.97831 2.4
    endloop
  endfacet
  facet normal -0 0 -1
    outer loop
      vertex 38.5056 8.97831 2.4
      vertex 37.3373 7.6201 2.4
      vertex 38.3188 9.05228 2.4
    endloop
  endfacet
  facet normal 0 0 -1
    outer loop
      vertex 37.4503 10.1021 2.4
      vertex 35.6746 10.5 2.4
      vertex 37.4126 10.2995 2.4
    endloop
  endfacet
  facet normal 0 0 -1
    outer loop
      vertex 37.5124 9.911 2.4
      vertex 35.6746 10.5 2.4
      vertex 37.4503 10.1021 2.4
    endloop
  endfacet
  facet normal 0 0 -1
    outer loop
      vertex 37.5979 9.72919 2.4
      vertex 35.6746 10.5 2.4
      vertex 37.5124 9.911 2.4
    endloop
  endfacet
  facet normal 0 0 -1
    outer loop
      vertex 35.6746 10.5 2.4
      vertex 37.5979 9.72919 2.4
      vertex 37.3373 7.6201 2.4
    endloop
  endfacet
  facet normal -0 0 -1
    outer loop
      vertex 37.7056 9.55954 2.4
      vertex 37.3373 7.6201 2.4
      vertex 37.5979 9.72919 2.4
    endloop
  endfacet
  facet normal -0 0 -1
    outer loop
      vertex 37.8336 9.40472 2.4
      vertex 37.3373 7.6201 2.4
      vertex 37.7056 9.55954 2.4
    endloop
  endfacet
  facet normal -0 0 -1
    outer loop
      vertex 37.9801 9.26718 2.4
      vertex 37.3373 7.6201 2.4
      vertex 37.8336 9.40472 2.4
    endloop
  endfacet
  facet normal -0 0 -1
    outer loop
      vertex 38.1427 9.14907 2.4
      vertex 37.3373 7.6201 2.4
      vertex 37.9801 9.26718 2.4
    endloop
  endfacet
  facet normal -0 0 -1
    outer loop
      vertex 38.3188 9.05228 2.4
      vertex 37.3373 7.6201 2.4
      vertex 38.1427 9.14907 2.4
    endloop
  endfacet
  facet normal 0 0 -1
    outer loop
      vertex 40.5497 10.8979 2.4
      vertex 42.3254 10.5 2.4
      vertex 40.5874 10.7005 2.4
    endloop
  endfacet
  facet normal 0 0 -1
    outer loop
      vertex 40.4876 11.089 2.4
      vertex 42.3254 10.5 2.4
      vertex 40.5497 10.8979 2.4
    endloop
  endfacet
  facet normal 0 0 -1
    outer loop
      vertex 40.4021 11.2708 2.4
      vertex 42.3254 10.5 2.4
      vertex 40.4876 11.089 2.4
    endloop
  endfacet
  facet normal 0 0 -1
    outer loop
      vertex 42.3254 10.5 2.4
      vertex 40.4021 11.2708 2.4
      vertex 40.6627 13.3799 2.4
    endloop
  endfacet
  facet normal 0 0 -1
    outer loop
      vertex 40.2944 11.4405 2.4
      vertex 40.6627 13.3799 2.4
      vertex 40.4021 11.2708 2.4
    endloop
  endfacet
  facet normal 0 0 -1
    outer loop
      vertex 40.1664 11.5953 2.4
      vertex 40.6627 13.3799 2.4
      vertex 40.2944 11.4405 2.4
    endloop
  endfacet
  facet normal 0 0 -1
    outer loop
      vertex 40.0199 11.7328 2.4
      vertex 40.6627 13.3799 2.4
      vertex 40.1664 11.5953 2.4
    endloop
  endfacet
  facet normal 0 0 -1
    outer loop
      vertex 39.8573 11.8509 2.4
      vertex 40.6627 13.3799 2.4
      vertex 40.0199 11.7328 2.4
    endloop
  endfacet
  facet normal 0 0 -1
    outer loop
      vertex 39.6812 11.9477 2.4
      vertex 40.6627 13.3799 2.4
      vertex 39.8573 11.8509 2.4
    endloop
  endfacet
  facet normal 0 0 -1
    outer loop
      vertex 39.4944 12.0217 2.4
      vertex 40.6627 13.3799 2.4
      vertex 39.6812 11.9477 2.4
    endloop
  endfacet
  facet normal 0 0 -1
    outer loop
      vertex 39.2998 12.0717 2.4
      vertex 40.6627 13.3799 2.4
      vertex 39.4944 12.0217 2.4
    endloop
  endfacet
  facet normal 0 0 -1
    outer loop
      vertex 39.1005 12.0968 2.4
      vertex 40.6627 13.3799 2.4
      vertex 39.2998 12.0717 2.4
    endloop
  endfacet
  facet normal 0 0 -1
    outer loop
      vertex 38.8995 12.0968 2.4
      vertex 40.6627 13.3799 2.4
      vertex 39.1005 12.0968 2.4
    endloop
  endfacet
  facet normal 0 0 -1
    outer loop
      vertex 37.3373 13.3799 2.4
      vertex 38.8995 12.0968 2.4
      vertex 38.7002 12.0717 2.4
    endloop
  endfacet
  facet normal 0 0 -1
    outer loop
      vertex 37.3373 13.3799 2.4
      vertex 38.7002 12.0717 2.4
      vertex 38.5056 12.0217 2.4
    endloop
  endfacet
  facet normal 0 0 -1
    outer loop
      vertex 37.3373 13.3799 2.4
      vertex 38.5056 12.0217 2.4
      vertex 38.3188 11.9477 2.4
    endloop
  endfacet
  facet normal 0 0 -1
    outer loop
      vertex 37.3373 13.3799 2.4
      vertex 38.3188 11.9477 2.4
      vertex 38.1427 11.8509 2.4
    endloop
  endfacet
  facet normal 0 0 -1
    outer loop
      vertex 38.8995 12.0968 2.4
      vertex 37.3373 13.3799 2.4
      vertex 40.6627 13.3799 2.4
    endloop
  endfacet
  facet normal 0 0 -1
    outer loop
      vertex 37.9801 11.7328 2.4
      vertex 37.3373 13.3799 2.4
      vertex 38.1427 11.8509 2.4
    endloop
  endfacet
  facet normal 0 0 -1
    outer loop
      vertex 37.8336 11.5953 2.4
      vertex 37.3373 13.3799 2.4
      vertex 37.9801 11.7328 2.4
    endloop
  endfacet
  facet normal 0 0 -1
    outer loop
      vertex 37.7056 11.4405 2.4
      vertex 37.3373 13.3799 2.4
      vertex 37.8336 11.5953 2.4
    endloop
  endfacet
  facet normal 0 0 -1
    outer loop
      vertex 37.5979 11.2708 2.4
      vertex 37.3373 13.3799 2.4
      vertex 37.7056 11.4405 2.4
    endloop
  endfacet
  facet normal 0 0 -1
    outer loop
      vertex 35.6746 10.5 2.4
      vertex 37.5979 11.2708 2.4
      vertex 37.5124 11.089 2.4
    endloop
  endfacet
  facet normal 0 0 -1
    outer loop
      vertex 35.6746 10.5 2.4
      vertex 37.5124 11.089 2.4
      vertex 37.4503 10.8979 2.4
    endloop
  endfacet
  facet normal 0 0 -1
    outer loop
      vertex 35.6746 10.5 2.4
      vertex 37.4503 10.8979 2.4
      vertex 37.4126 10.7005 2.4
    endloop
  endfacet
  facet normal 0 0 -1
    outer loop
      vertex 35.6746 10.5 2.4
      vertex 37.4126 10.7005 2.4
      vertex 37.4 10.5 2.4
    endloop
  endfacet
  facet normal 0 0 -1
    outer loop
      vertex 37.4126 10.2995 2.4
      vertex 35.6746 10.5 2.4
      vertex 37.4 10.5 2.4
    endloop
  endfacet
  facet normal -0 0 -1
    outer loop
      vertex 37.5979 11.2708 2.4
      vertex 35.6746 10.5 2.4
      vertex 37.3373 13.3799 2.4
    endloop
  endfacet
  facet normal 0.866027 -0.499998 0
    outer loop
      vertex 35.6746 10.5 2.4
      vertex 37.3373 13.3799 0
      vertex 37.3373 13.3799 2.4
    endloop
  endfacet
  facet normal 0.866027 -0.499998 0
    outer loop
      vertex 37.3373 13.3799 0
      vertex 35.6746 10.5 2.4
      vertex 35.6746 10.5 0
    endloop
  endfacet
  facet normal -0.866027 0.499998 0
    outer loop
      vertex 40.6627 7.6201 0
      vertex 42.3254 10.5 2.4
      vertex 42.3254 10.5 0
    endloop
  endfacet
  facet normal -0.866027 0.499998 0
    outer loop
      vertex 42.3254 10.5 2.4
      vertex 40.6627 7.6201 0
      vertex 40.6627 7.6201 2.4
    endloop
  endfacet
  facet normal 0.866027 0.499998 0
    outer loop
      vertex 37.3373 7.6201 2.4
      vertex 35.6746 10.5 0
      vertex 35.6746 10.5 2.4
    endloop
  endfacet
  facet normal 0.866027 0.499998 0
    outer loop
      vertex 35.6746 10.5 0
      vertex 37.3373 7.6201 2.4
      vertex 37.3373 7.6201 0
    endloop
  endfacet
  facet normal -0.77042 -0.637537 0
    outer loop
      vertex 11.7944 11.9405 2.4
      vertex 11.6663 12.0953 5
      vertex 11.6663 12.0953 2.4
    endloop
  endfacet
  facet normal -0.77042 -0.637537 0
    outer loop
      vertex 11.6663 12.0953 5
      vertex 11.7944 11.9405 2.4
      vertex 11.7944 11.9405 5
    endloop
  endfacet
  facet normal -0.248854 -0.968541 0
    outer loop
      vertex 10.7998 12.5717 2.4
      vertex 10.9944 12.5217 5
      vertex 10.7998 12.5717 5
    endloop
  endfacet
  facet normal -0.248854 -0.968541 -0
    outer loop
      vertex 10.9944 12.5217 5
      vertex 10.7998 12.5717 2.4
      vertex 10.9944 12.5217 2.4
    endloop
  endfacet
  facet normal 0.481772 -0.876297 0
    outer loop
      vertex 9.64268 12.3509 2.4
      vertex 9.81875 12.4477 5
      vertex 9.64268 12.3509 5
    endloop
  endfacet
  facet normal 0.481772 -0.876297 0
    outer loop
      vertex 9.81875 12.4477 5
      vertex 9.64268 12.3509 2.4
      vertex 9.81875 12.4477 2.4
    endloop
  endfacet
  facet normal 0.95106 -0.309007 0
    outer loop
      vertex 8.95027 11.3979 5
      vertex 9.01236 11.589 2.4
      vertex 9.01236 11.589 5
    endloop
  endfacet
  facet normal 0.95106 -0.309007 0
    outer loop
      vertex 9.01236 11.589 2.4
      vertex 8.95027 11.3979 5
      vertex 8.95027 11.3979 2.4
    endloop
  endfacet
  facet normal -0.982247 0.187592 0
    outer loop
      vertex 12.0497 10.6021 2.4
      vertex 12.0874 10.7995 5
      vertex 12.0874 10.7995 2.4
    endloop
  endfacet
  facet normal -0.982247 0.187592 0
    outer loop
      vertex 12.0874 10.7995 5
      vertex 12.0497 10.6021 2.4
      vertex 12.0497 10.6021 5
    endloop
  endfacet
  facet normal 0 -1 0
    outer loop
      vertex 10.3995 12.5968 2.4
      vertex 10.6005 12.5968 5
      vertex 10.3995 12.5968 5
    endloop
  endfacet
  facet normal 0 -1 -0
    outer loop
      vertex 10.6005 12.5968 5
      vertex 10.3995 12.5968 2.4
      vertex 10.6005 12.5968 2.4
    endloop
  endfacet
  facet normal -0.368299 -0.929707 0
    outer loop
      vertex 10.9944 12.5217 2.4
      vertex 11.1812 12.4477 5
      vertex 10.9944 12.5217 5
    endloop
  endfacet
  facet normal -0.368299 -0.929707 -0
    outer loop
      vertex 11.1812 12.4477 5
      vertex 10.9944 12.5217 2.4
      vertex 11.1812 12.4477 2.4
    endloop
  endfacet
  facet normal 0.998025 -0.0628183 0
    outer loop
      vertex 8.9 11 5
      vertex 8.91262 11.2005 2.4
      vertex 8.91262 11.2005 5
    endloop
  endfacet
  facet normal 0.998025 -0.0628183 0
    outer loop
      vertex 8.91262 11.2005 2.4
      vertex 8.9 11 5
      vertex 8.9 11 2.4
    endloop
  endfacet
  facet normal 0.844406 -0.535703 0
    outer loop
      vertex 9.09791 11.7708 5
      vertex 9.20557 11.9405 2.4
      vertex 9.20557 11.9405 5
    endloop
  endfacet
  facet normal 0.844406 -0.535703 0
    outer loop
      vertex 9.20557 11.9405 2.4
      vertex 9.09791 11.7708 5
      vertex 9.09791 11.7708 2.4
    endloop
  endfacet
  facet normal 0.248854 -0.968541 0
    outer loop
      vertex 10.0056 12.5217 2.4
      vertex 10.2002 12.5717 5
      vertex 10.0056 12.5217 5
    endloop
  endfacet
  facet normal 0.248854 -0.968541 0
    outer loop
      vertex 10.2002 12.5717 5
      vertex 10.0056 12.5217 2.4
      vertex 10.2002 12.5717 2.4
    endloop
  endfacet
  facet normal 0.770468 -0.637478 0
    outer loop
      vertex 9.20557 11.9405 5
      vertex 9.33365 12.0953 2.4
      vertex 9.33365 12.0953 5
    endloop
  endfacet
  facet normal 0.770468 -0.637478 0
    outer loop
      vertex 9.33365 12.0953 2.4
      vertex 9.20557 11.9405 5
      vertex 9.20557 11.9405 2.4
    endloop
  endfacet
  facet normal -0.998031 0.0627192 0
    outer loop
      vertex 12.0874 10.7995 2.4
      vertex 12.1 11 5
      vertex 12.1 11 2.4
    endloop
  endfacet
  facet normal -0.998031 0.0627192 0
    outer loop
      vertex 12.1 11 5
      vertex 12.0874 10.7995 2.4
      vertex 12.0874 10.7995 5
    endloop
  endfacet
  facet normal -0.951045 0.309052 0
    outer loop
      vertex 11.9876 10.411 2.4
      vertex 12.0497 10.6021 5
      vertex 12.0497 10.6021 2.4
    endloop
  endfacet
  facet normal -0.951045 0.309052 0
    outer loop
      vertex 12.0497 10.6021 5
      vertex 11.9876 10.411 2.4
      vertex 11.9876 10.411 5
    endloop
  endfacet
  facet normal -0.587701 0.809078 0
    outer loop
      vertex 11.5199 9.76718 2.4
      vertex 11.3573 9.64907 5
      vertex 11.5199 9.76718 5
    endloop
  endfacet
  facet normal -0.587701 0.809078 0
    outer loop
      vertex 11.3573 9.64907 5
      vertex 11.5199 9.76718 2.4
      vertex 11.3573 9.64907 2.4
    endloop
  endfacet
  facet normal -0.587669 -0.809102 0
    outer loop
      vertex 11.3573 12.3509 2.4
      vertex 11.5199 12.2328 5
      vertex 11.3573 12.3509 5
    endloop
  endfacet
  facet normal -0.587669 -0.809102 -0
    outer loop
      vertex 11.5199 12.2328 5
      vertex 11.3573 12.3509 2.4
      vertex 11.5199 12.2328 2.4
    endloop
  endfacet
  facet normal -0.684603 -0.728916 0
    outer loop
      vertex 11.5199 12.2328 2.4
      vertex 11.6663 12.0953 5
      vertex 11.5199 12.2328 5
    endloop
  endfacet
  facet normal -0.684603 -0.728916 -0
    outer loop
      vertex 11.6663 12.0953 5
      vertex 11.5199 12.2328 2.4
      vertex 11.6663 12.0953 2.4
    endloop
  endfacet
  facet normal 0.124954 -0.992163 0
    outer loop
      vertex 10.2002 12.5717 2.4
      vertex 10.3995 12.5968 5
      vertex 10.2002 12.5717 5
    endloop
  endfacet
  facet normal 0.124954 -0.992163 0
    outer loop
      vertex 10.3995 12.5968 5
      vertex 10.2002 12.5717 2.4
      vertex 10.3995 12.5968 2.4
    endloop
  endfacet
  facet normal -0.124954 -0.992163 0
    outer loop
      vertex 10.6005 12.5968 2.4
      vertex 10.7998 12.5717 5
      vertex 10.6005 12.5968 5
    endloop
  endfacet
  facet normal -0.124954 -0.992163 -0
    outer loop
      vertex 10.7998 12.5717 5
      vertex 10.6005 12.5968 2.4
      vertex 10.7998 12.5717 2.4
    endloop
  endfacet
  facet normal -0.481709 -0.876331 0
    outer loop
      vertex 11.1812 12.4477 2.4
      vertex 11.3573 12.3509 5
      vertex 11.1812 12.4477 5
    endloop
  endfacet
  facet normal -0.481709 -0.876331 -0
    outer loop
      vertex 11.3573 12.3509 5
      vertex 11.1812 12.4477 2.4
      vertex 11.3573 12.3509 2.4
    endloop
  endfacet
  facet normal 0.998025 0.0628183 0
    outer loop
      vertex 8.91262 10.7995 5
      vertex 8.9 11 2.4
      vertex 8.9 11 5
    endloop
  endfacet
  facet normal 0.998025 0.0628183 0
    outer loop
      vertex 8.9 11 2.4
      vertex 8.91262 10.7995 5
      vertex 8.91262 10.7995 2.4
    endloop
  endfacet
  facet normal 0.982293 -0.187352 0
    outer loop
      vertex 8.91262 11.2005 5
      vertex 8.95027 11.3979 2.4
      vertex 8.95027 11.3979 5
    endloop
  endfacet
  facet normal 0.982293 -0.187352 0
    outer loop
      vertex 8.95027 11.3979 2.4
      vertex 8.91262 11.2005 5
      vertex 8.91262 11.2005 2.4
    endloop
  endfacet
  facet normal 0.904824 -0.425785 0
    outer loop
      vertex 9.01236 11.589 5
      vertex 9.09791 11.7708 2.4
      vertex 9.09791 11.7708 5
    endloop
  endfacet
  facet normal 0.904824 -0.425785 0
    outer loop
      vertex 9.09791 11.7708 2.4
      vertex 9.01236 11.589 5
      vertex 9.01236 11.589 2.4
    endloop
  endfacet
  facet normal 0.368214 -0.929741 0
    outer loop
      vertex 9.81875 12.4477 2.4
      vertex 10.0056 12.5217 5
      vertex 9.81875 12.4477 5
    endloop
  endfacet
  facet normal 0.368214 -0.929741 0
    outer loop
      vertex 10.0056 12.5217 5
      vertex 9.81875 12.4477 2.4
      vertex 10.0056 12.5217 2.4
    endloop
  endfacet
  facet normal 0.684429 -0.729079 0
    outer loop
      vertex 9.33365 12.0953 2.4
      vertex 9.48012 12.2328 5
      vertex 9.33365 12.0953 5
    endloop
  endfacet
  facet normal 0.684429 -0.729079 0
    outer loop
      vertex 9.48012 12.2328 5
      vertex 9.33365 12.0953 2.4
      vertex 9.48012 12.2328 2.4
    endloop
  endfacet
  facet normal 0.587763 -0.809033 0
    outer loop
      vertex 9.48012 12.2328 2.4
      vertex 9.64268 12.3509 5
      vertex 9.48012 12.2328 5
    endloop
  endfacet
  facet normal 0.587763 -0.809033 0
    outer loop
      vertex 9.64268 12.3509 5
      vertex 9.48012 12.2328 2.4
      vertex 9.64268 12.3509 2.4
    endloop
  endfacet
  facet normal -0.998031 -0.0627192 0
    outer loop
      vertex 12.1 11 2.4
      vertex 12.0874 11.2005 5
      vertex 12.0874 11.2005 2.4
    endloop
  endfacet
  facet normal -0.998031 -0.0627192 0
    outer loop
      vertex 12.0874 11.2005 5
      vertex 12.1 11 2.4
      vertex 12.1 11 5
    endloop
  endfacet
  facet normal -0.844316 0.535845 0
    outer loop
      vertex 11.7944 10.0595 2.4
      vertex 11.9021 10.2292 5
      vertex 11.9021 10.2292 2.4
    endloop
  endfacet
  facet normal -0.844316 0.535845 0
    outer loop
      vertex 11.9021 10.2292 5
      vertex 11.7944 10.0595 2.4
      vertex 11.7944 10.0595 5
    endloop
  endfacet
  facet normal -0.248714 0.968577 0
    outer loop
      vertex 10.9944 9.47831 2.4
      vertex 10.7998 9.42834 5
      vertex 10.9944 9.47831 5
    endloop
  endfacet
  facet normal -0.248714 0.968577 0
    outer loop
      vertex 10.7998 9.42834 5
      vertex 10.9944 9.47831 2.4
      vertex 10.7998 9.42834 2.4
    endloop
  endfacet
  facet normal -0.844316 -0.535845 0
    outer loop
      vertex 11.9021 11.7708 2.4
      vertex 11.7944 11.9405 5
      vertex 11.7944 11.9405 2.4
    endloop
  endfacet
  facet normal -0.844316 -0.535845 0
    outer loop
      vertex 11.7944 11.9405 5
      vertex 11.9021 11.7708 2.4
      vertex 11.9021 11.7708 5
    endloop
  endfacet
  facet normal -0.90492 -0.425581 0
    outer loop
      vertex 11.9876 11.589 2.4
      vertex 11.9021 11.7708 5
      vertex 11.9021 11.7708 2.4
    endloop
  endfacet
  facet normal -0.90492 -0.425581 0
    outer loop
      vertex 11.9021 11.7708 5
      vertex 11.9876 11.589 2.4
      vertex 11.9876 11.589 5
    endloop
  endfacet
  facet normal -0.951045 -0.309052 0
    outer loop
      vertex 12.0497 11.3979 2.4
      vertex 11.9876 11.589 5
      vertex 11.9876 11.589 2.4
    endloop
  endfacet
  facet normal -0.951045 -0.309052 0
    outer loop
      vertex 11.9876 11.589 5
      vertex 12.0497 11.3979 2.4
      vertex 12.0497 11.3979 5
    endloop
  endfacet
  facet normal -0.90492 0.425581 0
    outer loop
      vertex 11.9021 10.2292 2.4
      vertex 11.9876 10.411 5
      vertex 11.9876 10.411 2.4
    endloop
  endfacet
  facet normal -0.90492 0.425581 0
    outer loop
      vertex 11.9876 10.411 5
      vertex 11.9021 10.2292 2.4
      vertex 11.9021 10.2292 5
    endloop
  endfacet
  facet normal 0.125346 0.992113 -0
    outer loop
      vertex 10.3995 9.40316 2.4
      vertex 10.2002 9.42834 5
      vertex 10.3995 9.40316 5
    endloop
  endfacet
  facet normal 0.125346 0.992113 0
    outer loop
      vertex 10.2002 9.42834 5
      vertex 10.3995 9.40316 2.4
      vertex 10.2002 9.42834 2.4
    endloop
  endfacet
  facet normal 0.982293 0.187352 0
    outer loop
      vertex 8.95027 10.6021 5
      vertex 8.91262 10.7995 2.4
      vertex 8.91262 10.7995 5
    endloop
  endfacet
  facet normal 0.982293 0.187352 0
    outer loop
      vertex 8.91262 10.7995 2.4
      vertex 8.95027 10.6021 5
      vertex 8.95027 10.6021 2.4
    endloop
  endfacet
  facet normal 0.770428 0.637527 0
    outer loop
      vertex 9.33365 9.90472 5
      vertex 9.20557 10.0595 2.4
      vertex 9.20557 10.0595 5
    endloop
  endfacet
  facet normal 0.770428 0.637527 0
    outer loop
      vertex 9.20557 10.0595 2.4
      vertex 9.33365 9.90472 5
      vertex 9.33365 9.90472 2.4
    endloop
  endfacet
  facet normal 0.844406 0.535703 0
    outer loop
      vertex 9.20557 10.0595 5
      vertex 9.09791 10.2292 2.4
      vertex 9.09791 10.2292 5
    endloop
  endfacet
  facet normal 0.844406 0.535703 0
    outer loop
      vertex 9.09791 10.2292 2.4
      vertex 9.20557 10.0595 5
      vertex 9.20557 10.0595 2.4
    endloop
  endfacet
  facet normal -0.48167 0.876352 0
    outer loop
      vertex 11.3573 9.64907 2.4
      vertex 11.1812 9.55228 5
      vertex 11.3573 9.64907 5
    endloop
  endfacet
  facet normal -0.48167 0.876352 0
    outer loop
      vertex 11.1812 9.55228 5
      vertex 11.3573 9.64907 2.4
      vertex 11.1812 9.55228 2.4
    endloop
  endfacet
  facet normal -0.36817 0.929758 0
    outer loop
      vertex 11.1812 9.55228 2.4
      vertex 10.9944 9.47831 5
      vertex 11.1812 9.55228 5
    endloop
  endfacet
  facet normal -0.36817 0.929758 0
    outer loop
      vertex 10.9944 9.47831 5
      vertex 11.1812 9.55228 2.4
      vertex 10.9944 9.47831 2.4
    endloop
  endfacet
  facet normal -0.770379 0.637586 0
    outer loop
      vertex 11.6663 9.90472 2.4
      vertex 11.7944 10.0595 5
      vertex 11.7944 10.0595 2.4
    endloop
  endfacet
  facet normal -0.770379 0.637586 0
    outer loop
      vertex 11.7944 10.0595 5
      vertex 11.6663 9.90472 2.4
      vertex 11.6663 9.90472 5
    endloop
  endfacet
  facet normal -0.982247 -0.187592 0
    outer loop
      vertex 12.0874 11.2005 2.4
      vertex 12.0497 11.3979 5
      vertex 12.0497 11.3979 2.4
    endloop
  endfacet
  facet normal -0.982247 -0.187592 0
    outer loop
      vertex 12.0497 11.3979 5
      vertex 12.0874 11.2005 2.4
      vertex 12.0874 11.2005 5
    endloop
  endfacet
  facet normal 0.248714 0.968577 -0
    outer loop
      vertex 10.2002 9.42834 2.4
      vertex 10.0056 9.47831 5
      vertex 10.2002 9.42834 5
    endloop
  endfacet
  facet normal 0.248714 0.968577 0
    outer loop
      vertex 10.0056 9.47831 5
      vertex 10.2002 9.42834 2.4
      vertex 10.0056 9.47831 2.4
    endloop
  endfacet
  facet normal -0.125346 0.992113 0
    outer loop
      vertex 10.7998 9.42834 2.4
      vertex 10.6005 9.40316 5
      vertex 10.7998 9.42834 5
    endloop
  endfacet
  facet normal -0.125346 0.992113 0
    outer loop
      vertex 10.6005 9.40316 5
      vertex 10.7998 9.42834 2.4
      vertex 10.6005 9.40316 2.4
    endloop
  endfacet
  facet normal 0.684535 0.72898 -0
    outer loop
      vertex 9.48012 9.76718 2.4
      vertex 9.33365 9.90472 5
      vertex 9.48012 9.76718 5
    endloop
  endfacet
  facet normal 0.684535 0.72898 0
    outer loop
      vertex 9.33365 9.90472 5
      vertex 9.48012 9.76718 2.4
      vertex 9.33365 9.90472 2.4
    endloop
  endfacet
  facet normal 0.587796 0.809009 -0
    outer loop
      vertex 9.64268 9.64907 2.4
      vertex 9.48012 9.76718 5
      vertex 9.64268 9.64907 5
    endloop
  endfacet
  facet normal 0.587796 0.809009 0
    outer loop
      vertex 9.48012 9.76718 5
      vertex 9.64268 9.64907 2.4
      vertex 9.48012 9.76718 2.4
    endloop
  endfacet
  facet normal -0.684709 0.728816 0
    outer loop
      vertex 11.6663 9.90472 2.4
      vertex 11.5199 9.76718 5
      vertex 11.6663 9.90472 5
    endloop
  endfacet
  facet normal -0.684709 0.728816 0
    outer loop
      vertex 11.5199 9.76718 5
      vertex 11.6663 9.90472 2.4
      vertex 11.5199 9.76718 2.4
    endloop
  endfacet
  facet normal 0.481733 0.876318 -0
    outer loop
      vertex 9.81875 9.55228 2.4
      vertex 9.64268 9.64907 5
      vertex 9.81875 9.55228 5
    endloop
  endfacet
  facet normal 0.481733 0.876318 0
    outer loop
      vertex 9.64268 9.64907 5
      vertex 9.81875 9.55228 2.4
      vertex 9.64268 9.64907 2.4
    endloop
  endfacet
  facet normal 0 1 -0
    outer loop
      vertex 10.6005 9.40316 2.4
      vertex 10.3995 9.40316 5
      vertex 10.6005 9.40316 5
    endloop
  endfacet
  facet normal 0 1 0
    outer loop
      vertex 10.3995 9.40316 5
      vertex 10.6005 9.40316 2.4
      vertex 10.3995 9.40316 2.4
    endloop
  endfacet
  facet normal 0.904824 0.425785 0
    outer loop
      vertex 9.09791 10.2292 5
      vertex 9.01236 10.411 2.4
      vertex 9.01236 10.411 5
    endloop
  endfacet
  facet normal 0.904824 0.425785 0
    outer loop
      vertex 9.01236 10.411 2.4
      vertex 9.09791 10.2292 5
      vertex 9.09791 10.2292 2.4
    endloop
  endfacet
  facet normal 0.95106 0.309007 0
    outer loop
      vertex 9.01236 10.411 5
      vertex 8.95027 10.6021 2.4
      vertex 8.95027 10.6021 5
    endloop
  endfacet
  facet normal 0.95106 0.309007 0
    outer loop
      vertex 8.95027 10.6021 2.4
      vertex 9.01236 10.411 5
      vertex 9.01236 10.411 2.4
    endloop
  endfacet
  facet normal 0.368085 0.929792 -0
    outer loop
      vertex 10.0056 9.47831 2.4
      vertex 9.81875 9.55228 5
      vertex 10.0056 9.47831 5
    endloop
  endfacet
  facet normal 0.368085 0.929792 0
    outer loop
      vertex 9.81875 9.55228 5
      vertex 10.0056 9.47831 2.4
      vertex 9.81875 9.55228 2.4
    endloop
  endfacet
  facet normal -0.866027 -0.499998 0
    outer loop
      vertex 13.8254 11 0
      vertex 12.1627 13.8799 2.4
      vertex 12.1627 13.8799 0
    endloop
  endfacet
  facet normal -0.866027 -0.499998 0
    outer loop
      vertex 12.1627 13.8799 2.4
      vertex 13.8254 11 0
      vertex 13.8254 11 2.4
    endloop
  endfacet
  facet normal 0.866024 0.500002 0
    outer loop
      vertex 8.83729 8.1201 2.4
      vertex 7.17457 11 0
      vertex 7.17457 11 2.4
    endloop
  endfacet
  facet normal 0.866024 0.500002 0
    outer loop
      vertex 7.17457 11 0
      vertex 8.83729 8.1201 2.4
      vertex 8.83729 8.1201 0
    endloop
  endfacet
  facet normal 0 -1 0
    outer loop
      vertex 8.83729 13.8799 0
      vertex 12.1627 13.8799 2.4
      vertex 8.83729 13.8799 2.4
    endloop
  endfacet
  facet normal 0 -1 -0
    outer loop
      vertex 12.1627 13.8799 2.4
      vertex 8.83729 13.8799 0
      vertex 12.1627 13.8799 0
    endloop
  endfacet
  facet normal 0 1 -0
    outer loop
      vertex 12.1627 8.1201 0
      vertex 8.83729 8.1201 2.4
      vertex 12.1627 8.1201 2.4
    endloop
  endfacet
  facet normal 0 1 0
    outer loop
      vertex 8.83729 8.1201 2.4
      vertex 12.1627 8.1201 0
      vertex 8.83729 8.1201 0
    endloop
  endfacet
  facet normal 0 0 -1
    outer loop
      vertex 11.9021 10.2292 2.4
      vertex 13.8254 11 2.4
      vertex 12.1627 8.1201 2.4
    endloop
  endfacet
  facet normal 0 0 -1
    outer loop
      vertex 12.0874 11.2005 2.4
      vertex 13.8254 11 2.4
      vertex 12.1 11 2.4
    endloop
  endfacet
  facet normal -0 0 -1
    outer loop
      vertex 13.8254 11 2.4
      vertex 12.0874 10.7995 2.4
      vertex 12.1 11 2.4
    endloop
  endfacet
  facet normal 0 0 -1
    outer loop
      vertex 13.8254 11 2.4
      vertex 12.0497 10.6021 2.4
      vertex 12.0874 10.7995 2.4
    endloop
  endfacet
  facet normal 0 0 -1
    outer loop
      vertex 13.8254 11 2.4
      vertex 11.9876 10.411 2.4
      vertex 12.0497 10.6021 2.4
    endloop
  endfacet
  facet normal 0 0 -1
    outer loop
      vertex 13.8254 11 2.4
      vertex 11.9021 10.2292 2.4
      vertex 11.9876 10.411 2.4
    endloop
  endfacet
  facet normal 0 0 -1
    outer loop
      vertex 12.1627 8.1201 2.4
      vertex 11.7944 10.0595 2.4
      vertex 11.9021 10.2292 2.4
    endloop
  endfacet
  facet normal 0 0 -1
    outer loop
      vertex 12.1627 8.1201 2.4
      vertex 11.6663 9.90472 2.4
      vertex 11.7944 10.0595 2.4
    endloop
  endfacet
  facet normal 0 0 -1
    outer loop
      vertex 12.1627 8.1201 2.4
      vertex 11.5199 9.76718 2.4
      vertex 11.6663 9.90472 2.4
    endloop
  endfacet
  facet normal 0 0 -1
    outer loop
      vertex 12.1627 8.1201 2.4
      vertex 11.3573 9.64907 2.4
      vertex 11.5199 9.76718 2.4
    endloop
  endfacet
  facet normal 0 0 -1
    outer loop
      vertex 12.1627 8.1201 2.4
      vertex 11.1812 9.55228 2.4
      vertex 11.3573 9.64907 2.4
    endloop
  endfacet
  facet normal 0 0 -1
    outer loop
      vertex 12.1627 8.1201 2.4
      vertex 10.9944 9.47831 2.4
      vertex 11.1812 9.55228 2.4
    endloop
  endfacet
  facet normal 0 0 -1
    outer loop
      vertex 12.1627 8.1201 2.4
      vertex 10.7998 9.42834 2.4
      vertex 10.9944 9.47831 2.4
    endloop
  endfacet
  facet normal 0 0 -1
    outer loop
      vertex 12.1627 8.1201 2.4
      vertex 10.6005 9.40316 2.4
      vertex 10.7998 9.42834 2.4
    endloop
  endfacet
  facet normal 0 0 -1
    outer loop
      vertex 12.1627 8.1201 2.4
      vertex 10.3995 9.40316 2.4
      vertex 10.6005 9.40316 2.4
    endloop
  endfacet
  facet normal 0 0 -1
    outer loop
      vertex 8.83729 8.1201 2.4
      vertex 10.3995 9.40316 2.4
      vertex 12.1627 8.1201 2.4
    endloop
  endfacet
  facet normal -0 0 -1
    outer loop
      vertex 10.3995 9.40316 2.4
      vertex 8.83729 8.1201 2.4
      vertex 10.2002 9.42834 2.4
    endloop
  endfacet
  facet normal -0 0 -1
    outer loop
      vertex 10.2002 9.42834 2.4
      vertex 8.83729 8.1201 2.4
      vertex 10.0056 9.47831 2.4
    endloop
  endfacet
  facet normal -0 0 -1
    outer loop
      vertex 10.0056 9.47831 2.4
      vertex 8.83729 8.1201 2.4
      vertex 9.81875 9.55228 2.4
    endloop
  endfacet
  facet normal 0 0 -1
    outer loop
      vertex 8.95027 10.6021 2.4
      vertex 7.17457 11 2.4
      vertex 8.91262 10.7995 2.4
    endloop
  endfacet
  facet normal 0 0 -1
    outer loop
      vertex 9.01236 10.411 2.4
      vertex 7.17457 11 2.4
      vertex 8.95027 10.6021 2.4
    endloop
  endfacet
  facet normal 0 0 -1
    outer loop
      vertex 9.09791 10.2292 2.4
      vertex 7.17457 11 2.4
      vertex 9.01236 10.411 2.4
    endloop
  endfacet
  facet normal 0 0 -1
    outer loop
      vertex 7.17457 11 2.4
      vertex 9.09791 10.2292 2.4
      vertex 8.83729 8.1201 2.4
    endloop
  endfacet
  facet normal -0 0 -1
    outer loop
      vertex 9.20557 10.0595 2.4
      vertex 8.83729 8.1201 2.4
      vertex 9.09791 10.2292 2.4
    endloop
  endfacet
  facet normal -0 0 -1
    outer loop
      vertex 9.33365 9.90472 2.4
      vertex 8.83729 8.1201 2.4
      vertex 9.20557 10.0595 2.4
    endloop
  endfacet
  facet normal -0 0 -1
    outer loop
      vertex 9.48012 9.76718 2.4
      vertex 8.83729 8.1201 2.4
      vertex 9.33365 9.90472 2.4
    endloop
  endfacet
  facet normal -0 0 -1
    outer loop
      vertex 9.64268 9.64907 2.4
      vertex 8.83729 8.1201 2.4
      vertex 9.48012 9.76718 2.4
    endloop
  endfacet
  facet normal -0 0 -1
    outer loop
      vertex 9.81875 9.55228 2.4
      vertex 8.83729 8.1201 2.4
      vertex 9.64268 9.64907 2.4
    endloop
  endfacet
  facet normal 0 0 -1
    outer loop
      vertex 12.0497 11.3979 2.4
      vertex 13.8254 11 2.4
      vertex 12.0874 11.2005 2.4
    endloop
  endfacet
  facet normal 0 0 -1
    outer loop
      vertex 11.9876 11.589 2.4
      vertex 13.8254 11 2.4
      vertex 12.0497 11.3979 2.4
    endloop
  endfacet
  facet normal 0 0 -1
    outer loop
      vertex 11.9021 11.7708 2.4
      vertex 13.8254 11 2.4
      vertex 11.9876 11.589 2.4
    endloop
  endfacet
  facet normal 0 0 -1
    outer loop
      vertex 13.8254 11 2.4
      vertex 11.9021 11.7708 2.4
      vertex 12.1627 13.8799 2.4
    endloop
  endfacet
  facet normal 0 0 -1
    outer loop
      vertex 11.7944 11.9405 2.4
      vertex 12.1627 13.8799 2.4
      vertex 11.9021 11.7708 2.4
    endloop
  endfacet
  facet normal 0 0 -1
    outer loop
      vertex 11.6663 12.0953 2.4
      vertex 12.1627 13.8799 2.4
      vertex 11.7944 11.9405 2.4
    endloop
  endfacet
  facet normal 0 0 -1
    outer loop
      vertex 11.5199 12.2328 2.4
      vertex 12.1627 13.8799 2.4
      vertex 11.6663 12.0953 2.4
    endloop
  endfacet
  facet normal 0 0 -1
    outer loop
      vertex 11.3573 12.3509 2.4
      vertex 12.1627 13.8799 2.4
      vertex 11.5199 12.2328 2.4
    endloop
  endfacet
  facet normal 0 0 -1
    outer loop
      vertex 11.1812 12.4477 2.4
      vertex 12.1627 13.8799 2.4
      vertex 11.3573 12.3509 2.4
    endloop
  endfacet
  facet normal 0 0 -1
    outer loop
      vertex 10.9944 12.5217 2.4
      vertex 12.1627 13.8799 2.4
      vertex 11.1812 12.4477 2.4
    endloop
  endfacet
  facet normal 0 0 -1
    outer loop
      vertex 10.7998 12.5717 2.4
      vertex 12.1627 13.8799 2.4
      vertex 10.9944 12.5217 2.4
    endloop
  endfacet
  facet normal 0 0 -1
    outer loop
      vertex 10.6005 12.5968 2.4
      vertex 12.1627 13.8799 2.4
      vertex 10.7998 12.5717 2.4
    endloop
  endfacet
  facet normal 0 0 -1
    outer loop
      vertex 10.3995 12.5968 2.4
      vertex 12.1627 13.8799 2.4
      vertex 10.6005 12.5968 2.4
    endloop
  endfacet
  facet normal 0 0 -1
    outer loop
      vertex 8.83729 13.8799 2.4
      vertex 10.3995 12.5968 2.4
      vertex 10.2002 12.5717 2.4
    endloop
  endfacet
  facet normal 0 0 -1
    outer loop
      vertex 8.83729 13.8799 2.4
      vertex 10.2002 12.5717 2.4
      vertex 10.0056 12.5217 2.4
    endloop
  endfacet
  facet normal 0 0 -1
    outer loop
      vertex 8.83729 13.8799 2.4
      vertex 10.0056 12.5217 2.4
      vertex 9.81875 12.4477 2.4
    endloop
  endfacet
  facet normal 0 0 -1
    outer loop
      vertex 8.83729 13.8799 2.4
      vertex 9.81875 12.4477 2.4
      vertex 9.64268 12.3509 2.4
    endloop
  endfacet
  facet normal 0 0 -1
    outer loop
      vertex 10.3995 12.5968 2.4
      vertex 8.83729 13.8799 2.4
      vertex 12.1627 13.8799 2.4
    endloop
  endfacet
  facet normal 0 0 -1
    outer loop
      vertex 9.48012 12.2328 2.4
      vertex 8.83729 13.8799 2.4
      vertex 9.64268 12.3509 2.4
    endloop
  endfacet
  facet normal 0 0 -1
    outer loop
      vertex 9.33365 12.0953 2.4
      vertex 8.83729 13.8799 2.4
      vertex 9.48012 12.2328 2.4
    endloop
  endfacet
  facet normal 0 0 -1
    outer loop
      vertex 9.20557 11.9405 2.4
      vertex 8.83729 13.8799 2.4
      vertex 9.33365 12.0953 2.4
    endloop
  endfacet
  facet normal 0 0 -1
    outer loop
      vertex 9.09791 11.7708 2.4
      vertex 8.83729 13.8799 2.4
      vertex 9.20557 11.9405 2.4
    endloop
  endfacet
  facet normal 0 0 -1
    outer loop
      vertex 7.17457 11 2.4
      vertex 9.09791 11.7708 2.4
      vertex 9.01236 11.589 2.4
    endloop
  endfacet
  facet normal 0 0 -1
    outer loop
      vertex 7.17457 11 2.4
      vertex 9.01236 11.589 2.4
      vertex 8.95027 11.3979 2.4
    endloop
  endfacet
  facet normal 0 0 -1
    outer loop
      vertex 7.17457 11 2.4
      vertex 8.95027 11.3979 2.4
      vertex 8.91262 11.2005 2.4
    endloop
  endfacet
  facet normal 0 0 -1
    outer loop
      vertex 7.17457 11 2.4
      vertex 8.91262 11.2005 2.4
      vertex 8.9 11 2.4
    endloop
  endfacet
  facet normal 0 0 -1
    outer loop
      vertex 8.91262 10.7995 2.4
      vertex 7.17457 11 2.4
      vertex 8.9 11 2.4
    endloop
  endfacet
  facet normal -0 0 -1
    outer loop
      vertex 9.09791 11.7708 2.4
      vertex 7.17457 11 2.4
      vertex 8.83729 13.8799 2.4
    endloop
  endfacet
  facet normal 0.866024 -0.500002 0
    outer loop
      vertex 7.17457 11 2.4
      vertex 8.83729 13.8799 0
      vertex 8.83729 13.8799 2.4
    endloop
  endfacet
  facet normal 0.866024 -0.500002 0
    outer loop
      vertex 8.83729 13.8799 0
      vertex 7.17457 11 2.4
      vertex 7.17457 11 0
    endloop
  endfacet
  facet normal -0.866027 0.499998 0
    outer loop
      vertex 12.1627 8.1201 0
      vertex 13.8254 11 2.4
      vertex 13.8254 11 0
    endloop
  endfacet
  facet normal -0.866027 0.499998 0
    outer loop
      vertex 13.8254 11 2.4
      vertex 12.1627 8.1201 0
      vertex 12.1627 8.1201 2.4
    endloop
  endfacet
  facet normal 0.982293 -0.187352 0
    outer loop
      vertex 9.41262 39.7005 5
      vertex 9.45027 39.8979 2.4
      vertex 9.45027 39.8979 5
    endloop
  endfacet
  facet normal 0.982293 -0.187352 0
    outer loop
      vertex 9.45027 39.8979 2.4
      vertex 9.41262 39.7005 5
      vertex 9.41262 39.7005 2.4
    endloop
  endfacet
  facet normal -0.77042 -0.637537 0
    outer loop
      vertex 12.2944 40.4405 2.4
      vertex 12.1663 40.5953 5
      vertex 12.1663 40.5953 2.4
    endloop
  endfacet
  facet normal -0.77042 -0.637537 0
    outer loop
      vertex 12.1663 40.5953 5
      vertex 12.2944 40.4405 2.4
      vertex 12.2944 40.4405 5
    endloop
  endfacet
  facet normal -0.248854 -0.968541 0
    outer loop
      vertex 11.2998 41.0717 2.4
      vertex 11.4944 41.0217 5
      vertex 11.2998 41.0717 5
    endloop
  endfacet
  facet normal -0.248854 -0.968541 -0
    outer loop
      vertex 11.4944 41.0217 5
      vertex 11.2998 41.0717 2.4
      vertex 11.4944 41.0217 2.4
    endloop
  endfacet
  facet normal 0.481709 -0.876331 0
    outer loop
      vertex 10.1427 40.8509 2.4
      vertex 10.3188 40.9477 5
      vertex 10.1427 40.8509 5
    endloop
  endfacet
  facet normal 0.481709 -0.876331 0
    outer loop
      vertex 10.3188 40.9477 5
      vertex 10.1427 40.8509 2.4
      vertex 10.3188 40.9477 2.4
    endloop
  endfacet
  facet normal 0.95106 -0.309007 0
    outer loop
      vertex 9.45027 39.8979 5
      vertex 9.51236 40.089 2.4
      vertex 9.51236 40.089 5
    endloop
  endfacet
  facet normal 0.95106 -0.309007 0
    outer loop
      vertex 9.51236 40.089 2.4
      vertex 9.45027 39.8979 5
      vertex 9.45027 39.8979 2.4
    endloop
  endfacet
  facet normal -0.982247 0.187592 0
    outer loop
      vertex 12.5497 39.1021 2.4
      vertex 12.5874 39.2995 5
      vertex 12.5874 39.2995 2.4
    endloop
  endfacet
  facet normal -0.982247 0.187592 0
    outer loop
      vertex 12.5874 39.2995 5
      vertex 12.5497 39.1021 2.4
      vertex 12.5497 39.1021 5
    endloop
  endfacet
  facet normal -0.481709 0.876331 0
    outer loop
      vertex 11.8573 38.1491 2.4
      vertex 11.6812 38.0523 5
      vertex 11.8573 38.1491 5
    endloop
  endfacet
  facet normal -0.481709 0.876331 0
    outer loop
      vertex 11.6812 38.0523 5
      vertex 11.8573 38.1491 2.4
      vertex 11.6812 38.0523 2.4
    endloop
  endfacet
  facet normal 0 -1 0
    outer loop
      vertex 10.8995 41.0968 2.4
      vertex 11.1005 41.0968 5
      vertex 10.8995 41.0968 5
    endloop
  endfacet
  facet normal 0 -1 -0
    outer loop
      vertex 11.1005 41.0968 5
      vertex 10.8995 41.0968 2.4
      vertex 11.1005 41.0968 2.4
    endloop
  endfacet
  facet normal 0.998025 0.0628183 0
    outer loop
      vertex 9.41262 39.2995 5
      vertex 9.4 39.5 2.4
      vertex 9.4 39.5 5
    endloop
  endfacet
  facet normal 0.998025 0.0628183 0
    outer loop
      vertex 9.4 39.5 2.4
      vertex 9.41262 39.2995 5
      vertex 9.41262 39.2995 2.4
    endloop
  endfacet
  facet normal 0.844406 -0.535703 0
    outer loop
      vertex 9.59791 40.2708 5
      vertex 9.70557 40.4405 2.4
      vertex 9.70557 40.4405 5
    endloop
  endfacet
  facet normal 0.844406 -0.535703 0
    outer loop
      vertex 9.70557 40.4405 2.4
      vertex 9.59791 40.2708 5
      vertex 9.59791 40.2708 2.4
    endloop
  endfacet
  facet normal 0.248854 -0.968541 0
    outer loop
      vertex 10.5056 41.0217 2.4
      vertex 10.7002 41.0717 5
      vertex 10.5056 41.0217 5
    endloop
  endfacet
  facet normal 0.248854 -0.968541 0
    outer loop
      vertex 10.7002 41.0717 5
      vertex 10.5056 41.0217 2.4
      vertex 10.7002 41.0717 2.4
    endloop
  endfacet
  facet normal 0.770468 -0.637478 0
    outer loop
      vertex 9.70557 40.4405 5
      vertex 9.83365 40.5953 2.4
      vertex 9.83365 40.5953 5
    endloop
  endfacet
  facet normal 0.770468 -0.637478 0
    outer loop
      vertex 9.83365 40.5953 2.4
      vertex 9.70557 40.4405 5
      vertex 9.70557 40.4405 2.4
    endloop
  endfacet
  facet normal -0.684603 0.728916 0
    outer loop
      vertex 12.1663 38.4047 2.4
      vertex 12.0199 38.2672 5
      vertex 12.1663 38.4047 5
    endloop
  endfacet
  facet normal -0.684603 0.728916 0
    outer loop
      vertex 12.0199 38.2672 5
      vertex 12.1663 38.4047 2.4
      vertex 12.0199 38.2672 2.4
    endloop
  endfacet
  facet normal -0.951045 0.309052 0
    outer loop
      vertex 12.4876 38.911 2.4
      vertex 12.5497 39.1021 5
      vertex 12.5497 39.1021 2.4
    endloop
  endfacet
  facet normal -0.951045 0.309052 0
    outer loop
      vertex 12.5497 39.1021 5
      vertex 12.4876 38.911 2.4
      vertex 12.4876 38.911 5
    endloop
  endfacet
  facet normal 0.124954 0.992163 -0
    outer loop
      vertex 10.8995 37.9032 2.4
      vertex 10.7002 37.9283 5
      vertex 10.8995 37.9032 5
    endloop
  endfacet
  facet normal 0.124954 0.992163 0
    outer loop
      vertex 10.7002 37.9283 5
      vertex 10.8995 37.9032 2.4
      vertex 10.7002 37.9283 2.4
    endloop
  endfacet
  facet normal -0.368299 0.929707 0
    outer loop
      vertex 11.6812 38.0523 2.4
      vertex 11.4944 37.9783 5
      vertex 11.6812 38.0523 5
    endloop
  endfacet
  facet normal -0.368299 0.929707 0
    outer loop
      vertex 11.4944 37.9783 5
      vertex 11.6812 38.0523 2.4
      vertex 11.4944 37.9783 2.4
    endloop
  endfacet
  facet normal -0.982247 -0.187592 0
    outer loop
      vertex 12.5874 39.7005 2.4
      vertex 12.5497 39.8979 5
      vertex 12.5497 39.8979 2.4
    endloop
  endfacet
  facet normal -0.982247 -0.187592 0
    outer loop
      vertex 12.5497 39.8979 5
      vertex 12.5874 39.7005 2.4
      vertex 12.5874 39.7005 5
    endloop
  endfacet
  facet normal -0.587669 -0.809102 0
    outer loop
      vertex 11.8573 40.8509 2.4
      vertex 12.0199 40.7328 5
      vertex 11.8573 40.8509 5
    endloop
  endfacet
  facet normal -0.587669 -0.809102 -0
    outer loop
      vertex 12.0199 40.7328 5
      vertex 11.8573 40.8509 2.4
      vertex 12.0199 40.7328 2.4
    endloop
  endfacet
  facet normal 0.124954 -0.992163 0
    outer loop
      vertex 10.7002 41.0717 2.4
      vertex 10.8995 41.0968 5
      vertex 10.7002 41.0717 5
    endloop
  endfacet
  facet normal 0.124954 -0.992163 0
    outer loop
      vertex 10.8995 41.0968 5
      vertex 10.7002 41.0717 2.4
      vertex 10.8995 41.0968 2.4
    endloop
  endfacet
  facet normal -0.124954 -0.992163 0
    outer loop
      vertex 11.1005 41.0968 2.4
      vertex 11.2998 41.0717 5
      vertex 11.1005 41.0968 5
    endloop
  endfacet
  facet normal -0.124954 -0.992163 -0
    outer loop
      vertex 11.2998 41.0717 5
      vertex 11.1005 41.0968 2.4
      vertex 11.2998 41.0717 2.4
    endloop
  endfacet
  facet normal -0.481709 -0.876331 0
    outer loop
      vertex 11.6812 40.9477 2.4
      vertex 11.8573 40.8509 5
      vertex 11.6812 40.9477 5
    endloop
  endfacet
  facet normal -0.481709 -0.876331 -0
    outer loop
      vertex 11.8573 40.8509 5
      vertex 11.6812 40.9477 2.4
      vertex 11.8573 40.8509 2.4
    endloop
  endfacet
  facet normal -0.368299 -0.929707 0
    outer loop
      vertex 11.4944 41.0217 2.4
      vertex 11.6812 40.9477 5
      vertex 11.4944 41.0217 5
    endloop
  endfacet
  facet normal -0.368299 -0.929707 -0
    outer loop
      vertex 11.6812 40.9477 5
      vertex 11.4944 41.0217 2.4
      vertex 11.6812 40.9477 2.4
    endloop
  endfacet
  facet normal 0.904824 -0.425785 0
    outer loop
      vertex 9.51236 40.089 5
      vertex 9.59791 40.2708 2.4
      vertex 9.59791 40.2708 5
    endloop
  endfacet
  facet normal 0.904824 -0.425785 0
    outer loop
      vertex 9.59791 40.2708 2.4
      vertex 9.51236 40.089 5
      vertex 9.51236 40.089 2.4
    endloop
  endfacet
  facet normal 0.587716 -0.809067 0
    outer loop
      vertex 9.98012 40.7328 2.4
      vertex 10.1427 40.8509 5
      vertex 9.98012 40.7328 5
    endloop
  endfacet
  facet normal 0.587716 -0.809067 0
    outer loop
      vertex 10.1427 40.8509 5
      vertex 9.98012 40.7328 2.4
      vertex 10.1427 40.8509 2.4
    endloop
  endfacet
  facet normal 0.684429 -0.729079 0
    outer loop
      vertex 9.83365 40.5953 2.4
      vertex 9.98012 40.7328 5
      vertex 9.83365 40.5953 5
    endloop
  endfacet
  facet normal 0.684429 -0.729079 0
    outer loop
      vertex 9.98012 40.7328 5
      vertex 9.83365 40.5953 2.4
      vertex 9.98012 40.7328 2.4
    endloop
  endfacet
  facet normal -0.998031 -0.0627192 0
    outer loop
      vertex 12.6 39.5 2.4
      vertex 12.5874 39.7005 5
      vertex 12.5874 39.7005 2.4
    endloop
  endfacet
  facet normal -0.998031 -0.0627192 0
    outer loop
      vertex 12.5874 39.7005 5
      vertex 12.6 39.5 2.4
      vertex 12.6 39.5 5
    endloop
  endfacet
  facet normal -0.844316 0.535845 0
    outer loop
      vertex 12.2944 38.5595 2.4
      vertex 12.4021 38.7292 5
      vertex 12.4021 38.7292 2.4
    endloop
  endfacet
  facet normal -0.844316 0.535845 0
    outer loop
      vertex 12.4021 38.7292 5
      vertex 12.2944 38.5595 2.4
      vertex 12.2944 38.5595 5
    endloop
  endfacet
  facet normal -0.90492 0.425581 0
    outer loop
      vertex 12.4021 38.7292 2.4
      vertex 12.4876 38.911 5
      vertex 12.4876 38.911 2.4
    endloop
  endfacet
  facet normal -0.90492 0.425581 0
    outer loop
      vertex 12.4876 38.911 5
      vertex 12.4021 38.7292 2.4
      vertex 12.4021 38.7292 5
    endloop
  endfacet
  facet normal 0.770468 0.637478 0
    outer loop
      vertex 9.83365 38.4047 5
      vertex 9.70557 38.5595 2.4
      vertex 9.70557 38.5595 5
    endloop
  endfacet
  facet normal 0.770468 0.637478 0
    outer loop
      vertex 9.70557 38.5595 2.4
      vertex 9.83365 38.4047 5
      vertex 9.83365 38.4047 2.4
    endloop
  endfacet
  facet normal -0.248854 0.968541 0
    outer loop
      vertex 11.4944 37.9783 2.4
      vertex 11.2998 37.9283 5
      vertex 11.4944 37.9783 5
    endloop
  endfacet
  facet normal -0.248854 0.968541 0
    outer loop
      vertex 11.2998 37.9283 5
      vertex 11.4944 37.9783 2.4
      vertex 11.2998 37.9283 2.4
    endloop
  endfacet
  facet normal -0.77042 0.637537 0
    outer loop
      vertex 12.1663 38.4047 2.4
      vertex 12.2944 38.5595 5
      vertex 12.2944 38.5595 2.4
    endloop
  endfacet
  facet normal -0.77042 0.637537 0
    outer loop
      vertex 12.2944 38.5595 5
      vertex 12.1663 38.4047 2.4
      vertex 12.1663 38.4047 5
    endloop
  endfacet
  facet normal -0.844316 -0.535845 0
    outer loop
      vertex 12.4021 40.2708 2.4
      vertex 12.2944 40.4405 5
      vertex 12.2944 40.4405 2.4
    endloop
  endfacet
  facet normal -0.844316 -0.535845 0
    outer loop
      vertex 12.2944 40.4405 5
      vertex 12.4021 40.2708 2.4
      vertex 12.4021 40.2708 5
    endloop
  endfacet
  facet normal -0.90492 -0.425581 0
    outer loop
      vertex 12.4876 40.089 2.4
      vertex 12.4021 40.2708 5
      vertex 12.4021 40.2708 2.4
    endloop
  endfacet
  facet normal -0.90492 -0.425581 0
    outer loop
      vertex 12.4021 40.2708 5
      vertex 12.4876 40.089 2.4
      vertex 12.4876 40.089 5
    endloop
  endfacet
  facet normal -0.951045 -0.309052 0
    outer loop
      vertex 12.5497 39.8979 2.4
      vertex 12.4876 40.089 5
      vertex 12.4876 40.089 2.4
    endloop
  endfacet
  facet normal -0.951045 -0.309052 0
    outer loop
      vertex 12.4876 40.089 5
      vertex 12.5497 39.8979 2.4
      vertex 12.5497 39.8979 5
    endloop
  endfacet
  facet normal -0.684603 -0.728916 0
    outer loop
      vertex 12.0199 40.7328 2.4
      vertex 12.1663 40.5953 5
      vertex 12.0199 40.7328 5
    endloop
  endfacet
  facet normal -0.684603 -0.728916 -0
    outer loop
      vertex 12.1663 40.5953 5
      vertex 12.0199 40.7328 2.4
      vertex 12.1663 40.5953 2.4
    endloop
  endfacet
  facet normal 0.998025 -0.0628183 0
    outer loop
      vertex 9.4 39.5 5
      vertex 9.41262 39.7005 2.4
      vertex 9.41262 39.7005 5
    endloop
  endfacet
  facet normal 0.998025 -0.0628183 0
    outer loop
      vertex 9.41262 39.7005 2.4
      vertex 9.4 39.5 5
      vertex 9.4 39.5 2.4
    endloop
  endfacet
  facet normal 0.368299 -0.929707 0
    outer loop
      vertex 10.3188 40.9477 2.4
      vertex 10.5056 41.0217 5
      vertex 10.3188 40.9477 5
    endloop
  endfacet
  facet normal 0.368299 -0.929707 0
    outer loop
      vertex 10.5056 41.0217 5
      vertex 10.3188 40.9477 2.4
      vertex 10.5056 41.0217 2.4
    endloop
  endfacet
  facet normal -0.998031 0.0627192 0
    outer loop
      vertex 12.5874 39.2995 2.4
      vertex 12.6 39.5 5
      vertex 12.6 39.5 2.4
    endloop
  endfacet
  facet normal -0.998031 0.0627192 0
    outer loop
      vertex 12.6 39.5 5
      vertex 12.5874 39.2995 2.4
      vertex 12.5874 39.2995 5
    endloop
  endfacet
  facet normal 0.248854 0.968541 -0
    outer loop
      vertex 10.7002 37.9283 2.4
      vertex 10.5056 37.9783 5
      vertex 10.7002 37.9283 5
    endloop
  endfacet
  facet normal 0.248854 0.968541 0
    outer loop
      vertex 10.5056 37.9783 5
      vertex 10.7002 37.9283 2.4
      vertex 10.5056 37.9783 2.4
    endloop
  endfacet
  facet normal 0 1 -0
    outer loop
      vertex 11.1005 37.9032 2.4
      vertex 10.8995 37.9032 5
      vertex 11.1005 37.9032 5
    endloop
  endfacet
  facet normal 0 1 0
    outer loop
      vertex 10.8995 37.9032 5
      vertex 11.1005 37.9032 2.4
      vertex 10.8995 37.9032 2.4
    endloop
  endfacet
  facet normal 0.982293 0.187352 0
    outer loop
      vertex 9.45027 39.1021 5
      vertex 9.41262 39.2995 2.4
      vertex 9.41262 39.2995 5
    endloop
  endfacet
  facet normal 0.982293 0.187352 0
    outer loop
      vertex 9.41262 39.2995 2.4
      vertex 9.45027 39.1021 5
      vertex 9.45027 39.1021 2.4
    endloop
  endfacet
  facet normal 0.844406 0.535703 0
    outer loop
      vertex 9.70557 38.5595 5
      vertex 9.59791 38.7292 2.4
      vertex 9.59791 38.7292 5
    endloop
  endfacet
  facet normal 0.844406 0.535703 0
    outer loop
      vertex 9.59791 38.7292 2.4
      vertex 9.70557 38.5595 5
      vertex 9.70557 38.5595 2.4
    endloop
  endfacet
  facet normal 0.904824 0.425785 0
    outer loop
      vertex 9.59791 38.7292 5
      vertex 9.51236 38.911 2.4
      vertex 9.51236 38.911 5
    endloop
  endfacet
  facet normal 0.904824 0.425785 0
    outer loop
      vertex 9.51236 38.911 2.4
      vertex 9.59791 38.7292 5
      vertex 9.59791 38.7292 2.4
    endloop
  endfacet
  facet normal 0.684429 0.729079 -0
    outer loop
      vertex 9.98012 38.2672 2.4
      vertex 9.83365 38.4047 5
      vertex 9.98012 38.2672 5
    endloop
  endfacet
  facet normal 0.684429 0.729079 0
    outer loop
      vertex 9.83365 38.4047 5
      vertex 9.98012 38.2672 2.4
      vertex 9.83365 38.4047 2.4
    endloop
  endfacet
  facet normal -0.587669 0.809102 0
    outer loop
      vertex 12.0199 38.2672 2.4
      vertex 11.8573 38.1491 5
      vertex 12.0199 38.2672 5
    endloop
  endfacet
  facet normal -0.587669 0.809102 0
    outer loop
      vertex 11.8573 38.1491 5
      vertex 12.0199 38.2672 2.4
      vertex 11.8573 38.1491 2.4
    endloop
  endfacet
  facet normal 0.481709 0.876331 -0
    outer loop
      vertex 10.3188 38.0523 2.4
      vertex 10.1427 38.1491 5
      vertex 10.3188 38.0523 5
    endloop
  endfacet
  facet normal 0.481709 0.876331 0
    outer loop
      vertex 10.1427 38.1491 5
      vertex 10.3188 38.0523 2.4
      vertex 10.1427 38.1491 2.4
    endloop
  endfacet
  facet normal -0.124954 0.992163 0
    outer loop
      vertex 11.2998 37.9283 2.4
      vertex 11.1005 37.9032 5
      vertex 11.2998 37.9283 5
    endloop
  endfacet
  facet normal -0.124954 0.992163 0
    outer loop
      vertex 11.1005 37.9032 5
      vertex 11.2998 37.9283 2.4
      vertex 11.1005 37.9032 2.4
    endloop
  endfacet
  facet normal 0.95106 0.309007 0
    outer loop
      vertex 9.51236 38.911 5
      vertex 9.45027 39.1021 2.4
      vertex 9.45027 39.1021 5
    endloop
  endfacet
  facet normal 0.95106 0.309007 0
    outer loop
      vertex 9.45027 39.1021 2.4
      vertex 9.51236 38.911 5
      vertex 9.51236 38.911 2.4
    endloop
  endfacet
  facet normal 0.587716 0.809067 -0
    outer loop
      vertex 10.1427 38.1491 2.4
      vertex 9.98012 38.2672 5
      vertex 10.1427 38.1491 5
    endloop
  endfacet
  facet normal 0.587716 0.809067 0
    outer loop
      vertex 9.98012 38.2672 5
      vertex 10.1427 38.1491 2.4
      vertex 9.98012 38.2672 2.4
    endloop
  endfacet
  facet normal 0.368299 0.929707 -0
    outer loop
      vertex 10.5056 37.9783 2.4
      vertex 10.3188 38.0523 5
      vertex 10.5056 37.9783 5
    endloop
  endfacet
  facet normal 0.368299 0.929707 0
    outer loop
      vertex 10.3188 38.0523 5
      vertex 10.5056 37.9783 2.4
      vertex 10.3188 38.0523 2.4
    endloop
  endfacet
  facet normal -0.866027 -0.499998 0
    outer loop
      vertex 14.3254 39.5 0
      vertex 12.6627 42.3799 2.4
      vertex 12.6627 42.3799 0
    endloop
  endfacet
  facet normal -0.866027 -0.499998 0
    outer loop
      vertex 12.6627 42.3799 2.4
      vertex 14.3254 39.5 0
      vertex 14.3254 39.5 2.4
    endloop
  endfacet
  facet normal 0 -1 0
    outer loop
      vertex 9.33729 42.3799 0
      vertex 12.6627 42.3799 2.4
      vertex 9.33729 42.3799 2.4
    endloop
  endfacet
  facet normal 0 -1 -0
    outer loop
      vertex 12.6627 42.3799 2.4
      vertex 9.33729 42.3799 0
      vertex 12.6627 42.3799 0
    endloop
  endfacet
  facet normal 0 1 -0
    outer loop
      vertex 12.6627 36.6201 0
      vertex 9.33729 36.6201 2.4
      vertex 12.6627 36.6201 2.4
    endloop
  endfacet
  facet normal 0 1 0
    outer loop
      vertex 9.33729 36.6201 2.4
      vertex 12.6627 36.6201 0
      vertex 9.33729 36.6201 0
    endloop
  endfacet
  facet normal 0 0 -1
    outer loop
      vertex 12.4021 38.7292 2.4
      vertex 14.3254 39.5 2.4
      vertex 12.6627 36.6201 2.4
    endloop
  endfacet
  facet normal 0 0 -1
    outer loop
      vertex 12.5874 39.7005 2.4
      vertex 14.3254 39.5 2.4
      vertex 12.6 39.5 2.4
    endloop
  endfacet
  facet normal -0 0 -1
    outer loop
      vertex 14.3254 39.5 2.4
      vertex 12.5874 39.2995 2.4
      vertex 12.6 39.5 2.4
    endloop
  endfacet
  facet normal 0 0 -1
    outer loop
      vertex 14.3254 39.5 2.4
      vertex 12.5497 39.1021 2.4
      vertex 12.5874 39.2995 2.4
    endloop
  endfacet
  facet normal 0 0 -1
    outer loop
      vertex 14.3254 39.5 2.4
      vertex 12.4876 38.911 2.4
      vertex 12.5497 39.1021 2.4
    endloop
  endfacet
  facet normal 0 0 -1
    outer loop
      vertex 14.3254 39.5 2.4
      vertex 12.4021 38.7292 2.4
      vertex 12.4876 38.911 2.4
    endloop
  endfacet
  facet normal 0 0 -1
    outer loop
      vertex 12.6627 36.6201 2.4
      vertex 12.2944 38.5595 2.4
      vertex 12.4021 38.7292 2.4
    endloop
  endfacet
  facet normal 0 0 -1
    outer loop
      vertex 12.6627 36.6201 2.4
      vertex 12.1663 38.4047 2.4
      vertex 12.2944 38.5595 2.4
    endloop
  endfacet
  facet normal 0 0 -1
    outer loop
      vertex 12.6627 36.6201 2.4
      vertex 12.0199 38.2672 2.4
      vertex 12.1663 38.4047 2.4
    endloop
  endfacet
  facet normal 0 0 -1
    outer loop
      vertex 12.6627 36.6201 2.4
      vertex 11.8573 38.1491 2.4
      vertex 12.0199 38.2672 2.4
    endloop
  endfacet
  facet normal 0 0 -1
    outer loop
      vertex 12.6627 36.6201 2.4
      vertex 11.6812 38.0523 2.4
      vertex 11.8573 38.1491 2.4
    endloop
  endfacet
  facet normal 0 0 -1
    outer loop
      vertex 12.6627 36.6201 2.4
      vertex 11.4944 37.9783 2.4
      vertex 11.6812 38.0523 2.4
    endloop
  endfacet
  facet normal 0 0 -1
    outer loop
      vertex 12.6627 36.6201 2.4
      vertex 11.2998 37.9283 2.4
      vertex 11.4944 37.9783 2.4
    endloop
  endfacet
  facet normal 0 0 -1
    outer loop
      vertex 12.6627 36.6201 2.4
      vertex 11.1005 37.9032 2.4
      vertex 11.2998 37.9283 2.4
    endloop
  endfacet
  facet normal 0 0 -1
    outer loop
      vertex 12.6627 36.6201 2.4
      vertex 10.8995 37.9032 2.4
      vertex 11.1005 37.9032 2.4
    endloop
  endfacet
  facet normal 0 0 -1
    outer loop
      vertex 9.33729 36.6201 2.4
      vertex 10.8995 37.9032 2.4
      vertex 12.6627 36.6201 2.4
    endloop
  endfacet
  facet normal -0 0 -1
    outer loop
      vertex 10.8995 37.9032 2.4
      vertex 9.33729 36.6201 2.4
      vertex 10.7002 37.9283 2.4
    endloop
  endfacet
  facet normal -0 0 -1
    outer loop
      vertex 10.7002 37.9283 2.4
      vertex 9.33729 36.6201 2.4
      vertex 10.5056 37.9783 2.4
    endloop
  endfacet
  facet normal -0 0 -1
    outer loop
      vertex 10.5056 37.9783 2.4
      vertex 9.33729 36.6201 2.4
      vertex 10.3188 38.0523 2.4
    endloop
  endfacet
  facet normal 0 0 -1
    outer loop
      vertex 9.45027 39.1021 2.4
      vertex 7.67457 39.5 2.4
      vertex 9.41262 39.2995 2.4
    endloop
  endfacet
  facet normal 0 0 -1
    outer loop
      vertex 9.51236 38.911 2.4
      vertex 7.67457 39.5 2.4
      vertex 9.45027 39.1021 2.4
    endloop
  endfacet
  facet normal 0 0 -1
    outer loop
      vertex 9.59791 38.7292 2.4
      vertex 7.67457 39.5 2.4
      vertex 9.51236 38.911 2.4
    endloop
  endfacet
  facet normal 0 0 -1
    outer loop
      vertex 7.67457 39.5 2.4
      vertex 9.59791 38.7292 2.4
      vertex 9.33729 36.6201 2.4
    endloop
  endfacet
  facet normal -0 0 -1
    outer loop
      vertex 9.70557 38.5595 2.4
      vertex 9.33729 36.6201 2.4
      vertex 9.59791 38.7292 2.4
    endloop
  endfacet
  facet normal -0 0 -1
    outer loop
      vertex 9.83365 38.4047 2.4
      vertex 9.33729 36.6201 2.4
      vertex 9.70557 38.5595 2.4
    endloop
  endfacet
  facet normal -0 0 -1
    outer loop
      vertex 9.98012 38.2672 2.4
      vertex 9.33729 36.6201 2.4
      vertex 9.83365 38.4047 2.4
    endloop
  endfacet
  facet normal -0 0 -1
    outer loop
      vertex 10.1427 38.1491 2.4
      vertex 9.33729 36.6201 2.4
      vertex 9.98012 38.2672 2.4
    endloop
  endfacet
  facet normal -0 0 -1
    outer loop
      vertex 10.3188 38.0523 2.4
      vertex 9.33729 36.6201 2.4
      vertex 10.1427 38.1491 2.4
    endloop
  endfacet
  facet normal 0 0 -1
    outer loop
      vertex 12.5497 39.8979 2.4
      vertex 14.3254 39.5 2.4
      vertex 12.5874 39.7005 2.4
    endloop
  endfacet
  facet normal 0 0 -1
    outer loop
      vertex 12.4876 40.089 2.4
      vertex 14.3254 39.5 2.4
      vertex 12.5497 39.8979 2.4
    endloop
  endfacet
  facet normal 0 0 -1
    outer loop
      vertex 12.4021 40.2708 2.4
      vertex 14.3254 39.5 2.4
      vertex 12.4876 40.089 2.4
    endloop
  endfacet
  facet normal 0 0 -1
    outer loop
      vertex 14.3254 39.5 2.4
      vertex 12.4021 40.2708 2.4
      vertex 12.6627 42.3799 2.4
    endloop
  endfacet
  facet normal 0 0 -1
    outer loop
      vertex 12.2944 40.4405 2.4
      vertex 12.6627 42.3799 2.4
      vertex 12.4021 40.2708 2.4
    endloop
  endfacet
  facet normal 0 0 -1
    outer loop
      vertex 12.1663 40.5953 2.4
      vertex 12.6627 42.3799 2.4
      vertex 12.2944 40.4405 2.4
    endloop
  endfacet
  facet normal 0 0 -1
    outer loop
      vertex 12.0199 40.7328 2.4
      vertex 12.6627 42.3799 2.4
      vertex 12.1663 40.5953 2.4
    endloop
  endfacet
  facet normal 0 0 -1
    outer loop
      vertex 11.8573 40.8509 2.4
      vertex 12.6627 42.3799 2.4
      vertex 12.0199 40.7328 2.4
    endloop
  endfacet
  facet normal 0 0 -1
    outer loop
      vertex 11.6812 40.9477 2.4
      vertex 12.6627 42.3799 2.4
      vertex 11.8573 40.8509 2.4
    endloop
  endfacet
  facet normal 0 0 -1
    outer loop
      vertex 11.4944 41.0217 2.4
      vertex 12.6627 42.3799 2.4
      vertex 11.6812 40.9477 2.4
    endloop
  endfacet
  facet normal 0 0 -1
    outer loop
      vertex 11.2998 41.0717 2.4
      vertex 12.6627 42.3799 2.4
      vertex 11.4944 41.0217 2.4
    endloop
  endfacet
  facet normal 0 0 -1
    outer loop
      vertex 11.1005 41.0968 2.4
      vertex 12.6627 42.3799 2.4
      vertex 11.2998 41.0717 2.4
    endloop
  endfacet
  facet normal 0 0 -1
    outer loop
      vertex 10.8995 41.0968 2.4
      vertex 12.6627 42.3799 2.4
      vertex 11.1005 41.0968 2.4
    endloop
  endfacet
  facet normal 0 0 -1
    outer loop
      vertex 9.33729 42.3799 2.4
      vertex 10.8995 41.0968 2.4
      vertex 10.7002 41.0717 2.4
    endloop
  endfacet
  facet normal 0 0 -1
    outer loop
      vertex 9.33729 42.3799 2.4
      vertex 10.7002 41.0717 2.4
      vertex 10.5056 41.0217 2.4
    endloop
  endfacet
  facet normal 0 0 -1
    outer loop
      vertex 9.33729 42.3799 2.4
      vertex 10.5056 41.0217 2.4
      vertex 10.3188 40.9477 2.4
    endloop
  endfacet
  facet normal 0 0 -1
    outer loop
      vertex 9.33729 42.3799 2.4
      vertex 10.3188 40.9477 2.4
      vertex 10.1427 40.8509 2.4
    endloop
  endfacet
  facet normal 0 0 -1
    outer loop
      vertex 10.8995 41.0968 2.4
      vertex 9.33729 42.3799 2.4
      vertex 12.6627 42.3799 2.4
    endloop
  endfacet
  facet normal 0 0 -1
    outer loop
      vertex 9.98012 40.7328 2.4
      vertex 9.33729 42.3799 2.4
      vertex 10.1427 40.8509 2.4
    endloop
  endfacet
  facet normal 0 0 -1
    outer loop
      vertex 9.83365 40.5953 2.4
      vertex 9.33729 42.3799 2.4
      vertex 9.98012 40.7328 2.4
    endloop
  endfacet
  facet normal 0 0 -1
    outer loop
      vertex 9.70557 40.4405 2.4
      vertex 9.33729 42.3799 2.4
      vertex 9.83365 40.5953 2.4
    endloop
  endfacet
  facet normal 0 0 -1
    outer loop
      vertex 9.59791 40.2708 2.4
      vertex 9.33729 42.3799 2.4
      vertex 9.70557 40.4405 2.4
    endloop
  endfacet
  facet normal 0 0 -1
    outer loop
      vertex 7.67457 39.5 2.4
      vertex 9.59791 40.2708 2.4
      vertex 9.51236 40.089 2.4
    endloop
  endfacet
  facet normal 0 0 -1
    outer loop
      vertex 7.67457 39.5 2.4
      vertex 9.51236 40.089 2.4
      vertex 9.45027 39.8979 2.4
    endloop
  endfacet
  facet normal 0 0 -1
    outer loop
      vertex 7.67457 39.5 2.4
      vertex 9.45027 39.8979 2.4
      vertex 9.41262 39.7005 2.4
    endloop
  endfacet
  facet normal 0 0 -1
    outer loop
      vertex 7.67457 39.5 2.4
      vertex 9.41262 39.7005 2.4
      vertex 9.4 39.5 2.4
    endloop
  endfacet
  facet normal 0 0 -1
    outer loop
      vertex 9.41262 39.2995 2.4
      vertex 7.67457 39.5 2.4
      vertex 9.4 39.5 2.4
    endloop
  endfacet
  facet normal -0 0 -1
    outer loop
      vertex 9.59791 40.2708 2.4
      vertex 7.67457 39.5 2.4
      vertex 9.33729 42.3799 2.4
    endloop
  endfacet
  facet normal 0.866024 -0.500002 0
    outer loop
      vertex 7.67457 39.5 2.4
      vertex 9.33729 42.3799 0
      vertex 9.33729 42.3799 2.4
    endloop
  endfacet
  facet normal 0.866024 -0.500002 0
    outer loop
      vertex 9.33729 42.3799 0
      vertex 7.67457 39.5 2.4
      vertex 7.67457 39.5 0
    endloop
  endfacet
  facet normal -0.866027 0.499998 0
    outer loop
      vertex 12.6627 36.6201 0
      vertex 14.3254 39.5 2.4
      vertex 14.3254 39.5 0
    endloop
  endfacet
  facet normal -0.866027 0.499998 0
    outer loop
      vertex 14.3254 39.5 2.4
      vertex 12.6627 36.6201 0
      vertex 12.6627 36.6201 2.4
    endloop
  endfacet
  facet normal 0.866024 0.500002 0
    outer loop
      vertex 9.33729 36.6201 2.4
      vertex 7.67457 39.5 0
      vertex 7.67457 39.5 2.4
    endloop
  endfacet
  facet normal 0.866024 0.500002 0
    outer loop
      vertex 7.67457 39.5 0
      vertex 9.33729 36.6201 2.4
      vertex 9.33729 36.6201 0
    endloop
  endfacet
  facet normal -0.998031 -0.0627192 0
    outer loop
      vertex 26.6 50 0
      vertex 26.5874 50.2005 3
      vertex 26.5874 50.2005 0
    endloop
  endfacet
  facet normal -0.998031 -0.0627192 0
    outer loop
      vertex 26.5874 50.2005 3
      vertex 26.6 50 0
      vertex 26.6 50 3
    endloop
  endfacet
  facet normal 0.124954 -0.992163 0
    outer loop
      vertex 24.7002 51.5717 0
      vertex 24.8995 51.5968 3
      vertex 24.7002 51.5717 3
    endloop
  endfacet
  facet normal 0.124954 -0.992163 0
    outer loop
      vertex 24.8995 51.5968 3
      vertex 24.7002 51.5717 0
      vertex 24.8995 51.5968 0
    endloop
  endfacet
  facet normal -0.587669 -0.809102 0
    outer loop
      vertex 25.8573 51.3509 0
      vertex 26.0199 51.2328 3
      vertex 25.8573 51.3509 3
    endloop
  endfacet
  facet normal -0.587669 -0.809102 -0
    outer loop
      vertex 26.0199 51.2328 3
      vertex 25.8573 51.3509 0
      vertex 26.0199 51.2328 0
    endloop
  endfacet
  facet normal 0.770664 -0.637242 0
    outer loop
      vertex 23.7056 50.9405 3
      vertex 23.8336 51.0953 0
      vertex 23.8336 51.0953 3
    endloop
  endfacet
  facet normal 0.770664 -0.637242 0
    outer loop
      vertex 23.8336 51.0953 0
      vertex 23.7056 50.9405 3
      vertex 23.7056 50.9405 0
    endloop
  endfacet
  facet normal 0.481709 -0.876331 0
    outer loop
      vertex 24.1427 51.3509 0
      vertex 24.3188 51.4477 3
      vertex 24.1427 51.3509 3
    endloop
  endfacet
  facet normal 0.481709 -0.876331 0
    outer loop
      vertex 24.3188 51.4477 3
      vertex 24.1427 51.3509 0
      vertex 24.3188 51.4477 0
    endloop
  endfacet
  facet normal -0.844316 -0.535845 0
    outer loop
      vertex 26.4021 50.7708 0
      vertex 26.2944 50.9405 3
      vertex 26.2944 50.9405 0
    endloop
  endfacet
  facet normal -0.844316 -0.535845 0
    outer loop
      vertex 26.2944 50.9405 3
      vertex 26.4021 50.7708 0
      vertex 26.4021 50.7708 3
    endloop
  endfacet
  facet normal -0.77042 -0.637537 0
    outer loop
      vertex 26.2944 50.9405 0
      vertex 26.1663 51.0953 3
      vertex 26.1663 51.0953 0
    endloop
  endfacet
  facet normal -0.77042 -0.637537 0
    outer loop
      vertex 26.1663 51.0953 3
      vertex 26.2944 50.9405 0
      vertex 26.2944 50.9405 3
    endloop
  endfacet
  facet normal -0.248854 -0.968541 0
    outer loop
      vertex 25.2998 51.5717 0
      vertex 25.4944 51.5217 3
      vertex 25.2998 51.5717 3
    endloop
  endfacet
  facet normal -0.248854 -0.968541 -0
    outer loop
      vertex 25.4944 51.5217 3
      vertex 25.2998 51.5717 0
      vertex 25.4944 51.5217 0
    endloop
  endfacet
  facet normal -0.124954 -0.992163 0
    outer loop
      vertex 25.1005 51.5968 0
      vertex 25.2998 51.5717 3
      vertex 25.1005 51.5968 3
    endloop
  endfacet
  facet normal -0.124954 -0.992163 -0
    outer loop
      vertex 25.2998 51.5717 3
      vertex 25.1005 51.5968 0
      vertex 25.2998 51.5717 0
    endloop
  endfacet
  facet normal -0.481709 -0.876331 0
    outer loop
      vertex 25.6812 51.4477 0
      vertex 25.8573 51.3509 3
      vertex 25.6812 51.4477 3
    endloop
  endfacet
  facet normal -0.481709 -0.876331 -0
    outer loop
      vertex 25.8573 51.3509 3
      vertex 25.6812 51.4477 0
      vertex 25.8573 51.3509 0
    endloop
  endfacet
  facet normal 0.951045 -0.309052 0
    outer loop
      vertex 23.4503 50.3979 3
      vertex 23.5124 50.589 0
      vertex 23.5124 50.589 3
    endloop
  endfacet
  facet normal 0.951045 -0.309052 0
    outer loop
      vertex 23.5124 50.589 0
      vertex 23.4503 50.3979 3
      vertex 23.4503 50.3979 0
    endloop
  endfacet
  facet normal 0.90492 -0.425581 0
    outer loop
      vertex 23.5124 50.589 3
      vertex 23.5979 50.7708 0
      vertex 23.5979 50.7708 3
    endloop
  endfacet
  facet normal 0.90492 -0.425581 0
    outer loop
      vertex 23.5979 50.7708 0
      vertex 23.5124 50.589 3
      vertex 23.5124 50.589 0
    endloop
  endfacet
  facet normal 0.982247 -0.187592 0
    outer loop
      vertex 23.4126 50.2005 3
      vertex 23.4503 50.3979 0
      vertex 23.4503 50.3979 3
    endloop
  endfacet
  facet normal 0.982247 -0.187592 0
    outer loop
      vertex 23.4503 50.3979 0
      vertex 23.4126 50.2005 3
      vertex 23.4126 50.2005 0
    endloop
  endfacet
  facet normal 0.998031 0.0627192 0
    outer loop
      vertex 23.4126 49.7995 3
      vertex 23.4 50 0
      vertex 23.4 50 3
    endloop
  endfacet
  facet normal 0.998031 0.0627192 0
    outer loop
      vertex 23.4 50 0
      vertex 23.4126 49.7995 3
      vertex 23.4126 49.7995 0
    endloop
  endfacet
  facet normal 0.684355 -0.729149 0
    outer loop
      vertex 23.8336 51.0953 0
      vertex 23.9801 51.2328 3
      vertex 23.8336 51.0953 3
    endloop
  endfacet
  facet normal 0.684355 -0.729149 0
    outer loop
      vertex 23.9801 51.2328 3
      vertex 23.8336 51.0953 0
      vertex 23.9801 51.2328 0
    endloop
  endfacet
  facet normal 0.248854 -0.968541 0
    outer loop
      vertex 24.5056 51.5217 0
      vertex 24.7002 51.5717 3
      vertex 24.5056 51.5217 3
    endloop
  endfacet
  facet normal 0.248854 -0.968541 0
    outer loop
      vertex 24.7002 51.5717 3
      vertex 24.5056 51.5217 0
      vertex 24.7002 51.5717 0
    endloop
  endfacet
  facet normal -0.844316 0.535845 0
    outer loop
      vertex 26.2944 49.0595 0
      vertex 26.4021 49.2292 3
      vertex 26.4021 49.2292 0
    endloop
  endfacet
  facet normal -0.844316 0.535845 0
    outer loop
      vertex 26.4021 49.2292 3
      vertex 26.2944 49.0595 0
      vertex 26.2944 49.0595 3
    endloop
  endfacet
  facet normal 0.124954 0.992163 -0
    outer loop
      vertex 24.8995 48.4032 0
      vertex 24.7002 48.4283 3
      vertex 24.8995 48.4032 3
    endloop
  endfacet
  facet normal 0.124954 0.992163 0
    outer loop
      vertex 24.7002 48.4283 3
      vertex 24.8995 48.4032 0
      vertex 24.7002 48.4283 0
    endloop
  endfacet
  facet normal 0.844316 0.535845 0
    outer loop
      vertex 23.7056 49.0595 3
      vertex 23.5979 49.2292 0
      vertex 23.5979 49.2292 3
    endloop
  endfacet
  facet normal 0.844316 0.535845 0
    outer loop
      vertex 23.5979 49.2292 0
      vertex 23.7056 49.0595 3
      vertex 23.7056 49.0595 0
    endloop
  endfacet
  facet normal -0.248854 0.968541 0
    outer loop
      vertex 25.4944 48.4783 0
      vertex 25.2998 48.4283 3
      vertex 25.4944 48.4783 3
    endloop
  endfacet
  facet normal -0.248854 0.968541 0
    outer loop
      vertex 25.2998 48.4283 3
      vertex 25.4944 48.4783 0
      vertex 25.2998 48.4283 0
    endloop
  endfacet
  facet normal -0.951045 -0.309052 0
    outer loop
      vertex 26.5497 50.3979 0
      vertex 26.4876 50.589 3
      vertex 26.4876 50.589 0
    endloop
  endfacet
  facet normal -0.951045 -0.309052 0
    outer loop
      vertex 26.4876 50.589 3
      vertex 26.5497 50.3979 0
      vertex 26.5497 50.3979 3
    endloop
  endfacet
  facet normal -0.982247 -0.187592 0
    outer loop
      vertex 26.5874 50.2005 0
      vertex 26.5497 50.3979 3
      vertex 26.5497 50.3979 0
    endloop
  endfacet
  facet normal -0.982247 -0.187592 0
    outer loop
      vertex 26.5497 50.3979 3
      vertex 26.5874 50.2005 0
      vertex 26.5874 50.2005 3
    endloop
  endfacet
  facet normal -0.90492 -0.425581 0
    outer loop
      vertex 26.4876 50.589 0
      vertex 26.4021 50.7708 3
      vertex 26.4021 50.7708 0
    endloop
  endfacet
  facet normal -0.90492 -0.425581 0
    outer loop
      vertex 26.4021 50.7708 3
      vertex 26.4876 50.589 0
      vertex 26.4876 50.589 3
    endloop
  endfacet
  facet normal -0.684603 -0.728916 0
    outer loop
      vertex 26.0199 51.2328 0
      vertex 26.1663 51.0953 3
      vertex 26.0199 51.2328 3
    endloop
  endfacet
  facet normal -0.684603 -0.728916 -0
    outer loop
      vertex 26.1663 51.0953 3
      vertex 26.0199 51.2328 0
      vertex 26.1663 51.0953 0
    endloop
  endfacet
  facet normal 0 -1 0
    outer loop
      vertex 24.8995 51.5968 0
      vertex 25.1005 51.5968 3
      vertex 24.8995 51.5968 3
    endloop
  endfacet
  facet normal 0 -1 -0
    outer loop
      vertex 25.1005 51.5968 3
      vertex 24.8995 51.5968 0
      vertex 25.1005 51.5968 0
    endloop
  endfacet
  facet normal -0.368299 -0.929707 0
    outer loop
      vertex 25.4944 51.5217 0
      vertex 25.6812 51.4477 3
      vertex 25.4944 51.5217 3
    endloop
  endfacet
  facet normal -0.368299 -0.929707 -0
    outer loop
      vertex 25.6812 51.4477 3
      vertex 25.4944 51.5217 0
      vertex 25.6812 51.4477 0
    endloop
  endfacet
  facet normal 0.844316 -0.535845 0
    outer loop
      vertex 23.5979 50.7708 3
      vertex 23.7056 50.9405 0
      vertex 23.7056 50.9405 3
    endloop
  endfacet
  facet normal 0.844316 -0.535845 0
    outer loop
      vertex 23.7056 50.9405 0
      vertex 23.5979 50.7708 3
      vertex 23.5979 50.7708 0
    endloop
  endfacet
  facet normal 0.998031 -0.0627192 0
    outer loop
      vertex 23.4 50 3
      vertex 23.4126 50.2005 0
      vertex 23.4126 50.2005 3
    endloop
  endfacet
  facet normal 0.998031 -0.0627192 0
    outer loop
      vertex 23.4126 50.2005 0
      vertex 23.4 50 3
      vertex 23.4 50 0
    endloop
  endfacet
  facet normal 0.587669 -0.809102 0
    outer loop
      vertex 23.9801 51.2328 0
      vertex 24.1427 51.3509 3
      vertex 23.9801 51.2328 3
    endloop
  endfacet
  facet normal 0.587669 -0.809102 0
    outer loop
      vertex 24.1427 51.3509 3
      vertex 23.9801 51.2328 0
      vertex 24.1427 51.3509 0
    endloop
  endfacet
  facet normal 0.368299 -0.929707 0
    outer loop
      vertex 24.3188 51.4477 0
      vertex 24.5056 51.5217 3
      vertex 24.3188 51.4477 3
    endloop
  endfacet
  facet normal 0.368299 -0.929707 0
    outer loop
      vertex 24.5056 51.5217 3
      vertex 24.3188 51.4477 0
      vertex 24.5056 51.5217 0
    endloop
  endfacet
  facet normal -0.951045 0.309052 0
    outer loop
      vertex 26.4876 49.411 0
      vertex 26.5497 49.6021 3
      vertex 26.5497 49.6021 0
    endloop
  endfacet
  facet normal -0.951045 0.309052 0
    outer loop
      vertex 26.5497 49.6021 3
      vertex 26.4876 49.411 0
      vertex 26.4876 49.411 3
    endloop
  endfacet
  facet normal -0.90492 0.425581 0
    outer loop
      vertex 26.4021 49.2292 0
      vertex 26.4876 49.411 3
      vertex 26.4876 49.411 0
    endloop
  endfacet
  facet normal -0.90492 0.425581 0
    outer loop
      vertex 26.4876 49.411 3
      vertex 26.4021 49.2292 0
      vertex 26.4021 49.2292 3
    endloop
  endfacet
  facet normal -0.982247 0.187592 0
    outer loop
      vertex 26.5497 49.6021 0
      vertex 26.5874 49.7995 3
      vertex 26.5874 49.7995 0
    endloop
  endfacet
  facet normal -0.982247 0.187592 0
    outer loop
      vertex 26.5874 49.7995 3
      vertex 26.5497 49.6021 0
      vertex 26.5497 49.6021 3
    endloop
  endfacet
  facet normal 0.770664 0.637242 0
    outer loop
      vertex 23.8336 48.9047 3
      vertex 23.7056 49.0595 0
      vertex 23.7056 49.0595 3
    endloop
  endfacet
  facet normal 0.770664 0.637242 0
    outer loop
      vertex 23.7056 49.0595 0
      vertex 23.8336 48.9047 3
      vertex 23.8336 48.9047 0
    endloop
  endfacet
  facet normal 0.90492 0.425581 0
    outer loop
      vertex 23.5979 49.2292 3
      vertex 23.5124 49.411 0
      vertex 23.5124 49.411 3
    endloop
  endfacet
  facet normal 0.90492 0.425581 0
    outer loop
      vertex 23.5124 49.411 0
      vertex 23.5979 49.2292 3
      vertex 23.5979 49.2292 0
    endloop
  endfacet
  facet normal -0.481709 0.876331 0
    outer loop
      vertex 25.8573 48.6491 0
      vertex 25.6812 48.5523 3
      vertex 25.8573 48.6491 3
    endloop
  endfacet
  facet normal -0.481709 0.876331 0
    outer loop
      vertex 25.6812 48.5523 3
      vertex 25.8573 48.6491 0
      vertex 25.6812 48.5523 0
    endloop
  endfacet
  facet normal -0.368299 0.929707 0
    outer loop
      vertex 25.6812 48.5523 0
      vertex 25.4944 48.4783 3
      vertex 25.6812 48.5523 3
    endloop
  endfacet
  facet normal -0.368299 0.929707 0
    outer loop
      vertex 25.4944 48.4783 3
      vertex 25.6812 48.5523 0
      vertex 25.4944 48.4783 0
    endloop
  endfacet
  facet normal -0.998031 0.0627192 0
    outer loop
      vertex 26.5874 49.7995 0
      vertex 26.6 50 3
      vertex 26.6 50 0
    endloop
  endfacet
  facet normal -0.998031 0.0627192 0
    outer loop
      vertex 26.6 50 3
      vertex 26.5874 49.7995 0
      vertex 26.5874 49.7995 3
    endloop
  endfacet
  facet normal 0 1 -0
    outer loop
      vertex 25.1005 48.4032 0
      vertex 24.8995 48.4032 3
      vertex 25.1005 48.4032 3
    endloop
  endfacet
  facet normal 0 1 0
    outer loop
      vertex 24.8995 48.4032 3
      vertex 25.1005 48.4032 0
      vertex 24.8995 48.4032 0
    endloop
  endfacet
  facet normal 0.248854 0.968541 -0
    outer loop
      vertex 24.7002 48.4283 0
      vertex 24.5056 48.4783 3
      vertex 24.7002 48.4283 3
    endloop
  endfacet
  facet normal 0.248854 0.968541 0
    outer loop
      vertex 24.5056 48.4783 3
      vertex 24.7002 48.4283 0
      vertex 24.5056 48.4783 0
    endloop
  endfacet
  facet normal 0.684355 0.729149 -0
    outer loop
      vertex 23.9801 48.7672 0
      vertex 23.8336 48.9047 3
      vertex 23.9801 48.7672 3
    endloop
  endfacet
  facet normal 0.684355 0.729149 0
    outer loop
      vertex 23.8336 48.9047 3
      vertex 23.9801 48.7672 0
      vertex 23.8336 48.9047 0
    endloop
  endfacet
  facet normal 0.982247 0.187592 0
    outer loop
      vertex 23.4503 49.6021 3
      vertex 23.4126 49.7995 0
      vertex 23.4126 49.7995 3
    endloop
  endfacet
  facet normal 0.982247 0.187592 0
    outer loop
      vertex 23.4126 49.7995 0
      vertex 23.4503 49.6021 3
      vertex 23.4503 49.6021 0
    endloop
  endfacet
  facet normal 0.951045 0.309052 0
    outer loop
      vertex 23.5124 49.411 3
      vertex 23.4503 49.6021 0
      vertex 23.4503 49.6021 3
    endloop
  endfacet
  facet normal 0.951045 0.309052 0
    outer loop
      vertex 23.4503 49.6021 0
      vertex 23.5124 49.411 3
      vertex 23.5124 49.411 0
    endloop
  endfacet
  facet normal -0.77042 0.637537 0
    outer loop
      vertex 26.1663 48.9047 0
      vertex 26.2944 49.0595 3
      vertex 26.2944 49.0595 0
    endloop
  endfacet
  facet normal -0.77042 0.637537 0
    outer loop
      vertex 26.2944 49.0595 3
      vertex 26.1663 48.9047 0
      vertex 26.1663 48.9047 3
    endloop
  endfacet
  facet normal -0.587669 0.809102 0
    outer loop
      vertex 26.0199 48.7672 0
      vertex 25.8573 48.6491 3
      vertex 26.0199 48.7672 3
    endloop
  endfacet
  facet normal -0.587669 0.809102 0
    outer loop
      vertex 25.8573 48.6491 3
      vertex 26.0199 48.7672 0
      vertex 25.8573 48.6491 0
    endloop
  endfacet
  facet normal -0.124954 0.992163 0
    outer loop
      vertex 25.2998 48.4283 0
      vertex 25.1005 48.4032 3
      vertex 25.2998 48.4283 3
    endloop
  endfacet
  facet normal -0.124954 0.992163 0
    outer loop
      vertex 25.1005 48.4032 3
      vertex 25.2998 48.4283 0
      vertex 25.1005 48.4032 0
    endloop
  endfacet
  facet normal 0.481709 0.876331 -0
    outer loop
      vertex 24.3188 48.5523 0
      vertex 24.1427 48.6491 3
      vertex 24.3188 48.5523 3
    endloop
  endfacet
  facet normal 0.481709 0.876331 0
    outer loop
      vertex 24.1427 48.6491 3
      vertex 24.3188 48.5523 0
      vertex 24.1427 48.6491 0
    endloop
  endfacet
  facet normal 0.587669 0.809102 -0
    outer loop
      vertex 24.1427 48.6491 0
      vertex 23.9801 48.7672 3
      vertex 24.1427 48.6491 3
    endloop
  endfacet
  facet normal 0.587669 0.809102 0
    outer loop
      vertex 23.9801 48.7672 3
      vertex 24.1427 48.6491 0
      vertex 23.9801 48.7672 0
    endloop
  endfacet
  facet normal -0.684603 0.728916 0
    outer loop
      vertex 26.1663 48.9047 0
      vertex 26.0199 48.7672 3
      vertex 26.1663 48.9047 3
    endloop
  endfacet
  facet normal -0.684603 0.728916 0
    outer loop
      vertex 26.0199 48.7672 3
      vertex 26.1663 48.9047 0
      vertex 26.0199 48.7672 0
    endloop
  endfacet
  facet normal 0.368299 0.929707 -0
    outer loop
      vertex 24.5056 48.4783 0
      vertex 24.3188 48.5523 3
      vertex 24.5056 48.4783 3
    endloop
  endfacet
  facet normal 0.368299 0.929707 0
    outer loop
      vertex 24.3188 48.5523 3
      vertex 24.5056 48.4783 0
      vertex 24.3188 48.5523 0
    endloop
  endfacet
  facet normal -0.998031 -0.0627192 0
    outer loop
      vertex 51.6 25 0
      vertex 51.5874 25.2005 3
      vertex 51.5874 25.2005 0
    endloop
  endfacet
  facet normal -0.998031 -0.0627192 0
    outer loop
      vertex 51.5874 25.2005 3
      vertex 51.6 25 0
      vertex 51.6 25 3
    endloop
  endfacet
  facet normal 0.124954 -0.992163 0
    outer loop
      vertex 49.7002 26.5717 0
      vertex 49.8995 26.5968 3
      vertex 49.7002 26.5717 3
    endloop
  endfacet
  facet normal 0.124954 -0.992163 0
    outer loop
      vertex 49.8995 26.5968 3
      vertex 49.7002 26.5717 0
      vertex 49.8995 26.5968 0
    endloop
  endfacet
  facet normal -0.124954 0.992163 0
    outer loop
      vertex 50.2998 23.4283 0
      vertex 50.1005 23.4032 3
      vertex 50.2998 23.4283 3
    endloop
  endfacet
  facet normal -0.124954 0.992163 0
    outer loop
      vertex 50.1005 23.4032 3
      vertex 50.2998 23.4283 0
      vertex 50.1005 23.4032 0
    endloop
  endfacet
  facet normal -0.587669 -0.809102 0
    outer loop
      vertex 50.8573 26.3509 0
      vertex 51.0199 26.2328 3
      vertex 50.8573 26.3509 3
    endloop
  endfacet
  facet normal -0.587669 -0.809102 -0
    outer loop
      vertex 51.0199 26.2328 3
      vertex 50.8573 26.3509 0
      vertex 51.0199 26.2328 0
    endloop
  endfacet
  facet normal 0.770664 -0.637242 0
    outer loop
      vertex 48.7056 25.9405 3
      vertex 48.8336 26.0953 0
      vertex 48.8336 26.0953 3
    endloop
  endfacet
  facet normal 0.770664 -0.637242 0
    outer loop
      vertex 48.8336 26.0953 0
      vertex 48.7056 25.9405 3
      vertex 48.7056 25.9405 0
    endloop
  endfacet
  facet normal 0.481709 -0.876331 0
    outer loop
      vertex 49.1427 26.3509 0
      vertex 49.3188 26.4477 3
      vertex 49.1427 26.3509 3
    endloop
  endfacet
  facet normal 0.481709 -0.876331 0
    outer loop
      vertex 49.3188 26.4477 3
      vertex 49.1427 26.3509 0
      vertex 49.3188 26.4477 0
    endloop
  endfacet
  facet normal -0.844316 -0.535845 0
    outer loop
      vertex 51.4021 25.7708 0
      vertex 51.2944 25.9405 3
      vertex 51.2944 25.9405 0
    endloop
  endfacet
  facet normal -0.844316 -0.535845 0
    outer loop
      vertex 51.2944 25.9405 3
      vertex 51.4021 25.7708 0
      vertex 51.4021 25.7708 3
    endloop
  endfacet
  facet normal -0.770664 -0.637242 0
    outer loop
      vertex 51.2944 25.9405 0
      vertex 51.1664 26.0953 3
      vertex 51.1664 26.0953 0
    endloop
  endfacet
  facet normal -0.770664 -0.637242 0
    outer loop
      vertex 51.1664 26.0953 3
      vertex 51.2944 25.9405 0
      vertex 51.2944 25.9405 3
    endloop
  endfacet
  facet normal -0.248854 -0.968541 0
    outer loop
      vertex 50.2998 26.5717 0
      vertex 50.4944 26.5217 3
      vertex 50.2998 26.5717 3
    endloop
  endfacet
  facet normal -0.248854 -0.968541 -0
    outer loop
      vertex 50.4944 26.5217 3
      vertex 50.2998 26.5717 0
      vertex 50.4944 26.5217 0
    endloop
  endfacet
  facet normal -0.124954 -0.992163 0
    outer loop
      vertex 50.1005 26.5968 0
      vertex 50.2998 26.5717 3
      vertex 50.1005 26.5968 3
    endloop
  endfacet
  facet normal -0.124954 -0.992163 -0
    outer loop
      vertex 50.2998 26.5717 3
      vertex 50.1005 26.5968 0
      vertex 50.2998 26.5717 0
    endloop
  endfacet
  facet normal -0.368299 -0.929707 0
    outer loop
      vertex 50.4944 26.5217 0
      vertex 50.6812 26.4477 3
      vertex 50.4944 26.5217 3
    endloop
  endfacet
  facet normal -0.368299 -0.929707 -0
    outer loop
      vertex 50.6812 26.4477 3
      vertex 50.4944 26.5217 0
      vertex 50.6812 26.4477 0
    endloop
  endfacet
  facet normal 0.951045 -0.309052 0
    outer loop
      vertex 48.4503 25.3979 3
      vertex 48.5124 25.589 0
      vertex 48.5124 25.589 3
    endloop
  endfacet
  facet normal 0.951045 -0.309052 0
    outer loop
      vertex 48.5124 25.589 0
      vertex 48.4503 25.3979 3
      vertex 48.4503 25.3979 0
    endloop
  endfacet
  facet normal 0.982247 -0.187592 0
    outer loop
      vertex 48.4126 25.2005 3
      vertex 48.4503 25.3979 0
      vertex 48.4503 25.3979 3
    endloop
  endfacet
  facet normal 0.982247 -0.187592 0
    outer loop
      vertex 48.4503 25.3979 0
      vertex 48.4126 25.2005 3
      vertex 48.4126 25.2005 0
    endloop
  endfacet
  facet normal 0.248854 -0.968541 0
    outer loop
      vertex 49.5056 26.5217 0
      vertex 49.7002 26.5717 3
      vertex 49.5056 26.5217 3
    endloop
  endfacet
  facet normal 0.248854 -0.968541 0
    outer loop
      vertex 49.7002 26.5717 3
      vertex 49.5056 26.5217 0
      vertex 49.7002 26.5717 0
    endloop
  endfacet
  facet normal -0.248854 0.968541 0
    outer loop
      vertex 50.4944 23.4783 0
      vertex 50.2998 23.4283 3
      vertex 50.4944 23.4783 3
    endloop
  endfacet
  facet normal -0.248854 0.968541 0
    outer loop
      vertex 50.2998 23.4283 3
      vertex 50.4944 23.4783 0
      vertex 50.2998 23.4283 0
    endloop
  endfacet
  facet normal -0.951045 -0.309052 0
    outer loop
      vertex 51.5497 25.3979 0
      vertex 51.4876 25.589 3
      vertex 51.4876 25.589 0
    endloop
  endfacet
  facet normal -0.951045 -0.309052 0
    outer loop
      vertex 51.4876 25.589 3
      vertex 51.5497 25.3979 0
      vertex 51.5497 25.3979 3
    endloop
  endfacet
  facet normal -0.982247 -0.187592 0
    outer loop
      vertex 51.5874 25.2005 0
      vertex 51.5497 25.3979 3
      vertex 51.5497 25.3979 0
    endloop
  endfacet
  facet normal -0.982247 -0.187592 0
    outer loop
      vertex 51.5497 25.3979 3
      vertex 51.5874 25.2005 0
      vertex 51.5874 25.2005 3
    endloop
  endfacet
  facet normal -0.90492 -0.425581 0
    outer loop
      vertex 51.4876 25.589 0
      vertex 51.4021 25.7708 3
      vertex 51.4021 25.7708 0
    endloop
  endfacet
  facet normal -0.90492 -0.425581 0
    outer loop
      vertex 51.4021 25.7708 3
      vertex 51.4876 25.589 0
      vertex 51.4876 25.589 3
    endloop
  endfacet
  facet normal -0.684355 -0.729149 0
    outer loop
      vertex 51.0199 26.2328 0
      vertex 51.1664 26.0953 3
      vertex 51.0199 26.2328 3
    endloop
  endfacet
  facet normal -0.684355 -0.729149 -0
    outer loop
      vertex 51.1664 26.0953 3
      vertex 51.0199 26.2328 0
      vertex 51.1664 26.0953 0
    endloop
  endfacet
  facet normal 0 -1 0
    outer loop
      vertex 49.8995 26.5968 0
      vertex 50.1005 26.5968 3
      vertex 49.8995 26.5968 3
    endloop
  endfacet
  facet normal 0 -1 -0
    outer loop
      vertex 50.1005 26.5968 3
      vertex 49.8995 26.5968 0
      vertex 50.1005 26.5968 0
    endloop
  endfacet
  facet normal -0.481709 -0.876331 0
    outer loop
      vertex 50.6812 26.4477 0
      vertex 50.8573 26.3509 3
      vertex 50.6812 26.4477 3
    endloop
  endfacet
  facet normal -0.481709 -0.876331 -0
    outer loop
      vertex 50.8573 26.3509 3
      vertex 50.6812 26.4477 0
      vertex 50.8573 26.3509 0
    endloop
  endfacet
  facet normal 0.90492 -0.425581 0
    outer loop
      vertex 48.5124 25.589 3
      vertex 48.5979 25.7708 0
      vertex 48.5979 25.7708 3
    endloop
  endfacet
  facet normal 0.90492 -0.425581 0
    outer loop
      vertex 48.5979 25.7708 0
      vertex 48.5124 25.589 3
      vertex 48.5124 25.589 0
    endloop
  endfacet
  facet normal 0.844316 -0.535845 0
    outer loop
      vertex 48.5979 25.7708 3
      vertex 48.7056 25.9405 0
      vertex 48.7056 25.9405 3
    endloop
  endfacet
  facet normal 0.844316 -0.535845 0
    outer loop
      vertex 48.7056 25.9405 0
      vertex 48.5979 25.7708 3
      vertex 48.5979 25.7708 0
    endloop
  endfacet
  facet normal 0.998031 -0.0627192 0
    outer loop
      vertex 48.4 25 3
      vertex 48.4126 25.2005 0
      vertex 48.4126 25.2005 3
    endloop
  endfacet
  facet normal 0.998031 -0.0627192 0
    outer loop
      vertex 48.4126 25.2005 0
      vertex 48.4 25 3
      vertex 48.4 25 0
    endloop
  endfacet
  facet normal 0.587669 -0.809102 0
    outer loop
      vertex 48.9801 26.2328 0
      vertex 49.1427 26.3509 3
      vertex 48.9801 26.2328 3
    endloop
  endfacet
  facet normal 0.587669 -0.809102 0
    outer loop
      vertex 49.1427 26.3509 3
      vertex 48.9801 26.2328 0
      vertex 49.1427 26.3509 0
    endloop
  endfacet
  facet normal 0.684355 -0.729149 0
    outer loop
      vertex 48.8336 26.0953 0
      vertex 48.9801 26.2328 3
      vertex 48.8336 26.0953 3
    endloop
  endfacet
  facet normal 0.684355 -0.729149 0
    outer loop
      vertex 48.9801 26.2328 3
      vertex 48.8336 26.0953 0
      vertex 48.9801 26.2328 0
    endloop
  endfacet
  facet normal 0.368299 -0.929707 0
    outer loop
      vertex 49.3188 26.4477 0
      vertex 49.5056 26.5217 3
      vertex 49.3188 26.4477 3
    endloop
  endfacet
  facet normal 0.368299 -0.929707 0
    outer loop
      vertex 49.5056 26.5217 3
      vertex 49.3188 26.4477 0
      vertex 49.5056 26.5217 0
    endloop
  endfacet
  facet normal -0.951045 0.309052 0
    outer loop
      vertex 51.4876 24.411 0
      vertex 51.5497 24.6021 3
      vertex 51.5497 24.6021 0
    endloop
  endfacet
  facet normal -0.951045 0.309052 0
    outer loop
      vertex 51.5497 24.6021 3
      vertex 51.4876 24.411 0
      vertex 51.4876 24.411 3
    endloop
  endfacet
  facet normal -0.982247 0.187592 0
    outer loop
      vertex 51.5497 24.6021 0
      vertex 51.5874 24.7995 3
      vertex 51.5874 24.7995 0
    endloop
  endfacet
  facet normal -0.982247 0.187592 0
    outer loop
      vertex 51.5874 24.7995 3
      vertex 51.5497 24.6021 0
      vertex 51.5497 24.6021 3
    endloop
  endfacet
  facet normal -0.587669 0.809102 0
    outer loop
      vertex 51.0199 23.7672 0
      vertex 50.8573 23.6491 3
      vertex 51.0199 23.7672 3
    endloop
  endfacet
  facet normal -0.587669 0.809102 0
    outer loop
      vertex 50.8573 23.6491 3
      vertex 51.0199 23.7672 0
      vertex 50.8573 23.6491 0
    endloop
  endfacet
  facet normal 0.998031 0.0627192 0
    outer loop
      vertex 48.4126 24.7995 3
      vertex 48.4 25 0
      vertex 48.4 25 3
    endloop
  endfacet
  facet normal 0.998031 0.0627192 0
    outer loop
      vertex 48.4 25 0
      vertex 48.4126 24.7995 3
      vertex 48.4126 24.7995 0
    endloop
  endfacet
  facet normal -0.844316 0.535845 0
    outer loop
      vertex 51.2944 24.0595 0
      vertex 51.4021 24.2292 3
      vertex 51.4021 24.2292 0
    endloop
  endfacet
  facet normal -0.844316 0.535845 0
    outer loop
      vertex 51.4021 24.2292 3
      vertex 51.2944 24.0595 0
      vertex 51.2944 24.0595 3
    endloop
  endfacet
  facet normal -0.998031 0.0627192 0
    outer loop
      vertex 51.5874 24.7995 0
      vertex 51.6 25 3
      vertex 51.6 25 0
    endloop
  endfacet
  facet normal -0.998031 0.0627192 0
    outer loop
      vertex 51.6 25 3
      vertex 51.5874 24.7995 0
      vertex 51.5874 24.7995 3
    endloop
  endfacet
  facet normal 0.684355 0.729149 -0
    outer loop
      vertex 48.9801 23.7672 0
      vertex 48.8336 23.9047 3
      vertex 48.9801 23.7672 3
    endloop
  endfacet
  facet normal 0.684355 0.729149 0
    outer loop
      vertex 48.8336 23.9047 3
      vertex 48.9801 23.7672 0
      vertex 48.8336 23.9047 0
    endloop
  endfacet
  facet normal 0.770664 0.637242 0
    outer loop
      vertex 48.8336 23.9047 3
      vertex 48.7056 24.0595 0
      vertex 48.7056 24.0595 3
    endloop
  endfacet
  facet normal 0.770664 0.637242 0
    outer loop
      vertex 48.7056 24.0595 0
      vertex 48.8336 23.9047 3
      vertex 48.8336 23.9047 0
    endloop
  endfacet
  facet normal 0.90492 0.425581 0
    outer loop
      vertex 48.5979 24.2292 3
      vertex 48.5124 24.411 0
      vertex 48.5124 24.411 3
    endloop
  endfacet
  facet normal 0.90492 0.425581 0
    outer loop
      vertex 48.5124 24.411 0
      vertex 48.5979 24.2292 3
      vertex 48.5979 24.2292 0
    endloop
  endfacet
  facet normal 0.982247 0.187592 0
    outer loop
      vertex 48.4503 24.6021 3
      vertex 48.4126 24.7995 0
      vertex 48.4126 24.7995 3
    endloop
  endfacet
  facet normal 0.982247 0.187592 0
    outer loop
      vertex 48.4126 24.7995 0
      vertex 48.4503 24.6021 3
      vertex 48.4503 24.6021 0
    endloop
  endfacet
  facet normal -0.770664 0.637242 0
    outer loop
      vertex 51.1664 23.9047 0
      vertex 51.2944 24.0595 3
      vertex 51.2944 24.0595 0
    endloop
  endfacet
  facet normal -0.770664 0.637242 0
    outer loop
      vertex 51.2944 24.0595 3
      vertex 51.1664 23.9047 0
      vertex 51.1664 23.9047 3
    endloop
  endfacet
  facet normal -0.481709 0.876331 0
    outer loop
      vertex 50.8573 23.6491 0
      vertex 50.6812 23.5523 3
      vertex 50.8573 23.6491 3
    endloop
  endfacet
  facet normal -0.481709 0.876331 0
    outer loop
      vertex 50.6812 23.5523 3
      vertex 50.8573 23.6491 0
      vertex 50.6812 23.5523 0
    endloop
  endfacet
  facet normal -0.368299 0.929707 0
    outer loop
      vertex 50.6812 23.5523 0
      vertex 50.4944 23.4783 3
      vertex 50.6812 23.5523 3
    endloop
  endfacet
  facet normal -0.368299 0.929707 0
    outer loop
      vertex 50.4944 23.4783 3
      vertex 50.6812 23.5523 0
      vertex 50.4944 23.4783 0
    endloop
  endfacet
  facet normal -0.90492 0.425581 0
    outer loop
      vertex 51.4021 24.2292 0
      vertex 51.4876 24.411 3
      vertex 51.4876 24.411 0
    endloop
  endfacet
  facet normal -0.90492 0.425581 0
    outer loop
      vertex 51.4876 24.411 3
      vertex 51.4021 24.2292 0
      vertex 51.4021 24.2292 3
    endloop
  endfacet
  facet normal 0 1 -0
    outer loop
      vertex 50.1005 23.4032 0
      vertex 49.8995 23.4032 3
      vertex 50.1005 23.4032 3
    endloop
  endfacet
  facet normal 0 1 0
    outer loop
      vertex 49.8995 23.4032 3
      vertex 50.1005 23.4032 0
      vertex 49.8995 23.4032 0
    endloop
  endfacet
  facet normal 0.248854 0.968541 -0
    outer loop
      vertex 49.7002 23.4283 0
      vertex 49.5056 23.4783 3
      vertex 49.7002 23.4283 3
    endloop
  endfacet
  facet normal 0.248854 0.968541 0
    outer loop
      vertex 49.5056 23.4783 3
      vertex 49.7002 23.4283 0
      vertex 49.5056 23.4783 0
    endloop
  endfacet
  facet normal 0.124954 0.992163 -0
    outer loop
      vertex 49.8995 23.4032 0
      vertex 49.7002 23.4283 3
      vertex 49.8995 23.4032 3
    endloop
  endfacet
  facet normal 0.124954 0.992163 0
    outer loop
      vertex 49.7002 23.4283 3
      vertex 49.8995 23.4032 0
      vertex 49.7002 23.4283 0
    endloop
  endfacet
  facet normal 0.587669 0.809102 -0
    outer loop
      vertex 49.1427 23.6491 0
      vertex 48.9801 23.7672 3
      vertex 49.1427 23.6491 3
    endloop
  endfacet
  facet normal 0.587669 0.809102 0
    outer loop
      vertex 48.9801 23.7672 3
      vertex 49.1427 23.6491 0
      vertex 48.9801 23.7672 0
    endloop
  endfacet
  facet normal 0.844316 0.535845 0
    outer loop
      vertex 48.7056 24.0595 3
      vertex 48.5979 24.2292 0
      vertex 48.5979 24.2292 3
    endloop
  endfacet
  facet normal 0.844316 0.535845 0
    outer loop
      vertex 48.5979 24.2292 0
      vertex 48.7056 24.0595 3
      vertex 48.7056 24.0595 0
    endloop
  endfacet
  facet normal 0.951045 0.309052 0
    outer loop
      vertex 48.5124 24.411 3
      vertex 48.4503 24.6021 0
      vertex 48.4503 24.6021 3
    endloop
  endfacet
  facet normal 0.951045 0.309052 0
    outer loop
      vertex 48.4503 24.6021 0
      vertex 48.5124 24.411 3
      vertex 48.5124 24.411 0
    endloop
  endfacet
  facet normal -0.684355 0.729149 0
    outer loop
      vertex 51.1664 23.9047 0
      vertex 51.0199 23.7672 3
      vertex 51.1664 23.9047 3
    endloop
  endfacet
  facet normal -0.684355 0.729149 0
    outer loop
      vertex 51.0199 23.7672 3
      vertex 51.1664 23.9047 0
      vertex 51.0199 23.7672 0
    endloop
  endfacet
  facet normal 0.481709 0.876331 -0
    outer loop
      vertex 49.3188 23.5523 0
      vertex 49.1427 23.6491 3
      vertex 49.3188 23.5523 3
    endloop
  endfacet
  facet normal 0.481709 0.876331 0
    outer loop
      vertex 49.1427 23.6491 3
      vertex 49.3188 23.5523 0
      vertex 49.1427 23.6491 0
    endloop
  endfacet
  facet normal 0.368299 0.929707 -0
    outer loop
      vertex 49.5056 23.4783 0
      vertex 49.3188 23.5523 3
      vertex 49.5056 23.4783 3
    endloop
  endfacet
  facet normal 0.368299 0.929707 0
    outer loop
      vertex 49.3188 23.5523 3
      vertex 49.5056 23.4783 0
      vertex 49.3188 23.5523 0
    endloop
  endfacet
  facet normal -0.998032 -0.0627089 0
    outer loop
      vertex 26.6 0 0
      vertex 26.5874 0.200533 3
      vertex 26.5874 0.200533 0
    endloop
  endfacet
  facet normal -0.998032 -0.0627089 0
    outer loop
      vertex 26.5874 0.200533 3
      vertex 26.6 0 0
      vertex 26.6 0 3
    endloop
  endfacet
  facet normal 0.998032 -0.0627089 0
    outer loop
      vertex 23.4 0 3
      vertex 23.4126 0.200533 0
      vertex 23.4126 0.200533 3
    endloop
  endfacet
  facet normal 0.998032 -0.0627089 0
    outer loop
      vertex 23.4126 0.200533 0
      vertex 23.4 0 3
      vertex 23.4 0 0
    endloop
  endfacet
  facet normal 0 -1 0
    outer loop
      vertex 24.8995 1.59684 0
      vertex 25.1005 1.59684 3
      vertex 24.8995 1.59684 3
    endloop
  endfacet
  facet normal 0 -1 -0
    outer loop
      vertex 25.1005 1.59684 3
      vertex 24.8995 1.59684 0
      vertex 25.1005 1.59684 0
    endloop
  endfacet
  facet normal 0 1 -0
    outer loop
      vertex 25.1005 -1.59684 0
      vertex 24.8995 -1.59684 3
      vertex 25.1005 -1.59684 3
    endloop
  endfacet
  facet normal 0 1 0
    outer loop
      vertex 24.8995 -1.59684 3
      vertex 25.1005 -1.59684 0
      vertex 24.8995 -1.59684 0
    endloop
  endfacet
  facet normal -0.684736 -0.728792 0
    outer loop
      vertex 26.0199 1.23282 0
      vertex 26.1663 1.09527 3
      vertex 26.0199 1.23282 3
    endloop
  endfacet
  facet normal -0.684736 -0.728792 -0
    outer loop
      vertex 26.1663 1.09527 3
      vertex 26.0199 1.23282 0
      vertex 26.1663 1.09527 0
    endloop
  endfacet
  facet normal 0.684487 -0.729025 0
    outer loop
      vertex 23.8336 1.09527 0
      vertex 23.9801 1.23282 3
      vertex 23.8336 1.09527 3
    endloop
  endfacet
  facet normal 0.684487 -0.729025 0
    outer loop
      vertex 23.9801 1.23282 3
      vertex 23.8336 1.09527 0
      vertex 23.9801 1.23282 0
    endloop
  endfacet
  facet normal 0.36817 -0.929758 0
    outer loop
      vertex 24.3188 1.44772 0
      vertex 24.5056 1.52169 3
      vertex 24.3188 1.44772 3
    endloop
  endfacet
  facet normal 0.36817 -0.929758 0
    outer loop
      vertex 24.5056 1.52169 3
      vertex 24.3188 1.44772 0
      vertex 24.5056 1.52169 0
    endloop
  endfacet
  facet normal -0.904926 -0.42557 0
    outer loop
      vertex 26.4876 0.588999 0
      vertex 26.4021 0.770805 3
      vertex 26.4021 0.770805 0
    endloop
  endfacet
  facet normal -0.904926 -0.42557 0
    outer loop
      vertex 26.4021 0.770805 3
      vertex 26.4876 0.588999 0
      vertex 26.4876 0.588999 3
    endloop
  endfacet
  facet normal -0.844246 -0.535955 0
    outer loop
      vertex 26.4021 0.770805 0
      vertex 26.2944 0.940456 3
      vertex 26.2944 0.940456 0
    endloop
  endfacet
  facet normal -0.844246 -0.535955 0
    outer loop
      vertex 26.2944 0.940456 3
      vertex 26.4021 0.770805 0
      vertex 26.4021 0.770805 3
    endloop
  endfacet
  facet normal -0.36817 -0.929758 0
    outer loop
      vertex 25.4944 1.52169 0
      vertex 25.6812 1.44772 3
      vertex 25.4944 1.52169 3
    endloop
  endfacet
  facet normal -0.36817 -0.929758 -0
    outer loop
      vertex 25.6812 1.44772 3
      vertex 25.4944 1.52169 0
      vertex 25.6812 1.44772 0
    endloop
  endfacet
  facet normal -0.248714 -0.968577 0
    outer loop
      vertex 25.2998 1.57166 0
      vertex 25.4944 1.52169 3
      vertex 25.2998 1.57166 3
    endloop
  endfacet
  facet normal -0.248714 -0.968577 -0
    outer loop
      vertex 25.4944 1.52169 3
      vertex 25.2998 1.57166 0
      vertex 25.4944 1.52169 0
    endloop
  endfacet
  facet normal -0.587669 -0.809102 0
    outer loop
      vertex 25.8573 1.35092 0
      vertex 26.0199 1.23282 3
      vertex 25.8573 1.35092 3
    endloop
  endfacet
  facet normal -0.587669 -0.809102 -0
    outer loop
      vertex 26.0199 1.23282 3
      vertex 25.8573 1.35092 0
      vertex 26.0199 1.23282 0
    endloop
  endfacet
  facet normal 0.904926 -0.42557 0
    outer loop
      vertex 23.5124 0.588999 3
      vertex 23.5979 0.770805 0
      vertex 23.5979 0.770805 3
    endloop
  endfacet
  facet normal 0.904926 -0.42557 0
    outer loop
      vertex 23.5979 0.770805 0
      vertex 23.5124 0.588999 3
      vertex 23.5124 0.588999 0
    endloop
  endfacet
  facet normal 0.770692 -0.637207 0
    outer loop
      vertex 23.7056 0.940456 3
      vertex 23.8336 1.09527 0
      vertex 23.8336 1.09527 3
    endloop
  endfacet
  facet normal 0.770692 -0.637207 0
    outer loop
      vertex 23.8336 1.09527 0
      vertex 23.7056 0.940456 3
      vertex 23.7056 0.940456 0
    endloop
  endfacet
  facet normal 0.481709 -0.876331 0
    outer loop
      vertex 24.1427 1.35092 0
      vertex 24.3188 1.44772 3
      vertex 24.1427 1.35092 3
    endloop
  endfacet
  facet normal 0.481709 -0.876331 0
    outer loop
      vertex 24.3188 1.44772 3
      vertex 24.1427 1.35092 0
      vertex 24.3188 1.44772 0
    endloop
  endfacet
  facet normal 0.248714 -0.968577 0
    outer loop
      vertex 24.5056 1.52169 0
      vertex 24.7002 1.57166 3
      vertex 24.5056 1.52169 3
    endloop
  endfacet
  facet normal 0.248714 -0.968577 0
    outer loop
      vertex 24.7002 1.57166 3
      vertex 24.5056 1.52169 0
      vertex 24.7002 1.57166 0
    endloop
  endfacet
  facet normal -0.36817 0.929758 0
    outer loop
      vertex 25.6812 -1.44772 0
      vertex 25.4944 -1.52169 3
      vertex 25.6812 -1.44772 3
    endloop
  endfacet
  facet normal -0.36817 0.929758 0
    outer loop
      vertex 25.4944 -1.52169 3
      vertex 25.6812 -1.44772 0
      vertex 25.4944 -1.52169 0
    endloop
  endfacet
  facet normal -0.951043 -0.309058 0
    outer loop
      vertex 26.5497 0.397903 0
      vertex 26.4876 0.588999 3
      vertex 26.4876 0.588999 0
    endloop
  endfacet
  facet normal -0.951043 -0.309058 0
    outer loop
      vertex 26.4876 0.588999 3
      vertex 26.5497 0.397903 0
      vertex 26.5497 0.397903 3
    endloop
  endfacet
  facet normal -0.982242 -0.18762 0
    outer loop
      vertex 26.5874 0.200533 0
      vertex 26.5497 0.397903 3
      vertex 26.5497 0.397903 0
    endloop
  endfacet
  facet normal -0.982242 -0.18762 0
    outer loop
      vertex 26.5497 0.397903 3
      vertex 26.5874 0.200533 0
      vertex 26.5874 0.200533 3
    endloop
  endfacet
  facet normal -0.770448 -0.637503 0
    outer loop
      vertex 26.2944 0.940456 0
      vertex 26.1663 1.09527 3
      vertex 26.1663 1.09527 0
    endloop
  endfacet
  facet normal -0.770448 -0.637503 0
    outer loop
      vertex 26.1663 1.09527 3
      vertex 26.2944 0.940456 0
      vertex 26.2944 0.940456 3
    endloop
  endfacet
  facet normal -0.125346 -0.992113 0
    outer loop
      vertex 25.1005 1.59684 0
      vertex 25.2998 1.57166 3
      vertex 25.1005 1.59684 3
    endloop
  endfacet
  facet normal -0.125346 -0.992113 -0
    outer loop
      vertex 25.2998 1.57166 3
      vertex 25.1005 1.59684 0
      vertex 25.2998 1.57166 0
    endloop
  endfacet
  facet normal -0.481709 -0.876331 0
    outer loop
      vertex 25.6812 1.44772 0
      vertex 25.8573 1.35092 3
      vertex 25.6812 1.44772 3
    endloop
  endfacet
  facet normal -0.481709 -0.876331 -0
    outer loop
      vertex 25.8573 1.35092 3
      vertex 25.6812 1.44772 0
      vertex 25.8573 1.35092 0
    endloop
  endfacet
  facet normal 0.844246 -0.535955 0
    outer loop
      vertex 23.5979 0.770805 3
      vertex 23.7056 0.940456 0
      vertex 23.7056 0.940456 3
    endloop
  endfacet
  facet normal 0.844246 -0.535955 0
    outer loop
      vertex 23.7056 0.940456 0
      vertex 23.5979 0.770805 3
      vertex 23.5979 0.770805 0
    endloop
  endfacet
  facet normal 0.951043 -0.309058 0
    outer loop
      vertex 23.4503 0.397903 3
      vertex 23.5124 0.588999 0
      vertex 23.5124 0.588999 3
    endloop
  endfacet
  facet normal 0.951043 -0.309058 0
    outer loop
      vertex 23.5124 0.588999 0
      vertex 23.4503 0.397903 3
      vertex 23.4503 0.397903 0
    endloop
  endfacet
  facet normal 0.982242 -0.18762 0
    outer loop
      vertex 23.4126 0.200533 3
      vertex 23.4503 0.397903 0
      vertex 23.4503 0.397903 3
    endloop
  endfacet
  facet normal 0.982242 -0.18762 0
    outer loop
      vertex 23.4503 0.397903 0
      vertex 23.4126 0.200533 3
      vertex 23.4126 0.200533 0
    endloop
  endfacet
  facet normal 0.587669 -0.809102 0
    outer loop
      vertex 23.9801 1.23282 0
      vertex 24.1427 1.35092 3
      vertex 23.9801 1.23282 3
    endloop
  endfacet
  facet normal 0.587669 -0.809102 0
    outer loop
      vertex 24.1427 1.35092 3
      vertex 23.9801 1.23282 0
      vertex 24.1427 1.35092 0
    endloop
  endfacet
  facet normal 0.125346 -0.992113 0
    outer loop
      vertex 24.7002 1.57166 0
      vertex 24.8995 1.59684 3
      vertex 24.7002 1.57166 3
    endloop
  endfacet
  facet normal 0.125346 -0.992113 0
    outer loop
      vertex 24.8995 1.59684 3
      vertex 24.7002 1.57166 0
      vertex 24.8995 1.59684 0
    endloop
  endfacet
  facet normal -0.951043 0.309058 0
    outer loop
      vertex 26.4876 -0.588999 0
      vertex 26.5497 -0.397903 3
      vertex 26.5497 -0.397903 0
    endloop
  endfacet
  facet normal -0.951043 0.309058 0
    outer loop
      vertex 26.5497 -0.397903 3
      vertex 26.4876 -0.588999 0
      vertex 26.4876 -0.588999 3
    endloop
  endfacet
  facet normal -0.982242 0.18762 0
    outer loop
      vertex 26.5497 -0.397903 0
      vertex 26.5874 -0.200533 3
      vertex 26.5874 -0.200533 0
    endloop
  endfacet
  facet normal -0.982242 0.18762 0
    outer loop
      vertex 26.5874 -0.200533 3
      vertex 26.5497 -0.397903 0
      vertex 26.5497 -0.397903 3
    endloop
  endfacet
  facet normal 0.904926 0.42557 0
    outer loop
      vertex 23.5979 -0.770805 3
      vertex 23.5124 -0.588999 0
      vertex 23.5124 -0.588999 3
    endloop
  endfacet
  facet normal 0.904926 0.42557 0
    outer loop
      vertex 23.5124 -0.588999 0
      vertex 23.5979 -0.770805 3
      vertex 23.5979 -0.770805 0
    endloop
  endfacet
  facet normal 0.770692 0.637207 0
    outer loop
      vertex 23.8336 -1.09527 3
      vertex 23.7056 -0.940456 0
      vertex 23.7056 -0.940456 3
    endloop
  endfacet
  facet normal 0.770692 0.637207 0
    outer loop
      vertex 23.7056 -0.940456 0
      vertex 23.8336 -1.09527 3
      vertex 23.8336 -1.09527 0
    endloop
  endfacet
  facet normal 0.998032 0.0627089 0
    outer loop
      vertex 23.4126 -0.200533 3
      vertex 23.4 0 0
      vertex 23.4 0 3
    endloop
  endfacet
  facet normal 0.998032 0.0627089 0
    outer loop
      vertex 23.4 0 0
      vertex 23.4126 -0.200533 3
      vertex 23.4126 -0.200533 0
    endloop
  endfacet
  facet normal -0.587669 0.809102 0
    outer loop
      vertex 26.0199 -1.23282 0
      vertex 25.8573 -1.35092 3
      vertex 26.0199 -1.23282 3
    endloop
  endfacet
  facet normal -0.587669 0.809102 0
    outer loop
      vertex 25.8573 -1.35092 3
      vertex 26.0199 -1.23282 0
      vertex 25.8573 -1.35092 0
    endloop
  endfacet
  facet normal -0.998032 0.0627089 0
    outer loop
      vertex 26.5874 -0.200533 0
      vertex 26.6 0 3
      vertex 26.6 0 0
    endloop
  endfacet
  facet normal -0.998032 0.0627089 0
    outer loop
      vertex 26.6 0 3
      vertex 26.5874 -0.200533 0
      vertex 26.5874 -0.200533 3
    endloop
  endfacet
  facet normal 0.248714 0.968577 -0
    outer loop
      vertex 24.7002 -1.57166 0
      vertex 24.5056 -1.52169 3
      vertex 24.7002 -1.57166 3
    endloop
  endfacet
  facet normal 0.248714 0.968577 0
    outer loop
      vertex 24.5056 -1.52169 3
      vertex 24.7002 -1.57166 0
      vertex 24.5056 -1.52169 0
    endloop
  endfacet
  facet normal 0.982242 0.18762 0
    outer loop
      vertex 23.4503 -0.397903 3
      vertex 23.4126 -0.200533 0
      vertex 23.4126 -0.200533 3
    endloop
  endfacet
  facet normal 0.982242 0.18762 0
    outer loop
      vertex 23.4126 -0.200533 0
      vertex 23.4503 -0.397903 3
      vertex 23.4503 -0.397903 0
    endloop
  endfacet
  facet normal 0.951043 0.309058 0
    outer loop
      vertex 23.5124 -0.588999 3
      vertex 23.4503 -0.397903 0
      vertex 23.4503 -0.397903 3
    endloop
  endfacet
  facet normal 0.951043 0.309058 0
    outer loop
      vertex 23.4503 -0.397903 0
      vertex 23.5124 -0.588999 3
      vertex 23.5124 -0.588999 0
    endloop
  endfacet
  facet normal -0.770448 0.637503 0
    outer loop
      vertex 26.1663 -1.09527 0
      vertex 26.2944 -0.940456 3
      vertex 26.2944 -0.940456 0
    endloop
  endfacet
  facet normal -0.770448 0.637503 0
    outer loop
      vertex 26.2944 -0.940456 3
      vertex 26.1663 -1.09527 0
      vertex 26.1663 -1.09527 3
    endloop
  endfacet
  facet normal -0.481709 0.876331 0
    outer loop
      vertex 25.8573 -1.35092 0
      vertex 25.6812 -1.44772 3
      vertex 25.8573 -1.35092 3
    endloop
  endfacet
  facet normal -0.481709 0.876331 0
    outer loop
      vertex 25.6812 -1.44772 3
      vertex 25.8573 -1.35092 0
      vertex 25.6812 -1.44772 0
    endloop
  endfacet
  facet normal -0.904926 0.42557 0
    outer loop
      vertex 26.4021 -0.770805 0
      vertex 26.4876 -0.588999 3
      vertex 26.4876 -0.588999 0
    endloop
  endfacet
  facet normal -0.904926 0.42557 0
    outer loop
      vertex 26.4876 -0.588999 3
      vertex 26.4021 -0.770805 0
      vertex 26.4021 -0.770805 3
    endloop
  endfacet
  facet normal -0.844246 0.535955 0
    outer loop
      vertex 26.2944 -0.940456 0
      vertex 26.4021 -0.770805 3
      vertex 26.4021 -0.770805 0
    endloop
  endfacet
  facet normal -0.844246 0.535955 0
    outer loop
      vertex 26.4021 -0.770805 3
      vertex 26.2944 -0.940456 0
      vertex 26.2944 -0.940456 3
    endloop
  endfacet
  facet normal 0.125346 0.992113 -0
    outer loop
      vertex 24.8995 -1.59684 0
      vertex 24.7002 -1.57166 3
      vertex 24.8995 -1.59684 3
    endloop
  endfacet
  facet normal 0.125346 0.992113 0
    outer loop
      vertex 24.7002 -1.57166 3
      vertex 24.8995 -1.59684 0
      vertex 24.7002 -1.57166 0
    endloop
  endfacet
  facet normal 0.844246 0.535955 0
    outer loop
      vertex 23.7056 -0.940456 3
      vertex 23.5979 -0.770805 0
      vertex 23.5979 -0.770805 3
    endloop
  endfacet
  facet normal 0.844246 0.535955 0
    outer loop
      vertex 23.5979 -0.770805 0
      vertex 23.7056 -0.940456 3
      vertex 23.7056 -0.940456 0
    endloop
  endfacet
  facet normal -0.684736 0.728792 0
    outer loop
      vertex 26.1663 -1.09527 0
      vertex 26.0199 -1.23282 3
      vertex 26.1663 -1.09527 3
    endloop
  endfacet
  facet normal -0.684736 0.728792 0
    outer loop
      vertex 26.0199 -1.23282 3
      vertex 26.1663 -1.09527 0
      vertex 26.0199 -1.23282 0
    endloop
  endfacet
  facet normal -0.248714 0.968577 0
    outer loop
      vertex 25.4944 -1.52169 0
      vertex 25.2998 -1.57166 3
      vertex 25.4944 -1.52169 3
    endloop
  endfacet
  facet normal -0.248714 0.968577 0
    outer loop
      vertex 25.2998 -1.57166 3
      vertex 25.4944 -1.52169 0
      vertex 25.2998 -1.57166 0
    endloop
  endfacet
  facet normal -0.125346 0.992113 0
    outer loop
      vertex 25.2998 -1.57166 0
      vertex 25.1005 -1.59684 3
      vertex 25.2998 -1.57166 3
    endloop
  endfacet
  facet normal -0.125346 0.992113 0
    outer loop
      vertex 25.1005 -1.59684 3
      vertex 25.2998 -1.57166 0
      vertex 25.1005 -1.59684 0
    endloop
  endfacet
  facet normal 0.684487 0.729025 -0
    outer loop
      vertex 23.9801 -1.23282 0
      vertex 23.8336 -1.09527 3
      vertex 23.9801 -1.23282 3
    endloop
  endfacet
  facet normal 0.684487 0.729025 0
    outer loop
      vertex 23.8336 -1.09527 3
      vertex 23.9801 -1.23282 0
      vertex 23.8336 -1.09527 0
    endloop
  endfacet
  facet normal 0.481709 0.876331 -0
    outer loop
      vertex 24.3188 -1.44772 0
      vertex 24.1427 -1.35092 3
      vertex 24.3188 -1.44772 3
    endloop
  endfacet
  facet normal 0.481709 0.876331 0
    outer loop
      vertex 24.1427 -1.35092 3
      vertex 24.3188 -1.44772 0
      vertex 24.1427 -1.35092 0
    endloop
  endfacet
  facet normal 0.587669 0.809102 -0
    outer loop
      vertex 24.1427 -1.35092 0
      vertex 23.9801 -1.23282 3
      vertex 24.1427 -1.35092 3
    endloop
  endfacet
  facet normal 0.587669 0.809102 0
    outer loop
      vertex 23.9801 -1.23282 3
      vertex 24.1427 -1.35092 0
      vertex 23.9801 -1.23282 0
    endloop
  endfacet
  facet normal 0.36817 0.929758 -0
    outer loop
      vertex 24.5056 -1.52169 0
      vertex 24.3188 -1.44772 3
      vertex 24.5056 -1.52169 3
    endloop
  endfacet
  facet normal 0.36817 0.929758 0
    outer loop
      vertex 24.3188 -1.44772 3
      vertex 24.5056 -1.52169 0
      vertex 24.3188 -1.44772 0
    endloop
  endfacet
  facet normal -0.998025 -0.0628183 0
    outer loop
      vertex 1.6 25 0
      vertex 1.58738 25.2005 3
      vertex 1.58738 25.2005 0
    endloop
  endfacet
  facet normal -0.998025 -0.0628183 0
    outer loop
      vertex 1.58738 25.2005 3
      vertex 1.6 25 0
      vertex 1.6 25 3
    endloop
  endfacet
  facet normal 0.124927 -0.992166 0
    outer loop
      vertex -0.299809 26.5717 0
      vertex -0.100465 26.5968 3
      vertex -0.299809 26.5717 3
    endloop
  endfacet
  facet normal 0.124927 -0.992166 0
    outer loop
      vertex -0.100465 26.5968 3
      vertex -0.299809 26.5717 0
      vertex -0.100465 26.5968 0
    endloop
  endfacet
  facet normal -0.124927 0.992166 0
    outer loop
      vertex 0.299809 23.4283 0
      vertex 0.100465 23.4032 3
      vertex 0.299809 23.4283 3
    endloop
  endfacet
  facet normal -0.124927 0.992166 0
    outer loop
      vertex 0.100465 23.4032 3
      vertex 0.299809 23.4283 0
      vertex 0.100465 23.4032 0
    endloop
  endfacet
  facet normal -0.770468 0.637478 0
    outer loop
      vertex 1.16635 23.9047 0
      vertex 1.29443 24.0595 3
      vertex 1.29443 24.0595 0
    endloop
  endfacet
  facet normal -0.770468 0.637478 0
    outer loop
      vertex 1.29443 24.0595 3
      vertex 1.16635 23.9047 0
      vertex 1.16635 23.9047 3
    endloop
  endfacet
  facet normal -0.58777 -0.809028 0
    outer loop
      vertex 0.857323 26.3509 0
      vertex 1.01988 26.2328 3
      vertex 0.857323 26.3509 3
    endloop
  endfacet
  facet normal -0.58777 -0.809028 -0
    outer loop
      vertex 1.01988 26.2328 3
      vertex 0.857323 26.3509 0
      vertex 1.01988 26.2328 0
    endloop
  endfacet
  facet normal 0.770468 -0.637478 0
    outer loop
      vertex -1.29443 25.9405 3
      vertex -1.16635 26.0953 0
      vertex -1.16635 26.0953 3
    endloop
  endfacet
  facet normal 0.770468 -0.637478 0
    outer loop
      vertex -1.16635 26.0953 0
      vertex -1.29443 25.9405 3
      vertex -1.29443 25.9405 0
    endloop
  endfacet
  facet normal 0.481759 -0.876304 0
    outer loop
      vertex -0.857323 26.3509 0
      vertex -0.681247 26.4477 3
      vertex -0.857323 26.3509 3
    endloop
  endfacet
  facet normal 0.481759 -0.876304 0
    outer loop
      vertex -0.681247 26.4477 3
      vertex -0.857323 26.3509 0
      vertex -0.681247 26.4477 0
    endloop
  endfacet
  facet normal -0.844406 -0.535703 0
    outer loop
      vertex 1.40209 25.7708 0
      vertex 1.29443 25.9405 3
      vertex 1.29443 25.9405 0
    endloop
  endfacet
  facet normal -0.844406 -0.535703 0
    outer loop
      vertex 1.29443 25.9405 3
      vertex 1.40209 25.7708 0
      vertex 1.40209 25.7708 3
    endloop
  endfacet
  facet normal -0.770468 -0.637478 0
    outer loop
      vertex 1.29443 25.9405 0
      vertex 1.16635 26.0953 3
      vertex 1.16635 26.0953 0
    endloop
  endfacet
  facet normal -0.770468 -0.637478 0
    outer loop
      vertex 1.16635 26.0953 3
      vertex 1.29443 25.9405 0
      vertex 1.29443 25.9405 3
    endloop
  endfacet
  facet normal -0.248833 -0.968546 0
    outer loop
      vertex 0.299809 26.5717 0
      vertex 0.494427 26.5217 3
      vertex 0.299809 26.5717 3
    endloop
  endfacet
  facet normal -0.248833 -0.968546 -0
    outer loop
      vertex 0.494427 26.5217 3
      vertex 0.299809 26.5717 0
      vertex 0.494427 26.5217 0
    endloop
  endfacet
  facet normal -0.124927 -0.992166 0
    outer loop
      vertex 0.100465 26.5968 0
      vertex 0.299809 26.5717 3
      vertex 0.100465 26.5968 3
    endloop
  endfacet
  facet normal -0.124927 -0.992166 -0
    outer loop
      vertex 0.299809 26.5717 3
      vertex 0.100465 26.5968 0
      vertex 0.299809 26.5717 0
    endloop
  endfacet
  facet normal -0.368265 -0.929721 0
    outer loop
      vertex 0.494427 26.5217 0
      vertex 0.681247 26.4477 3
      vertex 0.494427 26.5217 3
    endloop
  endfacet
  facet normal -0.368265 -0.929721 -0
    outer loop
      vertex 0.681247 26.4477 3
      vertex 0.494427 26.5217 0
      vertex 0.681247 26.4477 0
    endloop
  endfacet
  facet normal 0.95106 -0.309007 0
    outer loop
      vertex -1.54973 25.3979 3
      vertex -1.48764 25.589 0
      vertex -1.48764 25.589 3
    endloop
  endfacet
  facet normal 0.95106 -0.309007 0
    outer loop
      vertex -1.48764 25.589 0
      vertex -1.54973 25.3979 3
      vertex -1.54973 25.3979 0
    endloop
  endfacet
  facet normal 0.904824 -0.425785 0
    outer loop
      vertex -1.48764 25.589 3
      vertex -1.40209 25.7708 0
      vertex -1.40209 25.7708 3
    endloop
  endfacet
  facet normal 0.904824 -0.425785 0
    outer loop
      vertex -1.40209 25.7708 0
      vertex -1.48764 25.589 3
      vertex -1.48764 25.589 0
    endloop
  endfacet
  facet normal 0.982293 -0.187352 0
    outer loop
      vertex -1.58738 25.2005 3
      vertex -1.54973 25.3979 0
      vertex -1.54973 25.3979 3
    endloop
  endfacet
  facet normal 0.982293 -0.187352 0
    outer loop
      vertex -1.54973 25.3979 0
      vertex -1.58738 25.2005 3
      vertex -1.58738 25.2005 0
    endloop
  endfacet
  facet normal 0.684429 -0.729079 0
    outer loop
      vertex -1.16635 26.0953 0
      vertex -1.01988 26.2328 3
      vertex -1.16635 26.0953 3
    endloop
  endfacet
  facet normal 0.684429 -0.729079 0
    outer loop
      vertex -1.01988 26.2328 3
      vertex -1.16635 26.0953 0
      vertex -1.01988 26.2328 0
    endloop
  endfacet
  facet normal 0.248833 -0.968546 0
    outer loop
      vertex -0.494427 26.5217 0
      vertex -0.299809 26.5717 3
      vertex -0.494427 26.5217 3
    endloop
  endfacet
  facet normal 0.248833 -0.968546 0
    outer loop
      vertex -0.299809 26.5717 3
      vertex -0.494427 26.5217 0
      vertex -0.299809 26.5717 0
    endloop
  endfacet
  facet normal -0.248833 0.968546 0
    outer loop
      vertex 0.494427 23.4783 0
      vertex 0.299809 23.4283 3
      vertex 0.494427 23.4783 3
    endloop
  endfacet
  facet normal -0.248833 0.968546 0
    outer loop
      vertex 0.299809 23.4283 3
      vertex 0.494427 23.4783 0
      vertex 0.299809 23.4283 0
    endloop
  endfacet
  facet normal -0.95106 -0.309007 0
    outer loop
      vertex 1.54973 25.3979 0
      vertex 1.48764 25.589 3
      vertex 1.48764 25.589 0
    endloop
  endfacet
  facet normal -0.95106 -0.309007 0
    outer loop
      vertex 1.48764 25.589 3
      vertex 1.54973 25.3979 0
      vertex 1.54973 25.3979 3
    endloop
  endfacet
  facet normal -0.982293 -0.187352 0
    outer loop
      vertex 1.58738 25.2005 0
      vertex 1.54973 25.3979 3
      vertex 1.54973 25.3979 0
    endloop
  endfacet
  facet normal -0.982293 -0.187352 0
    outer loop
      vertex 1.54973 25.3979 3
      vertex 1.58738 25.2005 0
      vertex 1.58738 25.2005 3
    endloop
  endfacet
  facet normal -0.904824 -0.425785 0
    outer loop
      vertex 1.48764 25.589 0
      vertex 1.40209 25.7708 3
      vertex 1.40209 25.7708 0
    endloop
  endfacet
  facet normal -0.904824 -0.425785 0
    outer loop
      vertex 1.40209 25.7708 3
      vertex 1.48764 25.589 0
      vertex 1.48764 25.589 3
    endloop
  endfacet
  facet normal -0.684429 -0.729079 0
    outer loop
      vertex 1.01988 26.2328 0
      vertex 1.16635 26.0953 3
      vertex 1.01988 26.2328 3
    endloop
  endfacet
  facet normal -0.684429 -0.729079 -0
    outer loop
      vertex 1.16635 26.0953 3
      vertex 1.01988 26.2328 0
      vertex 1.16635 26.0953 0
    endloop
  endfacet
  facet normal 0 -1 0
    outer loop
      vertex -0.100465 26.5968 0
      vertex 0.100465 26.5968 3
      vertex -0.100465 26.5968 3
    endloop
  endfacet
  facet normal 0 -1 -0
    outer loop
      vertex 0.100465 26.5968 3
      vertex -0.100465 26.5968 0
      vertex 0.100465 26.5968 0
    endloop
  endfacet
  facet normal -0.481759 -0.876304 0
    outer loop
      vertex 0.681247 26.4477 0
      vertex 0.857323 26.3509 3
      vertex 0.681247 26.4477 3
    endloop
  endfacet
  facet normal -0.481759 -0.876304 -0
    outer loop
      vertex 0.857323 26.3509 3
      vertex 0.681247 26.4477 0
      vertex 0.857323 26.3509 0
    endloop
  endfacet
  facet normal 0.844406 -0.535703 0
    outer loop
      vertex -1.40209 25.7708 3
      vertex -1.29443 25.9405 0
      vertex -1.29443 25.9405 3
    endloop
  endfacet
  facet normal 0.844406 -0.535703 0
    outer loop
      vertex -1.29443 25.9405 0
      vertex -1.40209 25.7708 3
      vertex -1.40209 25.7708 0
    endloop
  endfacet
  facet normal 0.998025 -0.0628183 0
    outer loop
      vertex -1.6 25 3
      vertex -1.58738 25.2005 0
      vertex -1.58738 25.2005 3
    endloop
  endfacet
  facet normal 0.998025 -0.0628183 0
    outer loop
      vertex -1.58738 25.2005 0
      vertex -1.6 25 3
      vertex -1.6 25 0
    endloop
  endfacet
  facet normal 0.58777 -0.809028 0
    outer loop
      vertex -1.01988 26.2328 0
      vertex -0.857323 26.3509 3
      vertex -1.01988 26.2328 3
    endloop
  endfacet
  facet normal 0.58777 -0.809028 0
    outer loop
      vertex -0.857323 26.3509 3
      vertex -1.01988 26.2328 0
      vertex -0.857323 26.3509 0
    endloop
  endfacet
  facet normal 0.368265 -0.929721 0
    outer loop
      vertex -0.681247 26.4477 0
      vertex -0.494427 26.5217 3
      vertex -0.681247 26.4477 3
    endloop
  endfacet
  facet normal 0.368265 -0.929721 0
    outer loop
      vertex -0.494427 26.5217 3
      vertex -0.681247 26.4477 0
      vertex -0.494427 26.5217 0
    endloop
  endfacet
  facet normal -0.95106 0.309007 0
    outer loop
      vertex 1.48764 24.411 0
      vertex 1.54973 24.6021 3
      vertex 1.54973 24.6021 0
    endloop
  endfacet
  facet normal -0.95106 0.309007 0
    outer loop
      vertex 1.54973 24.6021 3
      vertex 1.48764 24.411 0
      vertex 1.48764 24.411 3
    endloop
  endfacet
  facet normal -0.982293 0.187352 0
    outer loop
      vertex 1.54973 24.6021 0
      vertex 1.58738 24.7995 3
      vertex 1.58738 24.7995 0
    endloop
  endfacet
  facet normal -0.982293 0.187352 0
    outer loop
      vertex 1.58738 24.7995 3
      vertex 1.54973 24.6021 0
      vertex 1.54973 24.6021 3
    endloop
  endfacet
  facet normal 0.770468 0.637478 0
    outer loop
      vertex -1.16635 23.9047 3
      vertex -1.29443 24.0595 0
      vertex -1.29443 24.0595 3
    endloop
  endfacet
  facet normal 0.770468 0.637478 0
    outer loop
      vertex -1.29443 24.0595 0
      vertex -1.16635 23.9047 3
      vertex -1.16635 23.9047 0
    endloop
  endfacet
  facet normal 0.844406 0.535703 0
    outer loop
      vertex -1.29443 24.0595 3
      vertex -1.40209 24.2292 0
      vertex -1.40209 24.2292 3
    endloop
  endfacet
  facet normal 0.844406 0.535703 0
    outer loop
      vertex -1.40209 24.2292 0
      vertex -1.29443 24.0595 3
      vertex -1.29443 24.0595 0
    endloop
  endfacet
  facet normal -0.481759 0.876304 0
    outer loop
      vertex 0.857323 23.6491 0
      vertex 0.681247 23.5523 3
      vertex 0.857323 23.6491 3
    endloop
  endfacet
  facet normal -0.481759 0.876304 0
    outer loop
      vertex 0.681247 23.5523 3
      vertex 0.857323 23.6491 0
      vertex 0.681247 23.5523 0
    endloop
  endfacet
  facet normal 0.998025 0.0628183 0
    outer loop
      vertex -1.58738 24.7995 3
      vertex -1.6 25 0
      vertex -1.6 25 3
    endloop
  endfacet
  facet normal 0.998025 0.0628183 0
    outer loop
      vertex -1.6 25 0
      vertex -1.58738 24.7995 3
      vertex -1.58738 24.7995 0
    endloop
  endfacet
  facet normal -0.998025 0.0628183 0
    outer loop
      vertex 1.58738 24.7995 0
      vertex 1.6 25 3
      vertex 1.6 25 0
    endloop
  endfacet
  facet normal -0.998025 0.0628183 0
    outer loop
      vertex 1.6 25 3
      vertex 1.58738 24.7995 0
      vertex 1.58738 24.7995 3
    endloop
  endfacet
  facet normal 0.248833 0.968546 -0
    outer loop
      vertex -0.299809 23.4283 0
      vertex -0.494427 23.4783 3
      vertex -0.299809 23.4283 3
    endloop
  endfacet
  facet normal 0.248833 0.968546 0
    outer loop
      vertex -0.494427 23.4783 3
      vertex -0.299809 23.4283 0
      vertex -0.494427 23.4783 0
    endloop
  endfacet
  facet normal 0.684429 0.729079 -0
    outer loop
      vertex -1.01988 23.7672 0
      vertex -1.16635 23.9047 3
      vertex -1.01988 23.7672 3
    endloop
  endfacet
  facet normal 0.684429 0.729079 0
    outer loop
      vertex -1.16635 23.9047 3
      vertex -1.01988 23.7672 0
      vertex -1.16635 23.9047 0
    endloop
  endfacet
  facet normal 0.904824 0.425785 0
    outer loop
      vertex -1.40209 24.2292 3
      vertex -1.48764 24.411 0
      vertex -1.48764 24.411 3
    endloop
  endfacet
  facet normal 0.904824 0.425785 0
    outer loop
      vertex -1.48764 24.411 0
      vertex -1.40209 24.2292 3
      vertex -1.40209 24.2292 0
    endloop
  endfacet
  facet normal 0.982293 0.187352 0
    outer loop
      vertex -1.54973 24.6021 3
      vertex -1.58738 24.7995 0
      vertex -1.58738 24.7995 3
    endloop
  endfacet
  facet normal 0.982293 0.187352 0
    outer loop
      vertex -1.58738 24.7995 0
      vertex -1.54973 24.6021 3
      vertex -1.54973 24.6021 0
    endloop
  endfacet
  facet normal -0.58777 0.809028 0
    outer loop
      vertex 1.01988 23.7672 0
      vertex 0.857323 23.6491 3
      vertex 1.01988 23.7672 3
    endloop
  endfacet
  facet normal -0.58777 0.809028 0
    outer loop
      vertex 0.857323 23.6491 3
      vertex 1.01988 23.7672 0
      vertex 0.857323 23.6491 0
    endloop
  endfacet
  facet normal -0.368265 0.929721 0
    outer loop
      vertex 0.681247 23.5523 0
      vertex 0.494427 23.4783 3
      vertex 0.681247 23.5523 3
    endloop
  endfacet
  facet normal -0.368265 0.929721 0
    outer loop
      vertex 0.494427 23.4783 3
      vertex 0.681247 23.5523 0
      vertex 0.494427 23.4783 0
    endloop
  endfacet
  facet normal -0.904824 0.425785 0
    outer loop
      vertex 1.40209 24.2292 0
      vertex 1.48764 24.411 3
      vertex 1.48764 24.411 0
    endloop
  endfacet
  facet normal -0.904824 0.425785 0
    outer loop
      vertex 1.48764 24.411 3
      vertex 1.40209 24.2292 0
      vertex 1.40209 24.2292 3
    endloop
  endfacet
  facet normal -0.844406 0.535703 0
    outer loop
      vertex 1.29443 24.0595 0
      vertex 1.40209 24.2292 3
      vertex 1.40209 24.2292 0
    endloop
  endfacet
  facet normal -0.844406 0.535703 0
    outer loop
      vertex 1.40209 24.2292 3
      vertex 1.29443 24.0595 0
      vertex 1.29443 24.0595 3
    endloop
  endfacet
  facet normal 0 1 -0
    outer loop
      vertex 0.100465 23.4032 0
      vertex -0.100465 23.4032 3
      vertex 0.100465 23.4032 3
    endloop
  endfacet
  facet normal 0 1 0
    outer loop
      vertex -0.100465 23.4032 3
      vertex 0.100465 23.4032 0
      vertex -0.100465 23.4032 0
    endloop
  endfacet
  facet normal 0.124927 0.992166 -0
    outer loop
      vertex -0.100465 23.4032 0
      vertex -0.299809 23.4283 3
      vertex -0.100465 23.4032 3
    endloop
  endfacet
  facet normal 0.124927 0.992166 0
    outer loop
      vertex -0.299809 23.4283 3
      vertex -0.100465 23.4032 0
      vertex -0.299809 23.4283 0
    endloop
  endfacet
  facet normal 0.58777 0.809028 -0
    outer loop
      vertex -0.857323 23.6491 0
      vertex -1.01988 23.7672 3
      vertex -0.857323 23.6491 3
    endloop
  endfacet
  facet normal 0.58777 0.809028 0
    outer loop
      vertex -1.01988 23.7672 3
      vertex -0.857323 23.6491 0
      vertex -1.01988 23.7672 0
    endloop
  endfacet
  facet normal 0.95106 0.309007 0
    outer loop
      vertex -1.48764 24.411 3
      vertex -1.54973 24.6021 0
      vertex -1.54973 24.6021 3
    endloop
  endfacet
  facet normal 0.95106 0.309007 0
    outer loop
      vertex -1.54973 24.6021 0
      vertex -1.48764 24.411 3
      vertex -1.48764 24.411 0
    endloop
  endfacet
  facet normal -0.684429 0.729079 0
    outer loop
      vertex 1.16635 23.9047 0
      vertex 1.01988 23.7672 3
      vertex 1.16635 23.9047 3
    endloop
  endfacet
  facet normal -0.684429 0.729079 0
    outer loop
      vertex 1.01988 23.7672 3
      vertex 1.16635 23.9047 0
      vertex 1.01988 23.7672 0
    endloop
  endfacet
  facet normal 0.481759 0.876304 -0
    outer loop
      vertex -0.681247 23.5523 0
      vertex -0.857323 23.6491 3
      vertex -0.681247 23.5523 3
    endloop
  endfacet
  facet normal 0.481759 0.876304 0
    outer loop
      vertex -0.857323 23.6491 3
      vertex -0.681247 23.5523 0
      vertex -0.857323 23.6491 0
    endloop
  endfacet
  facet normal 0.368265 0.929721 -0
    outer loop
      vertex -0.494427 23.4783 0
      vertex -0.681247 23.5523 3
      vertex -0.494427 23.4783 3
    endloop
  endfacet
  facet normal 0.368265 0.929721 0
    outer loop
      vertex -0.681247 23.5523 3
      vertex -0.494427 23.4783 0
      vertex -0.681247 23.5523 0
    endloop
  endfacet
  facet normal -0.982284 0.187397 0
    outer loop
      vertex 29.3586 48.8809 3
      vertex 29.4645 49.436 5
      vertex 29.4645 49.436 3
    endloop
  endfacet
  facet normal -0.982284 0.187397 0
    outer loop
      vertex 29.4645 49.436 5
      vertex 29.3586 48.8809 3
      vertex 29.3586 48.8809 5
    endloop
  endfacet
  facet normal 0 0 1
    outer loop
      vertex 28.9685 50.5013 3
      vertex 26.5874 50.2005 3
      vertex 26.6 50 3
    endloop
  endfacet
  facet normal 0 0 1
    outer loop
      vertex 27.1433 53.3773 3
      vertex 26.5497 50.3979 3
      vertex 26.5874 50.2005 3
    endloop
  endfacet
  facet normal 0 0 1
    outer loop
      vertex 27.1433 53.3773 3
      vertex 26.4876 50.589 3
      vertex 26.5497 50.3979 3
    endloop
  endfacet
  facet normal 0 0 1
    outer loop
      vertex 27.1433 53.3773 3
      vertex 26.4021 50.7708 3
      vertex 26.4876 50.589 3
    endloop
  endfacet
  facet normal 0 0 1
    outer loop
      vertex 27.1433 53.3773 3
      vertex 26.2944 50.9405 3
      vertex 26.4021 50.7708 3
    endloop
  endfacet
  facet normal 0 0 1
    outer loop
      vertex 25.6812 51.4477 3
      vertex 26.7031 53.6193 3
      vertex 26.2361 53.8042 3
    endloop
  endfacet
  facet normal 0 0 1
    outer loop
      vertex 27.1433 53.3773 3
      vertex 26.1663 51.0953 3
      vertex 26.2944 50.9405 3
    endloop
  endfacet
  facet normal 0 0 1
    outer loop
      vertex 27.1433 53.3773 3
      vertex 26.0199 51.2328 3
      vertex 26.1663 51.0953 3
    endloop
  endfacet
  facet normal 0 0 1
    outer loop
      vertex 27.1433 53.3773 3
      vertex 25.8573 51.3509 3
      vertex 26.0199 51.2328 3
    endloop
  endfacet
  facet normal 0 0 1
    outer loop
      vertex 25.4944 51.5217 3
      vertex 26.2361 53.8042 3
      vertex 25.7495 53.9291 3
    endloop
  endfacet
  facet normal 0 0 1
    outer loop
      vertex 26.7031 53.6193 3
      vertex 25.6812 51.4477 3
      vertex 25.8573 51.3509 3
    endloop
  endfacet
  facet normal 0 0 1
    outer loop
      vertex 26.2361 53.8042 3
      vertex 25.4944 51.5217 3
      vertex 25.6812 51.4477 3
    endloop
  endfacet
  facet normal 0 0 1
    outer loop
      vertex 25.7495 53.9291 3
      vertex 25.2998 51.5717 3
      vertex 25.4944 51.5217 3
    endloop
  endfacet
  facet normal 0 0 1
    outer loop
      vertex 25.2512 53.9921 3
      vertex 25.2998 51.5717 3
      vertex 25.7495 53.9291 3
    endloop
  endfacet
  facet normal 0 0 1
    outer loop
      vertex 25.2512 53.9921 3
      vertex 25.1005 51.5968 3
      vertex 25.2998 51.5717 3
    endloop
  endfacet
  facet normal 0 0 1
    outer loop
      vertex 25.2512 53.9921 3
      vertex 24.8995 51.5968 3
      vertex 25.1005 51.5968 3
    endloop
  endfacet
  facet normal -0 0 1
    outer loop
      vertex 24.7488 53.9921 3
      vertex 24.8995 51.5968 3
      vertex 25.2512 53.9921 3
    endloop
  endfacet
  facet normal 0 0 1
    outer loop
      vertex 24.7488 53.9921 3
      vertex 24.7002 51.5717 3
      vertex 24.8995 51.5968 3
    endloop
  endfacet
  facet normal -0 0 1
    outer loop
      vertex 24.2505 53.9291 3
      vertex 24.7002 51.5717 3
      vertex 24.7488 53.9921 3
    endloop
  endfacet
  facet normal 0 0 1
    outer loop
      vertex 24.7002 51.5717 3
      vertex 24.2505 53.9291 3
      vertex 24.5056 51.5217 3
    endloop
  endfacet
  facet normal -0 0 1
    outer loop
      vertex 23.7639 53.8042 3
      vertex 24.5056 51.5217 3
      vertex 24.2505 53.9291 3
    endloop
  endfacet
  facet normal 0 0 1
    outer loop
      vertex 24.5056 51.5217 3
      vertex 23.7639 53.8042 3
      vertex 24.3188 51.4477 3
    endloop
  endfacet
  facet normal -0 0 1
    outer loop
      vertex 23.2969 53.6193 3
      vertex 24.3188 51.4477 3
      vertex 23.7639 53.8042 3
    endloop
  endfacet
  facet normal 0 0 1
    outer loop
      vertex 24.3188 51.4477 3
      vertex 23.2969 53.6193 3
      vertex 24.1427 51.3509 3
    endloop
  endfacet
  facet normal -0 0 1
    outer loop
      vertex 22.8567 53.3773 3
      vertex 24.1427 51.3509 3
      vertex 23.2969 53.6193 3
    endloop
  endfacet
  facet normal 0 0 1
    outer loop
      vertex 24.1427 51.3509 3
      vertex 22.8567 53.3773 3
      vertex 23.9801 51.2328 3
    endloop
  endfacet
  facet normal -0 0 1
    outer loop
      vertex 22.4503 53.0821 3
      vertex 23.9801 51.2328 3
      vertex 22.8567 53.3773 3
    endloop
  endfacet
  facet normal 0 0 1
    outer loop
      vertex 23.9801 51.2328 3
      vertex 22.4503 53.0821 3
      vertex 23.8336 51.0953 3
    endloop
  endfacet
  facet normal -0 0 1
    outer loop
      vertex 22.0841 52.7382 3
      vertex 23.8336 51.0953 3
      vertex 22.4503 53.0821 3
    endloop
  endfacet
  facet normal 0 0 1
    outer loop
      vertex 23.8336 51.0953 3
      vertex 22.0841 52.7382 3
      vertex 23.7056 50.9405 3
    endloop
  endfacet
  facet normal 0 0 1
    outer loop
      vertex 23.7056 50.9405 3
      vertex 21.7639 52.3511 3
      vertex 23.5979 50.7708 3
    endloop
  endfacet
  facet normal -0 0 1
    outer loop
      vertex 21.7639 52.3511 3
      vertex 23.7056 50.9405 3
      vertex 22.0841 52.7382 3
    endloop
  endfacet
  facet normal -0 0 1
    outer loop
      vertex 29 50 3
      vertex 29.4645 49.436 3
      vertex 29.5 50 3
    endloop
  endfacet
  facet normal 0 0 1
    outer loop
      vertex 29.4645 49.436 3
      vertex 29 50 3
      vertex 29.3586 48.8809 3
    endloop
  endfacet
  facet normal 0 0 1
    outer loop
      vertex 29.3586 48.8809 3
      vertex 29 50 3
      vertex 29.184 48.3434 3
    endloop
  endfacet
  facet normal -0 0 1
    outer loop
      vertex 26.4876 49.411 3
      vertex 29.184 48.3434 3
      vertex 29 50 3
    endloop
  endfacet
  facet normal 0 0 1
    outer loop
      vertex 26.6 50 3
      vertex 29 50 3
      vertex 28.9685 50.5013 3
    endloop
  endfacet
  facet normal 0 0 1
    outer loop
      vertex 26.5874 50.2005 3
      vertex 28.9685 50.5013 3
      vertex 28.8743 50.9948 3
    endloop
  endfacet
  facet normal 0 0 1
    outer loop
      vertex 26.5874 50.2005 3
      vertex 28.8743 50.9948 3
      vertex 28.7191 51.4725 3
    endloop
  endfacet
  facet normal 0 0 1
    outer loop
      vertex 29 50 3
      vertex 26.5874 49.7995 3
      vertex 26.5497 49.6021 3
    endloop
  endfacet
  facet normal 0 0 1
    outer loop
      vertex 26.5874 50.2005 3
      vertex 28.7191 51.4725 3
      vertex 28.5052 51.927 3
    endloop
  endfacet
  facet normal 0 0 1
    outer loop
      vertex 26.4876 49.411 3
      vertex 29 50 3
      vertex 26.5497 49.6021 3
    endloop
  endfacet
  facet normal 0 0 1
    outer loop
      vertex 26.5874 50.2005 3
      vertex 28.5052 51.927 3
      vertex 28.2361 52.3511 3
    endloop
  endfacet
  facet normal 0 0 1
    outer loop
      vertex 26.5874 50.2005 3
      vertex 28.2361 52.3511 3
      vertex 27.9159 52.7382 3
    endloop
  endfacet
  facet normal 0 0 1
    outer loop
      vertex 29 50 3
      vertex 26.6 50 3
      vertex 26.5874 49.7995 3
    endloop
  endfacet
  facet normal 0 0 1
    outer loop
      vertex 26.5874 50.2005 3
      vertex 27.9159 52.7382 3
      vertex 27.5497 53.0821 3
    endloop
  endfacet
  facet normal 0 0 1
    outer loop
      vertex 29.184 48.3434 3
      vertex 26.4876 49.411 3
      vertex 28.9434 47.8321 3
    endloop
  endfacet
  facet normal 0 0 1
    outer loop
      vertex 26.5874 50.2005 3
      vertex 27.5497 53.0821 3
      vertex 27.1433 53.3773 3
    endloop
  endfacet
  facet normal -0 0 1
    outer loop
      vertex 26.4021 49.2292 3
      vertex 28.9434 47.8321 3
      vertex 26.4876 49.411 3
    endloop
  endfacet
  facet normal 0 0 1
    outer loop
      vertex 25.8573 51.3509 3
      vertex 27.1433 53.3773 3
      vertex 26.7031 53.6193 3
    endloop
  endfacet
  facet normal 0 0 1
    outer loop
      vertex 28.9434 47.8321 3
      vertex 26.4021 49.2292 3
      vertex 28.6406 47.355 3
    endloop
  endfacet
  facet normal -0 0 1
    outer loop
      vertex 26.2944 49.0595 3
      vertex 28.6406 47.355 3
      vertex 26.4021 49.2292 3
    endloop
  endfacet
  facet normal 0 0 1
    outer loop
      vertex 28.6406 47.355 3
      vertex 26.2944 49.0595 3
      vertex 28.2804 46.9195 3
    endloop
  endfacet
  facet normal -0 0 1
    outer loop
      vertex 26.1663 48.9047 3
      vertex 28.2804 46.9195 3
      vertex 26.2944 49.0595 3
    endloop
  endfacet
  facet normal 0 0 1
    outer loop
      vertex 28.2804 46.9195 3
      vertex 26.1663 48.9047 3
      vertex 27.8684 46.5327 3
    endloop
  endfacet
  facet normal -0 0 1
    outer loop
      vertex 26.0199 48.7672 3
      vertex 27.8684 46.5327 3
      vertex 26.1663 48.9047 3
    endloop
  endfacet
  facet normal 0 0 1
    outer loop
      vertex 27.8684 46.5327 3
      vertex 26.0199 48.7672 3
      vertex 27.4112 46.2005 3
    endloop
  endfacet
  facet normal -0 0 1
    outer loop
      vertex 25.8573 48.6491 3
      vertex 27.4112 46.2005 3
      vertex 26.0199 48.7672 3
    endloop
  endfacet
  facet normal 0 0 1
    outer loop
      vertex 27.4112 46.2005 3
      vertex 25.8573 48.6491 3
      vertex 26.916 45.9283 3
    endloop
  endfacet
  facet normal -0 0 1
    outer loop
      vertex 25.6812 48.5523 3
      vertex 26.916 45.9283 3
      vertex 25.8573 48.6491 3
    endloop
  endfacet
  facet normal 0 0 1
    outer loop
      vertex 26.916 45.9283 3
      vertex 25.6812 48.5523 3
      vertex 26.3906 45.7202 3
    endloop
  endfacet
  facet normal -0 0 1
    outer loop
      vertex 25.4944 48.4783 3
      vertex 26.3906 45.7202 3
      vertex 25.6812 48.5523 3
    endloop
  endfacet
  facet normal 0 0 1
    outer loop
      vertex 26.3906 45.7202 3
      vertex 25.4944 48.4783 3
      vertex 25.8432 45.5797 3
    endloop
  endfacet
  facet normal -0 0 1
    outer loop
      vertex 25.2998 48.4283 3
      vertex 25.8432 45.5797 3
      vertex 25.4944 48.4783 3
    endloop
  endfacet
  facet normal 0 0 1
    outer loop
      vertex 25.2998 48.4283 3
      vertex 25.2826 45.5089 3
      vertex 25.8432 45.5797 3
    endloop
  endfacet
  facet normal -0 0 1
    outer loop
      vertex 25.1005 48.4032 3
      vertex 25.2826 45.5089 3
      vertex 25.2998 48.4283 3
    endloop
  endfacet
  facet normal -0 0 1
    outer loop
      vertex 24.8995 48.4032 3
      vertex 25.2826 45.5089 3
      vertex 25.1005 48.4032 3
    endloop
  endfacet
  facet normal 0 0 1
    outer loop
      vertex 24.8995 48.4032 3
      vertex 24.7174 45.5089 3
      vertex 25.2826 45.5089 3
    endloop
  endfacet
  facet normal 0 0 1
    outer loop
      vertex 24.7002 48.4283 3
      vertex 24.7174 45.5089 3
      vertex 24.8995 48.4032 3
    endloop
  endfacet
  facet normal 0 0 1
    outer loop
      vertex 24.1568 45.5797 3
      vertex 24.7002 48.4283 3
      vertex 24.5056 48.4783 3
    endloop
  endfacet
  facet normal 0 0 1
    outer loop
      vertex 23.6094 45.7202 3
      vertex 24.5056 48.4783 3
      vertex 24.3188 48.5523 3
    endloop
  endfacet
  facet normal 0 0 1
    outer loop
      vertex 24.7002 48.4283 3
      vertex 24.1568 45.5797 3
      vertex 24.7174 45.5089 3
    endloop
  endfacet
  facet normal 0 0 1
    outer loop
      vertex 23.084 45.9283 3
      vertex 24.3188 48.5523 3
      vertex 24.1427 48.6491 3
    endloop
  endfacet
  facet normal 0 0 1
    outer loop
      vertex 22.5888 46.2005 3
      vertex 24.1427 48.6491 3
      vertex 23.9801 48.7672 3
    endloop
  endfacet
  facet normal 0 0 1
    outer loop
      vertex 22.1316 46.5327 3
      vertex 23.9801 48.7672 3
      vertex 23.8336 48.9047 3
    endloop
  endfacet
  facet normal 0 0 1
    outer loop
      vertex 21.7196 46.9195 3
      vertex 23.8336 48.9047 3
      vertex 23.7056 49.0595 3
    endloop
  endfacet
  facet normal 0 0 1
    outer loop
      vertex 24.5056 48.4783 3
      vertex 23.6094 45.7202 3
      vertex 24.1568 45.5797 3
    endloop
  endfacet
  facet normal 0 0 1
    outer loop
      vertex 21.3594 47.355 3
      vertex 23.7056 49.0595 3
      vertex 23.5979 49.2292 3
    endloop
  endfacet
  facet normal 0 0 1
    outer loop
      vertex 21.0566 47.8321 3
      vertex 23.5979 49.2292 3
      vertex 23.5124 49.411 3
    endloop
  endfacet
  facet normal 0 0 1
    outer loop
      vertex 21 50 3
      vertex 23.5124 49.411 3
      vertex 23.4503 49.6021 3
    endloop
  endfacet
  facet normal 0 0 1
    outer loop
      vertex 21 50 3
      vertex 23.4503 49.6021 3
      vertex 23.4126 49.7995 3
    endloop
  endfacet
  facet normal -0 0 1
    outer loop
      vertex 21 50 3
      vertex 23.4126 49.7995 3
      vertex 23.4 50 3
    endloop
  endfacet
  facet normal 0 0 1
    outer loop
      vertex 24.3188 48.5523 3
      vertex 23.084 45.9283 3
      vertex 23.6094 45.7202 3
    endloop
  endfacet
  facet normal -0 0 1
    outer loop
      vertex 21.4948 51.927 3
      vertex 23.5979 50.7708 3
      vertex 21.7639 52.3511 3
    endloop
  endfacet
  facet normal 0 0 1
    outer loop
      vertex 23.5979 50.7708 3
      vertex 21.4948 51.927 3
      vertex 23.5124 50.589 3
    endloop
  endfacet
  facet normal 0 0 1
    outer loop
      vertex 23.5124 49.411 3
      vertex 21 50 3
      vertex 20.816 48.3434 3
    endloop
  endfacet
  facet normal -0 0 1
    outer loop
      vertex 21.2809 51.4725 3
      vertex 23.5124 50.589 3
      vertex 21.4948 51.927 3
    endloop
  endfacet
  facet normal 0 0 1
    outer loop
      vertex 24.1427 48.6491 3
      vertex 22.5888 46.2005 3
      vertex 23.084 45.9283 3
    endloop
  endfacet
  facet normal 0 0 1
    outer loop
      vertex 23.5124 50.589 3
      vertex 21.2809 51.4725 3
      vertex 23.4503 50.3979 3
    endloop
  endfacet
  facet normal -0 0 1
    outer loop
      vertex 21.1257 50.9948 3
      vertex 23.4503 50.3979 3
      vertex 21.2809 51.4725 3
    endloop
  endfacet
  facet normal 0 0 1
    outer loop
      vertex 23.9801 48.7672 3
      vertex 22.1316 46.5327 3
      vertex 22.5888 46.2005 3
    endloop
  endfacet
  facet normal 0 0 1
    outer loop
      vertex 23.4503 50.3979 3
      vertex 21.1257 50.9948 3
      vertex 23.4126 50.2005 3
    endloop
  endfacet
  facet normal 0 0 1
    outer loop
      vertex 23.8336 48.9047 3
      vertex 21.7196 46.9195 3
      vertex 22.1316 46.5327 3
    endloop
  endfacet
  facet normal -0 0 1
    outer loop
      vertex 21.0315 50.5013 3
      vertex 23.4126 50.2005 3
      vertex 21.1257 50.9948 3
    endloop
  endfacet
  facet normal 0 0 1
    outer loop
      vertex 23.4126 50.2005 3
      vertex 21.0315 50.5013 3
      vertex 23.4 50 3
    endloop
  endfacet
  facet normal 0 0 1
    outer loop
      vertex 23.7056 49.0595 3
      vertex 21.3594 47.355 3
      vertex 21.7196 46.9195 3
    endloop
  endfacet
  facet normal 0 0 1
    outer loop
      vertex 23.4 50 3
      vertex 21.0315 50.5013 3
      vertex 21 50 3
    endloop
  endfacet
  facet normal 0 0 1
    outer loop
      vertex 23.5979 49.2292 3
      vertex 21.0566 47.8321 3
      vertex 21.3594 47.355 3
    endloop
  endfacet
  facet normal 0 0 1
    outer loop
      vertex 23.5124 49.411 3
      vertex 20.816 48.3434 3
      vertex 21.0566 47.8321 3
    endloop
  endfacet
  facet normal 0 0 1
    outer loop
      vertex 21 50 3
      vertex 20.6414 48.8809 3
      vertex 20.816 48.3434 3
    endloop
  endfacet
  facet normal 0 0 1
    outer loop
      vertex 21 50 3
      vertex 20.5355 49.436 3
      vertex 20.6414 48.8809 3
    endloop
  endfacet
  facet normal 0 -0 1
    outer loop
      vertex 20.5355 49.436 3
      vertex 21 50 3
      vertex 20.5 50 3
    endloop
  endfacet
  facet normal -0.95108 0.308946 0
    outer loop
      vertex 29.184 48.3434 3
      vertex 29.3586 48.8809 5
      vertex 29.3586 48.8809 3
    endloop
  endfacet
  facet normal -0.95108 0.308946 0
    outer loop
      vertex 29.3586 48.8809 5
      vertex 29.184 48.3434 3
      vertex 29.184 48.3434 5
    endloop
  endfacet
  facet normal -0.587814 0.808996 0
    outer loop
      vertex 27.8684 46.5327 3
      vertex 27.4112 46.2005 5
      vertex 27.8684 46.5327 5
    endloop
  endfacet
  facet normal -0.587814 0.808996 0
    outer loop
      vertex 27.4112 46.2005 5
      vertex 27.8684 46.5327 3
      vertex 27.4112 46.2005 3
    endloop
  endfacet
  facet normal 0.998025 0.0628189 0
    outer loop
      vertex 20.5355 49.436 5
      vertex 20.5 50 3
      vertex 20.5 50 5
    endloop
  endfacet
  facet normal 0.998025 0.0628189 0
    outer loop
      vertex 20.5 50 3
      vertex 20.5355 49.436 5
      vertex 20.5355 49.436 3
    endloop
  endfacet
  facet normal -0.998025 0.0628189 0
    outer loop
      vertex 29.4645 49.436 3
      vertex 29.5 50 5
      vertex 29.5 50 3
    endloop
  endfacet
  facet normal -0.998025 0.0628189 0
    outer loop
      vertex 29.5 50 5
      vertex 29.4645 49.436 3
      vertex 29.4645 49.436 5
    endloop
  endfacet
  facet normal -0.844309 0.535856 0
    outer loop
      vertex 28.6406 47.355 3
      vertex 28.9434 47.8321 5
      vertex 28.9434 47.8321 3
    endloop
  endfacet
  facet normal -0.844309 0.535856 0
    outer loop
      vertex 28.9434 47.8321 5
      vertex 28.6406 47.355 3
      vertex 28.6406 47.355 5
    endloop
  endfacet
  facet normal 0.982284 0.187397 0
    outer loop
      vertex 20.6414 48.8809 5
      vertex 20.5355 49.436 3
      vertex 20.5355 49.436 5
    endloop
  endfacet
  facet normal 0.982284 0.187397 0
    outer loop
      vertex 20.5355 49.436 3
      vertex 20.6414 48.8809 5
      vertex 20.6414 48.8809 3
    endloop
  endfacet
  facet normal -0.248609 0.968604 0
    outer loop
      vertex 26.3906 45.7202 3
      vertex 25.8432 45.5797 5
      vertex 26.3906 45.7202 5
    endloop
  endfacet
  facet normal -0.248609 0.968604 0
    outer loop
      vertex 25.8432 45.5797 5
      vertex 26.3906 45.7202 3
      vertex 25.8432 45.5797 3
    endloop
  endfacet
  facet normal -0.904827 0.42578 0
    outer loop
      vertex 28.9434 47.8321 3
      vertex 29.184 48.3434 5
      vertex 29.184 48.3434 3
    endloop
  endfacet
  facet normal -0.904827 0.42578 0
    outer loop
      vertex 29.184 48.3434 5
      vertex 28.9434 47.8321 3
      vertex 28.9434 47.8321 5
    endloop
  endfacet
  facet normal 0.125298 0.992119 -0
    outer loop
      vertex 24.7174 45.5089 3
      vertex 24.1568 45.5797 5
      vertex 24.7174 45.5089 5
    endloop
  endfacet
  facet normal 0.125298 0.992119 0
    outer loop
      vertex 24.1568 45.5797 5
      vertex 24.7174 45.5089 3
      vertex 24.1568 45.5797 3
    endloop
  endfacet
  facet normal 0 1 -0
    outer loop
      vertex 25.2826 45.5089 3
      vertex 24.7174 45.5089 5
      vertex 25.2826 45.5089 5
    endloop
  endfacet
  facet normal 0 1 0
    outer loop
      vertex 24.7174 45.5089 5
      vertex 25.2826 45.5089 3
      vertex 24.7174 45.5089 3
    endloop
  endfacet
  facet normal 0.684459 0.729051 -0
    outer loop
      vertex 22.1316 46.5327 3
      vertex 21.7196 46.9195 5
      vertex 22.1316 46.5327 5
    endloop
  endfacet
  facet normal 0.684459 0.729051 0
    outer loop
      vertex 21.7196 46.9195 5
      vertex 22.1316 46.5327 3
      vertex 21.7196 46.9195 3
    endloop
  endfacet
  facet normal -0.481701 0.876335 0
    outer loop
      vertex 27.4112 46.2005 3
      vertex 26.916 45.9283 5
      vertex 27.4112 46.2005 5
    endloop
  endfacet
  facet normal -0.481701 0.876335 0
    outer loop
      vertex 26.916 45.9283 5
      vertex 27.4112 46.2005 3
      vertex 26.916 45.9283 3
    endloop
  endfacet
  facet normal -0.368246 0.929728 0
    outer loop
      vertex 26.916 45.9283 3
      vertex 26.3906 45.7202 5
      vertex 26.916 45.9283 5
    endloop
  endfacet
  facet normal -0.368246 0.929728 0
    outer loop
      vertex 26.3906 45.7202 5
      vertex 26.916 45.9283 3
      vertex 26.3906 45.7202 3
    endloop
  endfacet
  facet normal -0.77058 0.637343 0
    outer loop
      vertex 28.2804 46.9195 3
      vertex 28.6406 47.355 5
      vertex 28.6406 47.355 3
    endloop
  endfacet
  facet normal -0.77058 0.637343 0
    outer loop
      vertex 28.6406 47.355 5
      vertex 28.2804 46.9195 3
      vertex 28.2804 46.9195 5
    endloop
  endfacet
  facet normal 0.248609 0.968604 -0
    outer loop
      vertex 24.1568 45.5797 3
      vertex 23.6094 45.7202 5
      vertex 24.1568 45.5797 5
    endloop
  endfacet
  facet normal 0.248609 0.968604 0
    outer loop
      vertex 23.6094 45.7202 5
      vertex 24.1568 45.5797 3
      vertex 23.6094 45.7202 3
    endloop
  endfacet
  facet normal -0.125298 0.992119 0
    outer loop
      vertex 25.8432 45.5797 3
      vertex 25.2826 45.5089 5
      vertex 25.8432 45.5797 5
    endloop
  endfacet
  facet normal -0.125298 0.992119 0
    outer loop
      vertex 25.2826 45.5089 5
      vertex 25.8432 45.5797 3
      vertex 25.2826 45.5089 3
    endloop
  endfacet
  facet normal 0.77058 0.637343 0
    outer loop
      vertex 21.7196 46.9195 5
      vertex 21.3594 47.355 3
      vertex 21.3594 47.355 5
    endloop
  endfacet
  facet normal 0.77058 0.637343 0
    outer loop
      vertex 21.3594 47.355 3
      vertex 21.7196 46.9195 5
      vertex 21.7196 46.9195 3
    endloop
  endfacet
  facet normal 0.904827 0.42578 0
    outer loop
      vertex 21.0566 47.8321 5
      vertex 20.816 48.3434 3
      vertex 20.816 48.3434 5
    endloop
  endfacet
  facet normal 0.904827 0.42578 0
    outer loop
      vertex 20.816 48.3434 3
      vertex 21.0566 47.8321 5
      vertex 21.0566 47.8321 3
    endloop
  endfacet
  facet normal 0.95108 0.308946 0
    outer loop
      vertex 20.816 48.3434 5
      vertex 20.6414 48.8809 3
      vertex 20.6414 48.8809 5
    endloop
  endfacet
  facet normal 0.95108 0.308946 0
    outer loop
      vertex 20.6414 48.8809 3
      vertex 20.816 48.3434 5
      vertex 20.816 48.3434 3
    endloop
  endfacet
  facet normal 0.844309 0.535856 0
    outer loop
      vertex 21.3594 47.355 5
      vertex 21.0566 47.8321 3
      vertex 21.0566 47.8321 5
    endloop
  endfacet
  facet normal 0.844309 0.535856 0
    outer loop
      vertex 21.0566 47.8321 3
      vertex 21.3594 47.355 5
      vertex 21.3594 47.355 3
    endloop
  endfacet
  facet normal -0.684459 0.729051 0
    outer loop
      vertex 28.2804 46.9195 3
      vertex 27.8684 46.5327 5
      vertex 28.2804 46.9195 5
    endloop
  endfacet
  facet normal -0.684459 0.729051 0
    outer loop
      vertex 27.8684 46.5327 5
      vertex 28.2804 46.9195 3
      vertex 27.8684 46.5327 3
    endloop
  endfacet
  facet normal 0.587814 0.808996 -0
    outer loop
      vertex 22.5888 46.2005 3
      vertex 22.1316 46.5327 5
      vertex 22.5888 46.2005 5
    endloop
  endfacet
  facet normal 0.587814 0.808996 0
    outer loop
      vertex 22.1316 46.5327 5
      vertex 22.5888 46.2005 3
      vertex 22.1316 46.5327 3
    endloop
  endfacet
  facet normal 0.368246 0.929728 -0
    outer loop
      vertex 23.6094 45.7202 3
      vertex 23.084 45.9283 5
      vertex 23.6094 45.7202 5
    endloop
  endfacet
  facet normal 0.368246 0.929728 0
    outer loop
      vertex 23.084 45.9283 5
      vertex 23.6094 45.7202 3
      vertex 23.084 45.9283 3
    endloop
  endfacet
  facet normal 0.481701 0.876335 -0
    outer loop
      vertex 23.084 45.9283 3
      vertex 22.5888 46.2005 5
      vertex 23.084 45.9283 5
    endloop
  endfacet
  facet normal 0.481701 0.876335 0
    outer loop
      vertex 22.5888 46.2005 5
      vertex 23.084 45.9283 3
      vertex 22.5888 46.2005 3
    endloop
  endfacet
  facet normal 0.982284 -0.187397 0
    outer loop
      vertex 45.5355 25.564 5
      vertex 45.6414 26.1191 3
      vertex 45.6414 26.1191 5
    endloop
  endfacet
  facet normal 0.982284 -0.187397 0
    outer loop
      vertex 45.6414 26.1191 3
      vertex 45.5355 25.564 5
      vertex 45.5355 25.564 3
    endloop
  endfacet
  facet normal 0.481701 -0.876335 0
    outer loop
      vertex 47.5888 28.7995 3
      vertex 48.084 29.0717 5
      vertex 47.5888 28.7995 5
    endloop
  endfacet
  facet normal 0.481701 -0.876335 0
    outer loop
      vertex 48.084 29.0717 5
      vertex 47.5888 28.7995 3
      vertex 48.084 29.0717 3
    endloop
  endfacet
  facet normal 0.95108 -0.308946 0
    outer loop
      vertex 45.6414 26.1191 5
      vertex 45.816 26.6566 3
      vertex 45.816 26.6566 5
    endloop
  endfacet
  facet normal 0.95108 -0.308946 0
    outer loop
      vertex 45.816 26.6566 3
      vertex 45.6414 26.1191 5
      vertex 45.6414 26.1191 3
    endloop
  endfacet
  facet normal -0 0 1
    outer loop
      vertex 49.7174 29.4911 3
      vertex 50 28.9921 3
      vertex 50 29.4911 3
    endloop
  endfacet
  facet normal -0 0 1
    outer loop
      vertex 49.1568 29.4203 3
      vertex 50 28.9921 3
      vertex 49.7174 29.4911 3
    endloop
  endfacet
  facet normal 0 0 1
    outer loop
      vertex 50 28.9921 3
      vertex 49.7002 26.5717 3
      vertex 49.8995 26.5968 3
    endloop
  endfacet
  facet normal -0 0 1
    outer loop
      vertex 48.6094 29.2798 3
      vertex 50 28.9921 3
      vertex 49.1568 29.4203 3
    endloop
  endfacet
  facet normal 0 0 1
    outer loop
      vertex 50 28.9921 3
      vertex 49.5056 26.5217 3
      vertex 49.7002 26.5717 3
    endloop
  endfacet
  facet normal 0 0 1
    outer loop
      vertex 50 28.9921 3
      vertex 48.6094 29.2798 3
      vertex 49.5056 26.5217 3
    endloop
  endfacet
  facet normal 0 0 1
    outer loop
      vertex 49.5056 26.5217 3
      vertex 48.6094 29.2798 3
      vertex 49.3188 26.4477 3
    endloop
  endfacet
  facet normal -0 0 1
    outer loop
      vertex 48.084 29.0717 3
      vertex 49.3188 26.4477 3
      vertex 48.6094 29.2798 3
    endloop
  endfacet
  facet normal 0 0 1
    outer loop
      vertex 49.3188 26.4477 3
      vertex 48.084 29.0717 3
      vertex 49.1427 26.3509 3
    endloop
  endfacet
  facet normal -0 0 1
    outer loop
      vertex 47.5888 28.7995 3
      vertex 49.1427 26.3509 3
      vertex 48.084 29.0717 3
    endloop
  endfacet
  facet normal 0 0 1
    outer loop
      vertex 49.1427 26.3509 3
      vertex 47.5888 28.7995 3
      vertex 48.9801 26.2328 3
    endloop
  endfacet
  facet normal -0 0 1
    outer loop
      vertex 47.1316 28.4673 3
      vertex 48.9801 26.2328 3
      vertex 47.5888 28.7995 3
    endloop
  endfacet
  facet normal 0 0 1
    outer loop
      vertex 48.9801 26.2328 3
      vertex 47.1316 28.4673 3
      vertex 48.8336 26.0953 3
    endloop
  endfacet
  facet normal -0 0 1
    outer loop
      vertex 46.7196 28.0805 3
      vertex 48.8336 26.0953 3
      vertex 47.1316 28.4673 3
    endloop
  endfacet
  facet normal 0 0 1
    outer loop
      vertex 48.8336 26.0953 3
      vertex 46.7196 28.0805 3
      vertex 48.7056 25.9405 3
    endloop
  endfacet
  facet normal -0 0 1
    outer loop
      vertex 46.3594 27.645 3
      vertex 48.7056 25.9405 3
      vertex 46.7196 28.0805 3
    endloop
  endfacet
  facet normal 0 0 1
    outer loop
      vertex 48.7056 25.9405 3
      vertex 46.3594 27.645 3
      vertex 48.5979 25.7708 3
    endloop
  endfacet
  facet normal 0 0 1
    outer loop
      vertex 51.6 25 3
      vertex 54 25 3
      vertex 53.9685 25.5013 3
    endloop
  endfacet
  facet normal 0 0 1
    outer loop
      vertex 51.5874 25.2005 3
      vertex 53.9685 25.5013 3
      vertex 53.8743 25.9948 3
    endloop
  endfacet
  facet normal 0 0 1
    outer loop
      vertex 54 25 3
      vertex 51.6 25 3
      vertex 53.9685 24.4987 3
    endloop
  endfacet
  facet normal 0 0 1
    outer loop
      vertex 51.5497 25.3979 3
      vertex 53.8743 25.9948 3
      vertex 53.7191 26.4725 3
    endloop
  endfacet
  facet normal -0 0 1
    outer loop
      vertex 51.5874 24.7995 3
      vertex 53.9685 24.4987 3
      vertex 51.6 25 3
    endloop
  endfacet
  facet normal 0 0 1
    outer loop
      vertex 51.4876 25.589 3
      vertex 53.7191 26.4725 3
      vertex 53.5052 26.927 3
    endloop
  endfacet
  facet normal 0 0 1
    outer loop
      vertex 53.9685 24.4987 3
      vertex 51.5874 24.7995 3
      vertex 53.8743 24.0052 3
    endloop
  endfacet
  facet normal 0 0 1
    outer loop
      vertex 51.4021 25.7708 3
      vertex 53.5052 26.927 3
      vertex 53.2361 27.3511 3
    endloop
  endfacet
  facet normal -0 0 1
    outer loop
      vertex 51.5497 24.6021 3
      vertex 53.8743 24.0052 3
      vertex 51.5874 24.7995 3
    endloop
  endfacet
  facet normal 0 0 1
    outer loop
      vertex 51.2944 25.9405 3
      vertex 53.2361 27.3511 3
      vertex 52.9159 27.7382 3
    endloop
  endfacet
  facet normal 0 0 1
    outer loop
      vertex 53.8743 24.0052 3
      vertex 51.5497 24.6021 3
      vertex 53.7191 23.5275 3
    endloop
  endfacet
  facet normal 0 0 1
    outer loop
      vertex 51.1664 26.0953 3
      vertex 52.9159 27.7382 3
      vertex 52.5497 28.0821 3
    endloop
  endfacet
  facet normal -0 0 1
    outer loop
      vertex 51.4876 24.411 3
      vertex 53.7191 23.5275 3
      vertex 51.5497 24.6021 3
    endloop
  endfacet
  facet normal 0 0 1
    outer loop
      vertex 51.0199 26.2328 3
      vertex 52.5497 28.0821 3
      vertex 52.1433 28.3773 3
    endloop
  endfacet
  facet normal 0 0 1
    outer loop
      vertex 53.7191 23.5275 3
      vertex 51.4876 24.411 3
      vertex 53.5052 23.073 3
    endloop
  endfacet
  facet normal 0 0 1
    outer loop
      vertex 50.8573 26.3509 3
      vertex 52.1433 28.3773 3
      vertex 51.7031 28.6193 3
    endloop
  endfacet
  facet normal -0 0 1
    outer loop
      vertex 51.4021 24.2292 3
      vertex 53.5052 23.073 3
      vertex 51.4876 24.411 3
    endloop
  endfacet
  facet normal 0 0 1
    outer loop
      vertex 53.5052 23.073 3
      vertex 51.4021 24.2292 3
      vertex 53.2361 22.6489 3
    endloop
  endfacet
  facet normal 0 0 1
    outer loop
      vertex 53.9685 25.5013 3
      vertex 51.5874 25.2005 3
      vertex 51.6 25 3
    endloop
  endfacet
  facet normal 0 0 1
    outer loop
      vertex 53.8743 25.9948 3
      vertex 51.5497 25.3979 3
      vertex 51.5874 25.2005 3
    endloop
  endfacet
  facet normal 0 0 1
    outer loop
      vertex 53.7191 26.4725 3
      vertex 51.4876 25.589 3
      vertex 51.5497 25.3979 3
    endloop
  endfacet
  facet normal 0 0 1
    outer loop
      vertex 53.5052 26.927 3
      vertex 51.4021 25.7708 3
      vertex 51.4876 25.589 3
    endloop
  endfacet
  facet normal 0 0 1
    outer loop
      vertex 53.2361 27.3511 3
      vertex 51.2944 25.9405 3
      vertex 51.4021 25.7708 3
    endloop
  endfacet
  facet normal 0 0 1
    outer loop
      vertex 50.6812 26.4477 3
      vertex 51.7031 28.6193 3
      vertex 51.2361 28.8042 3
    endloop
  endfacet
  facet normal 0 0 1
    outer loop
      vertex 52.9159 27.7382 3
      vertex 51.1664 26.0953 3
      vertex 51.2944 25.9405 3
    endloop
  endfacet
  facet normal 0 0 1
    outer loop
      vertex 52.5497 28.0821 3
      vertex 51.0199 26.2328 3
      vertex 51.1664 26.0953 3
    endloop
  endfacet
  facet normal 0 0 1
    outer loop
      vertex 52.1433 28.3773 3
      vertex 50.8573 26.3509 3
      vertex 51.0199 26.2328 3
    endloop
  endfacet
  facet normal 0 0 1
    outer loop
      vertex 50.4944 26.5217 3
      vertex 51.2361 28.8042 3
      vertex 50.7495 28.9291 3
    endloop
  endfacet
  facet normal 0 0 1
    outer loop
      vertex 51.7031 28.6193 3
      vertex 50.6812 26.4477 3
      vertex 50.8573 26.3509 3
    endloop
  endfacet
  facet normal 0 0 1
    outer loop
      vertex 51.2361 28.8042 3
      vertex 50.4944 26.5217 3
      vertex 50.6812 26.4477 3
    endloop
  endfacet
  facet normal 0 0 1
    outer loop
      vertex 50.7495 28.9291 3
      vertex 50.2998 26.5717 3
      vertex 50.4944 26.5217 3
    endloop
  endfacet
  facet normal 0 0 1
    outer loop
      vertex 50.2512 28.9921 3
      vertex 50.2998 26.5717 3
      vertex 50.7495 28.9291 3
    endloop
  endfacet
  facet normal 0 0 1
    outer loop
      vertex 50.2512 28.9921 3
      vertex 50.1005 26.5968 3
      vertex 50.2998 26.5717 3
    endloop
  endfacet
  facet normal -0 0 1
    outer loop
      vertex 50 28.9921 3
      vertex 50.1005 26.5968 3
      vertex 50.2512 28.9921 3
    endloop
  endfacet
  facet normal 0 0 1
    outer loop
      vertex 50.1005 26.5968 3
      vertex 50 28.9921 3
      vertex 49.8995 26.5968 3
    endloop
  endfacet
  facet normal -0 0 1
    outer loop
      vertex 51.2944 24.0595 3
      vertex 53.2361 22.6489 3
      vertex 51.4021 24.2292 3
    endloop
  endfacet
  facet normal 0 0 1
    outer loop
      vertex 53.2361 22.6489 3
      vertex 51.2944 24.0595 3
      vertex 52.9159 22.2618 3
    endloop
  endfacet
  facet normal -0 0 1
    outer loop
      vertex 51.1664 23.9047 3
      vertex 52.9159 22.2618 3
      vertex 51.2944 24.0595 3
    endloop
  endfacet
  facet normal 0 0 1
    outer loop
      vertex 52.9159 22.2618 3
      vertex 51.1664 23.9047 3
      vertex 52.5497 21.9179 3
    endloop
  endfacet
  facet normal -0 0 1
    outer loop
      vertex 51.0199 23.7672 3
      vertex 52.5497 21.9179 3
      vertex 51.1664 23.9047 3
    endloop
  endfacet
  facet normal 0 0 1
    outer loop
      vertex 52.5497 21.9179 3
      vertex 51.0199 23.7672 3
      vertex 52.1433 21.6227 3
    endloop
  endfacet
  facet normal -0 0 1
    outer loop
      vertex 50.8573 23.6491 3
      vertex 52.1433 21.6227 3
      vertex 51.0199 23.7672 3
    endloop
  endfacet
  facet normal 0 0 1
    outer loop
      vertex 52.1433 21.6227 3
      vertex 50.8573 23.6491 3
      vertex 51.7031 21.3807 3
    endloop
  endfacet
  facet normal -0 0 1
    outer loop
      vertex 50.6812 23.5523 3
      vertex 51.7031 21.3807 3
      vertex 50.8573 23.6491 3
    endloop
  endfacet
  facet normal 0 0 1
    outer loop
      vertex 51.7031 21.3807 3
      vertex 50.6812 23.5523 3
      vertex 51.2361 21.1958 3
    endloop
  endfacet
  facet normal -0 0 1
    outer loop
      vertex 50.4944 23.4783 3
      vertex 51.2361 21.1958 3
      vertex 50.6812 23.5523 3
    endloop
  endfacet
  facet normal 0 0 1
    outer loop
      vertex 51.2361 21.1958 3
      vertex 50.4944 23.4783 3
      vertex 50.7495 21.0709 3
    endloop
  endfacet
  facet normal -0 0 1
    outer loop
      vertex 50.2998 23.4283 3
      vertex 50.7495 21.0709 3
      vertex 50.4944 23.4783 3
    endloop
  endfacet
  facet normal 0 0 1
    outer loop
      vertex 50.2998 23.4283 3
      vertex 50.2512 21.0079 3
      vertex 50.7495 21.0709 3
    endloop
  endfacet
  facet normal -0 0 1
    outer loop
      vertex 50.1005 23.4032 3
      vertex 50.2512 21.0079 3
      vertex 50.2998 23.4283 3
    endloop
  endfacet
  facet normal 0 0 1
    outer loop
      vertex 50.1005 23.4032 3
      vertex 50 21.0079 3
      vertex 50.2512 21.0079 3
    endloop
  endfacet
  facet normal -0 0 1
    outer loop
      vertex 49.8995 23.4032 3
      vertex 50 21.0079 3
      vertex 50.1005 23.4032 3
    endloop
  endfacet
  facet normal 0 0 1
    outer loop
      vertex 49.7002 23.4283 3
      vertex 50 21.0079 3
      vertex 49.8995 23.4032 3
    endloop
  endfacet
  facet normal 0 0 1
    outer loop
      vertex 50 21.0079 3
      vertex 49.7174 20.5089 3
      vertex 50 20.5089 3
    endloop
  endfacet
  facet normal 0 0 1
    outer loop
      vertex 49.5056 23.4783 3
      vertex 50 21.0079 3
      vertex 49.7002 23.4283 3
    endloop
  endfacet
  facet normal 0 0 1
    outer loop
      vertex 48.6094 20.7202 3
      vertex 50 21.0079 3
      vertex 49.5056 23.4783 3
    endloop
  endfacet
  facet normal 0 0 1
    outer loop
      vertex 48.6094 20.7202 3
      vertex 49.5056 23.4783 3
      vertex 49.3188 23.5523 3
    endloop
  endfacet
  facet normal 0 0 1
    outer loop
      vertex 50 21.0079 3
      vertex 49.1568 20.5797 3
      vertex 49.7174 20.5089 3
    endloop
  endfacet
  facet normal 0 0 1
    outer loop
      vertex 48.084 20.9283 3
      vertex 49.3188 23.5523 3
      vertex 49.1427 23.6491 3
    endloop
  endfacet
  facet normal 0 0 1
    outer loop
      vertex 47.5888 21.2005 3
      vertex 49.1427 23.6491 3
      vertex 48.9801 23.7672 3
    endloop
  endfacet
  facet normal 0 0 1
    outer loop
      vertex 47.1316 21.5327 3
      vertex 48.9801 23.7672 3
      vertex 48.8336 23.9047 3
    endloop
  endfacet
  facet normal 0 0 1
    outer loop
      vertex 46.7196 21.9195 3
      vertex 48.8336 23.9047 3
      vertex 48.7056 24.0595 3
    endloop
  endfacet
  facet normal 0 0 1
    outer loop
      vertex 50 21.0079 3
      vertex 48.6094 20.7202 3
      vertex 49.1568 20.5797 3
    endloop
  endfacet
  facet normal 0 0 1
    outer loop
      vertex 46.3594 22.355 3
      vertex 48.7056 24.0595 3
      vertex 48.5979 24.2292 3
    endloop
  endfacet
  facet normal 0 0 1
    outer loop
      vertex 46.0566 22.8321 3
      vertex 48.5979 24.2292 3
      vertex 48.5124 24.411 3
    endloop
  endfacet
  facet normal 0 0 1
    outer loop
      vertex 45.816 23.3434 3
      vertex 48.5124 24.411 3
      vertex 48.4503 24.6021 3
    endloop
  endfacet
  facet normal 0 0 1
    outer loop
      vertex 45.6414 23.8809 3
      vertex 48.4503 24.6021 3
      vertex 48.4126 24.7995 3
    endloop
  endfacet
  facet normal 0 0 1
    outer loop
      vertex 45.5355 24.436 3
      vertex 48.4126 24.7995 3
      vertex 48.4 25 3
    endloop
  endfacet
  facet normal -0 0 1
    outer loop
      vertex 46.0566 27.1679 3
      vertex 48.5979 25.7708 3
      vertex 46.3594 27.645 3
    endloop
  endfacet
  facet normal 0 0 1
    outer loop
      vertex 49.3188 23.5523 3
      vertex 48.084 20.9283 3
      vertex 48.6094 20.7202 3
    endloop
  endfacet
  facet normal 0 0 1
    outer loop
      vertex 48.5979 25.7708 3
      vertex 46.0566 27.1679 3
      vertex 48.5124 25.589 3
    endloop
  endfacet
  facet normal 0 0 1
    outer loop
      vertex 49.1427 23.6491 3
      vertex 47.5888 21.2005 3
      vertex 48.084 20.9283 3
    endloop
  endfacet
  facet normal -0 0 1
    outer loop
      vertex 45.816 26.6566 3
      vertex 48.5124 25.589 3
      vertex 46.0566 27.1679 3
    endloop
  endfacet
  facet normal 0 0 1
    outer loop
      vertex 48.9801 23.7672 3
      vertex 47.1316 21.5327 3
      vertex 47.5888 21.2005 3
    endloop
  endfacet
  facet normal 0 0 1
    outer loop
      vertex 48.5124 25.589 3
      vertex 45.816 26.6566 3
      vertex 48.4503 25.3979 3
    endloop
  endfacet
  facet normal 0 0 1
    outer loop
      vertex 48.8336 23.9047 3
      vertex 46.7196 21.9195 3
      vertex 47.1316 21.5327 3
    endloop
  endfacet
  facet normal -0 0 1
    outer loop
      vertex 45.6414 26.1191 3
      vertex 48.4503 25.3979 3
      vertex 45.816 26.6566 3
    endloop
  endfacet
  facet normal 0 0 1
    outer loop
      vertex 48.7056 24.0595 3
      vertex 46.3594 22.355 3
      vertex 46.7196 21.9195 3
    endloop
  endfacet
  facet normal 0 0 1
    outer loop
      vertex 48.4503 25.3979 3
      vertex 45.6414 26.1191 3
      vertex 48.4126 25.2005 3
    endloop
  endfacet
  facet normal 0 0 1
    outer loop
      vertex 48.5979 24.2292 3
      vertex 46.0566 22.8321 3
      vertex 46.3594 22.355 3
    endloop
  endfacet
  facet normal -0 0 1
    outer loop
      vertex 45.5355 25.564 3
      vertex 48.4126 25.2005 3
      vertex 45.6414 26.1191 3
    endloop
  endfacet
  facet normal 0 0 1
    outer loop
      vertex 48.5124 24.411 3
      vertex 45.816 23.3434 3
      vertex 46.0566 22.8321 3
    endloop
  endfacet
  facet normal 0 0 1
    outer loop
      vertex 48.4126 25.2005 3
      vertex 45.5355 25.564 3
      vertex 48.4 25 3
    endloop
  endfacet
  facet normal 0 0 1
    outer loop
      vertex 48.4503 24.6021 3
      vertex 45.6414 23.8809 3
      vertex 45.816 23.3434 3
    endloop
  endfacet
  facet normal 0 0 1
    outer loop
      vertex 45.5 25 3
      vertex 48.4 25 3
      vertex 45.5355 25.564 3
    endloop
  endfacet
  facet normal 0 0 1
    outer loop
      vertex 48.4126 24.7995 3
      vertex 45.5355 24.436 3
      vertex 45.6414 23.8809 3
    endloop
  endfacet
  facet normal 0 0 1
    outer loop
      vertex 48.4 25 3
      vertex 45.5 25 3
      vertex 45.5355 24.436 3
    endloop
  endfacet
  facet normal 0.844309 -0.535856 0
    outer loop
      vertex 46.0566 27.1679 5
      vertex 46.3594 27.645 3
      vertex 46.3594 27.645 5
    endloop
  endfacet
  facet normal 0.844309 -0.535856 0
    outer loop
      vertex 46.3594 27.645 3
      vertex 46.0566 27.1679 5
      vertex 46.0566 27.1679 3
    endloop
  endfacet
  facet normal 0.248609 -0.968604 0
    outer loop
      vertex 48.6094 29.2798 3
      vertex 49.1568 29.4203 5
      vertex 48.6094 29.2798 5
    endloop
  endfacet
  facet normal 0.248609 -0.968604 0
    outer loop
      vertex 49.1568 29.4203 5
      vertex 48.6094 29.2798 3
      vertex 49.1568 29.4203 3
    endloop
  endfacet
  facet normal 0.77058 -0.637343 0
    outer loop
      vertex 46.3594 27.645 5
      vertex 46.7196 28.0805 3
      vertex 46.7196 28.0805 5
    endloop
  endfacet
  facet normal 0.77058 -0.637343 0
    outer loop
      vertex 46.7196 28.0805 3
      vertex 46.3594 27.645 5
      vertex 46.3594 27.645 3
    endloop
  endfacet
  facet normal 0.125298 -0.992119 0
    outer loop
      vertex 49.1568 29.4203 3
      vertex 49.7174 29.4911 5
      vertex 49.1568 29.4203 5
    endloop
  endfacet
  facet normal 0.125298 -0.992119 0
    outer loop
      vertex 49.7174 29.4911 5
      vertex 49.1568 29.4203 3
      vertex 49.7174 29.4911 3
    endloop
  endfacet
  facet normal 0.998025 0.0628189 0
    outer loop
      vertex 45.5355 24.436 5
      vertex 45.5 25 3
      vertex 45.5 25 5
    endloop
  endfacet
  facet normal 0.998025 0.0628189 0
    outer loop
      vertex 45.5 25 3
      vertex 45.5355 24.436 5
      vertex 45.5355 24.436 3
    endloop
  endfacet
  facet normal 0.904827 -0.42578 0
    outer loop
      vertex 45.816 26.6566 5
      vertex 46.0566 27.1679 3
      vertex 46.0566 27.1679 5
    endloop
  endfacet
  facet normal 0.904827 -0.42578 0
    outer loop
      vertex 46.0566 27.1679 3
      vertex 45.816 26.6566 5
      vertex 45.816 26.6566 3
    endloop
  endfacet
  facet normal 0.368246 -0.929728 0
    outer loop
      vertex 48.084 29.0717 3
      vertex 48.6094 29.2798 5
      vertex 48.084 29.0717 5
    endloop
  endfacet
  facet normal 0.368246 -0.929728 0
    outer loop
      vertex 48.6094 29.2798 5
      vertex 48.084 29.0717 3
      vertex 48.6094 29.2798 3
    endloop
  endfacet
  facet normal 0.684459 -0.729051 0
    outer loop
      vertex 46.7196 28.0805 3
      vertex 47.1316 28.4673 5
      vertex 46.7196 28.0805 5
    endloop
  endfacet
  facet normal 0.684459 -0.729051 0
    outer loop
      vertex 47.1316 28.4673 5
      vertex 46.7196 28.0805 3
      vertex 47.1316 28.4673 3
    endloop
  endfacet
  facet normal 0.587814 -0.808996 0
    outer loop
      vertex 47.1316 28.4673 3
      vertex 47.5888 28.7995 5
      vertex 47.1316 28.4673 5
    endloop
  endfacet
  facet normal 0.587814 -0.808996 0
    outer loop
      vertex 47.5888 28.7995 5
      vertex 47.1316 28.4673 3
      vertex 47.5888 28.7995 3
    endloop
  endfacet
  facet normal 0.982284 0.187397 0
    outer loop
      vertex 45.6414 23.8809 5
      vertex 45.5355 24.436 3
      vertex 45.5355 24.436 5
    endloop
  endfacet
  facet normal 0.982284 0.187397 0
    outer loop
      vertex 45.5355 24.436 3
      vertex 45.6414 23.8809 5
      vertex 45.6414 23.8809 3
    endloop
  endfacet
  facet normal 0 -1 0
    outer loop
      vertex 49.7174 29.4911 3
      vertex 50 29.4911 5
      vertex 49.7174 29.4911 5
    endloop
  endfacet
  facet normal 0 -1 -0
    outer loop
      vertex 50 29.4911 5
      vertex 49.7174 29.4911 3
      vertex 50 29.4911 3
    endloop
  endfacet
  facet normal 0.998025 -0.0628189 0
    outer loop
      vertex 45.5 25 5
      vertex 45.5355 25.564 3
      vertex 45.5355 25.564 5
    endloop
  endfacet
  facet normal 0.998025 -0.0628189 0
    outer loop
      vertex 45.5355 25.564 3
      vertex 45.5 25 5
      vertex 45.5 25 3
    endloop
  endfacet
  facet normal 0.125298 0.992119 -0
    outer loop
      vertex 49.7174 20.5089 3
      vertex 49.1568 20.5797 5
      vertex 49.7174 20.5089 5
    endloop
  endfacet
  facet normal 0.125298 0.992119 0
    outer loop
      vertex 49.1568 20.5797 5
      vertex 49.7174 20.5089 3
      vertex 49.1568 20.5797 3
    endloop
  endfacet
  facet normal 0 1 -0
    outer loop
      vertex 50 20.5089 3
      vertex 49.7174 20.5089 5
      vertex 50 20.5089 5
    endloop
  endfacet
  facet normal 0 1 0
    outer loop
      vertex 49.7174 20.5089 5
      vertex 50 20.5089 3
      vertex 49.7174 20.5089 3
    endloop
  endfacet
  facet normal 0.684459 0.729051 -0
    outer loop
      vertex 47.1316 21.5327 3
      vertex 46.7196 21.9195 5
      vertex 47.1316 21.5327 5
    endloop
  endfacet
  facet normal 0.684459 0.729051 0
    outer loop
      vertex 46.7196 21.9195 5
      vertex 47.1316 21.5327 3
      vertex 46.7196 21.9195 3
    endloop
  endfacet
  facet normal 0.248609 0.968604 -0
    outer loop
      vertex 49.1568 20.5797 3
      vertex 48.6094 20.7202 5
      vertex 49.1568 20.5797 5
    endloop
  endfacet
  facet normal 0.248609 0.968604 0
    outer loop
      vertex 48.6094 20.7202 5
      vertex 49.1568 20.5797 3
      vertex 48.6094 20.7202 3
    endloop
  endfacet
  facet normal 0.77058 0.637343 0
    outer loop
      vertex 46.7196 21.9195 5
      vertex 46.3594 22.355 3
      vertex 46.3594 22.355 5
    endloop
  endfacet
  facet normal 0.77058 0.637343 0
    outer loop
      vertex 46.3594 22.355 3
      vertex 46.7196 21.9195 5
      vertex 46.7196 21.9195 3
    endloop
  endfacet
  facet normal 0.904827 0.42578 0
    outer loop
      vertex 46.0566 22.8321 5
      vertex 45.816 23.3434 3
      vertex 45.816 23.3434 5
    endloop
  endfacet
  facet normal 0.904827 0.42578 0
    outer loop
      vertex 45.816 23.3434 3
      vertex 46.0566 22.8321 5
      vertex 46.0566 22.8321 3
    endloop
  endfacet
  facet normal 0.95108 0.308946 0
    outer loop
      vertex 45.816 23.3434 5
      vertex 45.6414 23.8809 3
      vertex 45.6414 23.8809 5
    endloop
  endfacet
  facet normal 0.95108 0.308946 0
    outer loop
      vertex 45.6414 23.8809 3
      vertex 45.816 23.3434 5
      vertex 45.816 23.3434 3
    endloop
  endfacet
  facet normal 0.844309 0.535856 0
    outer loop
      vertex 46.3594 22.355 5
      vertex 46.0566 22.8321 3
      vertex 46.0566 22.8321 5
    endloop
  endfacet
  facet normal 0.844309 0.535856 0
    outer loop
      vertex 46.0566 22.8321 3
      vertex 46.3594 22.355 5
      vertex 46.3594 22.355 3
    endloop
  endfacet
  facet normal 0.587814 0.808996 -0
    outer loop
      vertex 47.5888 21.2005 3
      vertex 47.1316 21.5327 5
      vertex 47.5888 21.2005 5
    endloop
  endfacet
  facet normal 0.587814 0.808996 0
    outer loop
      vertex 47.1316 21.5327 5
      vertex 47.5888 21.2005 3
      vertex 47.1316 21.5327 3
    endloop
  endfacet
  facet normal 0.368246 0.929728 -0
    outer loop
      vertex 48.6094 20.7202 3
      vertex 48.084 20.9283 5
      vertex 48.6094 20.7202 5
    endloop
  endfacet
  facet normal 0.368246 0.929728 0
    outer loop
      vertex 48.084 20.9283 5
      vertex 48.6094 20.7202 3
      vertex 48.084 20.9283 3
    endloop
  endfacet
  facet normal 0.481701 0.876335 -0
    outer loop
      vertex 48.084 20.9283 3
      vertex 47.5888 21.2005 5
      vertex 48.084 20.9283 5
    endloop
  endfacet
  facet normal 0.481701 0.876335 0
    outer loop
      vertex 47.5888 21.2005 5
      vertex 48.084 20.9283 3
      vertex 47.5888 21.2005 3
    endloop
  endfacet
  facet normal -0.77053 -0.637404 0
    outer loop
      vertex 28.6406 2.64503 3
      vertex 28.2804 3.08046 5
      vertex 28.2804 3.08046 3
    endloop
  endfacet
  facet normal -0.77053 -0.637404 0
    outer loop
      vertex 28.2804 3.08046 5
      vertex 28.6406 2.64503 3
      vertex 28.6406 2.64503 5
    endloop
  endfacet
  facet normal -0.248676 -0.968587 0
    outer loop
      vertex 25.8432 4.42029 3
      vertex 26.3906 4.27975 5
      vertex 25.8432 4.42029 5
    endloop
  endfacet
  facet normal -0.248676 -0.968587 -0
    outer loop
      vertex 26.3906 4.27975 5
      vertex 25.8432 4.42029 3
      vertex 26.3906 4.27975 3
    endloop
  endfacet
  facet normal 0.481769 -0.876298 0
    outer loop
      vertex 22.5888 3.79947 3
      vertex 23.084 4.07172 5
      vertex 22.5888 3.79947 5
    endloop
  endfacet
  facet normal 0.481769 -0.876298 0
    outer loop
      vertex 23.084 4.07172 5
      vertex 22.5888 3.79947 3
      vertex 23.084 4.07172 3
    endloop
  endfacet
  facet normal 0.951073 -0.308967 0
    outer loop
      vertex 20.6414 1.1191 5
      vertex 20.816 1.65656 3
      vertex 20.816 1.65656 5
    endloop
  endfacet
  facet normal 0.951073 -0.308967 0
    outer loop
      vertex 20.816 1.65656 3
      vertex 20.6414 1.1191 5
      vertex 20.6414 1.1191 3
    endloop
  endfacet
  facet normal -0.368139 -0.929771 0
    outer loop
      vertex 26.3906 4.27975 3
      vertex 26.916 4.07172 5
      vertex 26.3906 4.27975 5
    endloop
  endfacet
  facet normal -0.368139 -0.929771 -0
    outer loop
      vertex 26.916 4.07172 5
      vertex 26.3906 4.27975 3
      vertex 26.916 4.07172 3
    endloop
  endfacet
  facet normal 0 0 1
    outer loop
      vertex 29 0 3
      vertex 29.4645 0.563999 3
      vertex 29.3586 1.1191 3
    endloop
  endfacet
  facet normal 0 0 1
    outer loop
      vertex 29 0 3
      vertex 29.3586 1.1191 3
      vertex 29.184 1.65656 3
    endloop
  endfacet
  facet normal 0 0 1
    outer loop
      vertex 29.4645 0.563999 3
      vertex 29 0 3
      vertex 29.5 0 3
    endloop
  endfacet
  facet normal 0 0 1
    outer loop
      vertex 26.4876 0.588999 3
      vertex 29.184 1.65656 3
      vertex 28.9434 2.16789 3
    endloop
  endfacet
  facet normal 0 0 1
    outer loop
      vertex 29.184 1.65656 3
      vertex 26.4876 0.588999 3
      vertex 29 0 3
    endloop
  endfacet
  facet normal -0 -0 1
    outer loop
      vertex 26.5874 0.200533 3
      vertex 29 0 3
      vertex 26.5497 0.397903 3
    endloop
  endfacet
  facet normal 0 0 1
    outer loop
      vertex 29 0 3
      vertex 26.6 0 3
      vertex 28.9685 -0.501332 3
    endloop
  endfacet
  facet normal 0 0 1
    outer loop
      vertex 26.4021 0.770805 3
      vertex 28.9434 2.16789 3
      vertex 28.6406 2.64503 3
    endloop
  endfacet
  facet normal -0 0 1
    outer loop
      vertex 26.5874 -0.200533 3
      vertex 28.9685 -0.501332 3
      vertex 26.6 0 3
    endloop
  endfacet
  facet normal 0 0 1
    outer loop
      vertex 26.2944 0.940456 3
      vertex 28.6406 2.64503 3
      vertex 28.2804 3.08046 3
    endloop
  endfacet
  facet normal 0 0 1
    outer loop
      vertex 28.9685 -0.501332 3
      vertex 26.5874 -0.200533 3
      vertex 28.8743 -0.994759 3
    endloop
  endfacet
  facet normal -0 0 1
    outer loop
      vertex 26.5497 -0.397903 3
      vertex 28.8743 -0.994759 3
      vertex 26.5874 -0.200533 3
    endloop
  endfacet
  facet normal 0 0 1
    outer loop
      vertex 26.1663 1.09527 3
      vertex 28.2804 3.08046 3
      vertex 27.8684 3.46731 3
    endloop
  endfacet
  facet normal -0 0 1
    outer loop
      vertex 26.4876 -0.588999 3
      vertex 28.7191 -1.4725 3
      vertex 26.5497 -0.397903 3
    endloop
  endfacet
  facet normal 0 0 1
    outer loop
      vertex 26.0199 1.23282 3
      vertex 27.8684 3.46731 3
      vertex 27.4112 3.79947 3
    endloop
  endfacet
  facet normal 0 0 1
    outer loop
      vertex 28.7191 -1.4725 3
      vertex 26.4876 -0.588999 3
      vertex 28.5052 -1.92701 3
    endloop
  endfacet
  facet normal 0 0 1
    outer loop
      vertex 25.8573 1.35092 3
      vertex 27.4112 3.79947 3
      vertex 26.916 4.07172 3
    endloop
  endfacet
  facet normal -0 0 1
    outer loop
      vertex 26.4021 -0.770805 3
      vertex 28.5052 -1.92701 3
      vertex 26.4876 -0.588999 3
    endloop
  endfacet
  facet normal 0 0 1
    outer loop
      vertex 28.5052 -1.92701 3
      vertex 26.4021 -0.770805 3
      vertex 28.2361 -2.35114 3
    endloop
  endfacet
  facet normal 0 0 1
    outer loop
      vertex 28.8743 -0.994759 3
      vertex 26.5497 -0.397903 3
      vertex 28.7191 -1.4725 3
    endloop
  endfacet
  facet normal 0 -0 1
    outer loop
      vertex 26.6 0 3
      vertex 29 0 3
      vertex 26.5874 0.200533 3
    endloop
  endfacet
  facet normal 0 0 1
    outer loop
      vertex 29 0 3
      vertex 26.4876 0.588999 3
      vertex 26.5497 0.397903 3
    endloop
  endfacet
  facet normal 0 0 1
    outer loop
      vertex 28.9434 2.16789 3
      vertex 26.4021 0.770805 3
      vertex 26.4876 0.588999 3
    endloop
  endfacet
  facet normal 0 0 1
    outer loop
      vertex 25.6812 1.44772 3
      vertex 26.916 4.07172 3
      vertex 26.3906 4.27975 3
    endloop
  endfacet
  facet normal 0 0 1
    outer loop
      vertex 28.6406 2.64503 3
      vertex 26.2944 0.940456 3
      vertex 26.4021 0.770805 3
    endloop
  endfacet
  facet normal 0 0 1
    outer loop
      vertex 28.2804 3.08046 3
      vertex 26.1663 1.09527 3
      vertex 26.2944 0.940456 3
    endloop
  endfacet
  facet normal 0 0 1
    outer loop
      vertex 27.8684 3.46731 3
      vertex 26.0199 1.23282 3
      vertex 26.1663 1.09527 3
    endloop
  endfacet
  facet normal 0 0 1
    outer loop
      vertex 27.4112 3.79947 3
      vertex 25.8573 1.35092 3
      vertex 26.0199 1.23282 3
    endloop
  endfacet
  facet normal 0 0 1
    outer loop
      vertex 25.4944 1.52169 3
      vertex 26.3906 4.27975 3
      vertex 25.8432 4.42029 3
    endloop
  endfacet
  facet normal 0 0 1
    outer loop
      vertex 26.916 4.07172 3
      vertex 25.6812 1.44772 3
      vertex 25.8573 1.35092 3
    endloop
  endfacet
  facet normal 0 0 1
    outer loop
      vertex 26.3906 4.27975 3
      vertex 25.4944 1.52169 3
      vertex 25.6812 1.44772 3
    endloop
  endfacet
  facet normal 0 0 1
    outer loop
      vertex 25.8432 4.42029 3
      vertex 25.2998 1.57166 3
      vertex 25.4944 1.52169 3
    endloop
  endfacet
  facet normal 0 0 1
    outer loop
      vertex 25.2826 4.49112 3
      vertex 25.2998 1.57166 3
      vertex 25.8432 4.42029 3
    endloop
  endfacet
  facet normal 0 0 1
    outer loop
      vertex 25.2826 4.49112 3
      vertex 25.1005 1.59684 3
      vertex 25.2998 1.57166 3
    endloop
  endfacet
  facet normal 0 0 1
    outer loop
      vertex 25.2826 4.49112 3
      vertex 24.8995 1.59684 3
      vertex 25.1005 1.59684 3
    endloop
  endfacet
  facet normal -0 0 1
    outer loop
      vertex 24.7174 4.49112 3
      vertex 24.8995 1.59684 3
      vertex 25.2826 4.49112 3
    endloop
  endfacet
  facet normal 0 0 1
    outer loop
      vertex 24.7174 4.49112 3
      vertex 24.7002 1.57166 3
      vertex 24.8995 1.59684 3
    endloop
  endfacet
  facet normal -0 0 1
    outer loop
      vertex 24.1568 4.42029 3
      vertex 24.7002 1.57166 3
      vertex 24.7174 4.49112 3
    endloop
  endfacet
  facet normal 0 0 1
    outer loop
      vertex 24.7002 1.57166 3
      vertex 24.1568 4.42029 3
      vertex 24.5056 1.52169 3
    endloop
  endfacet
  facet normal -0 0 1
    outer loop
      vertex 23.6094 4.27975 3
      vertex 24.5056 1.52169 3
      vertex 24.1568 4.42029 3
    endloop
  endfacet
  facet normal 0 0 1
    outer loop
      vertex 24.5056 1.52169 3
      vertex 23.6094 4.27975 3
      vertex 24.3188 1.44772 3
    endloop
  endfacet
  facet normal -0 0 1
    outer loop
      vertex 23.084 4.07172 3
      vertex 24.3188 1.44772 3
      vertex 23.6094 4.27975 3
    endloop
  endfacet
  facet normal 0 0 1
    outer loop
      vertex 24.3188 1.44772 3
      vertex 23.084 4.07172 3
      vertex 24.1427 1.35092 3
    endloop
  endfacet
  facet normal -0 0 1
    outer loop
      vertex 22.5888 3.79947 3
      vertex 24.1427 1.35092 3
      vertex 23.084 4.07172 3
    endloop
  endfacet
  facet normal 0 0 1
    outer loop
      vertex 24.1427 1.35092 3
      vertex 22.5888 3.79947 3
      vertex 23.9801 1.23282 3
    endloop
  endfacet
  facet normal -0 0 1
    outer loop
      vertex 22.1316 3.46731 3
      vertex 23.9801 1.23282 3
      vertex 22.5888 3.79947 3
    endloop
  endfacet
  facet normal 0 0 1
    outer loop
      vertex 23.9801 1.23282 3
      vertex 22.1316 3.46731 3
      vertex 23.8336 1.09527 3
    endloop
  endfacet
  facet normal -0 0 1
    outer loop
      vertex 21.7196 3.08046 3
      vertex 23.8336 1.09527 3
      vertex 22.1316 3.46731 3
    endloop
  endfacet
  facet normal 0 0 1
    outer loop
      vertex 23.8336 1.09527 3
      vertex 21.7196 3.08046 3
      vertex 23.7056 0.940456 3
    endloop
  endfacet
  facet normal -0 0 1
    outer loop
      vertex 21.3594 2.64503 3
      vertex 23.7056 0.940456 3
      vertex 21.7196 3.08046 3
    endloop
  endfacet
  facet normal 0 0 1
    outer loop
      vertex 23.7056 0.940456 3
      vertex 21.3594 2.64503 3
      vertex 23.5979 0.770805 3
    endloop
  endfacet
  facet normal -0 0 1
    outer loop
      vertex 21.0566 2.16789 3
      vertex 23.5979 0.770805 3
      vertex 21.3594 2.64503 3
    endloop
  endfacet
  facet normal 0 -0 1
    outer loop
      vertex 21.0315 -0.501332 3
      vertex 23.4 0 3
      vertex 21 0 3
    endloop
  endfacet
  facet normal 0 0 1
    outer loop
      vertex 23.5979 0.770805 3
      vertex 21.0566 2.16789 3
      vertex 23.5124 0.588999 3
    endloop
  endfacet
  facet normal 0 0 1
    outer loop
      vertex 23.4 0 3
      vertex 22.8567 -3.37731 3
      vertex 23.2969 -3.61931 3
    endloop
  endfacet
  facet normal -0 0 1
    outer loop
      vertex 20.816 1.65656 3
      vertex 23.5124 0.588999 3
      vertex 21.0566 2.16789 3
    endloop
  endfacet
  facet normal 0 0 1
    outer loop
      vertex 23.4 0 3
      vertex 22.4503 -3.08205 3
      vertex 22.8567 -3.37731 3
    endloop
  endfacet
  facet normal 0 0 1
    outer loop
      vertex 23.4 0 3
      vertex 22.0841 -2.73819 3
      vertex 22.4503 -3.08205 3
    endloop
  endfacet
  facet normal 0 -0 1
    outer loop
      vertex 21 0 3
      vertex 23.5124 0.588999 3
      vertex 20.816 1.65656 3
    endloop
  endfacet
  facet normal 0 0 1
    outer loop
      vertex 23.4 0 3
      vertex 21.7639 -2.35114 3
      vertex 22.0841 -2.73819 3
    endloop
  endfacet
  facet normal 0 0 1
    outer loop
      vertex 23.5124 0.588999 3
      vertex 21 0 3
      vertex 23.4503 0.397903 3
    endloop
  endfacet
  facet normal 0 0 1
    outer loop
      vertex 23.4 0 3
      vertex 21.4948 -1.92701 3
      vertex 21.7639 -2.35114 3
    endloop
  endfacet
  facet normal 0 0 1
    outer loop
      vertex 23.4 0 3
      vertex 21.2809 -1.4725 3
      vertex 21.4948 -1.92701 3
    endloop
  endfacet
  facet normal 0 0 1
    outer loop
      vertex 23.4503 0.397903 3
      vertex 21 0 3
      vertex 23.4126 0.200533 3
    endloop
  endfacet
  facet normal 0 0 1
    outer loop
      vertex 23.4 0 3
      vertex 21.1257 -0.994759 3
      vertex 21.2809 -1.4725 3
    endloop
  endfacet
  facet normal 0 0 1
    outer loop
      vertex 23.4 0 3
      vertex 21.0315 -0.501332 3
      vertex 21.1257 -0.994759 3
    endloop
  endfacet
  facet normal 0 0 1
    outer loop
      vertex 23.4126 0.200533 3
      vertex 21 0 3
      vertex 23.4 0 3
    endloop
  endfacet
  facet normal -0 0 1
    outer loop
      vertex 20.6414 1.1191 3
      vertex 21 0 3
      vertex 20.816 1.65656 3
    endloop
  endfacet
  facet normal -0 0 1
    outer loop
      vertex 20.5355 0.563999 3
      vertex 21 0 3
      vertex 20.6414 1.1191 3
    endloop
  endfacet
  facet normal 0 0 1
    outer loop
      vertex 21 0 3
      vertex 20.5355 0.563999 3
      vertex 20.5 0 3
    endloop
  endfacet
  facet normal -0 0 1
    outer loop
      vertex 26.2944 -0.940456 3
      vertex 28.2361 -2.35114 3
      vertex 26.4021 -0.770805 3
    endloop
  endfacet
  facet normal 0 0 1
    outer loop
      vertex 28.2361 -2.35114 3
      vertex 26.2944 -0.940456 3
      vertex 27.9159 -2.73819 3
    endloop
  endfacet
  facet normal -0 0 1
    outer loop
      vertex 26.1663 -1.09527 3
      vertex 27.9159 -2.73819 3
      vertex 26.2944 -0.940456 3
    endloop
  endfacet
  facet normal 0 0 1
    outer loop
      vertex 27.9159 -2.73819 3
      vertex 26.1663 -1.09527 3
      vertex 27.5497 -3.08205 3
    endloop
  endfacet
  facet normal -0 0 1
    outer loop
      vertex 26.0199 -1.23282 3
      vertex 27.5497 -3.08205 3
      vertex 26.1663 -1.09527 3
    endloop
  endfacet
  facet normal 0 0 1
    outer loop
      vertex 27.5497 -3.08205 3
      vertex 26.0199 -1.23282 3
      vertex 27.1433 -3.37731 3
    endloop
  endfacet
  facet normal -0 0 1
    outer loop
      vertex 25.8573 -1.35092 3
      vertex 27.1433 -3.37731 3
      vertex 26.0199 -1.23282 3
    endloop
  endfacet
  facet normal 0 0 1
    outer loop
      vertex 27.1433 -3.37731 3
      vertex 25.8573 -1.35092 3
      vertex 26.7031 -3.61931 3
    endloop
  endfacet
  facet normal -0 0 1
    outer loop
      vertex 25.6812 -1.44772 3
      vertex 26.7031 -3.61931 3
      vertex 25.8573 -1.35092 3
    endloop
  endfacet
  facet normal 0 0 1
    outer loop
      vertex 26.7031 -3.61931 3
      vertex 25.6812 -1.44772 3
      vertex 26.2361 -3.80423 3
    endloop
  endfacet
  facet normal -0 0 1
    outer loop
      vertex 25.4944 -1.52169 3
      vertex 26.2361 -3.80423 3
      vertex 25.6812 -1.44772 3
    endloop
  endfacet
  facet normal 0 0 1
    outer loop
      vertex 26.2361 -3.80423 3
      vertex 25.4944 -1.52169 3
      vertex 25.7495 -3.92915 3
    endloop
  endfacet
  facet normal -0 0 1
    outer loop
      vertex 25.2998 -1.57166 3
      vertex 25.7495 -3.92915 3
      vertex 25.4944 -1.52169 3
    endloop
  endfacet
  facet normal 0 0 1
    outer loop
      vertex 25.2998 -1.57166 3
      vertex 25.2512 -3.99211 3
      vertex 25.7495 -3.92915 3
    endloop
  endfacet
  facet normal -0 0 1
    outer loop
      vertex 25.1005 -1.59684 3
      vertex 25.2512 -3.99211 3
      vertex 25.2998 -1.57166 3
    endloop
  endfacet
  facet normal -0 0 1
    outer loop
      vertex 24.8995 -1.59684 3
      vertex 25.2512 -3.99211 3
      vertex 25.1005 -1.59684 3
    endloop
  endfacet
  facet normal 0 0 1
    outer loop
      vertex 24.8995 -1.59684 3
      vertex 24.7488 -3.99211 3
      vertex 25.2512 -3.99211 3
    endloop
  endfacet
  facet normal 0 0 1
    outer loop
      vertex 24.7002 -1.57166 3
      vertex 24.7488 -3.99211 3
      vertex 24.8995 -1.59684 3
    endloop
  endfacet
  facet normal 0 0 1
    outer loop
      vertex 24.2505 -3.92915 3
      vertex 24.7002 -1.57166 3
      vertex 24.5056 -1.52169 3
    endloop
  endfacet
  facet normal 0 0 1
    outer loop
      vertex 23.7639 -3.80423 3
      vertex 24.5056 -1.52169 3
      vertex 24.3188 -1.44772 3
    endloop
  endfacet
  facet normal 0 0 1
    outer loop
      vertex 24.7002 -1.57166 3
      vertex 24.2505 -3.92915 3
      vertex 24.7488 -3.99211 3
    endloop
  endfacet
  facet normal 0 0 1
    outer loop
      vertex 23.2969 -3.61931 3
      vertex 24.3188 -1.44772 3
      vertex 24.1427 -1.35092 3
    endloop
  endfacet
  facet normal 0 0 1
    outer loop
      vertex 23.2969 -3.61931 3
      vertex 24.1427 -1.35092 3
      vertex 23.9801 -1.23282 3
    endloop
  endfacet
  facet normal 0 0 1
    outer loop
      vertex 23.2969 -3.61931 3
      vertex 23.9801 -1.23282 3
      vertex 23.8336 -1.09527 3
    endloop
  endfacet
  facet normal 0 0 1
    outer loop
      vertex 24.5056 -1.52169 3
      vertex 23.7639 -3.80423 3
      vertex 24.2505 -3.92915 3
    endloop
  endfacet
  facet normal 0 0 1
    outer loop
      vertex 23.2969 -3.61931 3
      vertex 23.8336 -1.09527 3
      vertex 23.7056 -0.940456 3
    endloop
  endfacet
  facet normal 0 0 1
    outer loop
      vertex 23.2969 -3.61931 3
      vertex 23.7056 -0.940456 3
      vertex 23.5979 -0.770805 3
    endloop
  endfacet
  facet normal 0 0 1
    outer loop
      vertex 23.2969 -3.61931 3
      vertex 23.5979 -0.770805 3
      vertex 23.5124 -0.588999 3
    endloop
  endfacet
  facet normal 0 0 1
    outer loop
      vertex 23.2969 -3.61931 3
      vertex 23.5124 -0.588999 3
      vertex 23.4503 -0.397903 3
    endloop
  endfacet
  facet normal 0 0 1
    outer loop
      vertex 23.2969 -3.61931 3
      vertex 23.4503 -0.397903 3
      vertex 23.4126 -0.200533 3
    endloop
  endfacet
  facet normal 0 0 1
    outer loop
      vertex 24.3188 -1.44772 3
      vertex 23.2969 -3.61931 3
      vertex 23.7639 -3.80423 3
    endloop
  endfacet
  facet normal 0 0 1
    outer loop
      vertex 23.2969 -3.61931 3
      vertex 23.4126 -0.200533 3
      vertex 23.4 0 3
    endloop
  endfacet
  facet normal 0.84433 -0.535824 0
    outer loop
      vertex 21.0566 2.16789 5
      vertex 21.3594 2.64503 3
      vertex 21.3594 2.64503 5
    endloop
  endfacet
  facet normal 0.84433 -0.535824 0
    outer loop
      vertex 21.3594 2.64503 3
      vertex 21.0566 2.16789 5
      vertex 21.0566 2.16789 3
    endloop
  endfacet
  facet normal 0.248676 -0.968587 0
    outer loop
      vertex 23.6094 4.27975 3
      vertex 24.1568 4.42029 5
      vertex 23.6094 4.27975 5
    endloop
  endfacet
  facet normal 0.248676 -0.968587 0
    outer loop
      vertex 24.1568 4.42029 5
      vertex 23.6094 4.27975 3
      vertex 24.1568 4.42029 3
    endloop
  endfacet
  facet normal 0.77053 -0.637404 0
    outer loop
      vertex 21.3594 2.64503 5
      vertex 21.7196 3.08046 3
      vertex 21.7196 3.08046 5
    endloop
  endfacet
  facet normal 0.77053 -0.637404 0
    outer loop
      vertex 21.7196 3.08046 3
      vertex 21.3594 2.64503 5
      vertex 21.3594 2.64503 3
    endloop
  endfacet
  facet normal -0.998025 -0.0628191 0
    outer loop
      vertex 29.5 0 3
      vertex 29.4645 0.563999 5
      vertex 29.4645 0.563999 3
    endloop
  endfacet
  facet normal -0.998025 -0.0628191 0
    outer loop
      vertex 29.4645 0.563999 5
      vertex 29.5 0 3
      vertex 29.5 0 5
    endloop
  endfacet
  facet normal -0.982284 -0.187396 0
    outer loop
      vertex 29.4645 0.563999 3
      vertex 29.3586 1.1191 5
      vertex 29.3586 1.1191 3
    endloop
  endfacet
  facet normal -0.982284 -0.187396 0
    outer loop
      vertex 29.3586 1.1191 5
      vertex 29.4645 0.563999 3
      vertex 29.4645 0.563999 5
    endloop
  endfacet
  facet normal -0.587768 -0.80903 0
    outer loop
      vertex 27.4112 3.79947 3
      vertex 27.8684 3.46731 5
      vertex 27.4112 3.79947 5
    endloop
  endfacet
  facet normal -0.587768 -0.80903 -0
    outer loop
      vertex 27.8684 3.46731 5
      vertex 27.4112 3.79947 3
      vertex 27.8684 3.46731 3
    endloop
  endfacet
  facet normal 0.12535 -0.992113 0
    outer loop
      vertex 24.1568 4.42029 3
      vertex 24.7174 4.49112 5
      vertex 24.1568 4.42029 5
    endloop
  endfacet
  facet normal 0.12535 -0.992113 0
    outer loop
      vertex 24.7174 4.49112 5
      vertex 24.1568 4.42029 3
      vertex 24.7174 4.49112 3
    endloop
  endfacet
  facet normal -0.12535 -0.992113 0
    outer loop
      vertex 25.2826 4.49112 3
      vertex 25.8432 4.42029 5
      vertex 25.2826 4.49112 5
    endloop
  endfacet
  facet normal -0.12535 -0.992113 -0
    outer loop
      vertex 25.8432 4.42029 5
      vertex 25.2826 4.49112 3
      vertex 25.8432 4.42029 3
    endloop
  endfacet
  facet normal -0.481769 -0.876298 0
    outer loop
      vertex 26.916 4.07172 3
      vertex 27.4112 3.79947 5
      vertex 26.916 4.07172 5
    endloop
  endfacet
  facet normal -0.481769 -0.876298 -0
    outer loop
      vertex 27.4112 3.79947 5
      vertex 26.916 4.07172 3
      vertex 27.4112 3.79947 3
    endloop
  endfacet
  facet normal 0.982284 -0.187396 0
    outer loop
      vertex 20.5355 0.563999 5
      vertex 20.6414 1.1191 3
      vertex 20.6414 1.1191 5
    endloop
  endfacet
  facet normal 0.982284 -0.187396 0
    outer loop
      vertex 20.6414 1.1191 3
      vertex 20.5355 0.563999 5
      vertex 20.5355 0.563999 3
    endloop
  endfacet
  facet normal 0.904836 -0.42576 0
    outer loop
      vertex 20.816 1.65656 5
      vertex 21.0566 2.16789 3
      vertex 21.0566 2.16789 5
    endloop
  endfacet
  facet normal 0.904836 -0.42576 0
    outer loop
      vertex 21.0566 2.16789 3
      vertex 20.816 1.65656 5
      vertex 20.816 1.65656 3
    endloop
  endfacet
  facet normal 0.368139 -0.929771 0
    outer loop
      vertex 23.084 4.07172 3
      vertex 23.6094 4.27975 5
      vertex 23.084 4.07172 5
    endloop
  endfacet
  facet normal 0.368139 -0.929771 0
    outer loop
      vertex 23.6094 4.27975 5
      vertex 23.084 4.07172 3
      vertex 23.6094 4.27975 3
    endloop
  endfacet
  facet normal 0.684506 -0.729007 0
    outer loop
      vertex 21.7196 3.08046 3
      vertex 22.1316 3.46731 5
      vertex 21.7196 3.08046 5
    endloop
  endfacet
  facet normal 0.684506 -0.729007 0
    outer loop
      vertex 22.1316 3.46731 5
      vertex 21.7196 3.08046 3
      vertex 22.1316 3.46731 3
    endloop
  endfacet
  facet normal 0.587768 -0.80903 0
    outer loop
      vertex 22.1316 3.46731 3
      vertex 22.5888 3.79947 5
      vertex 22.1316 3.46731 5
    endloop
  endfacet
  facet normal 0.587768 -0.80903 0
    outer loop
      vertex 22.5888 3.79947 5
      vertex 22.1316 3.46731 3
      vertex 22.5888 3.79947 3
    endloop
  endfacet
  facet normal -0.84433 -0.535824 0
    outer loop
      vertex 28.9434 2.16789 3
      vertex 28.6406 2.64503 5
      vertex 28.6406 2.64503 3
    endloop
  endfacet
  facet normal -0.84433 -0.535824 0
    outer loop
      vertex 28.6406 2.64503 5
      vertex 28.9434 2.16789 3
      vertex 28.9434 2.16789 5
    endloop
  endfacet
  facet normal -0.904836 -0.42576 0
    outer loop
      vertex 29.184 1.65656 3
      vertex 28.9434 2.16789 5
      vertex 28.9434 2.16789 3
    endloop
  endfacet
  facet normal -0.904836 -0.42576 0
    outer loop
      vertex 28.9434 2.16789 5
      vertex 29.184 1.65656 3
      vertex 29.184 1.65656 5
    endloop
  endfacet
  facet normal -0.684506 -0.729007 0
    outer loop
      vertex 27.8684 3.46731 3
      vertex 28.2804 3.08046 5
      vertex 27.8684 3.46731 5
    endloop
  endfacet
  facet normal -0.684506 -0.729007 -0
    outer loop
      vertex 28.2804 3.08046 5
      vertex 27.8684 3.46731 3
      vertex 28.2804 3.08046 3
    endloop
  endfacet
  facet normal 0 -1 0
    outer loop
      vertex 24.7174 4.49112 3
      vertex 25.2826 4.49112 5
      vertex 24.7174 4.49112 5
    endloop
  endfacet
  facet normal 0 -1 -0
    outer loop
      vertex 25.2826 4.49112 5
      vertex 24.7174 4.49112 3
      vertex 25.2826 4.49112 3
    endloop
  endfacet
  facet normal 0.998025 -0.0628191 0
    outer loop
      vertex 20.5 0 5
      vertex 20.5355 0.563999 3
      vertex 20.5355 0.563999 5
    endloop
  endfacet
  facet normal 0.998025 -0.0628191 0
    outer loop
      vertex 20.5355 0.563999 3
      vertex 20.5 0 5
      vertex 20.5 0 3
    endloop
  endfacet
  facet normal -0.951073 -0.308967 0
    outer loop
      vertex 29.3586 1.1191 3
      vertex 29.184 1.65656 5
      vertex 29.184 1.65656 3
    endloop
  endfacet
  facet normal -0.951073 -0.308967 0
    outer loop
      vertex 29.184 1.65656 5
      vertex 29.3586 1.1191 3
      vertex 29.3586 1.1191 5
    endloop
  endfacet
  facet normal -0 0 1
    outer loop
      vertex -0.100465 23.4032 3
      vertex 0 21.0079 3
      vertex 0.100465 23.4032 3
    endloop
  endfacet
  facet normal 0 0 1
    outer loop
      vertex -0.100465 23.4032 3
      vertex -0.251162 21.0079 3
      vertex 0 21.0079 3
    endloop
  endfacet
  facet normal 0 0 1
    outer loop
      vertex -0.299809 23.4283 3
      vertex -0.251162 21.0079 3
      vertex -0.100465 23.4032 3
    endloop
  endfacet
  facet normal 0 0 1
    outer loop
      vertex -0.749525 21.0709 3
      vertex -0.299809 23.4283 3
      vertex -0.494427 23.4783 3
    endloop
  endfacet
  facet normal 0 0 1
    outer loop
      vertex -1.23607 21.1958 3
      vertex -0.494427 23.4783 3
      vertex -0.681247 23.5523 3
    endloop
  endfacet
  facet normal 0 0 1
    outer loop
      vertex -0.299809 23.4283 3
      vertex -0.749525 21.0709 3
      vertex -0.251162 21.0079 3
    endloop
  endfacet
  facet normal 0 0 1
    outer loop
      vertex -1.70312 21.3807 3
      vertex -0.681247 23.5523 3
      vertex -0.857323 23.6491 3
    endloop
  endfacet
  facet normal 0 0 1
    outer loop
      vertex -2.14331 21.6227 3
      vertex -0.857323 23.6491 3
      vertex -1.01988 23.7672 3
    endloop
  endfacet
  facet normal 0 0 1
    outer loop
      vertex -2.5497 21.9179 3
      vertex -1.01988 23.7672 3
      vertex -1.16635 23.9047 3
    endloop
  endfacet
  facet normal 0 0 1
    outer loop
      vertex -0.494427 23.4783 3
      vertex -1.23607 21.1958 3
      vertex -0.749525 21.0709 3
    endloop
  endfacet
  facet normal 0 0 1
    outer loop
      vertex -2.91587 22.2618 3
      vertex -1.16635 23.9047 3
      vertex -1.29443 24.0595 3
    endloop
  endfacet
  facet normal 0 0 1
    outer loop
      vertex -3.23607 22.6489 3
      vertex -1.29443 24.0595 3
      vertex -1.40209 24.2292 3
    endloop
  endfacet
  facet normal 0 0 1
    outer loop
      vertex -3.50523 23.073 3
      vertex -1.40209 24.2292 3
      vertex -1.48764 24.411 3
    endloop
  endfacet
  facet normal 0 0 1
    outer loop
      vertex -3.71911 23.5275 3
      vertex -1.48764 24.411 3
      vertex -1.54973 24.6021 3
    endloop
  endfacet
  facet normal 0 0 1
    outer loop
      vertex -3.87433 24.0052 3
      vertex -1.54973 24.6021 3
      vertex -1.58738 24.7995 3
    endloop
  endfacet
  facet normal 0 0 1
    outer loop
      vertex -0.681247 23.5523 3
      vertex -1.70312 21.3807 3
      vertex -1.23607 21.1958 3
    endloop
  endfacet
  facet normal 0 0 1
    outer loop
      vertex -3.96846 24.4987 3
      vertex -1.58738 24.7995 3
      vertex -1.6 25 3
    endloop
  endfacet
  facet normal -0 0 1
    outer loop
      vertex -3.50523 26.927 3
      vertex -1.40209 25.7708 3
      vertex -3.23607 27.3511 3
    endloop
  endfacet
  facet normal 0 0 1
    outer loop
      vertex -1.40209 25.7708 3
      vertex -3.50523 26.927 3
      vertex -1.48764 25.589 3
    endloop
  endfacet
  facet normal 0 0 1
    outer loop
      vertex -0.857323 23.6491 3
      vertex -2.14331 21.6227 3
      vertex -1.70312 21.3807 3
    endloop
  endfacet
  facet normal -0 0 1
    outer loop
      vertex -3.71911 26.4725 3
      vertex -1.48764 25.589 3
      vertex -3.50523 26.927 3
    endloop
  endfacet
  facet normal 0 0 1
    outer loop
      vertex -1.01988 23.7672 3
      vertex -2.5497 21.9179 3
      vertex -2.14331 21.6227 3
    endloop
  endfacet
  facet normal 0 0 1
    outer loop
      vertex -1.48764 25.589 3
      vertex -3.71911 26.4725 3
      vertex -1.54973 25.3979 3
    endloop
  endfacet
  facet normal 0 0 1
    outer loop
      vertex -1.16635 23.9047 3
      vertex -2.91587 22.2618 3
      vertex -2.5497 21.9179 3
    endloop
  endfacet
  facet normal -0 0 1
    outer loop
      vertex -3.87433 25.9948 3
      vertex -1.54973 25.3979 3
      vertex -3.71911 26.4725 3
    endloop
  endfacet
  facet normal 0 0 1
    outer loop
      vertex -1.29443 24.0595 3
      vertex -3.23607 22.6489 3
      vertex -2.91587 22.2618 3
    endloop
  endfacet
  facet normal 0 0 1
    outer loop
      vertex -1.54973 25.3979 3
      vertex -3.87433 25.9948 3
      vertex -1.58738 25.2005 3
    endloop
  endfacet
  facet normal 0 0 1
    outer loop
      vertex -1.40209 24.2292 3
      vertex -3.50523 23.073 3
      vertex -3.23607 22.6489 3
    endloop
  endfacet
  facet normal -0 0 1
    outer loop
      vertex -3.96846 25.5013 3
      vertex -1.58738 25.2005 3
      vertex -3.87433 25.9948 3
    endloop
  endfacet
  facet normal 0 0 1
    outer loop
      vertex -1.48764 24.411 3
      vertex -3.71911 23.5275 3
      vertex -3.50523 23.073 3
    endloop
  endfacet
  facet normal 0 0 1
    outer loop
      vertex -1.58738 25.2005 3
      vertex -3.96846 25.5013 3
      vertex -1.6 25 3
    endloop
  endfacet
  facet normal 0 0 1
    outer loop
      vertex -1.54973 24.6021 3
      vertex -3.87433 24.0052 3
      vertex -3.71911 23.5275 3
    endloop
  endfacet
  facet normal 0 0 1
    outer loop
      vertex -4 25 3
      vertex -1.6 25 3
      vertex -3.96846 25.5013 3
    endloop
  endfacet
  facet normal 0 0 1
    outer loop
      vertex -1.58738 24.7995 3
      vertex -3.96846 24.4987 3
      vertex -3.87433 24.0052 3
    endloop
  endfacet
  facet normal 0 0 1
    outer loop
      vertex -1.6 25 3
      vertex -4 25 3
      vertex -3.96846 24.4987 3
    endloop
  endfacet
  facet normal 0 0 1
    outer loop
      vertex 1.6 25 3
      vertex 4.5 25 3
      vertex 4.46452 25.564 3
    endloop
  endfacet
  facet normal 0 0 1
    outer loop
      vertex 1.58738 25.2005 3
      vertex 4.46452 25.564 3
      vertex 4.35862 26.1191 3
    endloop
  endfacet
  facet normal 0 0 1
    outer loop
      vertex 4.5 25 3
      vertex 1.6 25 3
      vertex 4.46452 24.436 3
    endloop
  endfacet
  facet normal 0 0 1
    outer loop
      vertex 1.54973 25.3979 3
      vertex 4.35862 26.1191 3
      vertex 4.18399 26.6566 3
    endloop
  endfacet
  facet normal -0 0 1
    outer loop
      vertex 1.58738 24.7995 3
      vertex 4.46452 24.436 3
      vertex 1.6 25 3
    endloop
  endfacet
  facet normal 0 0 1
    outer loop
      vertex 1.48764 25.589 3
      vertex 4.18399 26.6566 3
      vertex 3.94338 27.1679 3
    endloop
  endfacet
  facet normal 0 0 1
    outer loop
      vertex 4.46452 24.436 3
      vertex 1.58738 24.7995 3
      vertex 4.35862 23.8809 3
    endloop
  endfacet
  facet normal 0 0 1
    outer loop
      vertex 1.40209 25.7708 3
      vertex 3.94338 27.1679 3
      vertex 3.64058 27.645 3
    endloop
  endfacet
  facet normal -0 0 1
    outer loop
      vertex 1.54973 24.6021 3
      vertex 4.35862 23.8809 3
      vertex 1.58738 24.7995 3
    endloop
  endfacet
  facet normal 0 0 1
    outer loop
      vertex 1.29443 25.9405 3
      vertex 3.64058 27.645 3
      vertex 3.28036 28.0805 3
    endloop
  endfacet
  facet normal 0 0 1
    outer loop
      vertex 4.35862 23.8809 3
      vertex 1.54973 24.6021 3
      vertex 4.18399 23.3434 3
    endloop
  endfacet
  facet normal 0 0 1
    outer loop
      vertex 1.16635 26.0953 3
      vertex 3.28036 28.0805 3
      vertex 2.86841 28.4673 3
    endloop
  endfacet
  facet normal -0 0 1
    outer loop
      vertex 1.48764 24.411 3
      vertex 4.18399 23.3434 3
      vertex 1.54973 24.6021 3
    endloop
  endfacet
  facet normal 0 0 1
    outer loop
      vertex 1.01988 26.2328 3
      vertex 2.86841 28.4673 3
      vertex 2.41122 28.7995 3
    endloop
  endfacet
  facet normal 0 0 1
    outer loop
      vertex 4.18399 23.3434 3
      vertex 1.48764 24.411 3
      vertex 3.94338 22.8321 3
    endloop
  endfacet
  facet normal 0 0 1
    outer loop
      vertex 0.857323 26.3509 3
      vertex 2.41122 28.7995 3
      vertex 1.91601 29.0717 3
    endloop
  endfacet
  facet normal -0 0 1
    outer loop
      vertex 1.40209 24.2292 3
      vertex 3.94338 22.8321 3
      vertex 1.48764 24.411 3
    endloop
  endfacet
  facet normal 0 0 1
    outer loop
      vertex 3.94338 22.8321 3
      vertex 1.40209 24.2292 3
      vertex 3.64058 22.355 3
    endloop
  endfacet
  facet normal 0 0 1
    outer loop
      vertex 4.46452 25.564 3
      vertex 1.58738 25.2005 3
      vertex 1.6 25 3
    endloop
  endfacet
  facet normal 0 0 1
    outer loop
      vertex 4.35862 26.1191 3
      vertex 1.54973 25.3979 3
      vertex 1.58738 25.2005 3
    endloop
  endfacet
  facet normal 0 0 1
    outer loop
      vertex 4.18399 26.6566 3
      vertex 1.48764 25.589 3
      vertex 1.54973 25.3979 3
    endloop
  endfacet
  facet normal 0 0 1
    outer loop
      vertex 3.94338 27.1679 3
      vertex 1.40209 25.7708 3
      vertex 1.48764 25.589 3
    endloop
  endfacet
  facet normal 0 0 1
    outer loop
      vertex 0.681247 26.4477 3
      vertex 1.91601 29.0717 3
      vertex 1.39058 29.2798 3
    endloop
  endfacet
  facet normal 0 0 1
    outer loop
      vertex 3.64058 27.645 3
      vertex 1.29443 25.9405 3
      vertex 1.40209 25.7708 3
    endloop
  endfacet
  facet normal 0 0 1
    outer loop
      vertex 3.28036 28.0805 3
      vertex 1.16635 26.0953 3
      vertex 1.29443 25.9405 3
    endloop
  endfacet
  facet normal 0 0 1
    outer loop
      vertex 2.86841 28.4673 3
      vertex 1.01988 26.2328 3
      vertex 1.16635 26.0953 3
    endloop
  endfacet
  facet normal 0 0 1
    outer loop
      vertex 2.41122 28.7995 3
      vertex 0.857323 26.3509 3
      vertex 1.01988 26.2328 3
    endloop
  endfacet
  facet normal 0 0 1
    outer loop
      vertex 0 28.9921 3
      vertex 1.39058 29.2798 3
      vertex 0.843215 29.4203 3
    endloop
  endfacet
  facet normal 0 0 1
    outer loop
      vertex 1.91601 29.0717 3
      vertex 0.681247 26.4477 3
      vertex 0.857323 26.3509 3
    endloop
  endfacet
  facet normal 0 0 1
    outer loop
      vertex 1.39058 29.2798 3
      vertex 0.494427 26.5217 3
      vertex 0.681247 26.4477 3
    endloop
  endfacet
  facet normal 0 0 1
    outer loop
      vertex 1.39058 29.2798 3
      vertex 0 28.9921 3
      vertex 0.494427 26.5217 3
    endloop
  endfacet
  facet normal 0 0 1
    outer loop
      vertex 0 28.9921 3
      vertex 0.843215 29.4203 3
      vertex 0.282557 29.4911 3
    endloop
  endfacet
  facet normal 0 0 1
    outer loop
      vertex 0.494427 26.5217 3
      vertex 0 28.9921 3
      vertex 0.299809 26.5717 3
    endloop
  endfacet
  facet normal 0 0 1
    outer loop
      vertex 0 28.9921 3
      vertex 0.282557 29.4911 3
      vertex 0 29.4911 3
    endloop
  endfacet
  facet normal 0 0 1
    outer loop
      vertex 0.299809 26.5717 3
      vertex 0 28.9921 3
      vertex 0.100465 26.5968 3
    endloop
  endfacet
  facet normal 0 0 1
    outer loop
      vertex 0 28.9921 3
      vertex -0.100465 26.5968 3
      vertex 0.100465 26.5968 3
    endloop
  endfacet
  facet normal -0 0 1
    outer loop
      vertex -0.251162 28.9921 3
      vertex -0.100465 26.5968 3
      vertex 0 28.9921 3
    endloop
  endfacet
  facet normal 0 0 1
    outer loop
      vertex -0.251162 28.9921 3
      vertex -0.299809 26.5717 3
      vertex -0.100465 26.5968 3
    endloop
  endfacet
  facet normal -0 0 1
    outer loop
      vertex -0.749525 28.9291 3
      vertex -0.299809 26.5717 3
      vertex -0.251162 28.9921 3
    endloop
  endfacet
  facet normal 0 0 1
    outer loop
      vertex -0.299809 26.5717 3
      vertex -0.749525 28.9291 3
      vertex -0.494427 26.5217 3
    endloop
  endfacet
  facet normal -0 0 1
    outer loop
      vertex -1.23607 28.8042 3
      vertex -0.494427 26.5217 3
      vertex -0.749525 28.9291 3
    endloop
  endfacet
  facet normal 0 0 1
    outer loop
      vertex -0.494427 26.5217 3
      vertex -1.23607 28.8042 3
      vertex -0.681247 26.4477 3
    endloop
  endfacet
  facet normal -0 0 1
    outer loop
      vertex -1.70312 28.6193 3
      vertex -0.681247 26.4477 3
      vertex -1.23607 28.8042 3
    endloop
  endfacet
  facet normal 0 0 1
    outer loop
      vertex -0.681247 26.4477 3
      vertex -1.70312 28.6193 3
      vertex -0.857323 26.3509 3
    endloop
  endfacet
  facet normal -0 0 1
    outer loop
      vertex -2.14331 28.3773 3
      vertex -0.857323 26.3509 3
      vertex -1.70312 28.6193 3
    endloop
  endfacet
  facet normal 0 0 1
    outer loop
      vertex -0.857323 26.3509 3
      vertex -2.14331 28.3773 3
      vertex -1.01988 26.2328 3
    endloop
  endfacet
  facet normal -0 0 1
    outer loop
      vertex -2.5497 28.0821 3
      vertex -1.01988 26.2328 3
      vertex -2.14331 28.3773 3
    endloop
  endfacet
  facet normal 0 0 1
    outer loop
      vertex -1.01988 26.2328 3
      vertex -2.5497 28.0821 3
      vertex -1.16635 26.0953 3
    endloop
  endfacet
  facet normal -0 0 1
    outer loop
      vertex -2.91587 27.7382 3
      vertex -1.16635 26.0953 3
      vertex -2.5497 28.0821 3
    endloop
  endfacet
  facet normal 0 0 1
    outer loop
      vertex -1.16635 26.0953 3
      vertex -2.91587 27.7382 3
      vertex -1.29443 25.9405 3
    endloop
  endfacet
  facet normal 0 0 1
    outer loop
      vertex -1.29443 25.9405 3
      vertex -3.23607 27.3511 3
      vertex -1.40209 25.7708 3
    endloop
  endfacet
  facet normal -0 0 1
    outer loop
      vertex -3.23607 27.3511 3
      vertex -1.29443 25.9405 3
      vertex -2.91587 27.7382 3
    endloop
  endfacet
  facet normal -0 0 1
    outer loop
      vertex 1.29443 24.0595 3
      vertex 3.64058 22.355 3
      vertex 1.40209 24.2292 3
    endloop
  endfacet
  facet normal 0 0 1
    outer loop
      vertex 3.64058 22.355 3
      vertex 1.29443 24.0595 3
      vertex 3.28036 21.9195 3
    endloop
  endfacet
  facet normal -0 0 1
    outer loop
      vertex 1.16635 23.9047 3
      vertex 3.28036 21.9195 3
      vertex 1.29443 24.0595 3
    endloop
  endfacet
  facet normal 0 0 1
    outer loop
      vertex 3.28036 21.9195 3
      vertex 1.16635 23.9047 3
      vertex 2.86841 21.5327 3
    endloop
  endfacet
  facet normal -0 0 1
    outer loop
      vertex 1.01988 23.7672 3
      vertex 2.86841 21.5327 3
      vertex 1.16635 23.9047 3
    endloop
  endfacet
  facet normal 0 0 1
    outer loop
      vertex 2.86841 21.5327 3
      vertex 1.01988 23.7672 3
      vertex 2.41122 21.2005 3
    endloop
  endfacet
  facet normal -0 0 1
    outer loop
      vertex 0.857323 23.6491 3
      vertex 2.41122 21.2005 3
      vertex 1.01988 23.7672 3
    endloop
  endfacet
  facet normal 0 0 1
    outer loop
      vertex 2.41122 21.2005 3
      vertex 0.857323 23.6491 3
      vertex 1.91601 20.9283 3
    endloop
  endfacet
  facet normal -0 0 1
    outer loop
      vertex 0.681247 23.5523 3
      vertex 1.91601 20.9283 3
      vertex 0.857323 23.6491 3
    endloop
  endfacet
  facet normal 0 0 1
    outer loop
      vertex 1.91601 20.9283 3
      vertex 0.681247 23.5523 3
      vertex 1.39058 20.7202 3
    endloop
  endfacet
  facet normal -0 0 1
    outer loop
      vertex 0.494427 23.4783 3
      vertex 1.39058 20.7202 3
      vertex 0.681247 23.5523 3
    endloop
  endfacet
  facet normal -0 0 1
    outer loop
      vertex 0 21.0079 3
      vertex 1.39058 20.7202 3
      vertex 0.494427 23.4783 3
    endloop
  endfacet
  facet normal 0 0 1
    outer loop
      vertex 0 21.0079 3
      vertex 0.494427 23.4783 3
      vertex 0.299809 23.4283 3
    endloop
  endfacet
  facet normal 0 0 1
    outer loop
      vertex 1.39058 20.7202 3
      vertex 0 21.0079 3
      vertex 0.843215 20.5797 3
    endloop
  endfacet
  facet normal 0 0 1
    outer loop
      vertex 0 21.0079 3
      vertex 0.299809 23.4283 3
      vertex 0.100465 23.4032 3
    endloop
  endfacet
  facet normal 0 0 1
    outer loop
      vertex 0.843215 20.5797 3
      vertex 0 21.0079 3
      vertex 0.282557 20.5089 3
    endloop
  endfacet
  facet normal 0 0 1
    outer loop
      vertex 0.282557 20.5089 3
      vertex 0 21.0079 3
      vertex 0 20.5089 3
    endloop
  endfacet
  facet normal -0.770563 -0.637364 0
    outer loop
      vertex 3.64058 27.645 3
      vertex 3.28036 28.0805 5
      vertex 3.28036 28.0805 3
    endloop
  endfacet
  facet normal -0.770563 -0.637364 0
    outer loop
      vertex 3.28036 28.0805 5
      vertex 3.64058 27.645 3
      vertex 3.64058 27.645 5
    endloop
  endfacet
  facet normal -0.248624 -0.9686 0
    outer loop
      vertex 0.843215 29.4203 3
      vertex 1.39058 29.2798 5
      vertex 0.843215 29.4203 5
    endloop
  endfacet
  facet normal -0.248624 -0.9686 -0
    outer loop
      vertex 1.39058 29.2798 5
      vertex 0.843215 29.4203 3
      vertex 1.39058 29.2798 3
    endloop
  endfacet
  facet normal -0.982284 0.187397 0
    outer loop
      vertex 4.35862 23.8809 3
      vertex 4.46452 24.436 5
      vertex 4.46452 24.436 3
    endloop
  endfacet
  facet normal -0.982284 0.187397 0
    outer loop
      vertex 4.46452 24.436 5
      vertex 4.35862 23.8809 3
      vertex 4.35862 23.8809 5
    endloop
  endfacet
  facet normal -0.368228 -0.929736 0
    outer loop
      vertex 1.39058 29.2798 3
      vertex 1.91601 29.0717 5
      vertex 1.39058 29.2798 5
    endloop
  endfacet
  facet normal -0.368228 -0.929736 -0
    outer loop
      vertex 1.91601 29.0717 5
      vertex 1.39058 29.2798 3
      vertex 1.91601 29.0717 3
    endloop
  endfacet
  facet normal -0.998027 -0.0627837 0
    outer loop
      vertex 4.5 25 3
      vertex 4.46452 25.564 5
      vertex 4.46452 25.564 3
    endloop
  endfacet
  facet normal -0.998027 -0.0627837 0
    outer loop
      vertex 4.46452 25.564 5
      vertex 4.5 25 3
      vertex 4.5 25 5
    endloop
  endfacet
  facet normal -0.951064 0.308994 0
    outer loop
      vertex 4.18399 23.3434 3
      vertex 4.35862 23.8809 5
      vertex 4.35862 23.8809 3
    endloop
  endfacet
  facet normal -0.951064 0.308994 0
    outer loop
      vertex 4.35862 23.8809 5
      vertex 4.18399 23.3434 3
      vertex 4.18399 23.3434 5
    endloop
  endfacet
  facet normal -0.587822 0.80899 0
    outer loop
      vertex 2.86841 21.5327 3
      vertex 2.41122 21.2005 5
      vertex 2.86841 21.5327 5
    endloop
  endfacet
  facet normal -0.587822 0.80899 0
    outer loop
      vertex 2.41122 21.2005 5
      vertex 2.86841 21.5327 3
      vertex 2.41122 21.2005 3
    endloop
  endfacet
  facet normal -0.982284 -0.187397 0
    outer loop
      vertex 4.46452 25.564 3
      vertex 4.35862 26.1191 5
      vertex 4.35862 26.1191 3
    endloop
  endfacet
  facet normal -0.982284 -0.187397 0
    outer loop
      vertex 4.35862 26.1191 5
      vertex 4.46452 25.564 3
      vertex 4.46452 25.564 5
    endloop
  endfacet
  facet normal -0.587822 -0.80899 0
    outer loop
      vertex 2.41122 28.7995 3
      vertex 2.86841 28.4673 5
      vertex 2.41122 28.7995 5
    endloop
  endfacet
  facet normal -0.587822 -0.80899 -0
    outer loop
      vertex 2.86841 28.4673 5
      vertex 2.41122 28.7995 3
      vertex 2.86841 28.4673 3
    endloop
  endfacet
  facet normal -0.125285 -0.992121 0
    outer loop
      vertex 0.282557 29.4911 3
      vertex 0.843215 29.4203 5
      vertex 0.282557 29.4911 5
    endloop
  endfacet
  facet normal -0.125285 -0.992121 -0
    outer loop
      vertex 0.843215 29.4203 5
      vertex 0.282557 29.4911 3
      vertex 0.843215 29.4203 3
    endloop
  endfacet
  facet normal -0.481694 -0.87634 0
    outer loop
      vertex 1.91601 29.0717 3
      vertex 2.41122 28.7995 5
      vertex 1.91601 29.0717 5
    endloop
  endfacet
  facet normal -0.481694 -0.87634 -0
    outer loop
      vertex 2.41122 28.7995 5
      vertex 1.91601 29.0717 3
      vertex 2.41122 28.7995 3
    endloop
  endfacet
  facet normal -0.998027 0.0627837 0
    outer loop
      vertex 4.46452 24.436 3
      vertex 4.5 25 5
      vertex 4.5 25 3
    endloop
  endfacet
  facet normal -0.998027 0.0627837 0
    outer loop
      vertex 4.5 25 5
      vertex 4.46452 24.436 3
      vertex 4.46452 24.436 5
    endloop
  endfacet
  facet normal -0.844309 0.535856 0
    outer loop
      vertex 3.64058 22.355 3
      vertex 3.94338 22.8321 5
      vertex 3.94338 22.8321 3
    endloop
  endfacet
  facet normal -0.844309 0.535856 0
    outer loop
      vertex 3.94338 22.8321 5
      vertex 3.64058 22.355 3
      vertex 3.64058 22.355 5
    endloop
  endfacet
  facet normal -0.125285 0.992121 0
    outer loop
      vertex 0.843215 20.5797 3
      vertex 0.282557 20.5089 5
      vertex 0.843215 20.5797 5
    endloop
  endfacet
  facet normal -0.125285 0.992121 0
    outer loop
      vertex 0.282557 20.5089 5
      vertex 0.843215 20.5797 3
      vertex 0.282557 20.5089 3
    endloop
  endfacet
  facet normal -0.248624 0.9686 0
    outer loop
      vertex 1.39058 20.7202 3
      vertex 0.843215 20.5797 5
      vertex 1.39058 20.7202 5
    endloop
  endfacet
  facet normal -0.248624 0.9686 0
    outer loop
      vertex 0.843215 20.5797 5
      vertex 1.39058 20.7202 3
      vertex 0.843215 20.5797 3
    endloop
  endfacet
  facet normal -0.844309 -0.535856 0
    outer loop
      vertex 3.94338 27.1679 3
      vertex 3.64058 27.645 5
      vertex 3.64058 27.645 3
    endloop
  endfacet
  facet normal -0.844309 -0.535856 0
    outer loop
      vertex 3.64058 27.645 5
      vertex 3.94338 27.1679 3
      vertex 3.94338 27.1679 5
    endloop
  endfacet
  facet normal -0.90482 -0.425794 0
    outer loop
      vertex 4.18399 26.6566 3
      vertex 3.94338 27.1679 5
      vertex 3.94338 27.1679 3
    endloop
  endfacet
  facet normal -0.90482 -0.425794 0
    outer loop
      vertex 3.94338 27.1679 5
      vertex 4.18399 26.6566 3
      vertex 4.18399 26.6566 5
    endloop
  endfacet
  facet normal -0.951064 -0.308994 0
    outer loop
      vertex 4.35862 26.1191 3
      vertex 4.18399 26.6566 5
      vertex 4.18399 26.6566 3
    endloop
  endfacet
  facet normal -0.951064 -0.308994 0
    outer loop
      vertex 4.18399 26.6566 5
      vertex 4.35862 26.1191 3
      vertex 4.35862 26.1191 5
    endloop
  endfacet
  facet normal -0.684503 -0.72901 0
    outer loop
      vertex 2.86841 28.4673 3
      vertex 3.28036 28.0805 5
      vertex 2.86841 28.4673 5
    endloop
  endfacet
  facet normal -0.684503 -0.72901 -0
    outer loop
      vertex 3.28036 28.0805 5
      vertex 2.86841 28.4673 3
      vertex 3.28036 28.0805 3
    endloop
  endfacet
  facet normal 0 -1 0
    outer loop
      vertex 0 29.4911 3
      vertex 0.282557 29.4911 5
      vertex 0 29.4911 5
    endloop
  endfacet
  facet normal 0 -1 -0
    outer loop
      vertex 0.282557 29.4911 5
      vertex 0 29.4911 3
      vertex 0.282557 29.4911 3
    endloop
  endfacet
  facet normal -0.90482 0.425794 0
    outer loop
      vertex 3.94338 22.8321 3
      vertex 4.18399 23.3434 5
      vertex 4.18399 23.3434 3
    endloop
  endfacet
  facet normal -0.90482 0.425794 0
    outer loop
      vertex 4.18399 23.3434 5
      vertex 3.94338 22.8321 3
      vertex 3.94338 22.8321 5
    endloop
  endfacet
  facet normal -0.481694 0.87634 0
    outer loop
      vertex 2.41122 21.2005 3
      vertex 1.91601 20.9283 5
      vertex 2.41122 21.2005 5
    endloop
  endfacet
  facet normal -0.481694 0.87634 0
    outer loop
      vertex 1.91601 20.9283 5
      vertex 2.41122 21.2005 3
      vertex 1.91601 20.9283 3
    endloop
  endfacet
  facet normal -0.368228 0.929736 0
    outer loop
      vertex 1.91601 20.9283 3
      vertex 1.39058 20.7202 5
      vertex 1.91601 20.9283 5
    endloop
  endfacet
  facet normal -0.368228 0.929736 0
    outer loop
      vertex 1.39058 20.7202 5
      vertex 1.91601 20.9283 3
      vertex 1.39058 20.7202 3
    endloop
  endfacet
  facet normal -0.770563 0.637364 0
    outer loop
      vertex 3.28036 21.9195 3
      vertex 3.64058 22.355 5
      vertex 3.64058 22.355 3
    endloop
  endfacet
  facet normal -0.770563 0.637364 0
    outer loop
      vertex 3.64058 22.355 5
      vertex 3.28036 21.9195 3
      vertex 3.28036 21.9195 5
    endloop
  endfacet
  facet normal 0 1 -0
    outer loop
      vertex 0.282557 20.5089 3
      vertex 0 20.5089 5
      vertex 0.282557 20.5089 5
    endloop
  endfacet
  facet normal 0 1 0
    outer loop
      vertex 0 20.5089 5
      vertex 0.282557 20.5089 3
      vertex 0 20.5089 3
    endloop
  endfacet
  facet normal -0.684503 0.72901 0
    outer loop
      vertex 3.28036 21.9195 3
      vertex 2.86841 21.5327 5
      vertex 3.28036 21.9195 5
    endloop
  endfacet
  facet normal -0.684503 0.72901 0
    outer loop
      vertex 2.86841 21.5327 5
      vertex 3.28036 21.9195 3
      vertex 2.86841 21.5327 3
    endloop
  endfacet
  facet normal 1 -0 0
    outer loop
      vertex 17 19 5
      vertex 17 31 0
      vertex 17 31 5
    endloop
  endfacet
  facet normal 1 0 0
    outer loop
      vertex 17 31 0
      vertex 17 19 5
      vertex 17 19 0
    endloop
  endfacet
  facet normal 0 1 -0
    outer loop
      vertex 31.1256 17.0039 0
      vertex 18.8744 17.0039 5
      vertex 31.1256 17.0039 5
    endloop
  endfacet
  facet normal 0 1 0
    outer loop
      vertex 18.8744 17.0039 5
      vertex 31.1256 17.0039 0
      vertex 18.8744 17.0039 0
    endloop
  endfacet
  facet normal 0.982332 -0.187149 0
    outer loop
      vertex 17.0158 31.2507 5
      vertex 17.0628 31.4974 0
      vertex 17.0628 31.4974 5
    endloop
  endfacet
  facet normal 0.982332 -0.187149 0
    outer loop
      vertex 17.0628 31.4974 0
      vertex 17.0158 31.2507 5
      vertex 17.0158 31.2507 0
    endloop
  endfacet
  facet normal 0.99802 -0.0628987 0
    outer loop
      vertex 17 31 5
      vertex 17.0158 31.2507 0
      vertex 17.0158 31.2507 5
    endloop
  endfacet
  facet normal 0.99802 -0.0628987 0
    outer loop
      vertex 17.0158 31.2507 0
      vertex 17 31 5
      vertex 17 31 0
    endloop
  endfacet
  facet normal 0 -1 0
    outer loop
      vertex 18.8744 32.9961 0
      vertex 31.1256 32.9961 5
      vertex 18.8744 32.9961 5
    endloop
  endfacet
  facet normal 0 -1 -0
    outer loop
      vertex 31.1256 32.9961 5
      vertex 18.8744 32.9961 0
      vertex 31.1256 32.9961 0
    endloop
  endfacet
  facet normal 0.951046 -0.30905 0
    outer loop
      vertex 17.0628 31.4974 5
      vertex 17.1404 31.7362 0
      vertex 17.1404 31.7362 5
    endloop
  endfacet
  facet normal 0.951046 -0.30905 0
    outer loop
      vertex 17.1404 31.7362 0
      vertex 17.0628 31.4974 5
      vertex 17.0628 31.4974 0
    endloop
  endfacet
  facet normal 0.904765 -0.425912 0
    outer loop
      vertex 17.1404 31.7362 5
      vertex 17.2474 31.9635 0
      vertex 17.2474 31.9635 5
    endloop
  endfacet
  facet normal 0.904765 -0.425912 0
    outer loop
      vertex 17.2474 31.9635 0
      vertex 17.1404 31.7362 5
      vertex 17.1404 31.7362 0
    endloop
  endfacet
  facet normal 0.844333 -0.535819 0
    outer loop
      vertex 17.2474 31.9635 5
      vertex 17.382 32.1756 0
      vertex 17.382 32.1756 5
    endloop
  endfacet
  facet normal 0.844333 -0.535819 0
    outer loop
      vertex 17.382 32.1756 0
      vertex 17.2474 31.9635 5
      vertex 17.2474 31.9635 0
    endloop
  endfacet
  facet normal -0.982332 -0.187149 0
    outer loop
      vertex 32.9842 31.2507 0
      vertex 32.9372 31.4974 5
      vertex 32.9372 31.4974 0
    endloop
  endfacet
  facet normal -0.982332 -0.187149 0
    outer loop
      vertex 32.9372 31.4974 5
      vertex 32.9842 31.2507 0
      vertex 32.9842 31.2507 5
    endloop
  endfacet
  facet normal -1 0 0
    outer loop
      vertex 33 19 0
      vertex 33 31 5
      vertex 33 31 0
    endloop
  endfacet
  facet normal -1 -0 0
    outer loop
      vertex 33 31 5
      vertex 33 19 0
      vertex 33 19 5
    endloop
  endfacet
  facet normal -0.982332 0.187149 0
    outer loop
      vertex 32.9372 18.5026 0
      vertex 32.9842 18.7493 5
      vertex 32.9842 18.7493 0
    endloop
  endfacet
  facet normal -0.982332 0.187149 0
    outer loop
      vertex 32.9842 18.7493 5
      vertex 32.9372 18.5026 0
      vertex 32.9372 18.5026 5
    endloop
  endfacet
  facet normal -0.99802 -0.0628987 0
    outer loop
      vertex 33 31 0
      vertex 32.9842 31.2507 5
      vertex 32.9842 31.2507 0
    endloop
  endfacet
  facet normal -0.99802 -0.0628987 0
    outer loop
      vertex 32.9842 31.2507 5
      vertex 33 31 0
      vertex 33 31 5
    endloop
  endfacet
  facet normal 0.125407 0.992105 -0
    outer loop
      vertex 18.8744 17.0039 0
      vertex 18.6252 17.0354 5
      vertex 18.8744 17.0039 5
    endloop
  endfacet
  facet normal 0.125407 0.992105 0
    outer loop
      vertex 18.6252 17.0354 5
      vertex 18.8744 17.0039 0
      vertex 18.6252 17.0354 0
    endloop
  endfacet
  facet normal 0.904765 0.425912 0
    outer loop
      vertex 17.2474 18.0365 5
      vertex 17.1404 18.2638 0
      vertex 17.1404 18.2638 5
    endloop
  endfacet
  facet normal 0.904765 0.425912 0
    outer loop
      vertex 17.1404 18.2638 0
      vertex 17.2474 18.0365 5
      vertex 17.2474 18.0365 0
    endloop
  endfacet
  facet normal 0.770468 0.637478 0
    outer loop
      vertex 17.5421 17.6309 5
      vertex 17.382 17.8244 0
      vertex 17.382 17.8244 5
    endloop
  endfacet
  facet normal 0.770468 0.637478 0
    outer loop
      vertex 17.382 17.8244 0
      vertex 17.5421 17.6309 5
      vertex 17.5421 17.6309 0
    endloop
  endfacet
  facet normal 0.99802 0.0628987 0
    outer loop
      vertex 17.0158 18.7493 5
      vertex 17 19 0
      vertex 17 19 5
    endloop
  endfacet
  facet normal 0.99802 0.0628987 0
    outer loop
      vertex 17 19 0
      vertex 17.0158 18.7493 5
      vertex 17.0158 18.7493 0
    endloop
  endfacet
  facet normal 0.684458 -0.729053 0
    outer loop
      vertex 17.5421 32.3691 0
      vertex 17.7252 32.541 5
      vertex 17.5421 32.3691 5
    endloop
  endfacet
  facet normal 0.684458 -0.729053 0
    outer loop
      vertex 17.7252 32.541 5
      vertex 17.5421 32.3691 0
      vertex 17.7252 32.541 0
    endloop
  endfacet
  facet normal 0.367819 -0.929897 0
    outer loop
      vertex 18.1484 32.8097 0
      vertex 18.382 32.9021 5
      vertex 18.1484 32.8097 5
    endloop
  endfacet
  facet normal 0.367819 -0.929897 0
    outer loop
      vertex 18.382 32.9021 5
      vertex 18.1484 32.8097 0
      vertex 18.382 32.9021 0
    endloop
  endfacet
  facet normal 0.481751 -0.876308 0
    outer loop
      vertex 17.9283 32.6887 0
      vertex 18.1484 32.8097 5
      vertex 17.9283 32.6887 5
    endloop
  endfacet
  facet normal 0.481751 -0.876308 0
    outer loop
      vertex 18.1484 32.8097 5
      vertex 17.9283 32.6887 0
      vertex 18.1484 32.8097 0
    endloop
  endfacet
  facet normal 0.248902 -0.968529 0
    outer loop
      vertex 18.382 32.9021 0
      vertex 18.6252 32.9646 5
      vertex 18.382 32.9021 5
    endloop
  endfacet
  facet normal 0.248902 -0.968529 0
    outer loop
      vertex 18.6252 32.9646 5
      vertex 18.382 32.9021 0
      vertex 18.6252 32.9646 0
    endloop
  endfacet
  facet normal -0.904765 -0.425912 0
    outer loop
      vertex 32.8596 31.7362 0
      vertex 32.7526 31.9635 5
      vertex 32.7526 31.9635 0
    endloop
  endfacet
  facet normal -0.904765 -0.425912 0
    outer loop
      vertex 32.7526 31.9635 5
      vertex 32.8596 31.7362 0
      vertex 32.8596 31.7362 5
    endloop
  endfacet
  facet normal -0.367819 -0.929897 0
    outer loop
      vertex 31.618 32.9021 0
      vertex 31.8516 32.8097 5
      vertex 31.618 32.9021 5
    endloop
  endfacet
  facet normal -0.367819 -0.929897 -0
    outer loop
      vertex 31.8516 32.8097 5
      vertex 31.618 32.9021 0
      vertex 31.8516 32.8097 0
    endloop
  endfacet
  facet normal -0.481751 -0.876308 0
    outer loop
      vertex 31.8516 32.8097 0
      vertex 32.0717 32.6887 5
      vertex 31.8516 32.8097 5
    endloop
  endfacet
  facet normal -0.481751 -0.876308 -0
    outer loop
      vertex 32.0717 32.6887 5
      vertex 31.8516 32.8097 0
      vertex 32.0717 32.6887 0
    endloop
  endfacet
  facet normal -0.951046 -0.30905 0
    outer loop
      vertex 32.9372 31.4974 0
      vertex 32.8596 31.7362 5
      vertex 32.8596 31.7362 0
    endloop
  endfacet
  facet normal -0.951046 -0.30905 0
    outer loop
      vertex 32.8596 31.7362 5
      vertex 32.9372 31.4974 0
      vertex 32.9372 31.4974 5
    endloop
  endfacet
  facet normal -0.481751 0.876308 0
    outer loop
      vertex 32.0717 17.3113 0
      vertex 31.8516 17.1903 5
      vertex 32.0717 17.3113 5
    endloop
  endfacet
  facet normal -0.481751 0.876308 0
    outer loop
      vertex 31.8516 17.1903 5
      vertex 32.0717 17.3113 0
      vertex 31.8516 17.1903 0
    endloop
  endfacet
  facet normal -0.844333 0.535819 0
    outer loop
      vertex 32.618 17.8244 0
      vertex 32.7526 18.0365 5
      vertex 32.7526 18.0365 0
    endloop
  endfacet
  facet normal -0.844333 0.535819 0
    outer loop
      vertex 32.7526 18.0365 5
      vertex 32.618 17.8244 0
      vertex 32.618 17.8244 5
    endloop
  endfacet
  facet normal -0.951046 0.30905 0
    outer loop
      vertex 32.8596 18.2638 0
      vertex 32.9372 18.5026 5
      vertex 32.9372 18.5026 0
    endloop
  endfacet
  facet normal -0.951046 0.30905 0
    outer loop
      vertex 32.9372 18.5026 5
      vertex 32.8596 18.2638 0
      vertex 32.8596 18.2638 5
    endloop
  endfacet
  facet normal -0.904765 0.425912 0
    outer loop
      vertex 32.7526 18.0365 0
      vertex 32.8596 18.2638 5
      vertex 32.8596 18.2638 0
    endloop
  endfacet
  facet normal -0.904765 0.425912 0
    outer loop
      vertex 32.8596 18.2638 5
      vertex 32.7526 18.0365 0
      vertex 32.7526 18.0365 5
    endloop
  endfacet
  facet normal 0.684458 0.729053 -0
    outer loop
      vertex 17.7252 17.459 0
      vertex 17.5421 17.6309 5
      vertex 17.7252 17.459 5
    endloop
  endfacet
  facet normal 0.684458 0.729053 0
    outer loop
      vertex 17.5421 17.6309 5
      vertex 17.7252 17.459 0
      vertex 17.5421 17.6309 0
    endloop
  endfacet
  facet normal 0.367819 0.929897 -0
    outer loop
      vertex 18.382 17.0979 0
      vertex 18.1484 17.1903 5
      vertex 18.382 17.0979 5
    endloop
  endfacet
  facet normal 0.367819 0.929897 0
    outer loop
      vertex 18.1484 17.1903 5
      vertex 18.382 17.0979 0
      vertex 18.1484 17.1903 0
    endloop
  endfacet
  facet normal 0.248902 0.968529 -0
    outer loop
      vertex 18.6252 17.0354 0
      vertex 18.382 17.0979 5
      vertex 18.6252 17.0354 5
    endloop
  endfacet
  facet normal 0.248902 0.968529 0
    outer loop
      vertex 18.382 17.0979 5
      vertex 18.6252 17.0354 0
      vertex 18.382 17.0979 0
    endloop
  endfacet
  facet normal 0.844333 0.535819 0
    outer loop
      vertex 17.382 17.8244 5
      vertex 17.2474 18.0365 0
      vertex 17.2474 18.0365 5
    endloop
  endfacet
  facet normal 0.844333 0.535819 0
    outer loop
      vertex 17.2474 18.0365 0
      vertex 17.382 17.8244 5
      vertex 17.382 17.8244 0
    endloop
  endfacet
  facet normal 0.951046 0.30905 0
    outer loop
      vertex 17.1404 18.2638 5
      vertex 17.0628 18.5026 0
      vertex 17.0628 18.5026 5
    endloop
  endfacet
  facet normal 0.951046 0.30905 0
    outer loop
      vertex 17.0628 18.5026 0
      vertex 17.1404 18.2638 5
      vertex 17.1404 18.2638 0
    endloop
  endfacet
  facet normal 0.770468 -0.637478 0
    outer loop
      vertex 17.382 32.1756 5
      vertex 17.5421 32.3691 0
      vertex 17.5421 32.3691 5
    endloop
  endfacet
  facet normal 0.770468 -0.637478 0
    outer loop
      vertex 17.5421 32.3691 0
      vertex 17.382 32.1756 5
      vertex 17.382 32.1756 0
    endloop
  endfacet
  facet normal 0.125407 -0.992105 0
    outer loop
      vertex 18.6252 32.9646 0
      vertex 18.8744 32.9961 5
      vertex 18.6252 32.9646 5
    endloop
  endfacet
  facet normal 0.125407 -0.992105 0
    outer loop
      vertex 18.8744 32.9961 5
      vertex 18.6252 32.9646 0
      vertex 18.8744 32.9961 0
    endloop
  endfacet
  facet normal -0.125407 -0.992105 0
    outer loop
      vertex 31.1256 32.9961 0
      vertex 31.3748 32.9646 5
      vertex 31.1256 32.9961 5
    endloop
  endfacet
  facet normal -0.125407 -0.992105 -0
    outer loop
      vertex 31.3748 32.9646 5
      vertex 31.1256 32.9961 0
      vertex 31.3748 32.9646 0
    endloop
  endfacet
  facet normal -0.248902 -0.968529 0
    outer loop
      vertex 31.3748 32.9646 0
      vertex 31.618 32.9021 5
      vertex 31.3748 32.9646 5
    endloop
  endfacet
  facet normal -0.248902 -0.968529 -0
    outer loop
      vertex 31.618 32.9021 5
      vertex 31.3748 32.9646 0
      vertex 31.618 32.9021 0
    endloop
  endfacet
  facet normal -0.588148 -0.808753 0
    outer loop
      vertex 32.0717 32.6887 0
      vertex 32.2748 32.541 5
      vertex 32.0717 32.6887 5
    endloop
  endfacet
  facet normal -0.588148 -0.808753 -0
    outer loop
      vertex 32.2748 32.541 5
      vertex 32.0717 32.6887 0
      vertex 32.2748 32.541 0
    endloop
  endfacet
  facet normal -0.684458 -0.729053 0
    outer loop
      vertex 32.2748 32.541 0
      vertex 32.4579 32.3691 5
      vertex 32.2748 32.541 5
    endloop
  endfacet
  facet normal -0.684458 -0.729053 -0
    outer loop
      vertex 32.4579 32.3691 5
      vertex 32.2748 32.541 0
      vertex 32.4579 32.3691 0
    endloop
  endfacet
  facet normal -0.770468 -0.637478 0
    outer loop
      vertex 32.618 32.1756 0
      vertex 32.4579 32.3691 5
      vertex 32.4579 32.3691 0
    endloop
  endfacet
  facet normal -0.770468 -0.637478 0
    outer loop
      vertex 32.4579 32.3691 5
      vertex 32.618 32.1756 0
      vertex 32.618 32.1756 5
    endloop
  endfacet
  facet normal -0.844333 -0.535819 0
    outer loop
      vertex 32.7526 31.9635 0
      vertex 32.618 32.1756 5
      vertex 32.618 32.1756 0
    endloop
  endfacet
  facet normal -0.844333 -0.535819 0
    outer loop
      vertex 32.618 32.1756 5
      vertex 32.7526 31.9635 0
      vertex 32.7526 31.9635 5
    endloop
  endfacet
  facet normal -0.99802 0.0628987 0
    outer loop
      vertex 32.9842 18.7493 0
      vertex 33 19 5
      vertex 33 19 0
    endloop
  endfacet
  facet normal -0.99802 0.0628987 0
    outer loop
      vertex 33 19 5
      vertex 32.9842 18.7493 0
      vertex 32.9842 18.7493 5
    endloop
  endfacet
  facet normal -0.770468 0.637478 0
    outer loop
      vertex 32.4579 17.6309 0
      vertex 32.618 17.8244 5
      vertex 32.618 17.8244 0
    endloop
  endfacet
  facet normal -0.770468 0.637478 0
    outer loop
      vertex 32.618 17.8244 5
      vertex 32.4579 17.6309 0
      vertex 32.4579 17.6309 5
    endloop
  endfacet
  facet normal 0.588148 0.808753 -0
    outer loop
      vertex 17.9283 17.3113 0
      vertex 17.7252 17.459 5
      vertex 17.9283 17.3113 5
    endloop
  endfacet
  facet normal 0.588148 0.808753 0
    outer loop
      vertex 17.7252 17.459 5
      vertex 17.9283 17.3113 0
      vertex 17.7252 17.459 0
    endloop
  endfacet
  facet normal 0.481751 0.876308 -0
    outer loop
      vertex 18.1484 17.1903 0
      vertex 17.9283 17.3113 5
      vertex 18.1484 17.1903 5
    endloop
  endfacet
  facet normal 0.481751 0.876308 0
    outer loop
      vertex 17.9283 17.3113 5
      vertex 18.1484 17.1903 0
      vertex 17.9283 17.3113 0
    endloop
  endfacet
  facet normal 0.982332 0.187149 0
    outer loop
      vertex 17.0628 18.5026 5
      vertex 17.0158 18.7493 0
      vertex 17.0158 18.7493 5
    endloop
  endfacet
  facet normal 0.982332 0.187149 0
    outer loop
      vertex 17.0158 18.7493 0
      vertex 17.0628 18.5026 5
      vertex 17.0628 18.5026 0
    endloop
  endfacet
  facet normal 0.588148 -0.808753 0
    outer loop
      vertex 17.7252 32.541 0
      vertex 17.9283 32.6887 5
      vertex 17.7252 32.541 5
    endloop
  endfacet
  facet normal 0.588148 -0.808753 0
    outer loop
      vertex 17.9283 32.6887 5
      vertex 17.7252 32.541 0
      vertex 17.9283 32.6887 0
    endloop
  endfacet
  facet normal -0.367819 0.929897 0
    outer loop
      vertex 31.8516 17.1903 0
      vertex 31.618 17.0979 5
      vertex 31.8516 17.1903 5
    endloop
  endfacet
  facet normal -0.367819 0.929897 0
    outer loop
      vertex 31.618 17.0979 5
      vertex 31.8516 17.1903 0
      vertex 31.618 17.0979 0
    endloop
  endfacet
  facet normal -0.684458 0.729053 0
    outer loop
      vertex 32.4579 17.6309 0
      vertex 32.2748 17.459 5
      vertex 32.4579 17.6309 5
    endloop
  endfacet
  facet normal -0.684458 0.729053 0
    outer loop
      vertex 32.2748 17.459 5
      vertex 32.4579 17.6309 0
      vertex 32.2748 17.459 0
    endloop
  endfacet
  facet normal -0.588148 0.808753 0
    outer loop
      vertex 32.2748 17.459 0
      vertex 32.0717 17.3113 5
      vertex 32.2748 17.459 5
    endloop
  endfacet
  facet normal -0.588148 0.808753 0
    outer loop
      vertex 32.0717 17.3113 5
      vertex 32.2748 17.459 0
      vertex 32.0717 17.3113 0
    endloop
  endfacet
  facet normal -0.248902 0.968529 0
    outer loop
      vertex 31.618 17.0979 0
      vertex 31.3748 17.0354 5
      vertex 31.618 17.0979 5
    endloop
  endfacet
  facet normal -0.248902 0.968529 0
    outer loop
      vertex 31.3748 17.0354 5
      vertex 31.618 17.0979 0
      vertex 31.3748 17.0354 0
    endloop
  endfacet
  facet normal -0.125407 0.992105 0
    outer loop
      vertex 31.3748 17.0354 0
      vertex 31.1256 17.0039 5
      vertex 31.3748 17.0354 5
    endloop
  endfacet
  facet normal -0.125407 0.992105 0
    outer loop
      vertex 31.1256 17.0039 5
      vertex 31.3748 17.0354 0
      vertex 31.1256 17.0039 0
    endloop
  endfacet
  facet normal 1 -0 0
    outer loop
      vertex 20 35 5
      vertex 20 43 0
      vertex 20 43 5
    endloop
  endfacet
  facet normal 1 0 0
    outer loop
      vertex 20 43 0
      vertex 20 35 5
      vertex 20 35 0
    endloop
  endfacet
  facet normal -0.68447 0.729041 0
    outer loop
      vertex 32.5935 33.9732 0
      vertex 32.4561 33.8442 5
      vertex 32.5935 33.9732 5
    endloop
  endfacet
  facet normal -0.68447 0.729041 0
    outer loop
      vertex 32.4561 33.8442 5
      vertex 32.5935 33.9732 0
      vertex 32.4561 33.8442 0
    endloop
  endfacet
  facet normal 0 1 -0
    outer loop
      vertex 31.5942 33.503 0
      vertex 21.4058 33.503 5
      vertex 31.5942 33.503 5
    endloop
  endfacet
  facet normal 0 1 0
    outer loop
      vertex 21.4058 33.503 5
      vertex 31.5942 33.503 0
      vertex 21.4058 33.503 0
    endloop
  endfacet
  facet normal 0.982278 -0.187429 0
    outer loop
      vertex 20.0118 43.188 5
      vertex 20.0471 43.373 0
      vertex 20.0471 43.373 5
    endloop
  endfacet
  facet normal 0.982278 -0.187429 0
    outer loop
      vertex 20.0471 43.373 0
      vertex 20.0118 43.188 5
      vertex 20.0118 43.188 0
    endloop
  endfacet
  facet normal 0.998036 -0.0626427 0
    outer loop
      vertex 20 43 5
      vertex 20.0118 43.188 0
      vertex 20.0118 43.188 5
    endloop
  endfacet
  facet normal 0.998036 -0.0626427 0
    outer loop
      vertex 20.0118 43.188 0
      vertex 20 43 5
      vertex 20 43 0
    endloop
  endfacet
  facet normal 0 -1 0
    outer loop
      vertex 21.4058 44.497 0
      vertex 31.5942 44.497 5
      vertex 21.4058 44.497 5
    endloop
  endfacet
  facet normal 0 -1 -0
    outer loop
      vertex 31.5942 44.497 5
      vertex 21.4058 44.497 0
      vertex 31.5942 44.497 0
    endloop
  endfacet
  facet normal 0.68447 -0.729041 0
    outer loop
      vertex 20.4065 44.0268 0
      vertex 20.5439 44.1558 5
      vertex 20.4065 44.0268 5
    endloop
  endfacet
  facet normal 0.68447 -0.729041 0
    outer loop
      vertex 20.5439 44.1558 5
      vertex 20.4065 44.0268 0
      vertex 20.5439 44.1558 0
    endloop
  endfacet
  facet normal -1 0 0
    outer loop
      vertex 33 35 0
      vertex 33 43 5
      vertex 33 43 0
    endloop
  endfacet
  facet normal -1 -0 0
    outer loop
      vertex 33 43 5
      vertex 33 35 0
      vertex 33 35 5
    endloop
  endfacet
  facet normal 0.587698 0.80908 -0
    outer loop
      vertex 20.6963 33.7335 0
      vertex 20.5439 33.8442 5
      vertex 20.6963 33.7335 5
    endloop
  endfacet
  facet normal 0.587698 0.80908 0
    outer loop
      vertex 20.5439 33.8442 5
      vertex 20.6963 33.7335 0
      vertex 20.5439 33.8442 0
    endloop
  endfacet
  facet normal 0.68447 0.729041 -0
    outer loop
      vertex 20.5439 33.8442 0
      vertex 20.4065 33.9732 5
      vertex 20.5439 33.8442 5
    endloop
  endfacet
  facet normal 0.68447 0.729041 0
    outer loop
      vertex 20.4065 33.9732 5
      vertex 20.5439 33.8442 0
      vertex 20.4065 33.9732 0
    endloop
  endfacet
  facet normal 0.844251 -0.535948 0
    outer loop
      vertex 20.1855 43.7226 5
      vertex 20.2865 43.8817 0
      vertex 20.2865 43.8817 5
    endloop
  endfacet
  facet normal 0.844251 -0.535948 0
    outer loop
      vertex 20.2865 43.8817 0
      vertex 20.1855 43.7226 5
      vertex 20.1855 43.7226 0
    endloop
  endfacet
  facet normal -0.982278 -0.187429 0
    outer loop
      vertex 32.9882 43.188 0
      vertex 32.9529 43.373 5
      vertex 32.9529 43.373 0
    endloop
  endfacet
  facet normal -0.982278 -0.187429 0
    outer loop
      vertex 32.9529 43.373 5
      vertex 32.9882 43.188 0
      vertex 32.9882 43.188 5
    endloop
  endfacet
  facet normal -0.368278 0.929716 0
    outer loop
      vertex 32.1387 33.6428 0
      vertex 31.9635 33.5734 5
      vertex 32.1387 33.6428 5
    endloop
  endfacet
  facet normal -0.368278 0.929716 0
    outer loop
      vertex 31.9635 33.5734 5
      vertex 32.1387 33.6428 0
      vertex 31.9635 33.5734 0
    endloop
  endfacet
  facet normal -0.998036 -0.0626427 0
    outer loop
      vertex 33 43 0
      vertex 32.9882 43.188 5
      vertex 32.9882 43.188 0
    endloop
  endfacet
  facet normal -0.998036 -0.0626427 0
    outer loop
      vertex 32.9882 43.188 5
      vertex 33 43 0
      vertex 33 43 5
    endloop
  endfacet
  facet normal 0.904795 -0.425848 0
    outer loop
      vertex 20.1053 43.5522 5
      vertex 20.1855 43.7226 0
      vertex 20.1855 43.7226 5
    endloop
  endfacet
  facet normal 0.904795 -0.425848 0
    outer loop
      vertex 20.1855 43.7226 0
      vertex 20.1053 43.5522 5
      vertex 20.1053 43.5522 0
    endloop
  endfacet
  facet normal 0.951096 -0.308894 0
    outer loop
      vertex 20.0471 43.373 5
      vertex 20.1053 43.5522 0
      vertex 20.1053 43.5522 5
    endloop
  endfacet
  facet normal 0.951096 -0.308894 0
    outer loop
      vertex 20.1053 43.5522 0
      vertex 20.0471 43.373 5
      vertex 20.0471 43.373 0
    endloop
  endfacet
  facet normal 0.587698 -0.80908 0
    outer loop
      vertex 20.5439 44.1558 0
      vertex 20.6963 44.2665 5
      vertex 20.5439 44.1558 5
    endloop
  endfacet
  facet normal 0.587698 -0.80908 0
    outer loop
      vertex 20.6963 44.2665 5
      vertex 20.5439 44.1558 0
      vertex 20.6963 44.2665 0
    endloop
  endfacet
  facet normal 0.248529 -0.968625 0
    outer loop
      vertex 21.0365 44.4266 0
      vertex 21.2189 44.4734 5
      vertex 21.0365 44.4266 5
    endloop
  endfacet
  facet normal 0.248529 -0.968625 0
    outer loop
      vertex 21.2189 44.4734 5
      vertex 21.0365 44.4266 0
      vertex 21.2189 44.4734 0
    endloop
  endfacet
  facet normal 0.125276 -0.992122 0
    outer loop
      vertex 21.2189 44.4734 0
      vertex 21.4058 44.497 5
      vertex 21.2189 44.4734 5
    endloop
  endfacet
  facet normal 0.125276 -0.992122 0
    outer loop
      vertex 21.4058 44.497 5
      vertex 21.2189 44.4734 0
      vertex 21.4058 44.497 0
    endloop
  endfacet
  facet normal 0.368278 -0.929716 0
    outer loop
      vertex 20.8613 44.3572 0
      vertex 21.0365 44.4266 5
      vertex 20.8613 44.3572 5
    endloop
  endfacet
  facet normal 0.368278 -0.929716 0
    outer loop
      vertex 21.0365 44.4266 5
      vertex 20.8613 44.3572 0
      vertex 21.0365 44.4266 0
    endloop
  endfacet
  facet normal 0.481715 -0.876328 0
    outer loop
      vertex 20.6963 44.2665 0
      vertex 20.8613 44.3572 5
      vertex 20.6963 44.2665 5
    endloop
  endfacet
  facet normal 0.481715 -0.876328 0
    outer loop
      vertex 20.8613 44.3572 5
      vertex 20.6963 44.2665 0
      vertex 20.8613 44.3572 0
    endloop
  endfacet
  facet normal -0.125276 -0.992122 0
    outer loop
      vertex 31.5942 44.497 0
      vertex 31.7811 44.4734 5
      vertex 31.5942 44.497 5
    endloop
  endfacet
  facet normal -0.125276 -0.992122 -0
    outer loop
      vertex 31.7811 44.4734 5
      vertex 31.5942 44.497 0
      vertex 31.7811 44.4734 0
    endloop
  endfacet
  facet normal -0.248529 -0.968625 0
    outer loop
      vertex 31.7811 44.4734 0
      vertex 31.9635 44.4266 5
      vertex 31.7811 44.4734 5
    endloop
  endfacet
  facet normal -0.248529 -0.968625 -0
    outer loop
      vertex 31.9635 44.4266 5
      vertex 31.7811 44.4734 0
      vertex 31.9635 44.4266 0
    endloop
  endfacet
  facet normal -0.368278 -0.929716 0
    outer loop
      vertex 31.9635 44.4266 0
      vertex 32.1387 44.3572 5
      vertex 31.9635 44.4266 5
    endloop
  endfacet
  facet normal -0.368278 -0.929716 -0
    outer loop
      vertex 32.1387 44.3572 5
      vertex 31.9635 44.4266 0
      vertex 32.1387 44.3572 0
    endloop
  endfacet
  facet normal -0.125276 0.992122 0
    outer loop
      vertex 31.7811 33.5266 0
      vertex 31.5942 33.503 5
      vertex 31.7811 33.5266 5
    endloop
  endfacet
  facet normal -0.125276 0.992122 0
    outer loop
      vertex 31.5942 33.503 5
      vertex 31.7811 33.5266 0
      vertex 31.5942 33.503 0
    endloop
  endfacet
  facet normal -0.248529 0.968625 0
    outer loop
      vertex 31.9635 33.5734 0
      vertex 31.7811 33.5266 5
      vertex 31.9635 33.5734 5
    endloop
  endfacet
  facet normal -0.248529 0.968625 0
    outer loop
      vertex 31.7811 33.5266 5
      vertex 31.9635 33.5734 0
      vertex 31.7811 33.5266 0
    endloop
  endfacet
  facet normal -0.904795 0.425848 0
    outer loop
      vertex 32.8145 34.2774 0
      vertex 32.8947 34.4478 5
      vertex 32.8947 34.4478 0
    endloop
  endfacet
  facet normal -0.904795 0.425848 0
    outer loop
      vertex 32.8947 34.4478 5
      vertex 32.8145 34.2774 0
      vertex 32.8145 34.2774 5
    endloop
  endfacet
  facet normal -0.77061 0.637307 0
    outer loop
      vertex 32.5935 33.9732 0
      vertex 32.7135 34.1183 5
      vertex 32.7135 34.1183 0
    endloop
  endfacet
  facet normal -0.77061 0.637307 0
    outer loop
      vertex 32.7135 34.1183 5
      vertex 32.5935 33.9732 0
      vertex 32.5935 33.9732 5
    endloop
  endfacet
  facet normal 0.998036 0.0626427 0
    outer loop
      vertex 20.0118 34.812 5
      vertex 20 35 0
      vertex 20 35 5
    endloop
  endfacet
  facet normal 0.998036 0.0626427 0
    outer loop
      vertex 20 35 0
      vertex 20.0118 34.812 5
      vertex 20.0118 34.812 0
    endloop
  endfacet
  facet normal 0.368278 0.929716 -0
    outer loop
      vertex 21.0365 33.5734 0
      vertex 20.8613 33.6428 5
      vertex 21.0365 33.5734 5
    endloop
  endfacet
  facet normal 0.368278 0.929716 0
    outer loop
      vertex 20.8613 33.6428 5
      vertex 21.0365 33.5734 0
      vertex 20.8613 33.6428 0
    endloop
  endfacet
  facet normal 0.248529 0.968625 -0
    outer loop
      vertex 21.2189 33.5266 0
      vertex 21.0365 33.5734 5
      vertex 21.2189 33.5266 5
    endloop
  endfacet
  facet normal 0.248529 0.968625 0
    outer loop
      vertex 21.0365 33.5734 5
      vertex 21.2189 33.5266 0
      vertex 21.0365 33.5734 0
    endloop
  endfacet
  facet normal 0.77061 -0.637307 0
    outer loop
      vertex 20.2865 43.8817 5
      vertex 20.4065 44.0268 0
      vertex 20.4065 44.0268 5
    endloop
  endfacet
  facet normal 0.77061 -0.637307 0
    outer loop
      vertex 20.4065 44.0268 0
      vertex 20.2865 43.8817 5
      vertex 20.2865 43.8817 0
    endloop
  endfacet
  facet normal -0.481715 -0.876328 0
    outer loop
      vertex 32.1387 44.3572 0
      vertex 32.3037 44.2665 5
      vertex 32.1387 44.3572 5
    endloop
  endfacet
  facet normal -0.481715 -0.876328 -0
    outer loop
      vertex 32.3037 44.2665 5
      vertex 32.1387 44.3572 0
      vertex 32.3037 44.2665 0
    endloop
  endfacet
  facet normal -0.587698 -0.80908 0
    outer loop
      vertex 32.3037 44.2665 0
      vertex 32.4561 44.1558 5
      vertex 32.3037 44.2665 5
    endloop
  endfacet
  facet normal -0.587698 -0.80908 -0
    outer loop
      vertex 32.4561 44.1558 5
      vertex 32.3037 44.2665 0
      vertex 32.4561 44.1558 0
    endloop
  endfacet
  facet normal -0.904795 -0.425848 0
    outer loop
      vertex 32.8947 43.5522 0
      vertex 32.8145 43.7226 5
      vertex 32.8145 43.7226 0
    endloop
  endfacet
  facet normal -0.904795 -0.425848 0
    outer loop
      vertex 32.8145 43.7226 5
      vertex 32.8947 43.5522 0
      vertex 32.8947 43.5522 5
    endloop
  endfacet
  facet normal -0.68447 -0.729041 0
    outer loop
      vertex 32.4561 44.1558 0
      vertex 32.5935 44.0268 5
      vertex 32.4561 44.1558 5
    endloop
  endfacet
  facet normal -0.68447 -0.729041 -0
    outer loop
      vertex 32.5935 44.0268 5
      vertex 32.4561 44.1558 0
      vertex 32.5935 44.0268 0
    endloop
  endfacet
  facet normal -0.481715 0.876328 0
    outer loop
      vertex 32.3037 33.7335 0
      vertex 32.1387 33.6428 5
      vertex 32.3037 33.7335 5
    endloop
  endfacet
  facet normal -0.481715 0.876328 0
    outer loop
      vertex 32.1387 33.6428 5
      vertex 32.3037 33.7335 0
      vertex 32.1387 33.6428 0
    endloop
  endfacet
  facet normal -0.844251 0.535948 0
    outer loop
      vertex 32.7135 34.1183 0
      vertex 32.8145 34.2774 5
      vertex 32.8145 34.2774 0
    endloop
  endfacet
  facet normal -0.844251 0.535948 0
    outer loop
      vertex 32.8145 34.2774 5
      vertex 32.7135 34.1183 0
      vertex 32.7135 34.1183 5
    endloop
  endfacet
  facet normal -0.982278 0.187429 0
    outer loop
      vertex 32.9529 34.627 0
      vertex 32.9882 34.812 5
      vertex 32.9882 34.812 0
    endloop
  endfacet
  facet normal -0.982278 0.187429 0
    outer loop
      vertex 32.9882 34.812 5
      vertex 32.9529 34.627 0
      vertex 32.9529 34.627 5
    endloop
  endfacet
  facet normal 0.844251 0.535948 0
    outer loop
      vertex 20.2865 34.1183 5
      vertex 20.1855 34.2774 0
      vertex 20.1855 34.2774 5
    endloop
  endfacet
  facet normal 0.844251 0.535948 0
    outer loop
      vertex 20.1855 34.2774 0
      vertex 20.2865 34.1183 5
      vertex 20.2865 34.1183 0
    endloop
  endfacet
  facet normal 0.125276 0.992122 -0
    outer loop
      vertex 21.4058 33.503 0
      vertex 21.2189 33.5266 5
      vertex 21.4058 33.503 5
    endloop
  endfacet
  facet normal 0.125276 0.992122 0
    outer loop
      vertex 21.2189 33.5266 5
      vertex 21.4058 33.503 0
      vertex 21.2189 33.5266 0
    endloop
  endfacet
  facet normal -0.77061 -0.637307 0
    outer loop
      vertex 32.7135 43.8817 0
      vertex 32.5935 44.0268 5
      vertex 32.5935 44.0268 0
    endloop
  endfacet
  facet normal -0.77061 -0.637307 0
    outer loop
      vertex 32.5935 44.0268 5
      vertex 32.7135 43.8817 0
      vertex 32.7135 43.8817 5
    endloop
  endfacet
  facet normal -0.844251 -0.535948 0
    outer loop
      vertex 32.8145 43.7226 0
      vertex 32.7135 43.8817 5
      vertex 32.7135 43.8817 0
    endloop
  endfacet
  facet normal -0.844251 -0.535948 0
    outer loop
      vertex 32.7135 43.8817 5
      vertex 32.8145 43.7226 0
      vertex 32.8145 43.7226 5
    endloop
  endfacet
  facet normal -0.951096 -0.308894 0
    outer loop
      vertex 32.9529 43.373 0
      vertex 32.8947 43.5522 5
      vertex 32.8947 43.5522 0
    endloop
  endfacet
  facet normal -0.951096 -0.308894 0
    outer loop
      vertex 32.8947 43.5522 5
      vertex 32.9529 43.373 0
      vertex 32.9529 43.373 5
    endloop
  endfacet
  facet normal -0.587698 0.80908 0
    outer loop
      vertex 32.4561 33.8442 0
      vertex 32.3037 33.7335 5
      vertex 32.4561 33.8442 5
    endloop
  endfacet
  facet normal -0.587698 0.80908 0
    outer loop
      vertex 32.3037 33.7335 5
      vertex 32.4561 33.8442 0
      vertex 32.3037 33.7335 0
    endloop
  endfacet
  facet normal -0.998036 0.0626427 0
    outer loop
      vertex 32.9882 34.812 0
      vertex 33 35 5
      vertex 33 35 0
    endloop
  endfacet
  facet normal -0.998036 0.0626427 0
    outer loop
      vertex 33 35 5
      vertex 32.9882 34.812 0
      vertex 32.9882 34.812 5
    endloop
  endfacet
  facet normal -0.951096 0.308894 0
    outer loop
      vertex 32.8947 34.4478 0
      vertex 32.9529 34.627 5
      vertex 32.9529 34.627 0
    endloop
  endfacet
  facet normal -0.951096 0.308894 0
    outer loop
      vertex 32.9529 34.627 5
      vertex 32.8947 34.4478 0
      vertex 32.8947 34.4478 5
    endloop
  endfacet
  facet normal 0.904795 0.425848 0
    outer loop
      vertex 20.1855 34.2774 5
      vertex 20.1053 34.4478 0
      vertex 20.1053 34.4478 5
    endloop
  endfacet
  facet normal 0.904795 0.425848 0
    outer loop
      vertex 20.1053 34.4478 0
      vertex 20.1855 34.2774 5
      vertex 20.1855 34.2774 0
    endloop
  endfacet
  facet normal 0.77061 0.637307 0
    outer loop
      vertex 20.4065 33.9732 5
      vertex 20.2865 34.1183 0
      vertex 20.2865 34.1183 5
    endloop
  endfacet
  facet normal 0.77061 0.637307 0
    outer loop
      vertex 20.2865 34.1183 0
      vertex 20.4065 33.9732 5
      vertex 20.4065 33.9732 0
    endloop
  endfacet
  facet normal 0.481715 0.876328 -0
    outer loop
      vertex 20.8613 33.6428 0
      vertex 20.6963 33.7335 5
      vertex 20.8613 33.6428 5
    endloop
  endfacet
  facet normal 0.481715 0.876328 0
    outer loop
      vertex 20.6963 33.7335 5
      vertex 20.8613 33.6428 0
      vertex 20.6963 33.7335 0
    endloop
  endfacet
  facet normal 0.982278 0.187429 0
    outer loop
      vertex 20.0471 34.627 5
      vertex 20.0118 34.812 0
      vertex 20.0118 34.812 5
    endloop
  endfacet
  facet normal 0.982278 0.187429 0
    outer loop
      vertex 20.0118 34.812 0
      vertex 20.0471 34.627 5
      vertex 20.0471 34.627 0
    endloop
  endfacet
  facet normal 0.951096 0.308894 0
    outer loop
      vertex 20.1053 34.4478 5
      vertex 20.0471 34.627 0
      vertex 20.0471 34.627 5
    endloop
  endfacet
  facet normal 0.951096 0.308894 0
    outer loop
      vertex 20.0471 34.627 0
      vertex 20.1053 34.4478 5
      vertex 20.1053 34.4478 0
    endloop
  endfacet
  facet normal 1 -0 0
    outer loop
      vertex 33.5 18.5 5
      vertex 33.5 28.5 0
      vertex 33.5 28.5 5
    endloop
  endfacet
  facet normal 1 0 0
    outer loop
      vertex 33.5 28.5 0
      vertex 33.5 18.5 5
      vertex 33.5 18.5 0
    endloop
  endfacet
  facet normal -1 0 0
    outer loop
      vertex 44.5 18.5 0
      vertex 44.5 28.5 5
      vertex 44.5 28.5 0
    endloop
  endfacet
  facet normal -1 -0 0
    outer loop
      vertex 44.5 28.5 5
      vertex 44.5 18.5 0
      vertex 44.5 18.5 5
    endloop
  endfacet
  facet normal 0.998036 -0.0626427 0
    outer loop
      vertex 33.5 28.5 5
      vertex 33.5118 28.688 0
      vertex 33.5118 28.688 5
    endloop
  endfacet
  facet normal 0.998036 -0.0626427 0
    outer loop
      vertex 33.5118 28.688 0
      vertex 33.5 28.5 5
      vertex 33.5 28.5 0
    endloop
  endfacet
  facet normal 0.844251 -0.535948 0
    outer loop
      vertex 33.6855 29.2226 5
      vertex 33.7865 29.3817 0
      vertex 33.7865 29.3817 5
    endloop
  endfacet
  facet normal 0.844251 -0.535948 0
    outer loop
      vertex 33.7865 29.3817 0
      vertex 33.6855 29.2226 5
      vertex 33.6855 29.2226 0
    endloop
  endfacet
  facet normal 0.368278 -0.929716 0
    outer loop
      vertex 34.3613 29.8572 0
      vertex 34.5365 29.9266 5
      vertex 34.3613 29.8572 5
    endloop
  endfacet
  facet normal 0.368278 -0.929716 0
    outer loop
      vertex 34.5365 29.9266 5
      vertex 34.3613 29.8572 0
      vertex 34.5365 29.9266 0
    endloop
  endfacet
  facet normal 0 -1 0
    outer loop
      vertex 34.9058 29.997 0
      vertex 43.0942 29.997 5
      vertex 34.9058 29.997 5
    endloop
  endfacet
  facet normal 0 -1 -0
    outer loop
      vertex 43.0942 29.997 5
      vertex 34.9058 29.997 0
      vertex 43.0942 29.997 0
    endloop
  endfacet
  facet normal 0.951096 0.308894 0
    outer loop
      vertex 33.6053 17.9478 5
      vertex 33.5471 18.127 0
      vertex 33.5471 18.127 5
    endloop
  endfacet
  facet normal 0.951096 0.308894 0
    outer loop
      vertex 33.5471 18.127 0
      vertex 33.6053 17.9478 5
      vertex 33.6053 17.9478 0
    endloop
  endfacet
  facet normal 0.982278 -0.187429 0
    outer loop
      vertex 33.5118 28.688 5
      vertex 33.5471 28.873 0
      vertex 33.5471 28.873 5
    endloop
  endfacet
  facet normal 0.982278 -0.187429 0
    outer loop
      vertex 33.5471 28.873 0
      vertex 33.5118 28.688 5
      vertex 33.5118 28.688 0
    endloop
  endfacet
  facet normal 0.68447 -0.729041 0
    outer loop
      vertex 33.9065 29.5268 0
      vertex 34.0439 29.6558 5
      vertex 33.9065 29.5268 5
    endloop
  endfacet
  facet normal 0.68447 -0.729041 0
    outer loop
      vertex 34.0439 29.6558 5
      vertex 33.9065 29.5268 0
      vertex 34.0439 29.6558 0
    endloop
  endfacet
  facet normal -0.125276 -0.992122 0
    outer loop
      vertex 43.0942 29.997 0
      vertex 43.2811 29.9734 5
      vertex 43.0942 29.997 5
    endloop
  endfacet
  facet normal -0.125276 -0.992122 -0
    outer loop
      vertex 43.2811 29.9734 5
      vertex 43.0942 29.997 0
      vertex 43.2811 29.9734 0
    endloop
  endfacet
  facet normal -0.587698 0.80908 0
    outer loop
      vertex 43.9561 17.3442 0
      vertex 43.8037 17.2335 5
      vertex 43.9561 17.3442 5
    endloop
  endfacet
  facet normal -0.587698 0.80908 0
    outer loop
      vertex 43.8037 17.2335 5
      vertex 43.9561 17.3442 0
      vertex 43.8037 17.2335 0
    endloop
  endfacet
  facet normal -0.998036 -0.0626427 0
    outer loop
      vertex 44.5 28.5 0
      vertex 44.4882 28.688 5
      vertex 44.4882 28.688 0
    endloop
  endfacet
  facet normal -0.998036 -0.0626427 0
    outer loop
      vertex 44.4882 28.688 5
      vertex 44.5 28.5 0
      vertex 44.5 28.5 5
    endloop
  endfacet
  facet normal -0.982278 0.187429 0
    outer loop
      vertex 44.4529 18.127 0
      vertex 44.4882 18.312 5
      vertex 44.4882 18.312 0
    endloop
  endfacet
  facet normal -0.982278 0.187429 0
    outer loop
      vertex 44.4882 18.312 5
      vertex 44.4529 18.127 0
      vertex 44.4529 18.127 5
    endloop
  endfacet
  facet normal -0.998036 0.0626427 0
    outer loop
      vertex 44.4882 18.312 0
      vertex 44.5 18.5 5
      vertex 44.5 18.5 0
    endloop
  endfacet
  facet normal -0.998036 0.0626427 0
    outer loop
      vertex 44.5 18.5 5
      vertex 44.4882 18.312 0
      vertex 44.4882 18.312 5
    endloop
  endfacet
  facet normal -0.844251 0.535948 0
    outer loop
      vertex 44.2135 17.6183 0
      vertex 44.3145 17.7774 5
      vertex 44.3145 17.7774 0
    endloop
  endfacet
  facet normal -0.844251 0.535948 0
    outer loop
      vertex 44.3145 17.7774 5
      vertex 44.2135 17.6183 0
      vertex 44.2135 17.6183 5
    endloop
  endfacet
  facet normal 0.904795 0.425848 0
    outer loop
      vertex 33.6855 17.7774 5
      vertex 33.6053 17.9478 0
      vertex 33.6053 17.9478 5
    endloop
  endfacet
  facet normal 0.904795 0.425848 0
    outer loop
      vertex 33.6053 17.9478 0
      vertex 33.6855 17.7774 5
      vertex 33.6855 17.7774 0
    endloop
  endfacet
  facet normal 0.68447 0.729041 -0
    outer loop
      vertex 34.0439 17.3442 0
      vertex 33.9065 17.4732 5
      vertex 34.0439 17.3442 5
    endloop
  endfacet
  facet normal 0.68447 0.729041 0
    outer loop
      vertex 33.9065 17.4732 5
      vertex 34.0439 17.3442 0
      vertex 33.9065 17.4732 0
    endloop
  endfacet
  facet normal 0.368278 0.929716 -0
    outer loop
      vertex 34.5365 17.0734 0
      vertex 34.3613 17.1428 5
      vertex 34.5365 17.0734 5
    endloop
  endfacet
  facet normal 0.368278 0.929716 0
    outer loop
      vertex 34.3613 17.1428 5
      vertex 34.5365 17.0734 0
      vertex 34.3613 17.1428 0
    endloop
  endfacet
  facet normal 0.248529 0.968625 -0
    outer loop
      vertex 34.7189 17.0266 0
      vertex 34.5365 17.0734 5
      vertex 34.7189 17.0266 5
    endloop
  endfacet
  facet normal 0.248529 0.968625 0
    outer loop
      vertex 34.5365 17.0734 5
      vertex 34.7189 17.0266 0
      vertex 34.5365 17.0734 0
    endloop
  endfacet
  facet normal 0.998036 0.0626427 0
    outer loop
      vertex 33.5118 18.312 5
      vertex 33.5 18.5 0
      vertex 33.5 18.5 5
    endloop
  endfacet
  facet normal 0.998036 0.0626427 0
    outer loop
      vertex 33.5 18.5 0
      vertex 33.5118 18.312 5
      vertex 33.5118 18.312 0
    endloop
  endfacet
  facet normal 0.904795 -0.425848 0
    outer loop
      vertex 33.6053 29.0522 5
      vertex 33.6855 29.2226 0
      vertex 33.6855 29.2226 5
    endloop
  endfacet
  facet normal 0.904795 -0.425848 0
    outer loop
      vertex 33.6855 29.2226 0
      vertex 33.6053 29.0522 5
      vertex 33.6053 29.0522 0
    endloop
  endfacet
  facet normal 0.951096 -0.308894 0
    outer loop
      vertex 33.5471 28.873 5
      vertex 33.6053 29.0522 0
      vertex 33.6053 29.0522 5
    endloop
  endfacet
  facet normal 0.951096 -0.308894 0
    outer loop
      vertex 33.6053 29.0522 0
      vertex 33.5471 28.873 5
      vertex 33.5471 28.873 0
    endloop
  endfacet
  facet normal 0.77061 -0.637307 0
    outer loop
      vertex 33.7865 29.3817 5
      vertex 33.9065 29.5268 0
      vertex 33.9065 29.5268 5
    endloop
  endfacet
  facet normal 0.77061 -0.637307 0
    outer loop
      vertex 33.9065 29.5268 0
      vertex 33.7865 29.3817 5
      vertex 33.7865 29.3817 0
    endloop
  endfacet
  facet normal 0.587698 -0.80908 0
    outer loop
      vertex 34.0439 29.6558 0
      vertex 34.1963 29.7665 5
      vertex 34.0439 29.6558 5
    endloop
  endfacet
  facet normal 0.587698 -0.80908 0
    outer loop
      vertex 34.1963 29.7665 5
      vertex 34.0439 29.6558 0
      vertex 34.1963 29.7665 0
    endloop
  endfacet
  facet normal 0.125276 -0.992122 0
    outer loop
      vertex 34.7189 29.9734 0
      vertex 34.9058 29.997 5
      vertex 34.7189 29.9734 5
    endloop
  endfacet
  facet normal 0.125276 -0.992122 0
    outer loop
      vertex 34.9058 29.997 5
      vertex 34.7189 29.9734 0
      vertex 34.9058 29.997 0
    endloop
  endfacet
  facet normal -0.982278 -0.187429 0
    outer loop
      vertex 44.4882 28.688 0
      vertex 44.4529 28.873 5
      vertex 44.4529 28.873 0
    endloop
  endfacet
  facet normal -0.982278 -0.187429 0
    outer loop
      vertex 44.4529 28.873 5
      vertex 44.4882 28.688 0
      vertex 44.4882 28.688 5
    endloop
  endfacet
  facet normal -0.68447 -0.729041 0
    outer loop
      vertex 43.9561 29.6558 0
      vertex 44.0935 29.5268 5
      vertex 43.9561 29.6558 5
    endloop
  endfacet
  facet normal -0.68447 -0.729041 -0
    outer loop
      vertex 44.0935 29.5268 5
      vertex 43.9561 29.6558 0
      vertex 44.0935 29.5268 0
    endloop
  endfacet
  facet normal -0.68447 0.729041 0
    outer loop
      vertex 44.0935 17.4732 0
      vertex 43.9561 17.3442 5
      vertex 44.0935 17.4732 5
    endloop
  endfacet
  facet normal -0.68447 0.729041 0
    outer loop
      vertex 43.9561 17.3442 5
      vertex 44.0935 17.4732 0
      vertex 43.9561 17.3442 0
    endloop
  endfacet
  facet normal -0.904795 0.425848 0
    outer loop
      vertex 44.3145 17.7774 0
      vertex 44.3947 17.9478 5
      vertex 44.3947 17.9478 0
    endloop
  endfacet
  facet normal -0.904795 0.425848 0
    outer loop
      vertex 44.3947 17.9478 5
      vertex 44.3145 17.7774 0
      vertex 44.3145 17.7774 5
    endloop
  endfacet
  facet normal -0.951096 0.308894 0
    outer loop
      vertex 44.3947 17.9478 0
      vertex 44.4529 18.127 5
      vertex 44.4529 18.127 0
    endloop
  endfacet
  facet normal -0.951096 0.308894 0
    outer loop
      vertex 44.4529 18.127 5
      vertex 44.3947 17.9478 0
      vertex 44.3947 17.9478 5
    endloop
  endfacet
  facet normal 0.844251 0.535948 0
    outer loop
      vertex 33.7865 17.6183 5
      vertex 33.6855 17.7774 0
      vertex 33.6855 17.7774 5
    endloop
  endfacet
  facet normal 0.844251 0.535948 0
    outer loop
      vertex 33.6855 17.7774 0
      vertex 33.7865 17.6183 5
      vertex 33.7865 17.6183 0
    endloop
  endfacet
  facet normal 0.587698 0.80908 -0
    outer loop
      vertex 34.1963 17.2335 0
      vertex 34.0439 17.3442 5
      vertex 34.1963 17.2335 5
    endloop
  endfacet
  facet normal 0.587698 0.80908 0
    outer loop
      vertex 34.0439 17.3442 5
      vertex 34.1963 17.2335 0
      vertex 34.0439 17.3442 0
    endloop
  endfacet
  facet normal 0.125276 0.992122 -0
    outer loop
      vertex 34.9058 17.003 0
      vertex 34.7189 17.0266 5
      vertex 34.9058 17.003 5
    endloop
  endfacet
  facet normal 0.125276 0.992122 0
    outer loop
      vertex 34.7189 17.0266 5
      vertex 34.9058 17.003 0
      vertex 34.7189 17.0266 0
    endloop
  endfacet
  facet normal 0 1 -0
    outer loop
      vertex 43.0942 17.003 0
      vertex 34.9058 17.003 5
      vertex 43.0942 17.003 5
    endloop
  endfacet
  facet normal 0 1 0
    outer loop
      vertex 34.9058 17.003 5
      vertex 43.0942 17.003 0
      vertex 34.9058 17.003 0
    endloop
  endfacet
  facet normal 0.982278 0.187429 0
    outer loop
      vertex 33.5471 18.127 5
      vertex 33.5118 18.312 0
      vertex 33.5118 18.312 5
    endloop
  endfacet
  facet normal 0.982278 0.187429 0
    outer loop
      vertex 33.5118 18.312 0
      vertex 33.5471 18.127 5
      vertex 33.5471 18.127 0
    endloop
  endfacet
  facet normal 0.481715 -0.876328 0
    outer loop
      vertex 34.1963 29.7665 0
      vertex 34.3613 29.8572 5
      vertex 34.1963 29.7665 5
    endloop
  endfacet
  facet normal 0.481715 -0.876328 0
    outer loop
      vertex 34.3613 29.8572 5
      vertex 34.1963 29.7665 0
      vertex 34.3613 29.8572 0
    endloop
  endfacet
  facet normal 0.248529 -0.968625 0
    outer loop
      vertex 34.5365 29.9266 0
      vertex 34.7189 29.9734 5
      vertex 34.5365 29.9266 5
    endloop
  endfacet
  facet normal 0.248529 -0.968625 0
    outer loop
      vertex 34.7189 29.9734 5
      vertex 34.5365 29.9266 0
      vertex 34.7189 29.9734 0
    endloop
  endfacet
  facet normal -0.904795 -0.425848 0
    outer loop
      vertex 44.3947 29.0522 0
      vertex 44.3145 29.2226 5
      vertex 44.3145 29.2226 0
    endloop
  endfacet
  facet normal -0.904795 -0.425848 0
    outer loop
      vertex 44.3145 29.2226 5
      vertex 44.3947 29.0522 0
      vertex 44.3947 29.0522 5
    endloop
  endfacet
  facet normal -0.248529 -0.968625 0
    outer loop
      vertex 43.2811 29.9734 0
      vertex 43.4635 29.9266 5
      vertex 43.2811 29.9734 5
    endloop
  endfacet
  facet normal -0.248529 -0.968625 -0
    outer loop
      vertex 43.4635 29.9266 5
      vertex 43.2811 29.9734 0
      vertex 43.4635 29.9266 0
    endloop
  endfacet
  facet normal -0.368278 -0.929716 0
    outer loop
      vertex 43.4635 29.9266 0
      vertex 43.6387 29.8572 5
      vertex 43.4635 29.9266 5
    endloop
  endfacet
  facet normal -0.368278 -0.929716 -0
    outer loop
      vertex 43.6387 29.8572 5
      vertex 43.4635 29.9266 0
      vertex 43.6387 29.8572 0
    endloop
  endfacet
  facet normal -0.77061 0.637307 0
    outer loop
      vertex 44.0935 17.4732 0
      vertex 44.2135 17.6183 5
      vertex 44.2135 17.6183 0
    endloop
  endfacet
  facet normal -0.77061 0.637307 0
    outer loop
      vertex 44.2135 17.6183 5
      vertex 44.0935 17.4732 0
      vertex 44.0935 17.4732 5
    endloop
  endfacet
  facet normal -0.125276 0.992122 0
    outer loop
      vertex 43.2811 17.0266 0
      vertex 43.0942 17.003 5
      vertex 43.2811 17.0266 5
    endloop
  endfacet
  facet normal -0.125276 0.992122 0
    outer loop
      vertex 43.0942 17.003 5
      vertex 43.2811 17.0266 0
      vertex 43.0942 17.003 0
    endloop
  endfacet
  facet normal -0.368278 0.929716 0
    outer loop
      vertex 43.6387 17.1428 0
      vertex 43.4635 17.0734 5
      vertex 43.6387 17.1428 5
    endloop
  endfacet
  facet normal -0.368278 0.929716 0
    outer loop
      vertex 43.4635 17.0734 5
      vertex 43.6387 17.1428 0
      vertex 43.4635 17.0734 0
    endloop
  endfacet
  facet normal 0.77061 0.637307 0
    outer loop
      vertex 33.9065 17.4732 5
      vertex 33.7865 17.6183 0
      vertex 33.7865 17.6183 5
    endloop
  endfacet
  facet normal 0.77061 0.637307 0
    outer loop
      vertex 33.7865 17.6183 0
      vertex 33.9065 17.4732 5
      vertex 33.9065 17.4732 0
    endloop
  endfacet
  facet normal 0.481715 0.876328 -0
    outer loop
      vertex 34.3613 17.1428 0
      vertex 34.1963 17.2335 5
      vertex 34.3613 17.1428 5
    endloop
  endfacet
  facet normal 0.481715 0.876328 0
    outer loop
      vertex 34.1963 17.2335 5
      vertex 34.3613 17.1428 0
      vertex 34.1963 17.2335 0
    endloop
  endfacet
  facet normal -0.951096 -0.308894 0
    outer loop
      vertex 44.4529 28.873 0
      vertex 44.3947 29.0522 5
      vertex 44.3947 29.0522 0
    endloop
  endfacet
  facet normal -0.951096 -0.308894 0
    outer loop
      vertex 44.3947 29.0522 5
      vertex 44.4529 28.873 0
      vertex 44.4529 28.873 5
    endloop
  endfacet
  facet normal -0.77061 -0.637307 0
    outer loop
      vertex 44.2135 29.3817 0
      vertex 44.0935 29.5268 5
      vertex 44.0935 29.5268 0
    endloop
  endfacet
  facet normal -0.77061 -0.637307 0
    outer loop
      vertex 44.0935 29.5268 5
      vertex 44.2135 29.3817 0
      vertex 44.2135 29.3817 5
    endloop
  endfacet
  facet normal -0.844251 -0.535948 0
    outer loop
      vertex 44.3145 29.2226 0
      vertex 44.2135 29.3817 5
      vertex 44.2135 29.3817 0
    endloop
  endfacet
  facet normal -0.844251 -0.535948 0
    outer loop
      vertex 44.2135 29.3817 5
      vertex 44.3145 29.2226 0
      vertex 44.3145 29.2226 5
    endloop
  endfacet
  facet normal -0.481715 -0.876328 0
    outer loop
      vertex 43.6387 29.8572 0
      vertex 43.8037 29.7665 5
      vertex 43.6387 29.8572 5
    endloop
  endfacet
  facet normal -0.481715 -0.876328 -0
    outer loop
      vertex 43.8037 29.7665 5
      vertex 43.6387 29.8572 0
      vertex 43.8037 29.7665 0
    endloop
  endfacet
  facet normal -0.587698 -0.80908 0
    outer loop
      vertex 43.8037 29.7665 0
      vertex 43.9561 29.6558 5
      vertex 43.8037 29.7665 5
    endloop
  endfacet
  facet normal -0.587698 -0.80908 -0
    outer loop
      vertex 43.9561 29.6558 5
      vertex 43.8037 29.7665 0
      vertex 43.9561 29.6558 0
    endloop
  endfacet
  facet normal -0.248529 0.968625 0
    outer loop
      vertex 43.4635 17.0734 0
      vertex 43.2811 17.0266 5
      vertex 43.4635 17.0734 5
    endloop
  endfacet
  facet normal -0.248529 0.968625 0
    outer loop
      vertex 43.2811 17.0266 5
      vertex 43.4635 17.0734 0
      vertex 43.2811 17.0266 0
    endloop
  endfacet
  facet normal -0.481715 0.876328 0
    outer loop
      vertex 43.8037 17.2335 0
      vertex 43.6387 17.1428 5
      vertex 43.8037 17.2335 5
    endloop
  endfacet
  facet normal -0.481715 0.876328 0
    outer loop
      vertex 43.6387 17.1428 5
      vertex 43.8037 17.2335 0
      vertex 43.6387 17.1428 0
    endloop
  endfacet
  facet normal 1 -0 0
    outer loop
      vertex 17 7 5
      vertex 17 15 0
      vertex 17 15 5
    endloop
  endfacet
  facet normal 1 0 0
    outer loop
      vertex 17 15 0
      vertex 17 7 5
      vertex 17 7 0
    endloop
  endfacet
  facet normal -0.684329 0.729173 0
    outer loop
      vertex 29.5935 5.97318 0
      vertex 29.4561 5.84423 5
      vertex 29.5935 5.97318 5
    endloop
  endfacet
  facet normal -0.684329 0.729173 0
    outer loop
      vertex 29.4561 5.84423 5
      vertex 29.5935 5.97318 0
      vertex 29.4561 5.84423 0
    endloop
  endfacet
  facet normal 0 1 -0
    outer loop
      vertex 28.5942 5.50296 0
      vertex 18.4058 5.50296 5
      vertex 28.5942 5.50296 5
    endloop
  endfacet
  facet normal 0 1 0
    outer loop
      vertex 18.4058 5.50296 5
      vertex 28.5942 5.50296 0
      vertex 18.4058 5.50296 0
    endloop
  endfacet
  facet normal 0.982278 -0.187429 0
    outer loop
      vertex 17.0118 15.188 5
      vertex 17.0471 15.373 0
      vertex 17.0471 15.373 5
    endloop
  endfacet
  facet normal 0.982278 -0.187429 0
    outer loop
      vertex 17.0471 15.373 0
      vertex 17.0118 15.188 5
      vertex 17.0118 15.188 0
    endloop
  endfacet
  facet normal 0.998036 -0.0626427 0
    outer loop
      vertex 17 15 5
      vertex 17.0118 15.188 0
      vertex 17.0118 15.188 5
    endloop
  endfacet
  facet normal 0.998036 -0.0626427 0
    outer loop
      vertex 17.0118 15.188 0
      vertex 17 15 5
      vertex 17 15 0
    endloop
  endfacet
  facet normal 0 -1 0
    outer loop
      vertex 18.4058 16.497 0
      vertex 28.5942 16.497 5
      vertex 18.4058 16.497 5
    endloop
  endfacet
  facet normal 0 -1 -0
    outer loop
      vertex 28.5942 16.497 5
      vertex 18.4058 16.497 0
      vertex 28.5942 16.497 0
    endloop
  endfacet
  facet normal 0.68447 -0.729041 0
    outer loop
      vertex 17.4065 16.0268 0
      vertex 17.5439 16.1558 5
      vertex 17.4065 16.0268 5
    endloop
  endfacet
  facet normal 0.68447 -0.729041 0
    outer loop
      vertex 17.5439 16.1558 5
      vertex 17.4065 16.0268 0
      vertex 17.5439 16.1558 0
    endloop
  endfacet
  facet normal -1 0 0
    outer loop
      vertex 30 7 0
      vertex 30 15 5
      vertex 30 15 0
    endloop
  endfacet
  facet normal -1 -0 0
    outer loop
      vertex 30 15 5
      vertex 30 7 0
      vertex 30 7 5
    endloop
  endfacet
  facet normal 0.684329 0.729173 -0
    outer loop
      vertex 17.5439 5.84423 0
      vertex 17.4065 5.97318 5
      vertex 17.5439 5.84423 5
    endloop
  endfacet
  facet normal 0.684329 0.729173 0
    outer loop
      vertex 17.4065 5.97318 5
      vertex 17.5439 5.84423 0
      vertex 17.4065 5.97318 0
    endloop
  endfacet
  facet normal 0.844251 -0.535948 0
    outer loop
      vertex 17.1855 15.7226 5
      vertex 17.2865 15.8817 0
      vertex 17.2865 15.8817 5
    endloop
  endfacet
  facet normal 0.844251 -0.535948 0
    outer loop
      vertex 17.2865 15.8817 0
      vertex 17.1855 15.7226 5
      vertex 17.1855 15.7226 0
    endloop
  endfacet
  facet normal 0.368278 -0.929716 0
    outer loop
      vertex 17.8613 16.3572 0
      vertex 18.0365 16.4266 5
      vertex 17.8613 16.3572 5
    endloop
  endfacet
  facet normal 0.368278 -0.929716 0
    outer loop
      vertex 18.0365 16.4266 5
      vertex 17.8613 16.3572 0
      vertex 18.0365 16.4266 0
    endloop
  endfacet
  facet normal -0.125276 -0.992122 0
    outer loop
      vertex 28.5942 16.497 0
      vertex 28.7811 16.4734 5
      vertex 28.5942 16.497 5
    endloop
  endfacet
  facet normal -0.125276 -0.992122 -0
    outer loop
      vertex 28.7811 16.4734 5
      vertex 28.5942 16.497 0
      vertex 28.7811 16.4734 0
    endloop
  endfacet
  facet normal -0.587768 0.80903 0
    outer loop
      vertex 29.4561 5.84423 0
      vertex 29.3037 5.73351 5
      vertex 29.4561 5.84423 5
    endloop
  endfacet
  facet normal -0.587768 0.80903 0
    outer loop
      vertex 29.3037 5.73351 5
      vertex 29.4561 5.84423 0
      vertex 29.3037 5.73351 0
    endloop
  endfacet
  facet normal -0.125328 0.992115 0
    outer loop
      vertex 28.7811 5.52657 0
      vertex 28.5942 5.50296 5
      vertex 28.7811 5.52657 5
    endloop
  endfacet
  facet normal -0.125328 0.992115 0
    outer loop
      vertex 28.5942 5.50296 5
      vertex 28.7811 5.52657 0
      vertex 28.5942 5.50296 0
    endloop
  endfacet
  facet normal -0.998036 -0.0626427 0
    outer loop
      vertex 30 15 0
      vertex 29.9882 15.188 5
      vertex 29.9882 15.188 0
    endloop
  endfacet
  facet normal -0.998036 -0.0626427 0
    outer loop
      vertex 29.9882 15.188 5
      vertex 30 15 0
      vertex 30 15 5
    endloop
  endfacet
  facet normal 0.904795 -0.425848 0
    outer loop
      vertex 17.1053 15.5522 5
      vertex 17.1855 15.7226 0
      vertex 17.1855 15.7226 5
    endloop
  endfacet
  facet normal 0.904795 -0.425848 0
    outer loop
      vertex 17.1855 15.7226 0
      vertex 17.1053 15.5522 5
      vertex 17.1053 15.5522 0
    endloop
  endfacet
  facet normal 0.951096 -0.308894 0
    outer loop
      vertex 17.0471 15.373 5
      vertex 17.1053 15.5522 0
      vertex 17.1053 15.5522 5
    endloop
  endfacet
  facet normal 0.951096 -0.308894 0
    outer loop
      vertex 17.1053 15.5522 0
      vertex 17.0471 15.373 5
      vertex 17.0471 15.373 0
    endloop
  endfacet
  facet normal 0.77061 -0.637307 0
    outer loop
      vertex 17.2865 15.8817 5
      vertex 17.4065 16.0268 0
      vertex 17.4065 16.0268 5
    endloop
  endfacet
  facet normal 0.77061 -0.637307 0
    outer loop
      vertex 17.4065 16.0268 0
      vertex 17.2865 15.8817 5
      vertex 17.2865 15.8817 0
    endloop
  endfacet
  facet normal 0.587698 -0.80908 0
    outer loop
      vertex 17.5439 16.1558 0
      vertex 17.6963 16.2665 5
      vertex 17.5439 16.1558 5
    endloop
  endfacet
  facet normal 0.587698 -0.80908 0
    outer loop
      vertex 17.6963 16.2665 5
      vertex 17.5439 16.1558 0
      vertex 17.6963 16.2665 0
    endloop
  endfacet
  facet normal 0.125276 -0.992122 0
    outer loop
      vertex 18.2189 16.4734 0
      vertex 18.4058 16.497 5
      vertex 18.2189 16.4734 5
    endloop
  endfacet
  facet normal 0.125276 -0.992122 0
    outer loop
      vertex 18.4058 16.497 5
      vertex 18.2189 16.4734 0
      vertex 18.4058 16.497 0
    endloop
  endfacet
  facet normal 0.481715 -0.876328 0
    outer loop
      vertex 17.6963 16.2665 0
      vertex 17.8613 16.3572 5
      vertex 17.6963 16.2665 5
    endloop
  endfacet
  facet normal 0.481715 -0.876328 0
    outer loop
      vertex 17.8613 16.3572 5
      vertex 17.6963 16.2665 0
      vertex 17.8613 16.3572 0
    endloop
  endfacet
  facet normal -0.68447 -0.729041 0
    outer loop
      vertex 29.4561 16.1558 0
      vertex 29.5935 16.0268 5
      vertex 29.4561 16.1558 5
    endloop
  endfacet
  facet normal -0.68447 -0.729041 -0
    outer loop
      vertex 29.5935 16.0268 5
      vertex 29.4561 16.1558 0
      vertex 29.5935 16.0268 0
    endloop
  endfacet
  facet normal -0.368048 0.929807 0
    outer loop
      vertex 29.1387 5.64276 0
      vertex 28.9635 5.57341 5
      vertex 29.1387 5.64276 5
    endloop
  endfacet
  facet normal -0.368048 0.929807 0
    outer loop
      vertex 28.9635 5.57341 5
      vertex 29.1387 5.64276 0
      vertex 28.9635 5.57341 0
    endloop
  endfacet
  facet normal -0.904833 0.425766 0
    outer loop
      vertex 29.8145 6.27737 0
      vertex 29.8947 6.44781 5
      vertex 29.8947 6.44781 0
    endloop
  endfacet
  facet normal -0.904833 0.425766 0
    outer loop
      vertex 29.8947 6.44781 5
      vertex 29.8145 6.27737 0
      vertex 29.8145 6.27737 5
    endloop
  endfacet
  facet normal -0.998036 0.0626427 0
    outer loop
      vertex 29.9882 6.812 0
      vertex 30 7 5
      vertex 30 7 0
    endloop
  endfacet
  facet normal -0.998036 0.0626427 0
    outer loop
      vertex 30 7 5
      vertex 29.9882 6.812 0
      vertex 29.9882 6.812 5
    endloop
  endfacet
  facet normal 0.125328 0.992115 -0
    outer loop
      vertex 18.4058 5.50296 0
      vertex 18.2189 5.52657 5
      vertex 18.4058 5.50296 5
    endloop
  endfacet
  facet normal 0.125328 0.992115 0
    outer loop
      vertex 18.2189 5.52657 5
      vertex 18.4058 5.50296 0
      vertex 18.2189 5.52657 0
    endloop
  endfacet
  facet normal 0.904833 0.425766 0
    outer loop
      vertex 17.1855 6.27737 5
      vertex 17.1053 6.44781 0
      vertex 17.1053 6.44781 5
    endloop
  endfacet
  facet normal 0.904833 0.425766 0
    outer loop
      vertex 17.1053 6.44781 0
      vertex 17.1855 6.27737 5
      vertex 17.1855 6.27737 0
    endloop
  endfacet
  facet normal 0.368048 0.929807 -0
    outer loop
      vertex 18.0365 5.57341 0
      vertex 17.8613 5.64276 5
      vertex 18.0365 5.57341 5
    endloop
  endfacet
  facet normal 0.368048 0.929807 0
    outer loop
      vertex 17.8613 5.64276 5
      vertex 18.0365 5.57341 0
      vertex 17.8613 5.64276 0
    endloop
  endfacet
  facet normal 0.248728 0.968573 -0
    outer loop
      vertex 18.2189 5.52657 0
      vertex 18.0365 5.57341 5
      vertex 18.2189 5.52657 5
    endloop
  endfacet
  facet normal 0.248728 0.968573 0
    outer loop
      vertex 18.0365 5.57341 5
      vertex 18.2189 5.52657 0
      vertex 18.0365 5.57341 0
    endloop
  endfacet
  facet normal 0.248529 -0.968625 0
    outer loop
      vertex 18.0365 16.4266 0
      vertex 18.2189 16.4734 5
      vertex 18.0365 16.4266 5
    endloop
  endfacet
  facet normal 0.248529 -0.968625 0
    outer loop
      vertex 18.2189 16.4734 5
      vertex 18.0365 16.4266 0
      vertex 18.2189 16.4734 0
    endloop
  endfacet
  facet normal -0.248529 -0.968625 0
    outer loop
      vertex 28.7811 16.4734 0
      vertex 28.9635 16.4266 5
      vertex 28.7811 16.4734 5
    endloop
  endfacet
  facet normal -0.248529 -0.968625 -0
    outer loop
      vertex 28.9635 16.4266 5
      vertex 28.7811 16.4734 0
      vertex 28.9635 16.4266 0
    endloop
  endfacet
  facet normal -0.368278 -0.929716 0
    outer loop
      vertex 28.9635 16.4266 0
      vertex 29.1387 16.3572 5
      vertex 28.9635 16.4266 5
    endloop
  endfacet
  facet normal -0.368278 -0.929716 -0
    outer loop
      vertex 29.1387 16.3572 5
      vertex 28.9635 16.4266 0
      vertex 29.1387 16.3572 0
    endloop
  endfacet
  facet normal -0.904795 -0.425848 0
    outer loop
      vertex 29.8947 15.5522 0
      vertex 29.8145 15.7226 5
      vertex 29.8145 15.7226 0
    endloop
  endfacet
  facet normal -0.904795 -0.425848 0
    outer loop
      vertex 29.8145 15.7226 5
      vertex 29.8947 15.5522 0
      vertex 29.8947 15.5522 5
    endloop
  endfacet
  facet normal -0.982278 -0.187429 0
    outer loop
      vertex 29.9882 15.188 0
      vertex 29.9529 15.373 5
      vertex 29.9529 15.373 0
    endloop
  endfacet
  facet normal -0.982278 -0.187429 0
    outer loop
      vertex 29.9529 15.373 5
      vertex 29.9882 15.188 0
      vertex 29.9882 15.188 5
    endloop
  endfacet
  facet normal -0.481919 0.876216 0
    outer loop
      vertex 29.3037 5.73351 0
      vertex 29.1387 5.64276 5
      vertex 29.3037 5.73351 5
    endloop
  endfacet
  facet normal -0.481919 0.876216 0
    outer loop
      vertex 29.1387 5.64276 5
      vertex 29.3037 5.73351 0
      vertex 29.1387 5.64276 0
    endloop
  endfacet
  facet normal -0.248728 0.968573 0
    outer loop
      vertex 28.9635 5.57341 0
      vertex 28.7811 5.52657 5
      vertex 28.9635 5.57341 5
    endloop
  endfacet
  facet normal -0.248728 0.968573 0
    outer loop
      vertex 28.7811 5.52657 5
      vertex 28.9635 5.57341 0
      vertex 28.7811 5.52657 0
    endloop
  endfacet
  facet normal -0.982286 0.18739 0
    outer loop
      vertex 29.9529 6.62696 0
      vertex 29.9882 6.812 5
      vertex 29.9882 6.812 0
    endloop
  endfacet
  facet normal -0.982286 0.18739 0
    outer loop
      vertex 29.9882 6.812 5
      vertex 29.9529 6.62696 0
      vertex 29.9529 6.62696 5
    endloop
  endfacet
  facet normal -0.844175 0.536068 0
    outer loop
      vertex 29.7135 6.11832 0
      vertex 29.8145 6.27737 5
      vertex 29.8145 6.27737 0
    endloop
  endfacet
  facet normal -0.844175 0.536068 0
    outer loop
      vertex 29.8145 6.27737 5
      vertex 29.7135 6.11832 0
      vertex 29.7135 6.11832 5
    endloop
  endfacet
  facet normal -0.770696 0.637202 0
    outer loop
      vertex 29.5935 5.97318 0
      vertex 29.7135 6.11832 5
      vertex 29.7135 6.11832 0
    endloop
  endfacet
  facet normal -0.770696 0.637202 0
    outer loop
      vertex 29.7135 6.11832 5
      vertex 29.5935 5.97318 0
      vertex 29.5935 5.97318 5
    endloop
  endfacet
  facet normal 0.770696 0.637202 0
    outer loop
      vertex 17.4065 5.97318 5
      vertex 17.2865 6.11832 0
      vertex 17.2865 6.11832 5
    endloop
  endfacet
  facet normal 0.770696 0.637202 0
    outer loop
      vertex 17.2865 6.11832 0
      vertex 17.4065 5.97318 5
      vertex 17.4065 5.97318 0
    endloop
  endfacet
  facet normal 0.844175 0.536068 0
    outer loop
      vertex 17.2865 6.11832 5
      vertex 17.1855 6.27737 0
      vertex 17.1855 6.27737 5
    endloop
  endfacet
  facet normal 0.844175 0.536068 0
    outer loop
      vertex 17.1855 6.27737 0
      vertex 17.2865 6.11832 5
      vertex 17.2865 6.11832 0
    endloop
  endfacet
  facet normal -0.481715 -0.876328 0
    outer loop
      vertex 29.1387 16.3572 0
      vertex 29.3037 16.2665 5
      vertex 29.1387 16.3572 5
    endloop
  endfacet
  facet normal -0.481715 -0.876328 -0
    outer loop
      vertex 29.3037 16.2665 5
      vertex 29.1387 16.3572 0
      vertex 29.3037 16.2665 0
    endloop
  endfacet
  facet normal -0.587698 -0.80908 0
    outer loop
      vertex 29.3037 16.2665 0
      vertex 29.4561 16.1558 5
      vertex 29.3037 16.2665 5
    endloop
  endfacet
  facet normal -0.587698 -0.80908 -0
    outer loop
      vertex 29.4561 16.1558 5
      vertex 29.3037 16.2665 0
      vertex 29.4561 16.1558 0
    endloop
  endfacet
  facet normal -0.77061 -0.637307 0
    outer loop
      vertex 29.7135 15.8817 0
      vertex 29.5935 16.0268 5
      vertex 29.5935 16.0268 0
    endloop
  endfacet
  facet normal -0.77061 -0.637307 0
    outer loop
      vertex 29.5935 16.0268 5
      vertex 29.7135 15.8817 0
      vertex 29.7135 15.8817 5
    endloop
  endfacet
  facet normal -0.844251 -0.535948 0
    outer loop
      vertex 29.8145 15.7226 0
      vertex 29.7135 15.8817 5
      vertex 29.7135 15.8817 0
    endloop
  endfacet
  facet normal -0.844251 -0.535948 0
    outer loop
      vertex 29.7135 15.8817 5
      vertex 29.8145 15.7226 0
      vertex 29.8145 15.7226 5
    endloop
  endfacet
  facet normal -0.951096 -0.308894 0
    outer loop
      vertex 29.9529 15.373 0
      vertex 29.8947 15.5522 5
      vertex 29.8947 15.5522 0
    endloop
  endfacet
  facet normal -0.951096 -0.308894 0
    outer loop
      vertex 29.8947 15.5522 5
      vertex 29.9529 15.373 0
      vertex 29.9529 15.373 5
    endloop
  endfacet
  facet normal -0.951071 0.308972 0
    outer loop
      vertex 29.8947 6.44781 0
      vertex 29.9529 6.62696 5
      vertex 29.9529 6.62696 0
    endloop
  endfacet
  facet normal -0.951071 0.308972 0
    outer loop
      vertex 29.9529 6.62696 5
      vertex 29.8947 6.44781 0
      vertex 29.8947 6.44781 5
    endloop
  endfacet
  facet normal 0.481919 0.876216 -0
    outer loop
      vertex 17.8613 5.64276 0
      vertex 17.6963 5.73351 5
      vertex 17.8613 5.64276 5
    endloop
  endfacet
  facet normal 0.481919 0.876216 0
    outer loop
      vertex 17.6963 5.73351 5
      vertex 17.8613 5.64276 0
      vertex 17.6963 5.73351 0
    endloop
  endfacet
  facet normal 0.587768 0.80903 -0
    outer loop
      vertex 17.6963 5.73351 0
      vertex 17.5439 5.84423 5
      vertex 17.6963 5.73351 5
    endloop
  endfacet
  facet normal 0.587768 0.80903 0
    outer loop
      vertex 17.5439 5.84423 5
      vertex 17.6963 5.73351 0
      vertex 17.5439 5.84423 0
    endloop
  endfacet
  facet normal 0.982286 0.18739 0
    outer loop
      vertex 17.0471 6.62696 5
      vertex 17.0118 6.812 0
      vertex 17.0118 6.812 5
    endloop
  endfacet
  facet normal 0.982286 0.18739 0
    outer loop
      vertex 17.0118 6.812 0
      vertex 17.0471 6.62696 5
      vertex 17.0471 6.62696 0
    endloop
  endfacet
  facet normal 0.998036 0.0626427 0
    outer loop
      vertex 17.0118 6.812 5
      vertex 17 7 0
      vertex 17 7 5
    endloop
  endfacet
  facet normal 0.998036 0.0626427 0
    outer loop
      vertex 17 7 0
      vertex 17.0118 6.812 5
      vertex 17.0118 6.812 0
    endloop
  endfacet
  facet normal 0.951071 0.308972 0
    outer loop
      vertex 17.1053 6.44781 5
      vertex 17.0471 6.62696 0
      vertex 17.0471 6.62696 5
    endloop
  endfacet
  facet normal 0.951071 0.308972 0
    outer loop
      vertex 17.0471 6.62696 0
      vertex 17.1053 6.44781 5
      vertex 17.1053 6.44781 0
    endloop
  endfacet
  facet normal 1 -0 0
    outer loop
      vertex 5.5 21.5 5
      vertex 5.5 31.5 0
      vertex 5.5 31.5 5
    endloop
  endfacet
  facet normal 1 0 0
    outer loop
      vertex 5.5 31.5 0
      vertex 5.5 21.5 5
      vertex 5.5 21.5 0
    endloop
  endfacet
  facet normal -1 0 0
    outer loop
      vertex 16.5 21.5 0
      vertex 16.5 31.5 5
      vertex 16.5 31.5 0
    endloop
  endfacet
  facet normal -1 -0 0
    outer loop
      vertex 16.5 31.5 5
      vertex 16.5 21.5 0
      vertex 16.5 21.5 5
    endloop
  endfacet
  facet normal 0.998026 -0.0628013 0
    outer loop
      vertex 5.5 31.5 5
      vertex 5.51183 31.688 0
      vertex 5.51183 31.688 5
    endloop
  endfacet
  facet normal 0.998026 -0.0628013 0
    outer loop
      vertex 5.51183 31.688 0
      vertex 5.5 31.5 5
      vertex 5.5 31.5 0
    endloop
  endfacet
  facet normal 0.844419 -0.535683 0
    outer loop
      vertex 5.68554 32.2226 5
      vertex 5.78647 32.3817 0
      vertex 5.78647 32.3817 5
    endloop
  endfacet
  facet normal 0.844419 -0.535683 0
    outer loop
      vertex 5.78647 32.3817 0
      vertex 5.68554 32.2226 5
      vertex 5.68554 32.2226 0
    endloop
  endfacet
  facet normal 0 -1 0
    outer loop
      vertex 6.90581 32.997 0
      vertex 15.0942 32.997 5
      vertex 6.90581 32.997 5
    endloop
  endfacet
  facet normal 0 -1 -0
    outer loop
      vertex 15.0942 32.997 5
      vertex 6.90581 32.997 0
      vertex 15.0942 32.997 0
    endloop
  endfacet
  facet normal 0.982288 -0.187378 0
    outer loop
      vertex 5.51183 31.688 5
      vertex 5.54712 31.873 0
      vertex 5.54712 31.873 5
    endloop
  endfacet
  facet normal 0.982288 -0.187378 0
    outer loop
      vertex 5.54712 31.873 0
      vertex 5.51183 31.688 5
      vertex 5.51183 31.688 0
    endloop
  endfacet
  facet normal 0.951065 -0.30899 0
    outer loop
      vertex 5.54712 31.873 5
      vertex 5.60534 32.0522 0
      vertex 5.60534 32.0522 5
    endloop
  endfacet
  facet normal 0.951065 -0.30899 0
    outer loop
      vertex 5.60534 32.0522 0
      vertex 5.54712 31.873 5
      vertex 5.54712 31.873 0
    endloop
  endfacet
  facet normal 0.684709 -0.728817 0
    outer loop
      vertex 5.90655 32.5268 0
      vertex 6.04386 32.6558 5
      vertex 5.90655 32.5268 5
    endloop
  endfacet
  facet normal 0.684709 -0.728817 0
    outer loop
      vertex 6.04386 32.6558 5
      vertex 5.90655 32.5268 0
      vertex 6.04386 32.6558 0
    endloop
  endfacet
  facet normal 0.248452 -0.968644 0
    outer loop
      vertex 6.53647 32.9266 0
      vertex 6.71893 32.9734 5
      vertex 6.53647 32.9266 5
    endloop
  endfacet
  facet normal 0.248452 -0.968644 0
    outer loop
      vertex 6.71893 32.9734 5
      vertex 6.53647 32.9266 0
      vertex 6.71893 32.9734 0
    endloop
  endfacet
  facet normal -0.982278 -0.187429 0
    outer loop
      vertex 16.4882 31.688 0
      vertex 16.4529 31.873 5
      vertex 16.4529 31.873 0
    endloop
  endfacet
  facet normal -0.982278 -0.187429 0
    outer loop
      vertex 16.4529 31.873 5
      vertex 16.4882 31.688 0
      vertex 16.4882 31.688 5
    endloop
  endfacet
  facet normal -0.68447 0.729041 0
    outer loop
      vertex 16.0935 20.4732 0
      vertex 15.9561 20.3442 5
      vertex 16.0935 20.4732 5
    endloop
  endfacet
  facet normal -0.68447 0.729041 0
    outer loop
      vertex 15.9561 20.3442 5
      vertex 16.0935 20.4732 0
      vertex 15.9561 20.3442 0
    endloop
  endfacet
  facet normal -0.998036 -0.0626427 0
    outer loop
      vertex 16.5 31.5 0
      vertex 16.4882 31.688 5
      vertex 16.4882 31.688 0
    endloop
  endfacet
  facet normal -0.998036 -0.0626427 0
    outer loop
      vertex 16.4882 31.688 5
      vertex 16.5 31.5 0
      vertex 16.5 31.5 5
    endloop
  endfacet
  facet normal -0.982278 0.187429 0
    outer loop
      vertex 16.4529 21.127 0
      vertex 16.4882 21.312 5
      vertex 16.4882 21.312 0
    endloop
  endfacet
  facet normal -0.982278 0.187429 0
    outer loop
      vertex 16.4882 21.312 5
      vertex 16.4529 21.127 0
      vertex 16.4529 21.127 5
    endloop
  endfacet
  facet normal -0.844251 0.535948 0
    outer loop
      vertex 16.2135 20.6183 0
      vertex 16.3145 20.7774 5
      vertex 16.3145 20.7774 0
    endloop
  endfacet
  facet normal -0.844251 0.535948 0
    outer loop
      vertex 16.3145 20.7774 5
      vertex 16.2135 20.6183 0
      vertex 16.2135 20.6183 5
    endloop
  endfacet
  facet normal 0.998026 0.0628013 0
    outer loop
      vertex 5.51183 21.312 5
      vertex 5.5 21.5 0
      vertex 5.5 21.5 5
    endloop
  endfacet
  facet normal 0.998026 0.0628013 0
    outer loop
      vertex 5.5 21.5 0
      vertex 5.51183 21.312 5
      vertex 5.51183 21.312 0
    endloop
  endfacet
  facet normal 0.951065 0.30899 0
    outer loop
      vertex 5.60534 20.9478 5
      vertex 5.54712 21.127 0
      vertex 5.54712 21.127 5
    endloop
  endfacet
  facet normal 0.951065 0.30899 0
    outer loop
      vertex 5.54712 21.127 0
      vertex 5.60534 20.9478 5
      vertex 5.60534 20.9478 0
    endloop
  endfacet
  facet normal 0.684709 0.728817 -0
    outer loop
      vertex 6.04386 20.3442 0
      vertex 5.90655 20.4732 5
      vertex 6.04386 20.3442 5
    endloop
  endfacet
  facet normal 0.684709 0.728817 0
    outer loop
      vertex 5.90655 20.4732 5
      vertex 6.04386 20.3442 0
      vertex 5.90655 20.4732 0
    endloop
  endfacet
  facet normal 0.587698 0.80908 -0
    outer loop
      vertex 6.19626 20.2335 0
      vertex 6.04386 20.3442 5
      vertex 6.19626 20.2335 5
    endloop
  endfacet
  facet normal 0.587698 0.80908 0
    outer loop
      vertex 6.04386 20.3442 5
      vertex 6.19626 20.2335 0
      vertex 6.04386 20.3442 0
    endloop
  endfacet
  facet normal 0.248452 0.968644 -0
    outer loop
      vertex 6.71893 20.0266 0
      vertex 6.53647 20.0734 5
      vertex 6.71893 20.0266 5
    endloop
  endfacet
  facet normal 0.248452 0.968644 0
    outer loop
      vertex 6.53647 20.0734 5
      vertex 6.71893 20.0266 0
      vertex 6.53647 20.0734 0
    endloop
  endfacet
  facet normal 0.587698 -0.80908 0
    outer loop
      vertex 6.04386 32.6558 0
      vertex 6.19626 32.7665 5
      vertex 6.04386 32.6558 5
    endloop
  endfacet
  facet normal 0.587698 -0.80908 0
    outer loop
      vertex 6.19626 32.7665 5
      vertex 6.04386 32.6558 0
      vertex 6.19626 32.7665 0
    endloop
  endfacet
  facet normal 0.368387 -0.929673 0
    outer loop
      vertex 6.36133 32.8572 0
      vertex 6.53647 32.9266 5
      vertex 6.36133 32.8572 5
    endloop
  endfacet
  facet normal 0.368387 -0.929673 0
    outer loop
      vertex 6.53647 32.9266 5
      vertex 6.36133 32.8572 0
      vertex 6.53647 32.9266 0
    endloop
  endfacet
  facet normal 0.125289 -0.99212 0
    outer loop
      vertex 6.71893 32.9734 0
      vertex 6.90581 32.997 5
      vertex 6.71893 32.9734 5
    endloop
  endfacet
  facet normal 0.125289 -0.99212 0
    outer loop
      vertex 6.90581 32.997 5
      vertex 6.71893 32.9734 0
      vertex 6.90581 32.997 0
    endloop
  endfacet
  facet normal -0.125276 -0.992122 0
    outer loop
      vertex 15.0942 32.997 0
      vertex 15.2811 32.9734 5
      vertex 15.0942 32.997 5
    endloop
  endfacet
  facet normal -0.125276 -0.992122 -0
    outer loop
      vertex 15.2811 32.9734 5
      vertex 15.0942 32.997 0
      vertex 15.2811 32.9734 0
    endloop
  endfacet
  facet normal -0.248529 -0.968625 0
    outer loop
      vertex 15.2811 32.9734 0
      vertex 15.4635 32.9266 5
      vertex 15.2811 32.9734 5
    endloop
  endfacet
  facet normal -0.248529 -0.968625 -0
    outer loop
      vertex 15.4635 32.9266 5
      vertex 15.2811 32.9734 0
      vertex 15.4635 32.9266 0
    endloop
  endfacet
  facet normal -0.368278 -0.929716 0
    outer loop
      vertex 15.4635 32.9266 0
      vertex 15.6387 32.8572 5
      vertex 15.4635 32.9266 5
    endloop
  endfacet
  facet normal -0.368278 -0.929716 -0
    outer loop
      vertex 15.6387 32.8572 5
      vertex 15.4635 32.9266 0
      vertex 15.6387 32.8572 0
    endloop
  endfacet
  facet normal -0.368278 0.929716 0
    outer loop
      vertex 15.6387 20.1428 0
      vertex 15.4635 20.0734 5
      vertex 15.6387 20.1428 5
    endloop
  endfacet
  facet normal -0.368278 0.929716 0
    outer loop
      vertex 15.4635 20.0734 5
      vertex 15.6387 20.1428 0
      vertex 15.4635 20.0734 0
    endloop
  endfacet
  facet normal -0.587698 0.80908 0
    outer loop
      vertex 15.9561 20.3442 0
      vertex 15.8037 20.2335 5
      vertex 15.9561 20.3442 5
    endloop
  endfacet
  facet normal -0.587698 0.80908 0
    outer loop
      vertex 15.8037 20.2335 5
      vertex 15.9561 20.3442 0
      vertex 15.8037 20.2335 0
    endloop
  endfacet
  facet normal -0.998036 0.0626427 0
    outer loop
      vertex 16.4882 21.312 0
      vertex 16.5 21.5 5
      vertex 16.5 21.5 0
    endloop
  endfacet
  facet normal -0.998036 0.0626427 0
    outer loop
      vertex 16.5 21.5 5
      vertex 16.4882 21.312 0
      vertex 16.4882 21.312 5
    endloop
  endfacet
  facet normal 0.904795 0.425848 0
    outer loop
      vertex 5.68554 20.7774 5
      vertex 5.60534 20.9478 0
      vertex 5.60534 20.9478 5
    endloop
  endfacet
  facet normal 0.904795 0.425848 0
    outer loop
      vertex 5.60534 20.9478 0
      vertex 5.68554 20.7774 5
      vertex 5.68554 20.7774 0
    endloop
  endfacet
  facet normal 0.844419 0.535683 0
    outer loop
      vertex 5.78647 20.6183 5
      vertex 5.68554 20.7774 0
      vertex 5.68554 20.7774 5
    endloop
  endfacet
  facet normal 0.844419 0.535683 0
    outer loop
      vertex 5.68554 20.7774 0
      vertex 5.78647 20.6183 5
      vertex 5.78647 20.6183 0
    endloop
  endfacet
  facet normal 0.368387 0.929673 -0
    outer loop
      vertex 6.53647 20.0734 0
      vertex 6.36133 20.1428 5
      vertex 6.53647 20.0734 5
    endloop
  endfacet
  facet normal 0.368387 0.929673 0
    outer loop
      vertex 6.36133 20.1428 5
      vertex 6.53647 20.0734 0
      vertex 6.36133 20.1428 0
    endloop
  endfacet
  facet normal 0.125289 0.99212 -0
    outer loop
      vertex 6.90581 20.003 0
      vertex 6.71893 20.0266 5
      vertex 6.90581 20.003 5
    endloop
  endfacet
  facet normal 0.125289 0.99212 0
    outer loop
      vertex 6.71893 20.0266 5
      vertex 6.90581 20.003 0
      vertex 6.71893 20.0266 0
    endloop
  endfacet
  facet normal 0 1 -0
    outer loop
      vertex 15.0942 20.003 0
      vertex 6.90581 20.003 5
      vertex 15.0942 20.003 5
    endloop
  endfacet
  facet normal 0 1 0
    outer loop
      vertex 6.90581 20.003 5
      vertex 15.0942 20.003 0
      vertex 6.90581 20.003 0
    endloop
  endfacet
  facet normal 0.982288 0.187378 0
    outer loop
      vertex 5.54712 21.127 5
      vertex 5.51183 21.312 0
      vertex 5.51183 21.312 5
    endloop
  endfacet
  facet normal 0.982288 0.187378 0
    outer loop
      vertex 5.51183 21.312 0
      vertex 5.54712 21.127 5
      vertex 5.54712 21.127 0
    endloop
  endfacet
  facet normal 0.904795 -0.425848 0
    outer loop
      vertex 5.60534 32.0522 5
      vertex 5.68554 32.2226 0
      vertex 5.68554 32.2226 5
    endloop
  endfacet
  facet normal 0.904795 -0.425848 0
    outer loop
      vertex 5.68554 32.2226 0
      vertex 5.60534 32.0522 5
      vertex 5.60534 32.0522 0
    endloop
  endfacet
  facet normal 0.770402 -0.637559 0
    outer loop
      vertex 5.78647 32.3817 5
      vertex 5.90655 32.5268 0
      vertex 5.90655 32.5268 5
    endloop
  endfacet
  facet normal 0.770402 -0.637559 0
    outer loop
      vertex 5.90655 32.5268 0
      vertex 5.78647 32.3817 5
      vertex 5.78647 32.3817 0
    endloop
  endfacet
  facet normal 0.481558 -0.876414 0
    outer loop
      vertex 6.19626 32.7665 0
      vertex 6.36133 32.8572 5
      vertex 6.19626 32.7665 5
    endloop
  endfacet
  facet normal 0.481558 -0.876414 0
    outer loop
      vertex 6.36133 32.8572 5
      vertex 6.19626 32.7665 0
      vertex 6.36133 32.8572 0
    endloop
  endfacet
  facet normal -0.904795 -0.425848 0
    outer loop
      vertex 16.3947 32.0522 0
      vertex 16.3145 32.2226 5
      vertex 16.3145 32.2226 0
    endloop
  endfacet
  facet normal -0.904795 -0.425848 0
    outer loop
      vertex 16.3145 32.2226 5
      vertex 16.3947 32.0522 0
      vertex 16.3947 32.0522 5
    endloop
  endfacet
  facet normal -0.68447 -0.729041 0
    outer loop
      vertex 15.9561 32.6558 0
      vertex 16.0935 32.5268 5
      vertex 15.9561 32.6558 5
    endloop
  endfacet
  facet normal -0.68447 -0.729041 -0
    outer loop
      vertex 16.0935 32.5268 5
      vertex 15.9561 32.6558 0
      vertex 16.0935 32.5268 0
    endloop
  endfacet
  facet normal -0.481715 -0.876328 0
    outer loop
      vertex 15.6387 32.8572 0
      vertex 15.8037 32.7665 5
      vertex 15.6387 32.8572 5
    endloop
  endfacet
  facet normal -0.481715 -0.876328 -0
    outer loop
      vertex 15.8037 32.7665 5
      vertex 15.6387 32.8572 0
      vertex 15.8037 32.7665 0
    endloop
  endfacet
  facet normal -0.587698 -0.80908 0
    outer loop
      vertex 15.8037 32.7665 0
      vertex 15.9561 32.6558 5
      vertex 15.8037 32.7665 5
    endloop
  endfacet
  facet normal -0.587698 -0.80908 -0
    outer loop
      vertex 15.9561 32.6558 5
      vertex 15.8037 32.7665 0
      vertex 15.9561 32.6558 0
    endloop
  endfacet
  facet normal -0.125276 0.992122 0
    outer loop
      vertex 15.2811 20.0266 0
      vertex 15.0942 20.003 5
      vertex 15.2811 20.0266 5
    endloop
  endfacet
  facet normal -0.125276 0.992122 0
    outer loop
      vertex 15.0942 20.003 5
      vertex 15.2811 20.0266 0
      vertex 15.0942 20.003 0
    endloop
  endfacet
  facet normal -0.248529 0.968625 0
    outer loop
      vertex 15.4635 20.0734 0
      vertex 15.2811 20.0266 5
      vertex 15.4635 20.0734 5
    endloop
  endfacet
  facet normal -0.248529 0.968625 0
    outer loop
      vertex 15.2811 20.0266 5
      vertex 15.4635 20.0734 0
      vertex 15.2811 20.0266 0
    endloop
  endfacet
  facet normal -0.951096 0.308894 0
    outer loop
      vertex 16.3947 20.9478 0
      vertex 16.4529 21.127 5
      vertex 16.4529 21.127 0
    endloop
  endfacet
  facet normal -0.951096 0.308894 0
    outer loop
      vertex 16.4529 21.127 5
      vertex 16.3947 20.9478 0
      vertex 16.3947 20.9478 5
    endloop
  endfacet
  facet normal -0.904795 0.425848 0
    outer loop
      vertex 16.3145 20.7774 0
      vertex 16.3947 20.9478 5
      vertex 16.3947 20.9478 0
    endloop
  endfacet
  facet normal -0.904795 0.425848 0
    outer loop
      vertex 16.3947 20.9478 5
      vertex 16.3145 20.7774 0
      vertex 16.3145 20.7774 5
    endloop
  endfacet
  facet normal 0.770402 0.637559 0
    outer loop
      vertex 5.90655 20.4732 5
      vertex 5.78647 20.6183 0
      vertex 5.78647 20.6183 5
    endloop
  endfacet
  facet normal 0.770402 0.637559 0
    outer loop
      vertex 5.78647 20.6183 0
      vertex 5.90655 20.4732 5
      vertex 5.90655 20.4732 0
    endloop
  endfacet
  facet normal -0.77061 -0.637307 0
    outer loop
      vertex 16.2135 32.3817 0
      vertex 16.0935 32.5268 5
      vertex 16.0935 32.5268 0
    endloop
  endfacet
  facet normal -0.77061 -0.637307 0
    outer loop
      vertex 16.0935 32.5268 5
      vertex 16.2135 32.3817 0
      vertex 16.2135 32.3817 5
    endloop
  endfacet
  facet normal -0.844251 -0.535948 0
    outer loop
      vertex 16.3145 32.2226 0
      vertex 16.2135 32.3817 5
      vertex 16.2135 32.3817 0
    endloop
  endfacet
  facet normal -0.844251 -0.535948 0
    outer loop
      vertex 16.2135 32.3817 5
      vertex 16.3145 32.2226 0
      vertex 16.3145 32.2226 5
    endloop
  endfacet
  facet normal -0.951096 -0.308894 0
    outer loop
      vertex 16.4529 31.873 0
      vertex 16.3947 32.0522 5
      vertex 16.3947 32.0522 0
    endloop
  endfacet
  facet normal -0.951096 -0.308894 0
    outer loop
      vertex 16.3947 32.0522 5
      vertex 16.4529 31.873 0
      vertex 16.4529 31.873 5
    endloop
  endfacet
  facet normal -0.77061 0.637307 0
    outer loop
      vertex 16.0935 20.4732 0
      vertex 16.2135 20.6183 5
      vertex 16.2135 20.6183 0
    endloop
  endfacet
  facet normal -0.77061 0.637307 0
    outer loop
      vertex 16.2135 20.6183 5
      vertex 16.0935 20.4732 0
      vertex 16.0935 20.4732 5
    endloop
  endfacet
  facet normal -0.481715 0.876328 0
    outer loop
      vertex 15.8037 20.2335 0
      vertex 15.6387 20.1428 5
      vertex 15.8037 20.2335 5
    endloop
  endfacet
  facet normal -0.481715 0.876328 0
    outer loop
      vertex 15.6387 20.1428 5
      vertex 15.8037 20.2335 0
      vertex 15.6387 20.1428 0
    endloop
  endfacet
  facet normal 0.481558 0.876414 -0
    outer loop
      vertex 6.36133 20.1428 0
      vertex 6.19626 20.2335 5
      vertex 6.36133 20.1428 5
    endloop
  endfacet
  facet normal 0.481558 0.876414 0
    outer loop
      vertex 6.19626 20.2335 5
      vertex 6.36133 20.1428 0
      vertex 6.19626 20.2335 0
    endloop
  endfacet
endsolid OpenSCAD_Model
