solid OpenSCAD_Model
  facet normal -0.982265 0.187496 0
    outer loop
      vertex 21.0315 50.5013 2
      vertex 21.1257 50.9948 6
      vertex 21.1257 50.9948 2
    endloop
  endfacet
  facet normal -0.982265 0.187496 0
    outer loop
      vertex 21.1257 50.9948 6
      vertex 21.0315 50.5013 2
      vertex 21.0315 50.5013 6
    endloop
  endfacet
  facet normal 0.770549 0.63738 0
    outer loop
      vertex 28.2361 52.3511 6
      vertex 27.9159 52.7382 2
      vertex 27.9159 52.7382 6
    endloop
  endfacet
  facet normal 0.770549 0.63738 0
    outer loop
      vertex 27.9159 52.7382 2
      vertex 28.2361 52.3511 6
      vertex 28.2361 52.3511 2
    endloop
  endfacet
  facet normal 0.125431 0.992102 -0
    outer loop
      vertex 25.7495 53.9291 2
      vertex 25.2512 53.9921 6
      vertex 25.7495 53.9291 6
    endloop
  endfacet
  facet normal 0.125431 0.992102 0
    outer loop
      vertex 25.2512 53.9921 6
      vertex 25.7495 53.9291 2
      vertex 25.2512 53.9921 2
    endloop
  endfacet
  facet normal 0.24862 0.968601 -0
    outer loop
      vertex 26.2361 53.8042 2
      vertex 25.7495 53.9291 6
      vertex 26.2361 53.8042 6
    endloop
  endfacet
  facet normal 0.24862 0.968601 0
    outer loop
      vertex 25.7495 53.9291 6
      vertex 26.2361 53.8042 2
      vertex 25.7495 53.9291 2
    endloop
  endfacet
  facet normal -0.481751 0.876308 0
    outer loop
      vertex 23.2969 53.6193 2
      vertex 22.8567 53.3773 6
      vertex 23.2969 53.6193 6
    endloop
  endfacet
  facet normal -0.481751 0.876308 0
    outer loop
      vertex 22.8567 53.3773 6
      vertex 23.2969 53.6193 2
      vertex 22.8567 53.3773 2
    endloop
  endfacet
  facet normal -0.951065 0.308992 0
    outer loop
      vertex 21.1257 50.9948 2
      vertex 21.2809 51.4725 6
      vertex 21.2809 51.4725 2
    endloop
  endfacet
  facet normal -0.951065 0.308992 0
    outer loop
      vertex 21.2809 51.4725 6
      vertex 21.1257 50.9948 2
      vertex 21.1257 50.9948 6
    endloop
  endfacet
  facet normal 0 1 -0
    outer loop
      vertex 25.2512 53.9921 2
      vertex 24.7488 53.9921 6
      vertex 25.2512 53.9921 6
    endloop
  endfacet
  facet normal 0 1 0
    outer loop
      vertex 24.7488 53.9921 6
      vertex 25.2512 53.9921 2
      vertex 24.7488 53.9921 2
    endloop
  endfacet
  facet normal 0.368127 0.929775 -0
    outer loop
      vertex 26.7031 53.6193 2
      vertex 26.2361 53.8042 6
      vertex 26.7031 53.6193 6
    endloop
  endfacet
  facet normal 0.368127 0.929775 0
    outer loop
      vertex 26.2361 53.8042 6
      vertex 26.7031 53.6193 2
      vertex 26.2361 53.8042 2
    endloop
  endfacet
  facet normal 0 0 -1
    outer loop
      vertex 5 22 0
      vertex 4.46452 24.436 0
      vertex 4.5 25 0
    endloop
  endfacet
  facet normal 0 0 -1
    outer loop
      vertex 5 17 0
      vertex 4.35862 23.8809 0
      vertex 4.46452 24.436 0
    endloop
  endfacet
  facet normal 0 0 -1
    outer loop
      vertex 5 17 0
      vertex 4.18399 23.3434 0
      vertex 4.35862 23.8809 0
    endloop
  endfacet
  facet normal 0 0 -1
    outer loop
      vertex 5 17 0
      vertex 3.94338 22.8321 0
      vertex 4.18399 23.3434 0
    endloop
  endfacet
  facet normal 0 0 -1
    outer loop
      vertex 5 17 0
      vertex 3.64058 22.355 0
      vertex 3.94338 22.8321 0
    endloop
  endfacet
  facet normal 0 0 -1
    outer loop
      vertex 5 17 0
      vertex 3.28036 21.9195 0
      vertex 3.64058 22.355 0
    endloop
  endfacet
  facet normal 0 0 -1
    outer loop
      vertex 5 17 0
      vertex 2.86841 21.5327 0
      vertex 3.28036 21.9195 0
    endloop
  endfacet
  facet normal 0 0 -1
    outer loop
      vertex 0 20.5089 0
      vertex 5 17 0
      vertex 0 4.5 0
    endloop
  endfacet
  facet normal 0 0 -1
    outer loop
      vertex 5 17 0
      vertex 2.41122 21.2005 0
      vertex 2.86841 21.5327 0
    endloop
  endfacet
  facet normal 0 0 -1
    outer loop
      vertex 5 17 0
      vertex 1.91601 20.9283 0
      vertex 2.41122 21.2005 0
    endloop
  endfacet
  facet normal 0 0 -1
    outer loop
      vertex 5 17 0
      vertex 1.39058 20.7202 0
      vertex 1.91601 20.9283 0
    endloop
  endfacet
  facet normal 0 0 -1
    outer loop
      vertex 5 17 0
      vertex 0.843215 20.5797 0
      vertex 1.39058 20.7202 0
    endloop
  endfacet
  facet normal 0 0 -1
    outer loop
      vertex 5 17 0
      vertex 0.282557 20.5089 0
      vertex 0.843215 20.5797 0
    endloop
  endfacet
  facet normal 0 0 -1
    outer loop
      vertex 5 17 0
      vertex 0 20.5089 0
      vertex 0.282557 20.5089 0
    endloop
  endfacet
  facet normal 0 0 -1
    outer loop
      vertex 27.8684 3.46731 0
      vertex 28 5 0
      vertex 28.2804 3.08046 0
    endloop
  endfacet
  facet normal 0 0 -1
    outer loop
      vertex 27.4112 3.79947 0
      vertex 28 5 0
      vertex 27.8684 3.46731 0
    endloop
  endfacet
  facet normal 0 0 -1
    outer loop
      vertex 26.916 4.07172 0
      vertex 28 5 0
      vertex 27.4112 3.79947 0
    endloop
  endfacet
  facet normal 0 0 -1
    outer loop
      vertex 26.3906 4.27975 0
      vertex 28 5 0
      vertex 26.916 4.07172 0
    endloop
  endfacet
  facet normal 0 0 -1
    outer loop
      vertex 25.8432 4.42029 0
      vertex 28 5 0
      vertex 26.3906 4.27975 0
    endloop
  endfacet
  facet normal 0 0 -1
    outer loop
      vertex 25.2826 4.49112 0
      vertex 28 5 0
      vertex 25.8432 4.42029 0
    endloop
  endfacet
  facet normal 0 0 -1
    outer loop
      vertex 24.7174 4.49112 0
      vertex 28 5 0
      vertex 25.2826 4.49112 0
    endloop
  endfacet
  facet normal 0 0 -1
    outer loop
      vertex 24.1568 4.42029 0
      vertex 28 5 0
      vertex 24.7174 4.49112 0
    endloop
  endfacet
  facet normal 0 0 -1
    outer loop
      vertex 24.1568 4.42029 0
      vertex 5 5 0
      vertex 28 5 0
    endloop
  endfacet
  facet normal 0 0 -1
    outer loop
      vertex 23.6094 4.27975 0
      vertex 5 5 0
      vertex 24.1568 4.42029 0
    endloop
  endfacet
  facet normal 0 0 -1
    outer loop
      vertex 23.084 4.07172 0
      vertex 5 5 0
      vertex 23.6094 4.27975 0
    endloop
  endfacet
  facet normal 0 0 -1
    outer loop
      vertex 22.5888 3.79947 0
      vertex 5 5 0
      vertex 23.084 4.07172 0
    endloop
  endfacet
  facet normal 0 0 -1
    outer loop
      vertex 22.1316 3.46731 0
      vertex 5 5 0
      vertex 22.5888 3.79947 0
    endloop
  endfacet
  facet normal 0 0 -1
    outer loop
      vertex 21.7196 3.08046 0
      vertex 5 5 0
      vertex 22.1316 3.46731 0
    endloop
  endfacet
  facet normal 0 0 -1
    outer loop
      vertex 21.3594 2.64503 0
      vertex 5 5 0
      vertex 21.7196 3.08046 0
    endloop
  endfacet
  facet normal 0 0 -1
    outer loop
      vertex 21.0566 2.16789 0
      vertex 5 5 0
      vertex 21.3594 2.64503 0
    endloop
  endfacet
  facet normal 0 0 -1
    outer loop
      vertex 20.816 1.65656 0
      vertex 5 5 0
      vertex 21.0566 2.16789 0
    endloop
  endfacet
  facet normal 0 0 -1
    outer loop
      vertex 20.6414 1.1191 0
      vertex 5 5 0
      vertex 20.816 1.65656 0
    endloop
  endfacet
  facet normal 0 0 -1
    outer loop
      vertex 20.5355 0.563999 0
      vertex 5 5 0
      vertex 20.6414 1.1191 0
    endloop
  endfacet
  facet normal 0 0 -1
    outer loop
      vertex 4.5 0 0
      vertex 20.5355 0.563999 0
      vertex 20.5 0 0
    endloop
  endfacet
  facet normal 0 0 -1
    outer loop
      vertex 0 4.5 0
      vertex 5 5 0
      vertex 4.5 0 0
    endloop
  endfacet
  facet normal 0 0 -1
    outer loop
      vertex 4.46452 24.436 0
      vertex 5 22 0
      vertex 5 17 0
    endloop
  endfacet
  facet normal -0 0 -1
    outer loop
      vertex 5 5 0
      vertex 0 4.5 0
      vertex 5 17 0
    endloop
  endfacet
  facet normal -0 0 -1
    outer loop
      vertex 20.5355 0.563999 0
      vertex 4.5 0 0
      vertex 5 5 0
    endloop
  endfacet
  facet normal 0 0 -1
    outer loop
      vertex 33 28 0
      vertex 45 33 0
      vertex 45 28 0
    endloop
  endfacet
  facet normal 0 0 -1
    outer loop
      vertex 30 30 0
      vertex 33 28 0
      vertex 30 20 0
    endloop
  endfacet
  facet normal 0 0 -1
    outer loop
      vertex 30 30 0
      vertex 45 33 0
      vertex 33 28 0
    endloop
  endfacet
  facet normal 0 0 -1
    outer loop
      vertex 30 30 0
      vertex 22 33 0
      vertex 45 33 0
    endloop
  endfacet
  facet normal 0 0 -1
    outer loop
      vertex 17 45 0
      vertex 22 45 0
      vertex 22 33 0
    endloop
  endfacet
  facet normal 0 -0 -1
    outer loop
      vertex 21.3594 47.355 0
      vertex 22 45 0
      vertex 17 45 0
    endloop
  endfacet
  facet normal 0 0 -1
    outer loop
      vertex 22 45 0
      vertex 21.3594 47.355 0
      vertex 21.7196 46.9195 0
    endloop
  endfacet
  facet normal -0 0 -1
    outer loop
      vertex 21.3594 47.355 0
      vertex 17 45 0
      vertex 21.0566 47.8321 0
    endloop
  endfacet
  facet normal -0 0 -1
    outer loop
      vertex 21.0566 47.8321 0
      vertex 17 45 0
      vertex 20.816 48.3434 0
    endloop
  endfacet
  facet normal -0 0 -1
    outer loop
      vertex 20.816 48.3434 0
      vertex 17 45 0
      vertex 20.6414 48.8809 0
    endloop
  endfacet
  facet normal 0 0 -1
    outer loop
      vertex 20 30 0
      vertex 22 33 0
      vertex 30 30 0
    endloop
  endfacet
  facet normal 0 0 -1
    outer loop
      vertex 17 45 0
      vertex 22 33 0
      vertex 20 30 0
    endloop
  endfacet
  facet normal -0 0 -1
    outer loop
      vertex 20.6414 48.8809 0
      vertex 17 45 0
      vertex 20.5355 49.436 0
    endloop
  endfacet
  facet normal 0 0 -1
    outer loop
      vertex 17 45 0
      vertex 20 30 0
      vertex 17 22 0
    endloop
  endfacet
  facet normal -0 0 -1
    outer loop
      vertex 20.5355 49.436 0
      vertex 17 45 0
      vertex 20.5 50 0
    endloop
  endfacet
  facet normal 0 0 -1
    outer loop
      vertex 4.5 50 0
      vertex 17 45 0
      vertex 5 45 0
    endloop
  endfacet
  facet normal 0 0 -1
    outer loop
      vertex 4.46452 25.564 0
      vertex 5 22 0
      vertex 4.5 25 0
    endloop
  endfacet
  facet normal 0 0 -1
    outer loop
      vertex 17 45 0
      vertex 4.5 50 0
      vertex 20.5 50 0
    endloop
  endfacet
  facet normal 0 0 -1
    outer loop
      vertex 5 22 0
      vertex 4.46452 25.564 0
      vertex 5 45 0
    endloop
  endfacet
  facet normal 0 0 -1
    outer loop
      vertex 4.35862 26.1191 0
      vertex 5 45 0
      vertex 4.46452 25.564 0
    endloop
  endfacet
  facet normal 0 0 -1
    outer loop
      vertex 4.18399 26.6566 0
      vertex 5 45 0
      vertex 4.35862 26.1191 0
    endloop
  endfacet
  facet normal 0 0 -1
    outer loop
      vertex 3.94338 27.1679 0
      vertex 5 45 0
      vertex 4.18399 26.6566 0
    endloop
  endfacet
  facet normal 0 0 -1
    outer loop
      vertex 3.64058 27.645 0
      vertex 5 45 0
      vertex 3.94338 27.1679 0
    endloop
  endfacet
  facet normal 0 0 -1
    outer loop
      vertex 3.28036 28.0805 0
      vertex 5 45 0
      vertex 3.64058 27.645 0
    endloop
  endfacet
  facet normal 0 0 -1
    outer loop
      vertex 2.86841 28.4673 0
      vertex 5 45 0
      vertex 3.28036 28.0805 0
    endloop
  endfacet
  facet normal 0 0 -1
    outer loop
      vertex 2.41122 28.7995 0
      vertex 5 45 0
      vertex 2.86841 28.4673 0
    endloop
  endfacet
  facet normal 0 0 -1
    outer loop
      vertex 1.91601 29.0717 0
      vertex 5 45 0
      vertex 2.41122 28.7995 0
    endloop
  endfacet
  facet normal 0 0 -1
    outer loop
      vertex 1.39058 29.2798 0
      vertex 5 45 0
      vertex 1.91601 29.0717 0
    endloop
  endfacet
  facet normal 0 0 -1
    outer loop
      vertex 0.843215 29.4203 0
      vertex 5 45 0
      vertex 1.39058 29.2798 0
    endloop
  endfacet
  facet normal -0 0 -1
    outer loop
      vertex 5 45 0
      vertex 0.843215 29.4203 0
      vertex 0 45.5 0
    endloop
  endfacet
  facet normal 0 0 -1
    outer loop
      vertex 0 45.5 0
      vertex 0.843215 29.4203 0
      vertex 0.282557 29.4911 0
    endloop
  endfacet
  facet normal 0 0 -1
    outer loop
      vertex 0 45.5 0
      vertex 0.282557 29.4911 0
      vertex 0 29.4911 0
    endloop
  endfacet
  facet normal 0 0 -1
    outer loop
      vertex 5 45 0
      vertex 0 45.5 0
      vertex 4.5 50 0
    endloop
  endfacet
  facet normal 0 0 -1
    outer loop
      vertex 50 4.5 0
      vertex 49.7174 20.5089 0
      vertex 50 20.5089 0
    endloop
  endfacet
  facet normal 0 0 -1
    outer loop
      vertex 50 4.5 0
      vertex 49.1568 20.5797 0
      vertex 49.7174 20.5089 0
    endloop
  endfacet
  facet normal 0 0 -1
    outer loop
      vertex 45 5 0
      vertex 49.1568 20.5797 0
      vertex 50 4.5 0
    endloop
  endfacet
  facet normal -0 0 -1
    outer loop
      vertex 49.1568 20.5797 0
      vertex 45 5 0
      vertex 48.6094 20.7202 0
    endloop
  endfacet
  facet normal -0 0 -1
    outer loop
      vertex 48.6094 20.7202 0
      vertex 45 5 0
      vertex 48.084 20.9283 0
    endloop
  endfacet
  facet normal -0 0 -1
    outer loop
      vertex 48.084 20.9283 0
      vertex 45 5 0
      vertex 47.5888 21.2005 0
    endloop
  endfacet
  facet normal -0 0 -1
    outer loop
      vertex 47.5888 21.2005 0
      vertex 45 5 0
      vertex 47.1316 21.5327 0
    endloop
  endfacet
  facet normal -0 0 -1
    outer loop
      vertex 47.1316 21.5327 0
      vertex 45 5 0
      vertex 46.7196 21.9195 0
    endloop
  endfacet
  facet normal -0 0 -1
    outer loop
      vertex 46.7196 21.9195 0
      vertex 45 5 0
      vertex 46.3594 22.355 0
    endloop
  endfacet
  facet normal -0 0 -1
    outer loop
      vertex 46.3594 22.355 0
      vertex 45 5 0
      vertex 46.0566 22.8321 0
    endloop
  endfacet
  facet normal -0 0 -1
    outer loop
      vertex 46.0566 22.8321 0
      vertex 45 5 0
      vertex 45.816 23.3434 0
    endloop
  endfacet
  facet normal 0 0 -1
    outer loop
      vertex 45 5 0
      vertex 50 4.5 0
      vertex 45.5 0 0
    endloop
  endfacet
  facet normal -0 0 -1
    outer loop
      vertex 45.816 23.3434 0
      vertex 45 5 0
      vertex 45.6414 23.8809 0
    endloop
  endfacet
  facet normal -0 0 -1
    outer loop
      vertex 45.6414 23.8809 0
      vertex 45 5 0
      vertex 45.5355 24.436 0
    endloop
  endfacet
  facet normal 0 0 -1
    outer loop
      vertex 45 28 0
      vertex 45.5355 24.436 0
      vertex 45 5 0
    endloop
  endfacet
  facet normal 0 0 -1
    outer loop
      vertex 45.5355 24.436 0
      vertex 45 28 0
      vertex 45.5 25 0
    endloop
  endfacet
  facet normal 0 0 -1
    outer loop
      vertex 45.5 0 0
      vertex 33 5 0
      vertex 45 5 0
    endloop
  endfacet
  facet normal 0 0 -1
    outer loop
      vertex 33 5 0
      vertex 30 20 0
      vertex 33 28 0
    endloop
  endfacet
  facet normal 0 0 -1
    outer loop
      vertex 29.5 0 0
      vertex 33 5 0
      vertex 45.5 0 0
    endloop
  endfacet
  facet normal 0 0 -1
    outer loop
      vertex 29.4645 0.563999 0
      vertex 33 5 0
      vertex 29.5 0 0
    endloop
  endfacet
  facet normal 0 0 -1
    outer loop
      vertex 29.3586 1.1191 0
      vertex 33 5 0
      vertex 29.4645 0.563999 0
    endloop
  endfacet
  facet normal 0 0 -1
    outer loop
      vertex 29.184 1.65656 0
      vertex 33 5 0
      vertex 29.3586 1.1191 0
    endloop
  endfacet
  facet normal 0 0 -1
    outer loop
      vertex 28.9434 2.16789 0
      vertex 33 5 0
      vertex 29.184 1.65656 0
    endloop
  endfacet
  facet normal 0 0 -1
    outer loop
      vertex 28.6406 2.64503 0
      vertex 33 5 0
      vertex 28.9434 2.16789 0
    endloop
  endfacet
  facet normal -0 0 -1
    outer loop
      vertex 33 5 0
      vertex 28.6406 2.64503 0
      vertex 28 5 0
    endloop
  endfacet
  facet normal 0 0 -1
    outer loop
      vertex 28 5 0
      vertex 28.6406 2.64503 0
      vertex 28.2804 3.08046 0
    endloop
  endfacet
  facet normal 0 0 -1
    outer loop
      vertex 28 17 0
      vertex 33 5 0
      vertex 28 5 0
    endloop
  endfacet
  facet normal 0 0 -1
    outer loop
      vertex 33 5 0
      vertex 28 17 0
      vertex 30 20 0
    endloop
  endfacet
  facet normal 0 0 -1
    outer loop
      vertex 28 17 0
      vertex 20 20 0
      vertex 30 20 0
    endloop
  endfacet
  facet normal 0 0 -1
    outer loop
      vertex 20 20 0
      vertex 17 22 0
      vertex 20 30 0
    endloop
  endfacet
  facet normal 0 0 -1
    outer loop
      vertex 5 17 0
      vertex 20 20 0
      vertex 28 17 0
    endloop
  endfacet
  facet normal 0 0 -1
    outer loop
      vertex 5 17 0
      vertex 17 22 0
      vertex 20 20 0
    endloop
  endfacet
  facet normal -0 0 -1
    outer loop
      vertex 17 22 0
      vertex 5 17 0
      vertex 5 22 0
    endloop
  endfacet
  facet normal 0 0 -1
    outer loop
      vertex 49.7174 29.4911 0
      vertex 50 45.5 0
      vertex 50 29.4911 0
    endloop
  endfacet
  facet normal 0 0 -1
    outer loop
      vertex 49.1568 29.4203 0
      vertex 50 45.5 0
      vertex 49.7174 29.4911 0
    endloop
  endfacet
  facet normal 0 0 -1
    outer loop
      vertex 48.6094 29.2798 0
      vertex 50 45.5 0
      vertex 49.1568 29.4203 0
    endloop
  endfacet
  facet normal 0 0 -1
    outer loop
      vertex 48.084 29.0717 0
      vertex 50 45.5 0
      vertex 48.6094 29.2798 0
    endloop
  endfacet
  facet normal 0 0 -1
    outer loop
      vertex 47.5888 28.7995 0
      vertex 50 45.5 0
      vertex 48.084 29.0717 0
    endloop
  endfacet
  facet normal 0 0 -1
    outer loop
      vertex 47.1316 28.4673 0
      vertex 50 45.5 0
      vertex 47.5888 28.7995 0
    endloop
  endfacet
  facet normal 0 0 -1
    outer loop
      vertex 45.5 50 0
      vertex 47.1316 28.4673 0
      vertex 46.7196 28.0805 0
    endloop
  endfacet
  facet normal 0 0 -1
    outer loop
      vertex 45.5 50 0
      vertex 46.7196 28.0805 0
      vertex 46.3594 27.645 0
    endloop
  endfacet
  facet normal 0 0 -1
    outer loop
      vertex 45.5 50 0
      vertex 46.3594 27.645 0
      vertex 46.0566 27.1679 0
    endloop
  endfacet
  facet normal 0 0 -1
    outer loop
      vertex 45.5 50 0
      vertex 46.0566 27.1679 0
      vertex 45.816 26.6566 0
    endloop
  endfacet
  facet normal 0 0 -1
    outer loop
      vertex 45.5 50 0
      vertex 45.816 26.6566 0
      vertex 45.6414 26.1191 0
    endloop
  endfacet
  facet normal 0 0 -1
    outer loop
      vertex 47.1316 28.4673 0
      vertex 45.5 50 0
      vertex 50 45.5 0
    endloop
  endfacet
  facet normal 0 0 -1
    outer loop
      vertex 45.5355 25.564 0
      vertex 45.5 50 0
      vertex 45.6414 26.1191 0
    endloop
  endfacet
  facet normal 0 0 -1
    outer loop
      vertex 45.5 50 0
      vertex 45.5355 25.564 0
      vertex 45.5 25 0
    endloop
  endfacet
  facet normal 0 0 -1
    outer loop
      vertex 45 33 0
      vertex 45.5 25 0
      vertex 45 28 0
    endloop
  endfacet
  facet normal 0 0 -1
    outer loop
      vertex 45.5 25 0
      vertex 45 33 0
      vertex 45.5 50 0
    endloop
  endfacet
  facet normal 0 0 -1
    outer loop
      vertex 45 45 0
      vertex 45.5 50 0
      vertex 45 33 0
    endloop
  endfacet
  facet normal 0 0 -1
    outer loop
      vertex 29.4645 49.436 0
      vertex 45.5 50 0
      vertex 45 45 0
    endloop
  endfacet
  facet normal -0 0 -1
    outer loop
      vertex 45.5 50 0
      vertex 29.4645 49.436 0
      vertex 29.5 50 0
    endloop
  endfacet
  facet normal 0 0 -1
    outer loop
      vertex 45 45 0
      vertex 29.3586 48.8809 0
      vertex 29.4645 49.436 0
    endloop
  endfacet
  facet normal 0 0 -1
    outer loop
      vertex 45 45 0
      vertex 29.184 48.3434 0
      vertex 29.3586 48.8809 0
    endloop
  endfacet
  facet normal 0 0 -1
    outer loop
      vertex 45 45 0
      vertex 28.9434 47.8321 0
      vertex 29.184 48.3434 0
    endloop
  endfacet
  facet normal 0 0 -1
    outer loop
      vertex 45 45 0
      vertex 28.6406 47.355 0
      vertex 28.9434 47.8321 0
    endloop
  endfacet
  facet normal 0 0 -1
    outer loop
      vertex 45 45 0
      vertex 28.2804 46.9195 0
      vertex 28.6406 47.355 0
    endloop
  endfacet
  facet normal 0 0 -1
    outer loop
      vertex 45 45 0
      vertex 27.8684 46.5327 0
      vertex 28.2804 46.9195 0
    endloop
  endfacet
  facet normal 0 0 -1
    outer loop
      vertex 45 45 0
      vertex 27.4112 46.2005 0
      vertex 27.8684 46.5327 0
    endloop
  endfacet
  facet normal 0 0 -1
    outer loop
      vertex 45 45 0
      vertex 26.916 45.9283 0
      vertex 27.4112 46.2005 0
    endloop
  endfacet
  facet normal 0 0 -1
    outer loop
      vertex 45 45 0
      vertex 26.3906 45.7202 0
      vertex 26.916 45.9283 0
    endloop
  endfacet
  facet normal 0 0 -1
    outer loop
      vertex 45 45 0
      vertex 25.8432 45.5797 0
      vertex 26.3906 45.7202 0
    endloop
  endfacet
  facet normal 0 0 -1
    outer loop
      vertex 45 45 0
      vertex 25.2826 45.5089 0
      vertex 25.8432 45.5797 0
    endloop
  endfacet
  facet normal 0 0 -1
    outer loop
      vertex 22 45 0
      vertex 25.2826 45.5089 0
      vertex 45 45 0
    endloop
  endfacet
  facet normal -0 0 -1
    outer loop
      vertex 25.2826 45.5089 0
      vertex 22 45 0
      vertex 24.7174 45.5089 0
    endloop
  endfacet
  facet normal 0 0 -1
    outer loop
      vertex 22 45 0
      vertex 24.1568 45.5797 0
      vertex 24.7174 45.5089 0
    endloop
  endfacet
  facet normal 0 0 -1
    outer loop
      vertex 22 45 0
      vertex 23.6094 45.7202 0
      vertex 24.1568 45.5797 0
    endloop
  endfacet
  facet normal 0 0 -1
    outer loop
      vertex 22 45 0
      vertex 23.084 45.9283 0
      vertex 23.6094 45.7202 0
    endloop
  endfacet
  facet normal 0 0 -1
    outer loop
      vertex 22 45 0
      vertex 22.5888 46.2005 0
      vertex 23.084 45.9283 0
    endloop
  endfacet
  facet normal 0 0 -1
    outer loop
      vertex 22 45 0
      vertex 22.1316 46.5327 0
      vertex 22.5888 46.2005 0
    endloop
  endfacet
  facet normal -0 0 -1
    outer loop
      vertex 22.1316 46.5327 0
      vertex 22 45 0
      vertex 21.7196 46.9195 0
    endloop
  endfacet
  facet normal -0.998032 0.0627129 0
    outer loop
      vertex 21 50 2
      vertex 21.0315 50.5013 6
      vertex 21.0315 50.5013 2
    endloop
  endfacet
  facet normal -0.998032 0.0627129 0
    outer loop
      vertex 21.0315 50.5013 6
      vertex 21 50 2
      vertex 21 50 6
    endloop
  endfacet
  facet normal -0.844366 0.535767 0
    outer loop
      vertex 21.4948 51.927 2
      vertex 21.7639 52.3511 6
      vertex 21.7639 52.3511 2
    endloop
  endfacet
  facet normal -0.844366 0.535767 0
    outer loop
      vertex 21.7639 52.3511 6
      vertex 21.4948 51.927 2
      vertex 21.4948 51.927 6
    endloop
  endfacet
  facet normal -0.24862 0.968601 0
    outer loop
      vertex 24.2505 53.9291 2
      vertex 23.7639 53.8042 6
      vertex 24.2505 53.9291 6
    endloop
  endfacet
  facet normal -0.24862 0.968601 0
    outer loop
      vertex 23.7639 53.8042 6
      vertex 24.2505 53.9291 2
      vertex 23.7639 53.8042 2
    endloop
  endfacet
  facet normal -0.770549 0.63738 0
    outer loop
      vertex 21.7639 52.3511 2
      vertex 22.0841 52.7382 6
      vertex 22.0841 52.7382 2
    endloop
  endfacet
  facet normal -0.770549 0.63738 0
    outer loop
      vertex 22.0841 52.7382 6
      vertex 21.7639 52.3511 2
      vertex 21.7639 52.3511 6
    endloop
  endfacet
  facet normal 0.998032 0.0627129 0
    outer loop
      vertex 29 50 6
      vertex 28.9685 50.5013 2
      vertex 28.9685 50.5013 6
    endloop
  endfacet
  facet normal 0.998032 0.0627129 0
    outer loop
      vertex 28.9685 50.5013 2
      vertex 29 50 6
      vertex 29 50 2
    endloop
  endfacet
  facet normal 0.982265 0.187496 0
    outer loop
      vertex 28.9685 50.5013 6
      vertex 28.8743 50.9948 2
      vertex 28.8743 50.9948 6
    endloop
  endfacet
  facet normal 0.982265 0.187496 0
    outer loop
      vertex 28.8743 50.9948 2
      vertex 28.9685 50.5013 6
      vertex 28.9685 50.5013 2
    endloop
  endfacet
  facet normal 0.587698 0.80908 -0
    outer loop
      vertex 27.5497 53.0821 2
      vertex 27.1433 53.3773 6
      vertex 27.5497 53.0821 6
    endloop
  endfacet
  facet normal 0.587698 0.80908 0
    outer loop
      vertex 27.1433 53.3773 6
      vertex 27.5497 53.0821 2
      vertex 27.1433 53.3773 2
    endloop
  endfacet
  facet normal 0.684563 0.728953 -0
    outer loop
      vertex 27.9159 52.7382 2
      vertex 27.5497 53.0821 6
      vertex 27.9159 52.7382 6
    endloop
  endfacet
  facet normal 0.684563 0.728953 0
    outer loop
      vertex 27.5497 53.0821 6
      vertex 27.9159 52.7382 2
      vertex 27.5497 53.0821 2
    endloop
  endfacet
  facet normal -0.125431 0.992102 0
    outer loop
      vertex 24.7488 53.9921 2
      vertex 24.2505 53.9291 6
      vertex 24.7488 53.9921 6
    endloop
  endfacet
  facet normal -0.125431 0.992102 0
    outer loop
      vertex 24.2505 53.9291 6
      vertex 24.7488 53.9921 2
      vertex 24.2505 53.9291 2
    endloop
  endfacet
  facet normal 0.481751 0.876308 -0
    outer loop
      vertex 27.1433 53.3773 2
      vertex 26.7031 53.6193 6
      vertex 27.1433 53.3773 6
    endloop
  endfacet
  facet normal 0.481751 0.876308 0
    outer loop
      vertex 26.7031 53.6193 6
      vertex 27.1433 53.3773 2
      vertex 26.7031 53.6193 2
    endloop
  endfacet
  facet normal -0.904805 0.425826 0
    outer loop
      vertex 21.2809 51.4725 2
      vertex 21.4948 51.927 6
      vertex 21.4948 51.927 2
    endloop
  endfacet
  facet normal -0.904805 0.425826 0
    outer loop
      vertex 21.4948 51.927 6
      vertex 21.2809 51.4725 2
      vertex 21.2809 51.4725 6
    endloop
  endfacet
  facet normal -0.368127 0.929775 0
    outer loop
      vertex 23.7639 53.8042 2
      vertex 23.2969 53.6193 6
      vertex 23.7639 53.8042 6
    endloop
  endfacet
  facet normal -0.368127 0.929775 0
    outer loop
      vertex 23.2969 53.6193 6
      vertex 23.7639 53.8042 2
      vertex 23.2969 53.6193 2
    endloop
  endfacet
  facet normal -0.684563 0.728953 0
    outer loop
      vertex 22.4503 53.0821 2
      vertex 22.0841 52.7382 6
      vertex 22.4503 53.0821 6
    endloop
  endfacet
  facet normal -0.684563 0.728953 0
    outer loop
      vertex 22.0841 52.7382 6
      vertex 22.4503 53.0821 2
      vertex 22.0841 52.7382 2
    endloop
  endfacet
  facet normal -0.587698 0.80908 0
    outer loop
      vertex 22.8567 53.3773 2
      vertex 22.4503 53.0821 6
      vertex 22.8567 53.3773 6
    endloop
  endfacet
  facet normal -0.587698 0.80908 0
    outer loop
      vertex 22.4503 53.0821 6
      vertex 22.8567 53.3773 2
      vertex 22.4503 53.0821 2
    endloop
  endfacet
  facet normal 0.844366 0.535767 0
    outer loop
      vertex 28.5052 51.927 6
      vertex 28.2361 52.3511 2
      vertex 28.2361 52.3511 6
    endloop
  endfacet
  facet normal 0.844366 0.535767 0
    outer loop
      vertex 28.2361 52.3511 2
      vertex 28.5052 51.927 6
      vertex 28.5052 51.927 2
    endloop
  endfacet
  facet normal 0.904805 0.425826 0
    outer loop
      vertex 28.7191 51.4725 6
      vertex 28.5052 51.927 2
      vertex 28.5052 51.927 6
    endloop
  endfacet
  facet normal 0.904805 0.425826 0
    outer loop
      vertex 28.5052 51.927 2
      vertex 28.7191 51.4725 6
      vertex 28.7191 51.4725 2
    endloop
  endfacet
  facet normal 0.951065 0.308992 0
    outer loop
      vertex 28.8743 50.9948 6
      vertex 28.7191 51.4725 2
      vertex 28.7191 51.4725 6
    endloop
  endfacet
  facet normal 0.951065 0.308992 0
    outer loop
      vertex 28.7191 51.4725 2
      vertex 28.8743 50.9948 6
      vertex 28.8743 50.9948 2
    endloop
  endfacet
  facet normal 0 0 1
    outer loop
      vertex 28.9685 50.5013 6
      vertex 26.5874 50.2005 6
      vertex 26.6 50 6
    endloop
  endfacet
  facet normal 0 0 1
    outer loop
      vertex 27.1433 53.3773 6
      vertex 26.5497 50.3979 6
      vertex 26.5874 50.2005 6
    endloop
  endfacet
  facet normal 0 0 1
    outer loop
      vertex 27.1433 53.3773 6
      vertex 26.4876 50.589 6
      vertex 26.5497 50.3979 6
    endloop
  endfacet
  facet normal 0 0 1
    outer loop
      vertex 27.1433 53.3773 6
      vertex 26.4021 50.7708 6
      vertex 26.4876 50.589 6
    endloop
  endfacet
  facet normal 0 0 1
    outer loop
      vertex 27.1433 53.3773 6
      vertex 26.2944 50.9405 6
      vertex 26.4021 50.7708 6
    endloop
  endfacet
  facet normal 0 0 1
    outer loop
      vertex 25.6812 51.4477 6
      vertex 26.7031 53.6193 6
      vertex 26.2361 53.8042 6
    endloop
  endfacet
  facet normal 0 0 1
    outer loop
      vertex 27.1433 53.3773 6
      vertex 26.1663 51.0953 6
      vertex 26.2944 50.9405 6
    endloop
  endfacet
  facet normal 0 0 1
    outer loop
      vertex 27.1433 53.3773 6
      vertex 26.0199 51.2328 6
      vertex 26.1663 51.0953 6
    endloop
  endfacet
  facet normal 0 0 1
    outer loop
      vertex 27.1433 53.3773 6
      vertex 25.8573 51.3509 6
      vertex 26.0199 51.2328 6
    endloop
  endfacet
  facet normal 0 0 1
    outer loop
      vertex 25.4944 51.5217 6
      vertex 26.2361 53.8042 6
      vertex 25.7495 53.9291 6
    endloop
  endfacet
  facet normal 0 0 1
    outer loop
      vertex 26.7031 53.6193 6
      vertex 25.6812 51.4477 6
      vertex 25.8573 51.3509 6
    endloop
  endfacet
  facet normal 0 0 1
    outer loop
      vertex 26.2361 53.8042 6
      vertex 25.4944 51.5217 6
      vertex 25.6812 51.4477 6
    endloop
  endfacet
  facet normal 0 0 1
    outer loop
      vertex 25.7495 53.9291 6
      vertex 25.2998 51.5717 6
      vertex 25.4944 51.5217 6
    endloop
  endfacet
  facet normal 0 0 1
    outer loop
      vertex 25.2512 53.9921 6
      vertex 25.2998 51.5717 6
      vertex 25.7495 53.9291 6
    endloop
  endfacet
  facet normal 0 0 1
    outer loop
      vertex 25.2512 53.9921 6
      vertex 25.1005 51.5968 6
      vertex 25.2998 51.5717 6
    endloop
  endfacet
  facet normal 0 0 1
    outer loop
      vertex 25.2512 53.9921 6
      vertex 24.8995 51.5968 6
      vertex 25.1005 51.5968 6
    endloop
  endfacet
  facet normal -0 0 1
    outer loop
      vertex 24.7488 53.9921 6
      vertex 24.8995 51.5968 6
      vertex 25.2512 53.9921 6
    endloop
  endfacet
  facet normal 0 0 1
    outer loop
      vertex 24.7488 53.9921 6
      vertex 24.7002 51.5717 6
      vertex 24.8995 51.5968 6
    endloop
  endfacet
  facet normal -0 0 1
    outer loop
      vertex 24.2505 53.9291 6
      vertex 24.7002 51.5717 6
      vertex 24.7488 53.9921 6
    endloop
  endfacet
  facet normal 0 0 1
    outer loop
      vertex 24.7002 51.5717 6
      vertex 24.2505 53.9291 6
      vertex 24.5056 51.5217 6
    endloop
  endfacet
  facet normal -0 0 1
    outer loop
      vertex 23.7639 53.8042 6
      vertex 24.5056 51.5217 6
      vertex 24.2505 53.9291 6
    endloop
  endfacet
  facet normal 0 0 1
    outer loop
      vertex 24.5056 51.5217 6
      vertex 23.7639 53.8042 6
      vertex 24.3188 51.4477 6
    endloop
  endfacet
  facet normal -0 0 1
    outer loop
      vertex 23.2969 53.6193 6
      vertex 24.3188 51.4477 6
      vertex 23.7639 53.8042 6
    endloop
  endfacet
  facet normal 0 0 1
    outer loop
      vertex 24.3188 51.4477 6
      vertex 23.2969 53.6193 6
      vertex 24.1427 51.3509 6
    endloop
  endfacet
  facet normal -0 0 1
    outer loop
      vertex 22.8567 53.3773 6
      vertex 24.1427 51.3509 6
      vertex 23.2969 53.6193 6
    endloop
  endfacet
  facet normal 0 0 1
    outer loop
      vertex 24.1427 51.3509 6
      vertex 22.8567 53.3773 6
      vertex 23.9801 51.2328 6
    endloop
  endfacet
  facet normal -0 0 1
    outer loop
      vertex 22.4503 53.0821 6
      vertex 23.9801 51.2328 6
      vertex 22.8567 53.3773 6
    endloop
  endfacet
  facet normal 0 0 1
    outer loop
      vertex 23.9801 51.2328 6
      vertex 22.4503 53.0821 6
      vertex 23.8336 51.0953 6
    endloop
  endfacet
  facet normal -0 0 1
    outer loop
      vertex 22.0841 52.7382 6
      vertex 23.8336 51.0953 6
      vertex 22.4503 53.0821 6
    endloop
  endfacet
  facet normal 0 0 1
    outer loop
      vertex 23.8336 51.0953 6
      vertex 22.0841 52.7382 6
      vertex 23.7056 50.9405 6
    endloop
  endfacet
  facet normal 0 0 1
    outer loop
      vertex 23.7056 50.9405 6
      vertex 21.7639 52.3511 6
      vertex 23.5979 50.7708 6
    endloop
  endfacet
  facet normal -0 0 1
    outer loop
      vertex 21.7639 52.3511 6
      vertex 23.7056 50.9405 6
      vertex 22.0841 52.7382 6
    endloop
  endfacet
  facet normal 0 0 1
    outer loop
      vertex 45.5 50 6
      vertex 50 45 6
      vertex 50 45.5 6
    endloop
  endfacet
  facet normal -0 0 1
    outer loop
      vertex 29 50 6
      vertex 50 45 6
      vertex 45.5 50 6
    endloop
  endfacet
  facet normal 0 0 1
    outer loop
      vertex 26.5874 50.2005 6
      vertex 28.9685 50.5013 6
      vertex 28.8743 50.9948 6
    endloop
  endfacet
  facet normal 0 0 1
    outer loop
      vertex 26.5874 50.2005 6
      vertex 28.8743 50.9948 6
      vertex 28.7191 51.4725 6
    endloop
  endfacet
  facet normal 0 0 1
    outer loop
      vertex 26.5874 50.2005 6
      vertex 28.7191 51.4725 6
      vertex 28.5052 51.927 6
    endloop
  endfacet
  facet normal 0 0 1
    outer loop
      vertex 26.5874 50.2005 6
      vertex 28.5052 51.927 6
      vertex 28.2361 52.3511 6
    endloop
  endfacet
  facet normal 0 0 1
    outer loop
      vertex 26.5874 50.2005 6
      vertex 28.2361 52.3511 6
      vertex 27.9159 52.7382 6
    endloop
  endfacet
  facet normal 0 0 1
    outer loop
      vertex 26.5874 50.2005 6
      vertex 27.9159 52.7382 6
      vertex 27.5497 53.0821 6
    endloop
  endfacet
  facet normal 0 0 1
    outer loop
      vertex 26.5874 50.2005 6
      vertex 27.5497 53.0821 6
      vertex 27.1433 53.3773 6
    endloop
  endfacet
  facet normal 0 0 1
    outer loop
      vertex 25.8573 51.3509 6
      vertex 27.1433 53.3773 6
      vertex 26.7031 53.6193 6
    endloop
  endfacet
  facet normal 0 0 1
    outer loop
      vertex 28.9685 50.5013 6
      vertex 26.6 50 6
      vertex 29 50 6
    endloop
  endfacet
  facet normal 0 0 1
    outer loop
      vertex 26.5874 49.7995 6
      vertex 29 50 6
      vertex 26.6 50 6
    endloop
  endfacet
  facet normal 0 0 1
    outer loop
      vertex 26.5497 49.6021 6
      vertex 29 50 6
      vertex 26.5874 49.7995 6
    endloop
  endfacet
  facet normal 0 0 1
    outer loop
      vertex 26.4876 49.411 6
      vertex 29 50 6
      vertex 26.5497 49.6021 6
    endloop
  endfacet
  facet normal 0 0 1
    outer loop
      vertex 26.4021 49.2292 6
      vertex 29 50 6
      vertex 26.4876 49.411 6
    endloop
  endfacet
  facet normal 0 0 1
    outer loop
      vertex 26.2944 49.0595 6
      vertex 29 50 6
      vertex 26.4021 49.2292 6
    endloop
  endfacet
  facet normal 0 0 1
    outer loop
      vertex 26.1663 48.9047 6
      vertex 29 50 6
      vertex 26.2944 49.0595 6
    endloop
  endfacet
  facet normal 0 0 1
    outer loop
      vertex 26.0199 48.7672 6
      vertex 29 50 6
      vertex 26.1663 48.9047 6
    endloop
  endfacet
  facet normal 0 0 1
    outer loop
      vertex 25.8573 48.6491 6
      vertex 29 50 6
      vertex 26.0199 48.7672 6
    endloop
  endfacet
  facet normal 0 0 1
    outer loop
      vertex 29 50 6
      vertex 25.8573 48.6491 6
      vertex 50 45 6
    endloop
  endfacet
  facet normal -0 0 1
    outer loop
      vertex 25.6812 48.5523 6
      vertex 50 45 6
      vertex 25.8573 48.6491 6
    endloop
  endfacet
  facet normal -0 0 1
    outer loop
      vertex 25.4944 48.4783 6
      vertex 50 45 6
      vertex 25.6812 48.5523 6
    endloop
  endfacet
  facet normal -0 0 1
    outer loop
      vertex 25.2998 48.4283 6
      vertex 50 45 6
      vertex 25.4944 48.4783 6
    endloop
  endfacet
  facet normal 0 0 1
    outer loop
      vertex 17 45 6
      vertex 25.2998 48.4283 6
      vertex 25.1005 48.4032 6
    endloop
  endfacet
  facet normal 0 0 1
    outer loop
      vertex 17 45 6
      vertex 25.1005 48.4032 6
      vertex 24.8995 48.4032 6
    endloop
  endfacet
  facet normal 0 0 1
    outer loop
      vertex 17 45 6
      vertex 24.8995 48.4032 6
      vertex 24.7002 48.4283 6
    endloop
  endfacet
  facet normal -0 0 1
    outer loop
      vertex 21.4948 51.927 6
      vertex 23.5979 50.7708 6
      vertex 21.7639 52.3511 6
    endloop
  endfacet
  facet normal 0 0 1
    outer loop
      vertex 23.5979 50.7708 6
      vertex 21.4948 51.927 6
      vertex 23.5124 50.589 6
    endloop
  endfacet
  facet normal -0 0 1
    outer loop
      vertex 21.2809 51.4725 6
      vertex 23.5124 50.589 6
      vertex 21.4948 51.927 6
    endloop
  endfacet
  facet normal 0 0 1
    outer loop
      vertex 23.5124 50.589 6
      vertex 21.2809 51.4725 6
      vertex 23.4503 50.3979 6
    endloop
  endfacet
  facet normal -0 0 1
    outer loop
      vertex 21.1257 50.9948 6
      vertex 23.4503 50.3979 6
      vertex 21.2809 51.4725 6
    endloop
  endfacet
  facet normal 0 0 1
    outer loop
      vertex 23.4503 50.3979 6
      vertex 21.1257 50.9948 6
      vertex 23.4126 50.2005 6
    endloop
  endfacet
  facet normal -0 0 1
    outer loop
      vertex 21.0315 50.5013 6
      vertex 23.4126 50.2005 6
      vertex 21.1257 50.9948 6
    endloop
  endfacet
  facet normal 0 0 1
    outer loop
      vertex 23.4126 50.2005 6
      vertex 21.0315 50.5013 6
      vertex 23.4 50 6
    endloop
  endfacet
  facet normal 0 0 1
    outer loop
      vertex 21 50 6
      vertex 23.4 50 6
      vertex 21.0315 50.5013 6
    endloop
  endfacet
  facet normal 0 0 1
    outer loop
      vertex 23.4 50 6
      vertex 21 50 6
      vertex 23.4126 49.7995 6
    endloop
  endfacet
  facet normal 0 0 1
    outer loop
      vertex 23.4126 49.7995 6
      vertex 21 50 6
      vertex 23.4503 49.6021 6
    endloop
  endfacet
  facet normal 0 0 1
    outer loop
      vertex 23.4503 49.6021 6
      vertex 21 50 6
      vertex 23.5124 49.411 6
    endloop
  endfacet
  facet normal 0 0 1
    outer loop
      vertex 23.5124 49.411 6
      vertex 21 50 6
      vertex 23.5979 49.2292 6
    endloop
  endfacet
  facet normal 0 0 1
    outer loop
      vertex 23.5979 49.2292 6
      vertex 21 50 6
      vertex 23.7056 49.0595 6
    endloop
  endfacet
  facet normal 0 0 1
    outer loop
      vertex 23.7056 49.0595 6
      vertex 21 50 6
      vertex 23.8336 48.9047 6
    endloop
  endfacet
  facet normal 0 0 1
    outer loop
      vertex 17 45 6
      vertex 23.8336 48.9047 6
      vertex 21 50 6
    endloop
  endfacet
  facet normal 0 0 1
    outer loop
      vertex 23.8336 48.9047 6
      vertex 17 45 6
      vertex 23.9801 48.7672 6
    endloop
  endfacet
  facet normal 0 0 1
    outer loop
      vertex 23.9801 48.7672 6
      vertex 17 45 6
      vertex 24.1427 48.6491 6
    endloop
  endfacet
  facet normal 0 0 1
    outer loop
      vertex 17 45 6
      vertex 21 50 6
      vertex 17 50 6
    endloop
  endfacet
  facet normal 0 0 1
    outer loop
      vertex 24.1427 48.6491 6
      vertex 17 45 6
      vertex 24.3188 48.5523 6
    endloop
  endfacet
  facet normal 0 0 1
    outer loop
      vertex 24.3188 48.5523 6
      vertex 17 45 6
      vertex 24.5056 48.4783 6
    endloop
  endfacet
  facet normal 0 0 1
    outer loop
      vertex 25.2998 48.4283 6
      vertex 17 45 6
      vertex 50 45 6
    endloop
  endfacet
  facet normal 0 0 1
    outer loop
      vertex 24.5056 48.4783 6
      vertex 17 45 6
      vertex 24.7002 48.4283 6
    endloop
  endfacet
  facet normal -0 0 1
    outer loop
      vertex 45 33 6
      vertex 50 28.9921 6
      vertex 50 33 6
    endloop
  endfacet
  facet normal 0 0 1
    outer loop
      vertex 50 28.9921 6
      vertex 49.7002 26.5717 6
      vertex 49.8995 26.5968 6
    endloop
  endfacet
  facet normal 0 0 1
    outer loop
      vertex 50 28.9921 6
      vertex 49.5056 26.5217 6
      vertex 49.7002 26.5717 6
    endloop
  endfacet
  facet normal 0 0 1
    outer loop
      vertex 50 28.9921 6
      vertex 49.3188 26.4477 6
      vertex 49.5056 26.5217 6
    endloop
  endfacet
  facet normal 0 -0 1
    outer loop
      vertex 48.8336 26.0953 6
      vertex 50 28.9921 6
      vertex 45 33 6
    endloop
  endfacet
  facet normal 0 0 1
    outer loop
      vertex 50 28.9921 6
      vertex 49.1427 26.3509 6
      vertex 49.3188 26.4477 6
    endloop
  endfacet
  facet normal 0 0 1
    outer loop
      vertex 50 28.9921 6
      vertex 48.9801 26.2328 6
      vertex 49.1427 26.3509 6
    endloop
  endfacet
  facet normal 0 0 1
    outer loop
      vertex 50 28.9921 6
      vertex 48.8336 26.0953 6
      vertex 48.9801 26.2328 6
    endloop
  endfacet
  facet normal 0 0 1
    outer loop
      vertex 48.8336 26.0953 6
      vertex 45 33 6
      vertex 48.7056 25.9405 6
    endloop
  endfacet
  facet normal 0 0 1
    outer loop
      vertex 48.7056 25.9405 6
      vertex 45 33 6
      vertex 48.5979 25.7708 6
    endloop
  endfacet
  facet normal 0 0 1
    outer loop
      vertex 48.5979 25.7708 6
      vertex 45 33 6
      vertex 48.5124 25.589 6
    endloop
  endfacet
  facet normal 0 0 1
    outer loop
      vertex 45 33 6
      vertex 48.4 25 6
      vertex 48.4126 25.2005 6
    endloop
  endfacet
  facet normal 0 0 1
    outer loop
      vertex 48.5124 25.589 6
      vertex 45 33 6
      vertex 48.4503 25.3979 6
    endloop
  endfacet
  facet normal 0 0 1
    outer loop
      vertex 45 33 6
      vertex 48.4126 25.2005 6
      vertex 48.4503 25.3979 6
    endloop
  endfacet
  facet normal 0 0 1
    outer loop
      vertex 48.4 25 6
      vertex 45 33 6
      vertex 45 0 6
    endloop
  endfacet
  facet normal 0 0 1
    outer loop
      vertex 48.4 25 6
      vertex 45 0 6
      vertex 45.5 0 6
    endloop
  endfacet
  facet normal 0 0 1
    outer loop
      vertex 51.6 25 6
      vertex 54 25 6
      vertex 53.9685 25.5013 6
    endloop
  endfacet
  facet normal 0 0 1
    outer loop
      vertex 51.5874 25.2005 6
      vertex 53.9685 25.5013 6
      vertex 53.8743 25.9948 6
    endloop
  endfacet
  facet normal 0 0 1
    outer loop
      vertex 54 25 6
      vertex 51.6 25 6
      vertex 53.9685 24.4987 6
    endloop
  endfacet
  facet normal 0 0 1
    outer loop
      vertex 51.5497 25.3979 6
      vertex 53.8743 25.9948 6
      vertex 53.7191 26.4725 6
    endloop
  endfacet
  facet normal -0 0 1
    outer loop
      vertex 51.5874 24.7995 6
      vertex 53.9685 24.4987 6
      vertex 51.6 25 6
    endloop
  endfacet
  facet normal 0 0 1
    outer loop
      vertex 51.4876 25.589 6
      vertex 53.7191 26.4725 6
      vertex 53.5052 26.927 6
    endloop
  endfacet
  facet normal 0 0 1
    outer loop
      vertex 53.9685 24.4987 6
      vertex 51.5874 24.7995 6
      vertex 53.8743 24.0052 6
    endloop
  endfacet
  facet normal 0 0 1
    outer loop
      vertex 51.4021 25.7708 6
      vertex 53.5052 26.927 6
      vertex 53.2361 27.3511 6
    endloop
  endfacet
  facet normal -0 0 1
    outer loop
      vertex 51.5497 24.6021 6
      vertex 53.8743 24.0052 6
      vertex 51.5874 24.7995 6
    endloop
  endfacet
  facet normal 0 0 1
    outer loop
      vertex 51.2944 25.9405 6
      vertex 53.2361 27.3511 6
      vertex 52.9159 27.7382 6
    endloop
  endfacet
  facet normal 0 0 1
    outer loop
      vertex 53.8743 24.0052 6
      vertex 51.5497 24.6021 6
      vertex 53.7191 23.5275 6
    endloop
  endfacet
  facet normal 0 0 1
    outer loop
      vertex 51.1664 26.0953 6
      vertex 52.9159 27.7382 6
      vertex 52.5497 28.0821 6
    endloop
  endfacet
  facet normal -0 0 1
    outer loop
      vertex 51.4876 24.411 6
      vertex 53.7191 23.5275 6
      vertex 51.5497 24.6021 6
    endloop
  endfacet
  facet normal 0 0 1
    outer loop
      vertex 51.0199 26.2328 6
      vertex 52.5497 28.0821 6
      vertex 52.1433 28.3773 6
    endloop
  endfacet
  facet normal 0 0 1
    outer loop
      vertex 53.7191 23.5275 6
      vertex 51.4876 24.411 6
      vertex 53.5052 23.073 6
    endloop
  endfacet
  facet normal 0 0 1
    outer loop
      vertex 50.8573 26.3509 6
      vertex 52.1433 28.3773 6
      vertex 51.7031 28.6193 6
    endloop
  endfacet
  facet normal -0 0 1
    outer loop
      vertex 51.4021 24.2292 6
      vertex 53.5052 23.073 6
      vertex 51.4876 24.411 6
    endloop
  endfacet
  facet normal 0 0 1
    outer loop
      vertex 53.5052 23.073 6
      vertex 51.4021 24.2292 6
      vertex 53.2361 22.6489 6
    endloop
  endfacet
  facet normal 0 0 1
    outer loop
      vertex 53.9685 25.5013 6
      vertex 51.5874 25.2005 6
      vertex 51.6 25 6
    endloop
  endfacet
  facet normal 0 0 1
    outer loop
      vertex 53.8743 25.9948 6
      vertex 51.5497 25.3979 6
      vertex 51.5874 25.2005 6
    endloop
  endfacet
  facet normal 0 0 1
    outer loop
      vertex 53.7191 26.4725 6
      vertex 51.4876 25.589 6
      vertex 51.5497 25.3979 6
    endloop
  endfacet
  facet normal 0 0 1
    outer loop
      vertex 53.5052 26.927 6
      vertex 51.4021 25.7708 6
      vertex 51.4876 25.589 6
    endloop
  endfacet
  facet normal 0 0 1
    outer loop
      vertex 53.2361 27.3511 6
      vertex 51.2944 25.9405 6
      vertex 51.4021 25.7708 6
    endloop
  endfacet
  facet normal 0 0 1
    outer loop
      vertex 50.6812 26.4477 6
      vertex 51.7031 28.6193 6
      vertex 51.2361 28.8042 6
    endloop
  endfacet
  facet normal 0 0 1
    outer loop
      vertex 52.9159 27.7382 6
      vertex 51.1664 26.0953 6
      vertex 51.2944 25.9405 6
    endloop
  endfacet
  facet normal 0 0 1
    outer loop
      vertex 52.5497 28.0821 6
      vertex 51.0199 26.2328 6
      vertex 51.1664 26.0953 6
    endloop
  endfacet
  facet normal 0 0 1
    outer loop
      vertex 52.1433 28.3773 6
      vertex 50.8573 26.3509 6
      vertex 51.0199 26.2328 6
    endloop
  endfacet
  facet normal 0 0 1
    outer loop
      vertex 50.4944 26.5217 6
      vertex 51.2361 28.8042 6
      vertex 50.7495 28.9291 6
    endloop
  endfacet
  facet normal 0 0 1
    outer loop
      vertex 51.7031 28.6193 6
      vertex 50.6812 26.4477 6
      vertex 50.8573 26.3509 6
    endloop
  endfacet
  facet normal 0 0 1
    outer loop
      vertex 51.2361 28.8042 6
      vertex 50.4944 26.5217 6
      vertex 50.6812 26.4477 6
    endloop
  endfacet
  facet normal 0 0 1
    outer loop
      vertex 50.7495 28.9291 6
      vertex 50.2998 26.5717 6
      vertex 50.4944 26.5217 6
    endloop
  endfacet
  facet normal 0 0 1
    outer loop
      vertex 50.2512 28.9921 6
      vertex 50.2998 26.5717 6
      vertex 50.7495 28.9291 6
    endloop
  endfacet
  facet normal 0 0 1
    outer loop
      vertex 50.2512 28.9921 6
      vertex 50.1005 26.5968 6
      vertex 50.2998 26.5717 6
    endloop
  endfacet
  facet normal -0 0 1
    outer loop
      vertex 50 28.9921 6
      vertex 50.1005 26.5968 6
      vertex 50.2512 28.9921 6
    endloop
  endfacet
  facet normal 0 0 1
    outer loop
      vertex 50.1005 26.5968 6
      vertex 50 28.9921 6
      vertex 49.8995 26.5968 6
    endloop
  endfacet
  facet normal -0 0 1
    outer loop
      vertex 51.2944 24.0595 6
      vertex 53.2361 22.6489 6
      vertex 51.4021 24.2292 6
    endloop
  endfacet
  facet normal 0 0 1
    outer loop
      vertex 53.2361 22.6489 6
      vertex 51.2944 24.0595 6
      vertex 52.9159 22.2618 6
    endloop
  endfacet
  facet normal -0 0 1
    outer loop
      vertex 51.1664 23.9047 6
      vertex 52.9159 22.2618 6
      vertex 51.2944 24.0595 6
    endloop
  endfacet
  facet normal 0 0 1
    outer loop
      vertex 52.9159 22.2618 6
      vertex 51.1664 23.9047 6
      vertex 52.5497 21.9179 6
    endloop
  endfacet
  facet normal -0 0 1
    outer loop
      vertex 51.0199 23.7672 6
      vertex 52.5497 21.9179 6
      vertex 51.1664 23.9047 6
    endloop
  endfacet
  facet normal 0 0 1
    outer loop
      vertex 52.5497 21.9179 6
      vertex 51.0199 23.7672 6
      vertex 52.1433 21.6227 6
    endloop
  endfacet
  facet normal -0 0 1
    outer loop
      vertex 50.8573 23.6491 6
      vertex 52.1433 21.6227 6
      vertex 51.0199 23.7672 6
    endloop
  endfacet
  facet normal 0 0 1
    outer loop
      vertex 52.1433 21.6227 6
      vertex 50.8573 23.6491 6
      vertex 51.7031 21.3807 6
    endloop
  endfacet
  facet normal -0 0 1
    outer loop
      vertex 50.6812 23.5523 6
      vertex 51.7031 21.3807 6
      vertex 50.8573 23.6491 6
    endloop
  endfacet
  facet normal 0 0 1
    outer loop
      vertex 51.7031 21.3807 6
      vertex 50.6812 23.5523 6
      vertex 51.2361 21.1958 6
    endloop
  endfacet
  facet normal -0 0 1
    outer loop
      vertex 50.4944 23.4783 6
      vertex 51.2361 21.1958 6
      vertex 50.6812 23.5523 6
    endloop
  endfacet
  facet normal 0 0 1
    outer loop
      vertex 51.2361 21.1958 6
      vertex 50.4944 23.4783 6
      vertex 50.7495 21.0709 6
    endloop
  endfacet
  facet normal -0 0 1
    outer loop
      vertex 50.2998 23.4283 6
      vertex 50.7495 21.0709 6
      vertex 50.4944 23.4783 6
    endloop
  endfacet
  facet normal 0 0 1
    outer loop
      vertex 50.2998 23.4283 6
      vertex 50.2512 21.0079 6
      vertex 50.7495 21.0709 6
    endloop
  endfacet
  facet normal -0 0 1
    outer loop
      vertex 50.1005 23.4032 6
      vertex 50.2512 21.0079 6
      vertex 50.2998 23.4283 6
    endloop
  endfacet
  facet normal 0 0 1
    outer loop
      vertex 50.1005 23.4032 6
      vertex 50 21.0079 6
      vertex 50.2512 21.0079 6
    endloop
  endfacet
  facet normal -0 0 1
    outer loop
      vertex 49.8995 23.4032 6
      vertex 50 21.0079 6
      vertex 50.1005 23.4032 6
    endloop
  endfacet
  facet normal 0 0 1
    outer loop
      vertex 49.7002 23.4283 6
      vertex 50 21.0079 6
      vertex 49.8995 23.4032 6
    endloop
  endfacet
  facet normal 0 0 1
    outer loop
      vertex 49.5056 23.4783 6
      vertex 50 21.0079 6
      vertex 49.7002 23.4283 6
    endloop
  endfacet
  facet normal 0 0 1
    outer loop
      vertex 49.3188 23.5523 6
      vertex 50 21.0079 6
      vertex 49.5056 23.4783 6
    endloop
  endfacet
  facet normal 0 0 1
    outer loop
      vertex 49.1427 23.6491 6
      vertex 50 21.0079 6
      vertex 49.3188 23.5523 6
    endloop
  endfacet
  facet normal 0 0 1
    outer loop
      vertex 48.9801 23.7672 6
      vertex 50 21.0079 6
      vertex 49.1427 23.6491 6
    endloop
  endfacet
  facet normal 0 0 1
    outer loop
      vertex 48.8336 23.9047 6
      vertex 50 21.0079 6
      vertex 48.9801 23.7672 6
    endloop
  endfacet
  facet normal 0 0 1
    outer loop
      vertex 48.7056 24.0595 6
      vertex 50 21.0079 6
      vertex 48.8336 23.9047 6
    endloop
  endfacet
  facet normal 0 0 1
    outer loop
      vertex 48.5979 24.2292 6
      vertex 50 21.0079 6
      vertex 48.7056 24.0595 6
    endloop
  endfacet
  facet normal 0 0 1
    outer loop
      vertex 50 21.0079 6
      vertex 48.5979 24.2292 6
      vertex 45.5 0 6
    endloop
  endfacet
  facet normal 0 0 1
    outer loop
      vertex 45.5 0 6
      vertex 48.5979 24.2292 6
      vertex 48.5124 24.411 6
    endloop
  endfacet
  facet normal 0 0 1
    outer loop
      vertex 45.5 0 6
      vertex 48.5124 24.411 6
      vertex 48.4503 24.6021 6
    endloop
  endfacet
  facet normal 0 0 1
    outer loop
      vertex 45.5 0 6
      vertex 48.4503 24.6021 6
      vertex 48.4126 24.7995 6
    endloop
  endfacet
  facet normal 0 0 1
    outer loop
      vertex 50 21.0079 6
      vertex 45.5 0 6
      vertex 50 4.5 6
    endloop
  endfacet
  facet normal 0 0 1
    outer loop
      vertex 45.5 0 6
      vertex 48.4126 24.7995 6
      vertex 48.4 25 6
    endloop
  endfacet
  facet normal 0 0 1
    outer loop
      vertex 33 5 6
      vertex 29 0 6
      vertex 33 0 6
    endloop
  endfacet
  facet normal -0 0 1
    outer loop
      vertex 26.5874 -0.200533 6
      vertex 28.9685 -0.501332 6
      vertex 29 0 6
    endloop
  endfacet
  facet normal 0 0 1
    outer loop
      vertex 28.9685 -0.501332 6
      vertex 26.5874 -0.200533 6
      vertex 28.8743 -0.994759 6
    endloop
  endfacet
  facet normal 0 0 1
    outer loop
      vertex 28.8743 -0.994759 6
      vertex 26.5497 -0.397903 6
      vertex 28.7191 -1.4725 6
    endloop
  endfacet
  facet normal -0 0 1
    outer loop
      vertex 26.4876 -0.588999 6
      vertex 28.7191 -1.4725 6
      vertex 26.5497 -0.397903 6
    endloop
  endfacet
  facet normal -0 0 1
    outer loop
      vertex 26.4021 -0.770805 6
      vertex 28.5052 -1.92701 6
      vertex 26.4876 -0.588999 6
    endloop
  endfacet
  facet normal 0 0 1
    outer loop
      vertex 28.5052 -1.92701 6
      vertex 26.4021 -0.770805 6
      vertex 28.2361 -2.35114 6
    endloop
  endfacet
  facet normal 0 0 1
    outer loop
      vertex 28.2361 -2.35114 6
      vertex 26.2944 -0.940456 6
      vertex 27.9159 -2.73819 6
    endloop
  endfacet
  facet normal -0 0 1
    outer loop
      vertex 26.1663 -1.09527 6
      vertex 27.9159 -2.73819 6
      vertex 26.2944 -0.940456 6
    endloop
  endfacet
  facet normal 0 0 1
    outer loop
      vertex 26.5874 -0.200533 6
      vertex 29 0 6
      vertex 26.6 0 6
    endloop
  endfacet
  facet normal -0 0 1
    outer loop
      vertex 26.1663 1.09527 6
      vertex 29 0 6
      vertex 33 5 6
    endloop
  endfacet
  facet normal 0 0 1
    outer loop
      vertex 29 0 6
      vertex 26.5874 0.200533 6
      vertex 26.6 0 6
    endloop
  endfacet
  facet normal 0 0 1
    outer loop
      vertex 29 0 6
      vertex 26.5497 0.397903 6
      vertex 26.5874 0.200533 6
    endloop
  endfacet
  facet normal 0 0 1
    outer loop
      vertex 29 0 6
      vertex 26.4876 0.588999 6
      vertex 26.5497 0.397903 6
    endloop
  endfacet
  facet normal 0 0 1
    outer loop
      vertex 29 0 6
      vertex 26.4021 0.770805 6
      vertex 26.4876 0.588999 6
    endloop
  endfacet
  facet normal 0 0 1
    outer loop
      vertex 29 0 6
      vertex 26.2944 0.940456 6
      vertex 26.4021 0.770805 6
    endloop
  endfacet
  facet normal 0 0 1
    outer loop
      vertex 29 0 6
      vertex 26.1663 1.09527 6
      vertex 26.2944 0.940456 6
    endloop
  endfacet
  facet normal 0 0 1
    outer loop
      vertex 33 5 6
      vertex 26.0199 1.23282 6
      vertex 26.1663 1.09527 6
    endloop
  endfacet
  facet normal 0 0 1
    outer loop
      vertex 33 5 6
      vertex 25.8573 1.35092 6
      vertex 26.0199 1.23282 6
    endloop
  endfacet
  facet normal 0 0 1
    outer loop
      vertex 33 5 6
      vertex 25.6812 1.44772 6
      vertex 25.8573 1.35092 6
    endloop
  endfacet
  facet normal 0 0 1
    outer loop
      vertex 33 5 6
      vertex 25.4944 1.52169 6
      vertex 25.6812 1.44772 6
    endloop
  endfacet
  facet normal 0 0 1
    outer loop
      vertex 33 5 6
      vertex 25.2998 1.57166 6
      vertex 25.4944 1.52169 6
    endloop
  endfacet
  facet normal 0 0 1
    outer loop
      vertex 33 5 6
      vertex 25.1005 1.59684 6
      vertex 25.2998 1.57166 6
    endloop
  endfacet
  facet normal 0 0 1
    outer loop
      vertex 33 5 6
      vertex 24.8995 1.59684 6
      vertex 25.1005 1.59684 6
    endloop
  endfacet
  facet normal 0 0 1
    outer loop
      vertex 33 5 6
      vertex 24.7002 1.57166 6
      vertex 24.8995 1.59684 6
    endloop
  endfacet
  facet normal 0 0 1
    outer loop
      vertex 33 5 6
      vertex 24.5056 1.52169 6
      vertex 24.7002 1.57166 6
    endloop
  endfacet
  facet normal -0 0 1
    outer loop
      vertex 0 5 6
      vertex 24.5056 1.52169 6
      vertex 33 5 6
    endloop
  endfacet
  facet normal 0 0 1
    outer loop
      vertex 24.1427 -1.35092 6
      vertex 22.8567 -3.37731 6
      vertex 23.2969 -3.61931 6
    endloop
  endfacet
  facet normal 0 0 1
    outer loop
      vertex 21 0 6
      vertex 23.4 0 6
      vertex 23.4126 0.200533 6
    endloop
  endfacet
  facet normal 0 0 1
    outer loop
      vertex 23.4126 -0.200533 6
      vertex 22.4503 -3.08205 6
      vertex 22.8567 -3.37731 6
    endloop
  endfacet
  facet normal 0 0 1
    outer loop
      vertex 21 0 6
      vertex 23.4126 0.200533 6
      vertex 23.4503 0.397903 6
    endloop
  endfacet
  facet normal 0 0 1
    outer loop
      vertex 23.4126 -0.200533 6
      vertex 22.0841 -2.73819 6
      vertex 22.4503 -3.08205 6
    endloop
  endfacet
  facet normal 0 0 1
    outer loop
      vertex 21 0 6
      vertex 23.4503 0.397903 6
      vertex 23.5124 0.588999 6
    endloop
  endfacet
  facet normal 0 0 1
    outer loop
      vertex 23.4126 -0.200533 6
      vertex 21.7639 -2.35114 6
      vertex 22.0841 -2.73819 6
    endloop
  endfacet
  facet normal 0 0 1
    outer loop
      vertex 21 0 6
      vertex 23.5124 0.588999 6
      vertex 23.5979 0.770805 6
    endloop
  endfacet
  facet normal 0 0 1
    outer loop
      vertex 23.4126 -0.200533 6
      vertex 21.4948 -1.92701 6
      vertex 21.7639 -2.35114 6
    endloop
  endfacet
  facet normal 0 0 1
    outer loop
      vertex 21 0 6
      vertex 23.5979 0.770805 6
      vertex 23.7056 0.940456 6
    endloop
  endfacet
  facet normal 0 0 1
    outer loop
      vertex 23.4126 -0.200533 6
      vertex 21.2809 -1.4725 6
      vertex 21.4948 -1.92701 6
    endloop
  endfacet
  facet normal 0 0 1
    outer loop
      vertex 21 0 6
      vertex 23.7056 0.940456 6
      vertex 23.8336 1.09527 6
    endloop
  endfacet
  facet normal 0 0 1
    outer loop
      vertex 23.4126 -0.200533 6
      vertex 21.1257 -0.994759 6
      vertex 21.2809 -1.4725 6
    endloop
  endfacet
  facet normal 0 0 1
    outer loop
      vertex 21 0 6
      vertex 23.8336 1.09527 6
      vertex 23.9801 1.23282 6
    endloop
  endfacet
  facet normal 0 0 1
    outer loop
      vertex 23.4126 -0.200533 6
      vertex 21.0315 -0.501332 6
      vertex 21.1257 -0.994759 6
    endloop
  endfacet
  facet normal 0 0 1
    outer loop
      vertex 21 0 6
      vertex 23.9801 1.23282 6
      vertex 24.1427 1.35092 6
    endloop
  endfacet
  facet normal 0 0 1
    outer loop
      vertex 23.4 0 6
      vertex 21 0 6
      vertex 21.0315 -0.501332 6
    endloop
  endfacet
  facet normal 0 0 1
    outer loop
      vertex 24.3188 1.44772 6
      vertex 21 0 6
      vertex 24.1427 1.35092 6
    endloop
  endfacet
  facet normal 0 0 1
    outer loop
      vertex 0 5 6
      vertex 21 0 6
      vertex 24.3188 1.44772 6
    endloop
  endfacet
  facet normal 0 0 1
    outer loop
      vertex 24.5056 1.52169 6
      vertex 0 5 6
      vertex 24.3188 1.44772 6
    endloop
  endfacet
  facet normal 0 0 1
    outer loop
      vertex 21 0 6
      vertex 0 5 6
      vertex 4.5 0 6
    endloop
  endfacet
  facet normal 0 0 1
    outer loop
      vertex 4.5 0 6
      vertex 0 5 6
      vertex 0 4.5 6
    endloop
  endfacet
  facet normal 0 0 1
    outer loop
      vertex 28.8743 -0.994759 6
      vertex 26.5874 -0.200533 6
      vertex 26.5497 -0.397903 6
    endloop
  endfacet
  facet normal 0 0 1
    outer loop
      vertex 28.7191 -1.4725 6
      vertex 26.4876 -0.588999 6
      vertex 28.5052 -1.92701 6
    endloop
  endfacet
  facet normal -0 0 1
    outer loop
      vertex 26.2944 -0.940456 6
      vertex 28.2361 -2.35114 6
      vertex 26.4021 -0.770805 6
    endloop
  endfacet
  facet normal 0 0 1
    outer loop
      vertex 27.9159 -2.73819 6
      vertex 26.1663 -1.09527 6
      vertex 27.5497 -3.08205 6
    endloop
  endfacet
  facet normal -0 0 1
    outer loop
      vertex 26.0199 -1.23282 6
      vertex 27.5497 -3.08205 6
      vertex 26.1663 -1.09527 6
    endloop
  endfacet
  facet normal 0 0 1
    outer loop
      vertex 27.5497 -3.08205 6
      vertex 26.0199 -1.23282 6
      vertex 27.1433 -3.37731 6
    endloop
  endfacet
  facet normal -0 0 1
    outer loop
      vertex 25.8573 -1.35092 6
      vertex 27.1433 -3.37731 6
      vertex 26.0199 -1.23282 6
    endloop
  endfacet
  facet normal 0 0 1
    outer loop
      vertex 27.1433 -3.37731 6
      vertex 25.8573 -1.35092 6
      vertex 26.7031 -3.61931 6
    endloop
  endfacet
  facet normal -0 0 1
    outer loop
      vertex 25.6812 -1.44772 6
      vertex 26.7031 -3.61931 6
      vertex 25.8573 -1.35092 6
    endloop
  endfacet
  facet normal 0 0 1
    outer loop
      vertex 26.7031 -3.61931 6
      vertex 25.6812 -1.44772 6
      vertex 26.2361 -3.80423 6
    endloop
  endfacet
  facet normal -0 0 1
    outer loop
      vertex 25.4944 -1.52169 6
      vertex 26.2361 -3.80423 6
      vertex 25.6812 -1.44772 6
    endloop
  endfacet
  facet normal 0 0 1
    outer loop
      vertex 26.2361 -3.80423 6
      vertex 25.4944 -1.52169 6
      vertex 25.7495 -3.92915 6
    endloop
  endfacet
  facet normal -0 0 1
    outer loop
      vertex 25.2998 -1.57166 6
      vertex 25.7495 -3.92915 6
      vertex 25.4944 -1.52169 6
    endloop
  endfacet
  facet normal 0 0 1
    outer loop
      vertex 25.2998 -1.57166 6
      vertex 25.2512 -3.99211 6
      vertex 25.7495 -3.92915 6
    endloop
  endfacet
  facet normal -0 0 1
    outer loop
      vertex 25.1005 -1.59684 6
      vertex 25.2512 -3.99211 6
      vertex 25.2998 -1.57166 6
    endloop
  endfacet
  facet normal -0 0 1
    outer loop
      vertex 24.8995 -1.59684 6
      vertex 25.2512 -3.99211 6
      vertex 25.1005 -1.59684 6
    endloop
  endfacet
  facet normal 0 0 1
    outer loop
      vertex 24.8995 -1.59684 6
      vertex 24.7488 -3.99211 6
      vertex 25.2512 -3.99211 6
    endloop
  endfacet
  facet normal 0 0 1
    outer loop
      vertex 24.7002 -1.57166 6
      vertex 24.7488 -3.99211 6
      vertex 24.8995 -1.59684 6
    endloop
  endfacet
  facet normal 0 0 1
    outer loop
      vertex 24.2505 -3.92915 6
      vertex 24.7002 -1.57166 6
      vertex 24.5056 -1.52169 6
    endloop
  endfacet
  facet normal 0 0 1
    outer loop
      vertex 23.7639 -3.80423 6
      vertex 24.5056 -1.52169 6
      vertex 24.3188 -1.44772 6
    endloop
  endfacet
  facet normal 0 0 1
    outer loop
      vertex 24.7002 -1.57166 6
      vertex 24.2505 -3.92915 6
      vertex 24.7488 -3.99211 6
    endloop
  endfacet
  facet normal 0 0 1
    outer loop
      vertex 23.2969 -3.61931 6
      vertex 24.3188 -1.44772 6
      vertex 24.1427 -1.35092 6
    endloop
  endfacet
  facet normal 0 0 1
    outer loop
      vertex 22.8567 -3.37731 6
      vertex 24.1427 -1.35092 6
      vertex 23.9801 -1.23282 6
    endloop
  endfacet
  facet normal 0 0 1
    outer loop
      vertex 22.8567 -3.37731 6
      vertex 23.9801 -1.23282 6
      vertex 23.8336 -1.09527 6
    endloop
  endfacet
  facet normal 0 0 1
    outer loop
      vertex 24.5056 -1.52169 6
      vertex 23.7639 -3.80423 6
      vertex 24.2505 -3.92915 6
    endloop
  endfacet
  facet normal 0 0 1
    outer loop
      vertex 22.8567 -3.37731 6
      vertex 23.8336 -1.09527 6
      vertex 23.7056 -0.940456 6
    endloop
  endfacet
  facet normal 0 0 1
    outer loop
      vertex 22.8567 -3.37731 6
      vertex 23.7056 -0.940456 6
      vertex 23.5979 -0.770805 6
    endloop
  endfacet
  facet normal 0 0 1
    outer loop
      vertex 22.8567 -3.37731 6
      vertex 23.5979 -0.770805 6
      vertex 23.5124 -0.588999 6
    endloop
  endfacet
  facet normal 0 0 1
    outer loop
      vertex 22.8567 -3.37731 6
      vertex 23.5124 -0.588999 6
      vertex 23.4503 -0.397903 6
    endloop
  endfacet
  facet normal 0 0 1
    outer loop
      vertex 22.8567 -3.37731 6
      vertex 23.4503 -0.397903 6
      vertex 23.4126 -0.200533 6
    endloop
  endfacet
  facet normal 0 0 1
    outer loop
      vertex 24.3188 -1.44772 6
      vertex 23.2969 -3.61931 6
      vertex 23.7639 -3.80423 6
    endloop
  endfacet
  facet normal 0 0 1
    outer loop
      vertex 21.0315 -0.501332 6
      vertex 23.4126 -0.200533 6
      vertex 23.4 0 6
    endloop
  endfacet
  facet normal -0 0 1
    outer loop
      vertex -0.100465 23.4032 6
      vertex 0 21.0079 6
      vertex 0.100465 23.4032 6
    endloop
  endfacet
  facet normal 0 0 1
    outer loop
      vertex -0.100465 23.4032 6
      vertex -0.251162 21.0079 6
      vertex 0 21.0079 6
    endloop
  endfacet
  facet normal 0 0 1
    outer loop
      vertex -0.299809 23.4283 6
      vertex -0.251162 21.0079 6
      vertex -0.100465 23.4032 6
    endloop
  endfacet
  facet normal 0 0 1
    outer loop
      vertex -0.749525 21.0709 6
      vertex -0.299809 23.4283 6
      vertex -0.494427 23.4783 6
    endloop
  endfacet
  facet normal 0 0 1
    outer loop
      vertex -1.23607 21.1958 6
      vertex -0.494427 23.4783 6
      vertex -0.681247 23.5523 6
    endloop
  endfacet
  facet normal 0 0 1
    outer loop
      vertex -0.299809 23.4283 6
      vertex -0.749525 21.0709 6
      vertex -0.251162 21.0079 6
    endloop
  endfacet
  facet normal 0 0 1
    outer loop
      vertex -1.70312 21.3807 6
      vertex -0.681247 23.5523 6
      vertex -0.857323 23.6491 6
    endloop
  endfacet
  facet normal 0 0 1
    outer loop
      vertex -2.14331 21.6227 6
      vertex -0.857323 23.6491 6
      vertex -1.01988 23.7672 6
    endloop
  endfacet
  facet normal 0 0 1
    outer loop
      vertex -2.5497 21.9179 6
      vertex -1.01988 23.7672 6
      vertex -1.16635 23.9047 6
    endloop
  endfacet
  facet normal 0 0 1
    outer loop
      vertex -0.494427 23.4783 6
      vertex -1.23607 21.1958 6
      vertex -0.749525 21.0709 6
    endloop
  endfacet
  facet normal 0 0 1
    outer loop
      vertex -2.91587 22.2618 6
      vertex -1.16635 23.9047 6
      vertex -1.29443 24.0595 6
    endloop
  endfacet
  facet normal 0 0 1
    outer loop
      vertex -3.23607 22.6489 6
      vertex -1.29443 24.0595 6
      vertex -1.40209 24.2292 6
    endloop
  endfacet
  facet normal 0 0 1
    outer loop
      vertex -3.50523 23.073 6
      vertex -1.40209 24.2292 6
      vertex -1.48764 24.411 6
    endloop
  endfacet
  facet normal 0 0 1
    outer loop
      vertex -3.71911 23.5275 6
      vertex -1.48764 24.411 6
      vertex -1.54973 24.6021 6
    endloop
  endfacet
  facet normal 0 0 1
    outer loop
      vertex -3.87433 24.0052 6
      vertex -1.54973 24.6021 6
      vertex -1.58738 24.7995 6
    endloop
  endfacet
  facet normal 0 0 1
    outer loop
      vertex -0.681247 23.5523 6
      vertex -1.70312 21.3807 6
      vertex -1.23607 21.1958 6
    endloop
  endfacet
  facet normal 0 0 1
    outer loop
      vertex -3.96846 24.4987 6
      vertex -1.58738 24.7995 6
      vertex -1.6 25 6
    endloop
  endfacet
  facet normal -0 0 1
    outer loop
      vertex -3.50523 26.927 6
      vertex -1.40209 25.7708 6
      vertex -3.23607 27.3511 6
    endloop
  endfacet
  facet normal 0 0 1
    outer loop
      vertex -1.40209 25.7708 6
      vertex -3.50523 26.927 6
      vertex -1.48764 25.589 6
    endloop
  endfacet
  facet normal 0 0 1
    outer loop
      vertex -0.857323 23.6491 6
      vertex -2.14331 21.6227 6
      vertex -1.70312 21.3807 6
    endloop
  endfacet
  facet normal -0 0 1
    outer loop
      vertex -3.71911 26.4725 6
      vertex -1.48764 25.589 6
      vertex -3.50523 26.927 6
    endloop
  endfacet
  facet normal 0 0 1
    outer loop
      vertex -1.01988 23.7672 6
      vertex -2.5497 21.9179 6
      vertex -2.14331 21.6227 6
    endloop
  endfacet
  facet normal 0 0 1
    outer loop
      vertex -1.48764 25.589 6
      vertex -3.71911 26.4725 6
      vertex -1.54973 25.3979 6
    endloop
  endfacet
  facet normal 0 0 1
    outer loop
      vertex -1.16635 23.9047 6
      vertex -2.91587 22.2618 6
      vertex -2.5497 21.9179 6
    endloop
  endfacet
  facet normal -0 0 1
    outer loop
      vertex -3.87433 25.9948 6
      vertex -1.54973 25.3979 6
      vertex -3.71911 26.4725 6
    endloop
  endfacet
  facet normal 0 0 1
    outer loop
      vertex -1.29443 24.0595 6
      vertex -3.23607 22.6489 6
      vertex -2.91587 22.2618 6
    endloop
  endfacet
  facet normal 0 0 1
    outer loop
      vertex -1.54973 25.3979 6
      vertex -3.87433 25.9948 6
      vertex -1.58738 25.2005 6
    endloop
  endfacet
  facet normal 0 0 1
    outer loop
      vertex -1.40209 24.2292 6
      vertex -3.50523 23.073 6
      vertex -3.23607 22.6489 6
    endloop
  endfacet
  facet normal -0 0 1
    outer loop
      vertex -3.96846 25.5013 6
      vertex -1.58738 25.2005 6
      vertex -3.87433 25.9948 6
    endloop
  endfacet
  facet normal 0 0 1
    outer loop
      vertex -1.48764 24.411 6
      vertex -3.71911 23.5275 6
      vertex -3.50523 23.073 6
    endloop
  endfacet
  facet normal 0 0 1
    outer loop
      vertex -1.58738 25.2005 6
      vertex -3.96846 25.5013 6
      vertex -1.6 25 6
    endloop
  endfacet
  facet normal 0 0 1
    outer loop
      vertex -1.54973 24.6021 6
      vertex -3.87433 24.0052 6
      vertex -3.71911 23.5275 6
    endloop
  endfacet
  facet normal 0 0 1
    outer loop
      vertex -4 25 6
      vertex -1.6 25 6
      vertex -3.96846 25.5013 6
    endloop
  endfacet
  facet normal 0 0 1
    outer loop
      vertex -1.58738 24.7995 6
      vertex -3.96846 24.4987 6
      vertex -3.87433 24.0052 6
    endloop
  endfacet
  facet normal 0 0 1
    outer loop
      vertex -1.6 25 6
      vertex -4 25 6
      vertex -3.96846 24.4987 6
    endloop
  endfacet
  facet normal 0 0 1
    outer loop
      vertex 5 17 6
      vertex 1.58738 25.2005 6
      vertex 1.6 25 6
    endloop
  endfacet
  facet normal 0 0 1
    outer loop
      vertex 5 50 6
      vertex 1.54973 25.3979 6
      vertex 1.58738 25.2005 6
    endloop
  endfacet
  facet normal 0 0 1
    outer loop
      vertex 5 50 6
      vertex 1.48764 25.589 6
      vertex 1.54973 25.3979 6
    endloop
  endfacet
  facet normal 0 0 1
    outer loop
      vertex 5 50 6
      vertex 1.40209 25.7708 6
      vertex 1.48764 25.589 6
    endloop
  endfacet
  facet normal 0 0 1
    outer loop
      vertex 5 50 6
      vertex 0 28.9921 6
      vertex 1.40209 25.7708 6
    endloop
  endfacet
  facet normal 0 0 1
    outer loop
      vertex 1.40209 25.7708 6
      vertex 0 28.9921 6
      vertex 1.29443 25.9405 6
    endloop
  endfacet
  facet normal 0 0 1
    outer loop
      vertex 1.29443 25.9405 6
      vertex 0 28.9921 6
      vertex 1.16635 26.0953 6
    endloop
  endfacet
  facet normal 0 0 1
    outer loop
      vertex 1.16635 26.0953 6
      vertex 0 28.9921 6
      vertex 1.01988 26.2328 6
    endloop
  endfacet
  facet normal 0 0 1
    outer loop
      vertex 1.01988 26.2328 6
      vertex 0 28.9921 6
      vertex 0.857323 26.3509 6
    endloop
  endfacet
  facet normal 0 0 1
    outer loop
      vertex 0.857323 26.3509 6
      vertex 0 28.9921 6
      vertex 0.681247 26.4477 6
    endloop
  endfacet
  facet normal 0 0 1
    outer loop
      vertex 0.681247 26.4477 6
      vertex 0 28.9921 6
      vertex 0.494427 26.5217 6
    endloop
  endfacet
  facet normal 0 0 1
    outer loop
      vertex 0.494427 26.5217 6
      vertex 0 28.9921 6
      vertex 0.299809 26.5717 6
    endloop
  endfacet
  facet normal 0 0 1
    outer loop
      vertex 5 50 6
      vertex 0 45.5 6
      vertex 0 28.9921 6
    endloop
  endfacet
  facet normal 0 0 1
    outer loop
      vertex 0.299809 26.5717 6
      vertex 0 28.9921 6
      vertex 0.100465 26.5968 6
    endloop
  endfacet
  facet normal 0 0 1
    outer loop
      vertex 0 28.9921 6
      vertex -0.100465 26.5968 6
      vertex 0.100465 26.5968 6
    endloop
  endfacet
  facet normal -0 0 1
    outer loop
      vertex -0.251162 28.9921 6
      vertex -0.100465 26.5968 6
      vertex 0 28.9921 6
    endloop
  endfacet
  facet normal 0 0 1
    outer loop
      vertex -0.251162 28.9921 6
      vertex -0.299809 26.5717 6
      vertex -0.100465 26.5968 6
    endloop
  endfacet
  facet normal -0 0 1
    outer loop
      vertex -0.749525 28.9291 6
      vertex -0.299809 26.5717 6
      vertex -0.251162 28.9921 6
    endloop
  endfacet
  facet normal 0 0 1
    outer loop
      vertex -0.299809 26.5717 6
      vertex -0.749525 28.9291 6
      vertex -0.494427 26.5217 6
    endloop
  endfacet
  facet normal -0 0 1
    outer loop
      vertex -1.23607 28.8042 6
      vertex -0.494427 26.5217 6
      vertex -0.749525 28.9291 6
    endloop
  endfacet
  facet normal 0 0 1
    outer loop
      vertex -0.494427 26.5217 6
      vertex -1.23607 28.8042 6
      vertex -0.681247 26.4477 6
    endloop
  endfacet
  facet normal -0 0 1
    outer loop
      vertex -1.70312 28.6193 6
      vertex -0.681247 26.4477 6
      vertex -1.23607 28.8042 6
    endloop
  endfacet
  facet normal 0 0 1
    outer loop
      vertex -0.681247 26.4477 6
      vertex -1.70312 28.6193 6
      vertex -0.857323 26.3509 6
    endloop
  endfacet
  facet normal -0 0 1
    outer loop
      vertex -2.14331 28.3773 6
      vertex -0.857323 26.3509 6
      vertex -1.70312 28.6193 6
    endloop
  endfacet
  facet normal 0 0 1
    outer loop
      vertex -0.857323 26.3509 6
      vertex -2.14331 28.3773 6
      vertex -1.01988 26.2328 6
    endloop
  endfacet
  facet normal -0 0 1
    outer loop
      vertex -2.5497 28.0821 6
      vertex -1.01988 26.2328 6
      vertex -2.14331 28.3773 6
    endloop
  endfacet
  facet normal 0 0 1
    outer loop
      vertex -1.01988 26.2328 6
      vertex -2.5497 28.0821 6
      vertex -1.16635 26.0953 6
    endloop
  endfacet
  facet normal -0 0 1
    outer loop
      vertex -2.91587 27.7382 6
      vertex -1.16635 26.0953 6
      vertex -2.5497 28.0821 6
    endloop
  endfacet
  facet normal 0 0 1
    outer loop
      vertex -1.16635 26.0953 6
      vertex -2.91587 27.7382 6
      vertex -1.29443 25.9405 6
    endloop
  endfacet
  facet normal 0 0 1
    outer loop
      vertex -1.29443 25.9405 6
      vertex -3.23607 27.3511 6
      vertex -1.40209 25.7708 6
    endloop
  endfacet
  facet normal -0 0 1
    outer loop
      vertex -3.23607 27.3511 6
      vertex -1.29443 25.9405 6
      vertex -2.91587 27.7382 6
    endloop
  endfacet
  facet normal 0 0 1
    outer loop
      vertex 0 45.5 6
      vertex 5 50 6
      vertex 4.5 50 6
    endloop
  endfacet
  facet normal -0 0 1
    outer loop
      vertex 1.58738 25.2005 6
      vertex 5 17 6
      vertex 5 50 6
    endloop
  endfacet
  facet normal -0 0 1
    outer loop
      vertex 1.58738 24.7995 6
      vertex 5 17 6
      vertex 1.6 25 6
    endloop
  endfacet
  facet normal -0 0 1
    outer loop
      vertex 1.54973 24.6021 6
      vertex 5 17 6
      vertex 1.58738 24.7995 6
    endloop
  endfacet
  facet normal -0 0 1
    outer loop
      vertex 1.48764 24.411 6
      vertex 5 17 6
      vertex 1.54973 24.6021 6
    endloop
  endfacet
  facet normal -0 0 1
    outer loop
      vertex 1.40209 24.2292 6
      vertex 5 17 6
      vertex 1.48764 24.411 6
    endloop
  endfacet
  facet normal -0 0 1
    outer loop
      vertex 1.29443 24.0595 6
      vertex 5 17 6
      vertex 1.40209 24.2292 6
    endloop
  endfacet
  facet normal -0 0 1
    outer loop
      vertex 1.16635 23.9047 6
      vertex 5 17 6
      vertex 1.29443 24.0595 6
    endloop
  endfacet
  facet normal 0 0 1
    outer loop
      vertex 0 21.0079 6
      vertex 1.16635 23.9047 6
      vertex 1.01988 23.7672 6
    endloop
  endfacet
  facet normal 0 0 1
    outer loop
      vertex 0 21.0079 6
      vertex 1.01988 23.7672 6
      vertex 0.857323 23.6491 6
    endloop
  endfacet
  facet normal 0 0 1
    outer loop
      vertex 0 21.0079 6
      vertex 0.857323 23.6491 6
      vertex 0.681247 23.5523 6
    endloop
  endfacet
  facet normal 0 0 1
    outer loop
      vertex 0 21.0079 6
      vertex 0.681247 23.5523 6
      vertex 0.494427 23.4783 6
    endloop
  endfacet
  facet normal 0 0 1
    outer loop
      vertex 0 21.0079 6
      vertex 0.494427 23.4783 6
      vertex 0.299809 23.4283 6
    endloop
  endfacet
  facet normal 0 0 1
    outer loop
      vertex 0 21.0079 6
      vertex 0.299809 23.4283 6
      vertex 0.100465 23.4032 6
    endloop
  endfacet
  facet normal 0 0 1
    outer loop
      vertex 1.16635 23.9047 6
      vertex 0 21.0079 6
      vertex 5 17 6
    endloop
  endfacet
  facet normal 0 0 1
    outer loop
      vertex 5 17 6
      vertex 0 21.0079 6
      vertex 0 17 6
    endloop
  endfacet
  facet normal 0 0 1
    outer loop
      vertex 33 33 6
      vertex 30 30 6
      vertex 33 17 6
    endloop
  endfacet
  facet normal 0 0 1
    outer loop
      vertex 33 33 6
      vertex 20 30 6
      vertex 30 30 6
    endloop
  endfacet
  facet normal 0 0 1
    outer loop
      vertex 20 30 6
      vertex 17 33 6
      vertex 20 20 6
    endloop
  endfacet
  facet normal -0 0 1
    outer loop
      vertex 17 33 6
      vertex 20 30 6
      vertex 33 33 6
    endloop
  endfacet
  facet normal -0 0 1
    outer loop
      vertex 30 20 6
      vertex 33 17 6
      vertex 30 30 6
    endloop
  endfacet
  facet normal -0 0 1
    outer loop
      vertex 20 20 6
      vertex 33 17 6
      vertex 30 20 6
    endloop
  endfacet
  facet normal 0 0 1
    outer loop
      vertex 20 20 6
      vertex 17 17 6
      vertex 33 17 6
    endloop
  endfacet
  facet normal 0 0 1
    outer loop
      vertex 17 17 6
      vertex 20 20 6
      vertex 17 33 6
    endloop
  endfacet
  facet normal 0.998032 0.0627129 0
    outer loop
      vertex 54 25 6
      vertex 53.9685 25.5013 2
      vertex 53.9685 25.5013 6
    endloop
  endfacet
  facet normal 0.998032 0.0627129 0
    outer loop
      vertex 53.9685 25.5013 2
      vertex 54 25 6
      vertex 54 25 2
    endloop
  endfacet
  facet normal 0.125431 -0.992102 0
    outer loop
      vertex 50.2512 21.0079 2
      vertex 50.7495 21.0709 6
      vertex 50.2512 21.0079 6
    endloop
  endfacet
  facet normal 0.125431 -0.992102 0
    outer loop
      vertex 50.7495 21.0709 6
      vertex 50.2512 21.0079 2
      vertex 50.7495 21.0709 2
    endloop
  endfacet
  facet normal 0.587698 0.80908 -0
    outer loop
      vertex 52.5497 28.0821 2
      vertex 52.1433 28.3773 6
      vertex 52.5497 28.0821 6
    endloop
  endfacet
  facet normal 0.587698 0.80908 0
    outer loop
      vertex 52.1433 28.3773 6
      vertex 52.5497 28.0821 2
      vertex 52.1433 28.3773 2
    endloop
  endfacet
  facet normal 0.844366 0.535767 0
    outer loop
      vertex 53.5052 26.927 6
      vertex 53.2361 27.3511 2
      vertex 53.2361 27.3511 6
    endloop
  endfacet
  facet normal 0.844366 0.535767 0
    outer loop
      vertex 53.2361 27.3511 2
      vertex 53.5052 26.927 6
      vertex 53.5052 26.927 2
    endloop
  endfacet
  facet normal 0.770549 0.63738 0
    outer loop
      vertex 53.2361 27.3511 6
      vertex 52.9159 27.7382 2
      vertex 52.9159 27.7382 6
    endloop
  endfacet
  facet normal 0.770549 0.63738 0
    outer loop
      vertex 52.9159 27.7382 2
      vertex 53.2361 27.3511 6
      vertex 53.2361 27.3511 2
    endloop
  endfacet
  facet normal 0.24862 0.968601 -0
    outer loop
      vertex 51.2361 28.8042 2
      vertex 50.7495 28.9291 6
      vertex 51.2361 28.8042 6
    endloop
  endfacet
  facet normal 0.24862 0.968601 0
    outer loop
      vertex 50.7495 28.9291 6
      vertex 51.2361 28.8042 2
      vertex 50.7495 28.9291 2
    endloop
  endfacet
  facet normal 0.125431 0.992102 -0
    outer loop
      vertex 50.7495 28.9291 2
      vertex 50.2512 28.9921 6
      vertex 50.7495 28.9291 6
    endloop
  endfacet
  facet normal 0.125431 0.992102 0
    outer loop
      vertex 50.2512 28.9921 6
      vertex 50.7495 28.9291 2
      vertex 50.2512 28.9921 2
    endloop
  endfacet
  facet normal 0.368127 0.929775 -0
    outer loop
      vertex 51.7031 28.6193 2
      vertex 51.2361 28.8042 6
      vertex 51.7031 28.6193 6
    endloop
  endfacet
  facet normal 0.368127 0.929775 0
    outer loop
      vertex 51.2361 28.8042 6
      vertex 51.7031 28.6193 2
      vertex 51.2361 28.8042 2
    endloop
  endfacet
  facet normal 0.24862 -0.968601 0
    outer loop
      vertex 50.7495 21.0709 2
      vertex 51.2361 21.1958 6
      vertex 50.7495 21.0709 6
    endloop
  endfacet
  facet normal 0.24862 -0.968601 0
    outer loop
      vertex 51.2361 21.1958 6
      vertex 50.7495 21.0709 2
      vertex 51.2361 21.1958 2
    endloop
  endfacet
  facet normal 0.951065 0.308992 0
    outer loop
      vertex 53.8743 25.9948 6
      vertex 53.7191 26.4725 2
      vertex 53.7191 26.4725 6
    endloop
  endfacet
  facet normal 0.951065 0.308992 0
    outer loop
      vertex 53.7191 26.4725 2
      vertex 53.8743 25.9948 6
      vertex 53.8743 25.9948 2
    endloop
  endfacet
  facet normal 0.982265 0.187496 0
    outer loop
      vertex 53.9685 25.5013 6
      vertex 53.8743 25.9948 2
      vertex 53.8743 25.9948 6
    endloop
  endfacet
  facet normal 0.982265 0.187496 0
    outer loop
      vertex 53.8743 25.9948 2
      vertex 53.9685 25.5013 6
      vertex 53.9685 25.5013 2
    endloop
  endfacet
  facet normal 0.904805 0.425826 0
    outer loop
      vertex 53.7191 26.4725 6
      vertex 53.5052 26.927 2
      vertex 53.5052 26.927 6
    endloop
  endfacet
  facet normal 0.904805 0.425826 0
    outer loop
      vertex 53.5052 26.927 2
      vertex 53.7191 26.4725 6
      vertex 53.7191 26.4725 2
    endloop
  endfacet
  facet normal 0.684563 0.728953 -0
    outer loop
      vertex 52.9159 27.7382 2
      vertex 52.5497 28.0821 6
      vertex 52.9159 27.7382 6
    endloop
  endfacet
  facet normal 0.684563 0.728953 0
    outer loop
      vertex 52.5497 28.0821 6
      vertex 52.9159 27.7382 2
      vertex 52.5497 28.0821 2
    endloop
  endfacet
  facet normal 0 1 -0
    outer loop
      vertex 50.2512 28.9921 2
      vertex 50 28.9921 6
      vertex 50.2512 28.9921 6
    endloop
  endfacet
  facet normal 0 1 0
    outer loop
      vertex 50 28.9921 6
      vertex 50.2512 28.9921 2
      vertex 50 28.9921 2
    endloop
  endfacet
  facet normal 0.481751 0.876308 -0
    outer loop
      vertex 52.1433 28.3773 2
      vertex 51.7031 28.6193 6
      vertex 52.1433 28.3773 6
    endloop
  endfacet
  facet normal 0.481751 0.876308 0
    outer loop
      vertex 51.7031 28.6193 6
      vertex 52.1433 28.3773 2
      vertex 51.7031 28.6193 2
    endloop
  endfacet
  facet normal 0.951065 -0.308992 0
    outer loop
      vertex 53.7191 23.5275 6
      vertex 53.8743 24.0052 2
      vertex 53.8743 24.0052 6
    endloop
  endfacet
  facet normal 0.951065 -0.308992 0
    outer loop
      vertex 53.8743 24.0052 2
      vertex 53.7191 23.5275 6
      vertex 53.7191 23.5275 2
    endloop
  endfacet
  facet normal 0.982265 -0.187496 0
    outer loop
      vertex 53.8743 24.0052 6
      vertex 53.9685 24.4987 2
      vertex 53.9685 24.4987 6
    endloop
  endfacet
  facet normal 0.982265 -0.187496 0
    outer loop
      vertex 53.9685 24.4987 2
      vertex 53.8743 24.0052 6
      vertex 53.8743 24.0052 2
    endloop
  endfacet
  facet normal 0.587698 -0.80908 0
    outer loop
      vertex 52.1433 21.6227 2
      vertex 52.5497 21.9179 6
      vertex 52.1433 21.6227 6
    endloop
  endfacet
  facet normal 0.587698 -0.80908 0
    outer loop
      vertex 52.5497 21.9179 6
      vertex 52.1433 21.6227 2
      vertex 52.5497 21.9179 2
    endloop
  endfacet
  facet normal 0.844366 -0.535767 0
    outer loop
      vertex 53.2361 22.6489 6
      vertex 53.5052 23.073 2
      vertex 53.5052 23.073 6
    endloop
  endfacet
  facet normal 0.844366 -0.535767 0
    outer loop
      vertex 53.5052 23.073 2
      vertex 53.2361 22.6489 6
      vertex 53.2361 22.6489 2
    endloop
  endfacet
  facet normal 0.998032 -0.0627129 0
    outer loop
      vertex 53.9685 24.4987 6
      vertex 54 25 2
      vertex 54 25 6
    endloop
  endfacet
  facet normal 0.998032 -0.0627129 0
    outer loop
      vertex 54 25 2
      vertex 53.9685 24.4987 6
      vertex 53.9685 24.4987 2
    endloop
  endfacet
  facet normal 0.770549 -0.63738 0
    outer loop
      vertex 52.9159 22.2618 6
      vertex 53.2361 22.6489 2
      vertex 53.2361 22.6489 6
    endloop
  endfacet
  facet normal 0.770549 -0.63738 0
    outer loop
      vertex 53.2361 22.6489 2
      vertex 52.9159 22.2618 6
      vertex 52.9159 22.2618 2
    endloop
  endfacet
  facet normal 0.481751 -0.876308 0
    outer loop
      vertex 51.7031 21.3807 2
      vertex 52.1433 21.6227 6
      vertex 51.7031 21.3807 6
    endloop
  endfacet
  facet normal 0.481751 -0.876308 0
    outer loop
      vertex 52.1433 21.6227 6
      vertex 51.7031 21.3807 2
      vertex 52.1433 21.6227 2
    endloop
  endfacet
  facet normal 0.368127 -0.929775 0
    outer loop
      vertex 51.2361 21.1958 2
      vertex 51.7031 21.3807 6
      vertex 51.2361 21.1958 6
    endloop
  endfacet
  facet normal 0.368127 -0.929775 0
    outer loop
      vertex 51.7031 21.3807 6
      vertex 51.2361 21.1958 2
      vertex 51.7031 21.3807 2
    endloop
  endfacet
  facet normal 0.904805 -0.425826 0
    outer loop
      vertex 53.5052 23.073 6
      vertex 53.7191 23.5275 2
      vertex 53.7191 23.5275 6
    endloop
  endfacet
  facet normal 0.904805 -0.425826 0
    outer loop
      vertex 53.7191 23.5275 2
      vertex 53.5052 23.073 6
      vertex 53.5052 23.073 2
    endloop
  endfacet
  facet normal 0.684563 -0.728953 0
    outer loop
      vertex 52.5497 21.9179 2
      vertex 52.9159 22.2618 6
      vertex 52.5497 21.9179 6
    endloop
  endfacet
  facet normal 0.684563 -0.728953 0
    outer loop
      vertex 52.9159 22.2618 6
      vertex 52.5497 21.9179 2
      vertex 52.9159 22.2618 2
    endloop
  endfacet
  facet normal 0 -1 0
    outer loop
      vertex 50 21.0079 2
      vertex 50.2512 21.0079 6
      vertex 50 21.0079 6
    endloop
  endfacet
  facet normal 0 -1 -0
    outer loop
      vertex 50.2512 21.0079 6
      vertex 50 21.0079 2
      vertex 50.2512 21.0079 2
    endloop
  endfacet
  facet normal 0.98226 -0.187523 0
    outer loop
      vertex 28.8743 -0.994759 6
      vertex 28.9685 -0.501332 2
      vertex 28.9685 -0.501332 6
    endloop
  endfacet
  facet normal 0.98226 -0.187523 0
    outer loop
      vertex 28.9685 -0.501332 2
      vertex 28.8743 -0.994759 6
      vertex 28.8743 -0.994759 2
    endloop
  endfacet
  facet normal 0.951073 -0.308968 0
    outer loop
      vertex 28.7191 -1.4725 6
      vertex 28.8743 -0.994759 2
      vertex 28.8743 -0.994759 6
    endloop
  endfacet
  facet normal 0.951073 -0.308968 0
    outer loop
      vertex 28.8743 -0.994759 2
      vertex 28.7191 -1.4725 6
      vertex 28.7191 -1.4725 2
    endloop
  endfacet
  facet normal 0.587776 -0.809024 0
    outer loop
      vertex 27.1433 -3.37731 2
      vertex 27.5497 -3.08205 6
      vertex 27.1433 -3.37731 6
    endloop
  endfacet
  facet normal 0.587776 -0.809024 0
    outer loop
      vertex 27.5497 -3.08205 6
      vertex 27.1433 -3.37731 2
      vertex 27.5497 -3.08205 2
    endloop
  endfacet
  facet normal 0.125353 -0.992112 0
    outer loop
      vertex 25.2512 -3.99211 2
      vertex 25.7495 -3.92915 6
      vertex 25.2512 -3.99211 6
    endloop
  endfacet
  facet normal 0.125353 -0.992112 0
    outer loop
      vertex 25.7495 -3.92915 6
      vertex 25.2512 -3.99211 2
      vertex 25.7495 -3.92915 2
    endloop
  endfacet
  facet normal 0.248657 -0.968592 0
    outer loop
      vertex 25.7495 -3.92915 2
      vertex 26.2361 -3.80423 6
      vertex 25.7495 -3.92915 6
    endloop
  endfacet
  facet normal 0.248657 -0.968592 0
    outer loop
      vertex 26.2361 -3.80423 6
      vertex 25.7495 -3.92915 2
      vertex 26.2361 -3.80423 2
    endloop
  endfacet
  facet normal -0.998032 -0.062709 0
    outer loop
      vertex 21.0315 -0.501332 2
      vertex 21 0 6
      vertex 21 0 2
    endloop
  endfacet
  facet normal -0.998032 -0.062709 0
    outer loop
      vertex 21 0 6
      vertex 21.0315 -0.501332 2
      vertex 21.0315 -0.501332 6
    endloop
  endfacet
  facet normal 0.998032 -0.062709 0
    outer loop
      vertex 28.9685 -0.501332 6
      vertex 29 0 2
      vertex 29 0 6
    endloop
  endfacet
  facet normal 0.998032 -0.062709 0
    outer loop
      vertex 29 0 2
      vertex 28.9685 -0.501332 6
      vertex 28.9685 -0.501332 2
    endloop
  endfacet
  facet normal -0.770509 -0.637429 0
    outer loop
      vertex 22.0841 -2.73819 2
      vertex 21.7639 -2.35114 6
      vertex 21.7639 -2.35114 2
    endloop
  endfacet
  facet normal -0.770509 -0.637429 0
    outer loop
      vertex 21.7639 -2.35114 6
      vertex 22.0841 -2.73819 2
      vertex 22.0841 -2.73819 6
    endloop
  endfacet
  facet normal -0.844383 -0.53574 0
    outer loop
      vertex 21.7639 -2.35114 2
      vertex 21.4948 -1.92701 6
      vertex 21.4948 -1.92701 2
    endloop
  endfacet
  facet normal -0.844383 -0.53574 0
    outer loop
      vertex 21.4948 -1.92701 6
      vertex 21.7639 -2.35114 2
      vertex 21.7639 -2.35114 6
    endloop
  endfacet
  facet normal 0.481751 -0.876308 0
    outer loop
      vertex 26.7031 -3.61931 2
      vertex 27.1433 -3.37731 6
      vertex 26.7031 -3.61931 6
    endloop
  endfacet
  facet normal 0.481751 -0.876308 0
    outer loop
      vertex 27.1433 -3.37731 6
      vertex 26.7031 -3.61931 2
      vertex 27.1433 -3.37731 2
    endloop
  endfacet
  facet normal 0.368162 -0.929762 0
    outer loop
      vertex 26.2361 -3.80423 2
      vertex 26.7031 -3.61931 6
      vertex 26.2361 -3.80423 6
    endloop
  endfacet
  facet normal 0.368162 -0.929762 0
    outer loop
      vertex 26.7031 -3.61931 6
      vertex 26.2361 -3.80423 2
      vertex 26.7031 -3.61931 2
    endloop
  endfacet
  facet normal 0.770509 -0.637429 0
    outer loop
      vertex 27.9159 -2.73819 6
      vertex 28.2361 -2.35114 2
      vertex 28.2361 -2.35114 6
    endloop
  endfacet
  facet normal 0.770509 -0.637429 0
    outer loop
      vertex 28.2361 -2.35114 2
      vertex 27.9159 -2.73819 6
      vertex 27.9159 -2.73819 2
    endloop
  endfacet
  facet normal 0.904809 -0.425818 0
    outer loop
      vertex 28.5052 -1.92701 6
      vertex 28.7191 -1.4725 2
      vertex 28.7191 -1.4725 6
    endloop
  endfacet
  facet normal 0.904809 -0.425818 0
    outer loop
      vertex 28.7191 -1.4725 2
      vertex 28.5052 -1.92701 6
      vertex 28.5052 -1.92701 2
    endloop
  endfacet
  facet normal 0.844383 -0.53574 0
    outer loop
      vertex 28.2361 -2.35114 6
      vertex 28.5052 -1.92701 2
      vertex 28.5052 -1.92701 6
    endloop
  endfacet
  facet normal 0.844383 -0.53574 0
    outer loop
      vertex 28.5052 -1.92701 2
      vertex 28.2361 -2.35114 6
      vertex 28.2361 -2.35114 2
    endloop
  endfacet
  facet normal -0.248657 -0.968592 0
    outer loop
      vertex 23.7639 -3.80423 2
      vertex 24.2505 -3.92915 6
      vertex 23.7639 -3.80423 6
    endloop
  endfacet
  facet normal -0.248657 -0.968592 -0
    outer loop
      vertex 24.2505 -3.92915 6
      vertex 23.7639 -3.80423 2
      vertex 24.2505 -3.92915 2
    endloop
  endfacet
  facet normal -0.125353 -0.992112 0
    outer loop
      vertex 24.2505 -3.92915 2
      vertex 24.7488 -3.99211 6
      vertex 24.2505 -3.92915 6
    endloop
  endfacet
  facet normal -0.125353 -0.992112 -0
    outer loop
      vertex 24.7488 -3.99211 6
      vertex 24.2505 -3.92915 2
      vertex 24.7488 -3.99211 2
    endloop
  endfacet
  facet normal -0.98226 -0.187523 0
    outer loop
      vertex 21.1257 -0.994759 2
      vertex 21.0315 -0.501332 6
      vertex 21.0315 -0.501332 2
    endloop
  endfacet
  facet normal -0.98226 -0.187523 0
    outer loop
      vertex 21.0315 -0.501332 6
      vertex 21.1257 -0.994759 2
      vertex 21.1257 -0.994759 6
    endloop
  endfacet
  facet normal -0.684521 -0.728993 0
    outer loop
      vertex 22.0841 -2.73819 2
      vertex 22.4503 -3.08205 6
      vertex 22.0841 -2.73819 6
    endloop
  endfacet
  facet normal -0.684521 -0.728993 -0
    outer loop
      vertex 22.4503 -3.08205 6
      vertex 22.0841 -2.73819 2
      vertex 22.4503 -3.08205 2
    endloop
  endfacet
  facet normal -0.587776 -0.809024 0
    outer loop
      vertex 22.4503 -3.08205 2
      vertex 22.8567 -3.37731 6
      vertex 22.4503 -3.08205 6
    endloop
  endfacet
  facet normal -0.587776 -0.809024 -0
    outer loop
      vertex 22.8567 -3.37731 6
      vertex 22.4503 -3.08205 2
      vertex 22.8567 -3.37731 2
    endloop
  endfacet
  facet normal 0.684521 -0.728993 0
    outer loop
      vertex 27.5497 -3.08205 2
      vertex 27.9159 -2.73819 6
      vertex 27.5497 -3.08205 6
    endloop
  endfacet
  facet normal 0.684521 -0.728993 0
    outer loop
      vertex 27.9159 -2.73819 6
      vertex 27.5497 -3.08205 2
      vertex 27.9159 -2.73819 2
    endloop
  endfacet
  facet normal 0 -1 0
    outer loop
      vertex 24.7488 -3.99211 2
      vertex 25.2512 -3.99211 6
      vertex 24.7488 -3.99211 6
    endloop
  endfacet
  facet normal 0 -1 -0
    outer loop
      vertex 25.2512 -3.99211 6
      vertex 24.7488 -3.99211 2
      vertex 25.2512 -3.99211 2
    endloop
  endfacet
  facet normal -0.904809 -0.425818 0
    outer loop
      vertex 21.4948 -1.92701 2
      vertex 21.2809 -1.4725 6
      vertex 21.2809 -1.4725 2
    endloop
  endfacet
  facet normal -0.904809 -0.425818 0
    outer loop
      vertex 21.2809 -1.4725 6
      vertex 21.4948 -1.92701 2
      vertex 21.4948 -1.92701 6
    endloop
  endfacet
  facet normal -0.951073 -0.308968 0
    outer loop
      vertex 21.2809 -1.4725 2
      vertex 21.1257 -0.994759 6
      vertex 21.1257 -0.994759 2
    endloop
  endfacet
  facet normal -0.951073 -0.308968 0
    outer loop
      vertex 21.1257 -0.994759 6
      vertex 21.2809 -1.4725 2
      vertex 21.2809 -1.4725 6
    endloop
  endfacet
  facet normal -0.368162 -0.929762 0
    outer loop
      vertex 23.2969 -3.61931 2
      vertex 23.7639 -3.80423 6
      vertex 23.2969 -3.61931 6
    endloop
  endfacet
  facet normal -0.368162 -0.929762 -0
    outer loop
      vertex 23.7639 -3.80423 6
      vertex 23.2969 -3.61931 2
      vertex 23.7639 -3.80423 2
    endloop
  endfacet
  facet normal -0.481751 -0.876308 0
    outer loop
      vertex 22.8567 -3.37731 2
      vertex 23.2969 -3.61931 6
      vertex 22.8567 -3.37731 6
    endloop
  endfacet
  facet normal -0.481751 -0.876308 -0
    outer loop
      vertex 23.2969 -3.61931 6
      vertex 22.8567 -3.37731 2
      vertex 23.2969 -3.61931 2
    endloop
  endfacet
  facet normal -0.125416 0.992104 0
    outer loop
      vertex -0.251162 28.9921 2
      vertex -0.749525 28.9291 6
      vertex -0.251162 28.9921 6
    endloop
  endfacet
  facet normal -0.125416 0.992104 0
    outer loop
      vertex -0.749525 28.9291 6
      vertex -0.251162 28.9921 2
      vertex -0.749525 28.9291 2
    endloop
  endfacet
  facet normal -0.770549 0.63738 0
    outer loop
      vertex -3.23607 27.3511 2
      vertex -2.91587 27.7382 6
      vertex -2.91587 27.7382 2
    endloop
  endfacet
  facet normal -0.770549 0.63738 0
    outer loop
      vertex -2.91587 27.7382 6
      vertex -3.23607 27.3511 2
      vertex -3.23607 27.3511 6
    endloop
  endfacet
  facet normal -0.481759 0.876304 0
    outer loop
      vertex -1.70312 28.6193 2
      vertex -2.14331 28.3773 6
      vertex -1.70312 28.6193 6
    endloop
  endfacet
  facet normal -0.481759 0.876304 0
    outer loop
      vertex -2.14331 28.3773 6
      vertex -1.70312 28.6193 2
      vertex -2.14331 28.3773 2
    endloop
  endfacet
  facet normal -0.951053 0.309028 0
    outer loop
      vertex -3.87433 25.9948 2
      vertex -3.71911 26.4725 6
      vertex -3.71911 26.4725 2
    endloop
  endfacet
  facet normal -0.951053 0.309028 0
    outer loop
      vertex -3.71911 26.4725 6
      vertex -3.87433 25.9948 2
      vertex -3.87433 25.9948 6
    endloop
  endfacet
  facet normal -0.248646 0.968594 0
    outer loop
      vertex -0.749525 28.9291 2
      vertex -1.23607 28.8042 6
      vertex -0.749525 28.9291 6
    endloop
  endfacet
  facet normal -0.248646 0.968594 0
    outer loop
      vertex -1.23607 28.8042 6
      vertex -0.749525 28.9291 2
      vertex -1.23607 28.8042 2
    endloop
  endfacet
  facet normal 0 1 -0
    outer loop
      vertex 0 28.9921 2
      vertex -0.251162 28.9921 6
      vertex 0 28.9921 6
    endloop
  endfacet
  facet normal 0 1 0
    outer loop
      vertex -0.251162 28.9921 6
      vertex 0 28.9921 2
      vertex -0.251162 28.9921 2
    endloop
  endfacet
  facet normal -0.904821 0.425793 0
    outer loop
      vertex -3.71911 26.4725 2
      vertex -3.50523 26.927 6
      vertex -3.50523 26.927 2
    endloop
  endfacet
  facet normal -0.904821 0.425793 0
    outer loop
      vertex -3.50523 26.927 6
      vertex -3.71911 26.4725 2
      vertex -3.71911 26.4725 6
    endloop
  endfacet
  facet normal -0.844312 0.535852 0
    outer loop
      vertex -3.50523 26.927 2
      vertex -3.23607 27.3511 6
      vertex -3.23607 27.3511 2
    endloop
  endfacet
  facet normal -0.844312 0.535852 0
    outer loop
      vertex -3.23607 27.3511 6
      vertex -3.50523 26.927 2
      vertex -3.50523 26.927 6
    endloop
  endfacet
  facet normal -0.982291 0.187362 0
    outer loop
      vertex -3.96846 25.5013 2
      vertex -3.87433 25.9948 6
      vertex -3.87433 25.9948 2
    endloop
  endfacet
  facet normal -0.982291 0.187362 0
    outer loop
      vertex -3.87433 25.9948 6
      vertex -3.96846 25.5013 2
      vertex -3.96846 25.5013 6
    endloop
  endfacet
  facet normal -0.998027 0.0627923 0
    outer loop
      vertex -4 25 2
      vertex -3.96846 25.5013 6
      vertex -3.96846 25.5013 2
    endloop
  endfacet
  facet normal -0.998027 0.0627923 0
    outer loop
      vertex -3.96846 25.5013 6
      vertex -4 25 2
      vertex -4 25 6
    endloop
  endfacet
  facet normal -0.998027 -0.0627923 0
    outer loop
      vertex -3.96846 24.4987 2
      vertex -4 25 6
      vertex -4 25 2
    endloop
  endfacet
  facet normal -0.998027 -0.0627923 0
    outer loop
      vertex -4 25 6
      vertex -3.96846 24.4987 2
      vertex -3.96846 24.4987 6
    endloop
  endfacet
  facet normal -0.587708 0.809073 0
    outer loop
      vertex -2.14331 28.3773 2
      vertex -2.5497 28.0821 6
      vertex -2.14331 28.3773 6
    endloop
  endfacet
  facet normal -0.587708 0.809073 0
    outer loop
      vertex -2.5497 28.0821 6
      vertex -2.14331 28.3773 2
      vertex -2.5497 28.0821 2
    endloop
  endfacet
  facet normal -0.684593 0.728925 0
    outer loop
      vertex -2.5497 28.0821 2
      vertex -2.91587 27.7382 6
      vertex -2.5497 28.0821 6
    endloop
  endfacet
  facet normal -0.684593 0.728925 0
    outer loop
      vertex -2.91587 27.7382 6
      vertex -2.5497 28.0821 2
      vertex -2.91587 27.7382 2
    endloop
  endfacet
  facet normal -0.368093 0.929789 0
    outer loop
      vertex -1.23607 28.8042 2
      vertex -1.70312 28.6193 6
      vertex -1.23607 28.8042 6
    endloop
  endfacet
  facet normal -0.368093 0.929789 0
    outer loop
      vertex -1.70312 28.6193 6
      vertex -1.23607 28.8042 2
      vertex -1.70312 28.6193 2
    endloop
  endfacet
  facet normal -0.770549 -0.63738 0
    outer loop
      vertex -2.91587 22.2618 2
      vertex -3.23607 22.6489 6
      vertex -3.23607 22.6489 2
    endloop
  endfacet
  facet normal -0.770549 -0.63738 0
    outer loop
      vertex -3.23607 22.6489 6
      vertex -2.91587 22.2618 2
      vertex -2.91587 22.2618 6
    endloop
  endfacet
  facet normal -0.904821 -0.425793 0
    outer loop
      vertex -3.50523 23.073 2
      vertex -3.71911 23.5275 6
      vertex -3.71911 23.5275 2
    endloop
  endfacet
  facet normal -0.904821 -0.425793 0
    outer loop
      vertex -3.71911 23.5275 6
      vertex -3.50523 23.073 2
      vertex -3.50523 23.073 6
    endloop
  endfacet
  facet normal -0.248646 -0.968594 0
    outer loop
      vertex -1.23607 21.1958 2
      vertex -0.749525 21.0709 6
      vertex -1.23607 21.1958 6
    endloop
  endfacet
  facet normal -0.248646 -0.968594 -0
    outer loop
      vertex -0.749525 21.0709 6
      vertex -1.23607 21.1958 2
      vertex -0.749525 21.0709 2
    endloop
  endfacet
  facet normal -0.125416 -0.992104 0
    outer loop
      vertex -0.749525 21.0709 2
      vertex -0.251162 21.0079 6
      vertex -0.749525 21.0709 6
    endloop
  endfacet
  facet normal -0.125416 -0.992104 -0
    outer loop
      vertex -0.251162 21.0079 6
      vertex -0.749525 21.0709 2
      vertex -0.251162 21.0079 2
    endloop
  endfacet
  facet normal -0.587708 -0.809073 0
    outer loop
      vertex -2.5497 21.9179 2
      vertex -2.14331 21.6227 6
      vertex -2.5497 21.9179 6
    endloop
  endfacet
  facet normal -0.587708 -0.809073 -0
    outer loop
      vertex -2.14331 21.6227 6
      vertex -2.5497 21.9179 2
      vertex -2.14331 21.6227 2
    endloop
  endfacet
  facet normal -0.684593 -0.728925 0
    outer loop
      vertex -2.91587 22.2618 2
      vertex -2.5497 21.9179 6
      vertex -2.91587 22.2618 6
    endloop
  endfacet
  facet normal -0.684593 -0.728925 -0
    outer loop
      vertex -2.5497 21.9179 6
      vertex -2.91587 22.2618 2
      vertex -2.5497 21.9179 2
    endloop
  endfacet
  facet normal -0.844312 -0.535852 0
    outer loop
      vertex -3.23607 22.6489 2
      vertex -3.50523 23.073 6
      vertex -3.50523 23.073 2
    endloop
  endfacet
  facet normal -0.844312 -0.535852 0
    outer loop
      vertex -3.50523 23.073 6
      vertex -3.23607 22.6489 2
      vertex -3.23607 22.6489 6
    endloop
  endfacet
  facet normal -0.951053 -0.309028 0
    outer loop
      vertex -3.71911 23.5275 2
      vertex -3.87433 24.0052 6
      vertex -3.87433 24.0052 2
    endloop
  endfacet
  facet normal -0.951053 -0.309028 0
    outer loop
      vertex -3.87433 24.0052 6
      vertex -3.71911 23.5275 2
      vertex -3.71911 23.5275 6
    endloop
  endfacet
  facet normal -0.982291 -0.187362 0
    outer loop
      vertex -3.87433 24.0052 2
      vertex -3.96846 24.4987 6
      vertex -3.96846 24.4987 2
    endloop
  endfacet
  facet normal -0.982291 -0.187362 0
    outer loop
      vertex -3.96846 24.4987 6
      vertex -3.87433 24.0052 2
      vertex -3.87433 24.0052 6
    endloop
  endfacet
  facet normal -0.481759 -0.876304 0
    outer loop
      vertex -2.14331 21.6227 2
      vertex -1.70312 21.3807 6
      vertex -2.14331 21.6227 6
    endloop
  endfacet
  facet normal -0.481759 -0.876304 -0
    outer loop
      vertex -1.70312 21.3807 6
      vertex -2.14331 21.6227 2
      vertex -1.70312 21.3807 2
    endloop
  endfacet
  facet normal -0.368093 -0.929789 0
    outer loop
      vertex -1.70312 21.3807 2
      vertex -1.23607 21.1958 6
      vertex -1.70312 21.3807 6
    endloop
  endfacet
  facet normal -0.368093 -0.929789 -0
    outer loop
      vertex -1.23607 21.1958 6
      vertex -1.70312 21.3807 2
      vertex -1.23607 21.1958 2
    endloop
  endfacet
  facet normal 0 -1 0
    outer loop
      vertex -0.251162 21.0079 2
      vertex 0 21.0079 6
      vertex -0.251162 21.0079 6
    endloop
  endfacet
  facet normal 0 -1 -0
    outer loop
      vertex 0 21.0079 6
      vertex -0.251162 21.0079 2
      vertex 0 21.0079 2
    endloop
  endfacet
  facet normal 0.707107 0.707107 0
    outer loop
      vertex 50 45.5 6
      vertex 45.5 50 0
      vertex 45.5 50 6
    endloop
  endfacet
  facet normal 0.707107 0.707107 0
    outer loop
      vertex 45.5 50 0
      vertex 50 45.5 6
      vertex 50 45.5 0
    endloop
  endfacet
  facet normal -1 0 0
    outer loop
      vertex 0 29.4911 2
      vertex 0 45.5 0
      vertex 0 29.4911 0
    endloop
  endfacet
  facet normal -1 0 0
    outer loop
      vertex 0 45.5 0
      vertex 0 29.4911 2
      vertex 0 45.5 6
    endloop
  endfacet
  facet normal -1 0 0
    outer loop
      vertex 0 28.9921 6
      vertex 0 29.4911 2
      vertex 0 28.9921 2
    endloop
  endfacet
  facet normal -1 0 0
    outer loop
      vertex 0 29.4911 2
      vertex 0 28.9921 6
      vertex 0 45.5 6
    endloop
  endfacet
  facet normal -1 0 0
    outer loop
      vertex 0 20.5089 0
      vertex 0 17 3
      vertex 0 20.5089 2
    endloop
  endfacet
  facet normal -1 0 0
    outer loop
      vertex 0 4.5 0
      vertex 0 17 3
      vertex 0 20.5089 0
    endloop
  endfacet
  facet normal -1 -0 0
    outer loop
      vertex 0 17 3
      vertex 0 4.5 0
      vertex 0 5 3
    endloop
  endfacet
  facet normal -1 0 0
    outer loop
      vertex 0 4.5 6
      vertex 0 5 3
      vertex 0 4.5 0
    endloop
  endfacet
  facet normal -1 0 0
    outer loop
      vertex 0 5 3
      vertex 0 4.5 6
      vertex 0 5 6
    endloop
  endfacet
  facet normal -1 0 0
    outer loop
      vertex 0 20.5089 2
      vertex 0 21.0079 6
      vertex 0 21.0079 2
    endloop
  endfacet
  facet normal -1 0 0
    outer loop
      vertex 0 17 3
      vertex 0 21.0079 6
      vertex 0 20.5089 2
    endloop
  endfacet
  facet normal -1 -0 0
    outer loop
      vertex 0 21.0079 6
      vertex 0 17 3
      vertex 0 17 6
    endloop
  endfacet
  facet normal 1 -0 0
    outer loop
      vertex 50 28.9921 6
      vertex 50 33 3
      vertex 50 33 6
    endloop
  endfacet
  facet normal 1 0 0
    outer loop
      vertex 50 33 3
      vertex 50 28.9921 6
      vertex 50 29.4911 2
    endloop
  endfacet
  facet normal 1 0 0
    outer loop
      vertex 50 29.4911 2
      vertex 50 28.9921 6
      vertex 50 28.9921 2
    endloop
  endfacet
  facet normal 1 0 0
    outer loop
      vertex 50 45 3
      vertex 50 45.5 6
      vertex 50 45 6
    endloop
  endfacet
  facet normal 1 0 0
    outer loop
      vertex 50 45.5 6
      vertex 50 45 3
      vertex 50 45.5 0
    endloop
  endfacet
  facet normal 1 -0 0
    outer loop
      vertex 50 33 3
      vertex 50 45.5 0
      vertex 50 45 3
    endloop
  endfacet
  facet normal 1 0 0
    outer loop
      vertex 50 29.4911 0
      vertex 50 33 3
      vertex 50 29.4911 2
    endloop
  endfacet
  facet normal 1 0 0
    outer loop
      vertex 50 33 3
      vertex 50 29.4911 0
      vertex 50 45.5 0
    endloop
  endfacet
  facet normal 1 0 0
    outer loop
      vertex 50 21.0079 6
      vertex 50 20.5089 2
      vertex 50 21.0079 2
    endloop
  endfacet
  facet normal 1 -0 0
    outer loop
      vertex 50 4.5 6
      vertex 50 20.5089 2
      vertex 50 21.0079 6
    endloop
  endfacet
  facet normal 1 0 0
    outer loop
      vertex 50 4.5 0
      vertex 50 20.5089 2
      vertex 50 4.5 6
    endloop
  endfacet
  facet normal 1 0 0
    outer loop
      vertex 50 20.5089 2
      vertex 50 4.5 0
      vertex 50 20.5089 0
    endloop
  endfacet
  facet normal 0 1 0
    outer loop
      vertex 45.5 50 6
      vertex 29.5 50 2
      vertex 29 50 6
    endloop
  endfacet
  facet normal 0 1 -0
    outer loop
      vertex 45.5 50 0
      vertex 29.5 50 2
      vertex 45.5 50 6
    endloop
  endfacet
  facet normal 0 1 0
    outer loop
      vertex 29.5 50 2
      vertex 45.5 50 0
      vertex 29.5 50 0
    endloop
  endfacet
  facet normal 0 1 0
    outer loop
      vertex 29 50 6
      vertex 29.5 50 2
      vertex 29 50 2
    endloop
  endfacet
  facet normal 0 1 0
    outer loop
      vertex 21 50 6
      vertex 17 50 3
      vertex 17 50 6
    endloop
  endfacet
  facet normal 0 1 0
    outer loop
      vertex 21 50 6
      vertex 20.5 50 2
      vertex 17 50 3
    endloop
  endfacet
  facet normal 0 1 0
    outer loop
      vertex 20.5 50 2
      vertex 21 50 6
      vertex 21 50 2
    endloop
  endfacet
  facet normal 0 1 -0
    outer loop
      vertex 5 50 3
      vertex 4.5 50 6
      vertex 5 50 6
    endloop
  endfacet
  facet normal 0 1 -0
    outer loop
      vertex 20.5 50 0
      vertex 17 50 3
      vertex 20.5 50 2
    endloop
  endfacet
  facet normal 0 1 0
    outer loop
      vertex 4.5 50 0
      vertex 17 50 3
      vertex 20.5 50 0
    endloop
  endfacet
  facet normal 0 1 0
    outer loop
      vertex 5 50 3
      vertex 4.5 50 0
      vertex 4.5 50 6
    endloop
  endfacet
  facet normal 0 1 0
    outer loop
      vertex 17 50 3
      vertex 4.5 50 0
      vertex 5 50 3
    endloop
  endfacet
  facet normal -0.707107 -0.707107 0
    outer loop
      vertex 4.5 0 0
      vertex 0 4.5 6
      vertex 0 4.5 0
    endloop
  endfacet
  facet normal -0.707107 -0.707107 0
    outer loop
      vertex 0 4.5 6
      vertex 4.5 0 0
      vertex 4.5 0 6
    endloop
  endfacet
  facet normal 0.707107 -0.707107 0
    outer loop
      vertex 45.5 0 6
      vertex 50 4.5 0
      vertex 50 4.5 6
    endloop
  endfacet
  facet normal 0.707107 -0.707107 0
    outer loop
      vertex 50 4.5 0
      vertex 45.5 0 6
      vertex 45.5 0 0
    endloop
  endfacet
  facet normal -0.707107 0.707107 0
    outer loop
      vertex 0 45.5 0
      vertex 4.5 50 6
      vertex 4.5 50 0
    endloop
  endfacet
  facet normal -0.707107 0.707107 0
    outer loop
      vertex 4.5 50 6
      vertex 0 45.5 0
      vertex 0 45.5 6
    endloop
  endfacet
  facet normal 0 -1 0
    outer loop
      vertex 29 0 6
      vertex 33 0 3
      vertex 33 0 6
    endloop
  endfacet
  facet normal 0 -1 0
    outer loop
      vertex 29 0 6
      vertex 29.5 0 2
      vertex 33 0 3
    endloop
  endfacet
  facet normal 0 -1 0
    outer loop
      vertex 29.5 0 2
      vertex 29 0 6
      vertex 29 0 2
    endloop
  endfacet
  facet normal 0 -1 0
    outer loop
      vertex 45 0 3
      vertex 45.5 0 6
      vertex 45 0 6
    endloop
  endfacet
  facet normal 0 -1 0
    outer loop
      vertex 29.5 0 0
      vertex 33 0 3
      vertex 29.5 0 2
    endloop
  endfacet
  facet normal 0 -1 0
    outer loop
      vertex 45.5 0 0
      vertex 33 0 3
      vertex 29.5 0 0
    endloop
  endfacet
  facet normal 0 -1 0
    outer loop
      vertex 45 0 3
      vertex 45.5 0 0
      vertex 45.5 0 6
    endloop
  endfacet
  facet normal 0 -1 0
    outer loop
      vertex 33 0 3
      vertex 45.5 0 0
      vertex 45 0 3
    endloop
  endfacet
  facet normal 0 -1 0
    outer loop
      vertex 4.5 0 6
      vertex 20.5 0 2
      vertex 21 0 6
    endloop
  endfacet
  facet normal 0 -1 0
    outer loop
      vertex 4.5 0 0
      vertex 20.5 0 2
      vertex 4.5 0 6
    endloop
  endfacet
  facet normal 0 -1 -0
    outer loop
      vertex 20.5 0 2
      vertex 4.5 0 0
      vertex 20.5 0 0
    endloop
  endfacet
  facet normal 0 -1 -0
    outer loop
      vertex 21 0 6
      vertex 20.5 0 2
      vertex 21 0 2
    endloop
  endfacet
  facet normal -0.998031 -0.0627192 0
    outer loop
      vertex 26.6 50 2
      vertex 26.5874 50.2005 6
      vertex 26.5874 50.2005 2
    endloop
  endfacet
  facet normal -0.998031 -0.0627192 0
    outer loop
      vertex 26.5874 50.2005 6
      vertex 26.6 50 2
      vertex 26.6 50 6
    endloop
  endfacet
  facet normal 0.124954 -0.992163 0
    outer loop
      vertex 24.7002 51.5717 2
      vertex 24.8995 51.5968 6
      vertex 24.7002 51.5717 6
    endloop
  endfacet
  facet normal 0.124954 -0.992163 0
    outer loop
      vertex 24.8995 51.5968 6
      vertex 24.7002 51.5717 2
      vertex 24.8995 51.5968 2
    endloop
  endfacet
  facet normal -0.124954 0.992163 0
    outer loop
      vertex 25.2998 48.4283 2
      vertex 25.1005 48.4032 6
      vertex 25.2998 48.4283 6
    endloop
  endfacet
  facet normal -0.124954 0.992163 0
    outer loop
      vertex 25.1005 48.4032 6
      vertex 25.2998 48.4283 2
      vertex 25.1005 48.4032 2
    endloop
  endfacet
  facet normal -0.587669 -0.809102 0
    outer loop
      vertex 25.8573 51.3509 2
      vertex 26.0199 51.2328 6
      vertex 25.8573 51.3509 6
    endloop
  endfacet
  facet normal -0.587669 -0.809102 -0
    outer loop
      vertex 26.0199 51.2328 6
      vertex 25.8573 51.3509 2
      vertex 26.0199 51.2328 2
    endloop
  endfacet
  facet normal 0.770664 -0.637242 0
    outer loop
      vertex 23.7056 50.9405 6
      vertex 23.8336 51.0953 2
      vertex 23.8336 51.0953 6
    endloop
  endfacet
  facet normal 0.770664 -0.637242 0
    outer loop
      vertex 23.8336 51.0953 2
      vertex 23.7056 50.9405 6
      vertex 23.7056 50.9405 2
    endloop
  endfacet
  facet normal 0.481709 -0.876331 0
    outer loop
      vertex 24.1427 51.3509 2
      vertex 24.3188 51.4477 6
      vertex 24.1427 51.3509 6
    endloop
  endfacet
  facet normal 0.481709 -0.876331 0
    outer loop
      vertex 24.3188 51.4477 6
      vertex 24.1427 51.3509 2
      vertex 24.3188 51.4477 2
    endloop
  endfacet
  facet normal -0.844316 -0.535845 0
    outer loop
      vertex 26.4021 50.7708 2
      vertex 26.2944 50.9405 6
      vertex 26.2944 50.9405 2
    endloop
  endfacet
  facet normal -0.844316 -0.535845 0
    outer loop
      vertex 26.2944 50.9405 6
      vertex 26.4021 50.7708 2
      vertex 26.4021 50.7708 6
    endloop
  endfacet
  facet normal -0.77042 -0.637537 0
    outer loop
      vertex 26.2944 50.9405 2
      vertex 26.1663 51.0953 6
      vertex 26.1663 51.0953 2
    endloop
  endfacet
  facet normal -0.77042 -0.637537 0
    outer loop
      vertex 26.1663 51.0953 6
      vertex 26.2944 50.9405 2
      vertex 26.2944 50.9405 6
    endloop
  endfacet
  facet normal -0.248854 -0.968541 0
    outer loop
      vertex 25.2998 51.5717 2
      vertex 25.4944 51.5217 6
      vertex 25.2998 51.5717 6
    endloop
  endfacet
  facet normal -0.248854 -0.968541 -0
    outer loop
      vertex 25.4944 51.5217 6
      vertex 25.2998 51.5717 2
      vertex 25.4944 51.5217 2
    endloop
  endfacet
  facet normal -0.124954 -0.992163 0
    outer loop
      vertex 25.1005 51.5968 2
      vertex 25.2998 51.5717 6
      vertex 25.1005 51.5968 6
    endloop
  endfacet
  facet normal -0.124954 -0.992163 -0
    outer loop
      vertex 25.2998 51.5717 6
      vertex 25.1005 51.5968 2
      vertex 25.2998 51.5717 2
    endloop
  endfacet
  facet normal -0.368299 -0.929707 0
    outer loop
      vertex 25.4944 51.5217 2
      vertex 25.6812 51.4477 6
      vertex 25.4944 51.5217 6
    endloop
  endfacet
  facet normal -0.368299 -0.929707 -0
    outer loop
      vertex 25.6812 51.4477 6
      vertex 25.4944 51.5217 2
      vertex 25.6812 51.4477 2
    endloop
  endfacet
  facet normal 0.951045 -0.309052 0
    outer loop
      vertex 23.4503 50.3979 6
      vertex 23.5124 50.589 2
      vertex 23.5124 50.589 6
    endloop
  endfacet
  facet normal 0.951045 -0.309052 0
    outer loop
      vertex 23.5124 50.589 2
      vertex 23.4503 50.3979 6
      vertex 23.4503 50.3979 2
    endloop
  endfacet
  facet normal 0.982247 -0.187592 0
    outer loop
      vertex 23.4126 50.2005 6
      vertex 23.4503 50.3979 2
      vertex 23.4503 50.3979 6
    endloop
  endfacet
  facet normal 0.982247 -0.187592 0
    outer loop
      vertex 23.4503 50.3979 2
      vertex 23.4126 50.2005 6
      vertex 23.4126 50.2005 2
    endloop
  endfacet
  facet normal 0.248854 -0.968541 0
    outer loop
      vertex 24.5056 51.5217 2
      vertex 24.7002 51.5717 6
      vertex 24.5056 51.5217 6
    endloop
  endfacet
  facet normal 0.248854 -0.968541 0
    outer loop
      vertex 24.7002 51.5717 6
      vertex 24.5056 51.5217 2
      vertex 24.7002 51.5717 2
    endloop
  endfacet
  facet normal -0.248854 0.968541 0
    outer loop
      vertex 25.4944 48.4783 2
      vertex 25.2998 48.4283 6
      vertex 25.4944 48.4783 6
    endloop
  endfacet
  facet normal -0.248854 0.968541 0
    outer loop
      vertex 25.2998 48.4283 6
      vertex 25.4944 48.4783 2
      vertex 25.2998 48.4283 2
    endloop
  endfacet
  facet normal -0.951045 -0.309052 0
    outer loop
      vertex 26.5497 50.3979 2
      vertex 26.4876 50.589 6
      vertex 26.4876 50.589 2
    endloop
  endfacet
  facet normal -0.951045 -0.309052 0
    outer loop
      vertex 26.4876 50.589 6
      vertex 26.5497 50.3979 2
      vertex 26.5497 50.3979 6
    endloop
  endfacet
  facet normal -0.982247 -0.187592 0
    outer loop
      vertex 26.5874 50.2005 2
      vertex 26.5497 50.3979 6
      vertex 26.5497 50.3979 2
    endloop
  endfacet
  facet normal -0.982247 -0.187592 0
    outer loop
      vertex 26.5497 50.3979 6
      vertex 26.5874 50.2005 2
      vertex 26.5874 50.2005 6
    endloop
  endfacet
  facet normal -0.90492 -0.425581 0
    outer loop
      vertex 26.4876 50.589 2
      vertex 26.4021 50.7708 6
      vertex 26.4021 50.7708 2
    endloop
  endfacet
  facet normal -0.90492 -0.425581 0
    outer loop
      vertex 26.4021 50.7708 6
      vertex 26.4876 50.589 2
      vertex 26.4876 50.589 6
    endloop
  endfacet
  facet normal -0.684603 -0.728916 0
    outer loop
      vertex 26.0199 51.2328 2
      vertex 26.1663 51.0953 6
      vertex 26.0199 51.2328 6
    endloop
  endfacet
  facet normal -0.684603 -0.728916 -0
    outer loop
      vertex 26.1663 51.0953 6
      vertex 26.0199 51.2328 2
      vertex 26.1663 51.0953 2
    endloop
  endfacet
  facet normal 0 -1 0
    outer loop
      vertex 24.8995 51.5968 2
      vertex 25.1005 51.5968 6
      vertex 24.8995 51.5968 6
    endloop
  endfacet
  facet normal 0 -1 -0
    outer loop
      vertex 25.1005 51.5968 6
      vertex 24.8995 51.5968 2
      vertex 25.1005 51.5968 2
    endloop
  endfacet
  facet normal -0.481709 -0.876331 0
    outer loop
      vertex 25.6812 51.4477 2
      vertex 25.8573 51.3509 6
      vertex 25.6812 51.4477 6
    endloop
  endfacet
  facet normal -0.481709 -0.876331 -0
    outer loop
      vertex 25.8573 51.3509 6
      vertex 25.6812 51.4477 2
      vertex 25.8573 51.3509 2
    endloop
  endfacet
  facet normal 0.90492 -0.425581 0
    outer loop
      vertex 23.5124 50.589 6
      vertex 23.5979 50.7708 2
      vertex 23.5979 50.7708 6
    endloop
  endfacet
  facet normal 0.90492 -0.425581 0
    outer loop
      vertex 23.5979 50.7708 2
      vertex 23.5124 50.589 6
      vertex 23.5124 50.589 2
    endloop
  endfacet
  facet normal 0.844316 -0.535845 0
    outer loop
      vertex 23.5979 50.7708 6
      vertex 23.7056 50.9405 2
      vertex 23.7056 50.9405 6
    endloop
  endfacet
  facet normal 0.844316 -0.535845 0
    outer loop
      vertex 23.7056 50.9405 2
      vertex 23.5979 50.7708 6
      vertex 23.5979 50.7708 2
    endloop
  endfacet
  facet normal 0.998031 -0.0627192 0
    outer loop
      vertex 23.4 50 6
      vertex 23.4126 50.2005 2
      vertex 23.4126 50.2005 6
    endloop
  endfacet
  facet normal 0.998031 -0.0627192 0
    outer loop
      vertex 23.4126 50.2005 2
      vertex 23.4 50 6
      vertex 23.4 50 2
    endloop
  endfacet
  facet normal 0.587669 -0.809102 0
    outer loop
      vertex 23.9801 51.2328 2
      vertex 24.1427 51.3509 6
      vertex 23.9801 51.2328 6
    endloop
  endfacet
  facet normal 0.587669 -0.809102 0
    outer loop
      vertex 24.1427 51.3509 6
      vertex 23.9801 51.2328 2
      vertex 24.1427 51.3509 2
    endloop
  endfacet
  facet normal 0.684355 -0.729149 0
    outer loop
      vertex 23.8336 51.0953 2
      vertex 23.9801 51.2328 6
      vertex 23.8336 51.0953 6
    endloop
  endfacet
  facet normal 0.684355 -0.729149 0
    outer loop
      vertex 23.9801 51.2328 6
      vertex 23.8336 51.0953 2
      vertex 23.9801 51.2328 2
    endloop
  endfacet
  facet normal 0.368299 -0.929707 0
    outer loop
      vertex 24.3188 51.4477 2
      vertex 24.5056 51.5217 6
      vertex 24.3188 51.4477 6
    endloop
  endfacet
  facet normal 0.368299 -0.929707 0
    outer loop
      vertex 24.5056 51.5217 6
      vertex 24.3188 51.4477 2
      vertex 24.5056 51.5217 2
    endloop
  endfacet
  facet normal -0.951045 0.309052 0
    outer loop
      vertex 26.4876 49.411 2
      vertex 26.5497 49.6021 6
      vertex 26.5497 49.6021 2
    endloop
  endfacet
  facet normal -0.951045 0.309052 0
    outer loop
      vertex 26.5497 49.6021 6
      vertex 26.4876 49.411 2
      vertex 26.4876 49.411 6
    endloop
  endfacet
  facet normal -0.982247 0.187592 0
    outer loop
      vertex 26.5497 49.6021 2
      vertex 26.5874 49.7995 6
      vertex 26.5874 49.7995 2
    endloop
  endfacet
  facet normal -0.982247 0.187592 0
    outer loop
      vertex 26.5874 49.7995 6
      vertex 26.5497 49.6021 2
      vertex 26.5497 49.6021 6
    endloop
  endfacet
  facet normal -0.587669 0.809102 0
    outer loop
      vertex 26.0199 48.7672 2
      vertex 25.8573 48.6491 6
      vertex 26.0199 48.7672 6
    endloop
  endfacet
  facet normal -0.587669 0.809102 0
    outer loop
      vertex 25.8573 48.6491 6
      vertex 26.0199 48.7672 2
      vertex 25.8573 48.6491 2
    endloop
  endfacet
  facet normal 0.998031 0.0627192 0
    outer loop
      vertex 23.4126 49.7995 6
      vertex 23.4 50 2
      vertex 23.4 50 6
    endloop
  endfacet
  facet normal 0.998031 0.0627192 0
    outer loop
      vertex 23.4 50 2
      vertex 23.4126 49.7995 6
      vertex 23.4126 49.7995 2
    endloop
  endfacet
  facet normal -0.998031 0.0627192 0
    outer loop
      vertex 26.5874 49.7995 2
      vertex 26.6 50 6
      vertex 26.6 50 2
    endloop
  endfacet
  facet normal -0.998031 0.0627192 0
    outer loop
      vertex 26.6 50 6
      vertex 26.5874 49.7995 2
      vertex 26.5874 49.7995 6
    endloop
  endfacet
  facet normal 0.684355 0.729149 -0
    outer loop
      vertex 23.9801 48.7672 2
      vertex 23.8336 48.9047 6
      vertex 23.9801 48.7672 6
    endloop
  endfacet
  facet normal 0.684355 0.729149 0
    outer loop
      vertex 23.8336 48.9047 6
      vertex 23.9801 48.7672 2
      vertex 23.8336 48.9047 2
    endloop
  endfacet
  facet normal 0.770664 0.637242 0
    outer loop
      vertex 23.8336 48.9047 6
      vertex 23.7056 49.0595 2
      vertex 23.7056 49.0595 6
    endloop
  endfacet
  facet normal 0.770664 0.637242 0
    outer loop
      vertex 23.7056 49.0595 2
      vertex 23.8336 48.9047 6
      vertex 23.8336 48.9047 2
    endloop
  endfacet
  facet normal 0.90492 0.425581 0
    outer loop
      vertex 23.5979 49.2292 6
      vertex 23.5124 49.411 2
      vertex 23.5124 49.411 6
    endloop
  endfacet
  facet normal 0.90492 0.425581 0
    outer loop
      vertex 23.5124 49.411 2
      vertex 23.5979 49.2292 6
      vertex 23.5979 49.2292 2
    endloop
  endfacet
  facet normal -0.77042 0.637537 0
    outer loop
      vertex 26.1663 48.9047 2
      vertex 26.2944 49.0595 6
      vertex 26.2944 49.0595 2
    endloop
  endfacet
  facet normal -0.77042 0.637537 0
    outer loop
      vertex 26.2944 49.0595 6
      vertex 26.1663 48.9047 2
      vertex 26.1663 48.9047 6
    endloop
  endfacet
  facet normal -0.481709 0.876331 0
    outer loop
      vertex 25.8573 48.6491 2
      vertex 25.6812 48.5523 6
      vertex 25.8573 48.6491 6
    endloop
  endfacet
  facet normal -0.481709 0.876331 0
    outer loop
      vertex 25.6812 48.5523 6
      vertex 25.8573 48.6491 2
      vertex 25.6812 48.5523 2
    endloop
  endfacet
  facet normal -0.368299 0.929707 0
    outer loop
      vertex 25.6812 48.5523 2
      vertex 25.4944 48.4783 6
      vertex 25.6812 48.5523 6
    endloop
  endfacet
  facet normal -0.368299 0.929707 0
    outer loop
      vertex 25.4944 48.4783 6
      vertex 25.6812 48.5523 2
      vertex 25.4944 48.4783 2
    endloop
  endfacet
  facet normal -0.90492 0.425581 0
    outer loop
      vertex 26.4021 49.2292 2
      vertex 26.4876 49.411 6
      vertex 26.4876 49.411 2
    endloop
  endfacet
  facet normal -0.90492 0.425581 0
    outer loop
      vertex 26.4876 49.411 6
      vertex 26.4021 49.2292 2
      vertex 26.4021 49.2292 6
    endloop
  endfacet
  facet normal -0.844316 0.535845 0
    outer loop
      vertex 26.2944 49.0595 2
      vertex 26.4021 49.2292 6
      vertex 26.4021 49.2292 2
    endloop
  endfacet
  facet normal -0.844316 0.535845 0
    outer loop
      vertex 26.4021 49.2292 6
      vertex 26.2944 49.0595 2
      vertex 26.2944 49.0595 6
    endloop
  endfacet
  facet normal 0.248854 0.968541 -0
    outer loop
      vertex 24.7002 48.4283 2
      vertex 24.5056 48.4783 6
      vertex 24.7002 48.4283 6
    endloop
  endfacet
  facet normal 0.248854 0.968541 0
    outer loop
      vertex 24.5056 48.4783 6
      vertex 24.7002 48.4283 2
      vertex 24.5056 48.4783 2
    endloop
  endfacet
  facet normal 0.124954 0.992163 -0
    outer loop
      vertex 24.8995 48.4032 2
      vertex 24.7002 48.4283 6
      vertex 24.8995 48.4032 6
    endloop
  endfacet
  facet normal 0.124954 0.992163 0
    outer loop
      vertex 24.7002 48.4283 6
      vertex 24.8995 48.4032 2
      vertex 24.7002 48.4283 2
    endloop
  endfacet
  facet normal 0.587669 0.809102 -0
    outer loop
      vertex 24.1427 48.6491 2
      vertex 23.9801 48.7672 6
      vertex 24.1427 48.6491 6
    endloop
  endfacet
  facet normal 0.587669 0.809102 0
    outer loop
      vertex 23.9801 48.7672 6
      vertex 24.1427 48.6491 2
      vertex 23.9801 48.7672 2
    endloop
  endfacet
  facet normal 0.844316 0.535845 0
    outer loop
      vertex 23.7056 49.0595 6
      vertex 23.5979 49.2292 2
      vertex 23.5979 49.2292 6
    endloop
  endfacet
  facet normal 0.844316 0.535845 0
    outer loop
      vertex 23.5979 49.2292 2
      vertex 23.7056 49.0595 6
      vertex 23.7056 49.0595 2
    endloop
  endfacet
  facet normal 0.951045 0.309052 0
    outer loop
      vertex 23.5124 49.411 6
      vertex 23.4503 49.6021 2
      vertex 23.4503 49.6021 6
    endloop
  endfacet
  facet normal 0.951045 0.309052 0
    outer loop
      vertex 23.4503 49.6021 2
      vertex 23.5124 49.411 6
      vertex 23.5124 49.411 2
    endloop
  endfacet
  facet normal 0.982247 0.187592 0
    outer loop
      vertex 23.4503 49.6021 6
      vertex 23.4126 49.7995 2
      vertex 23.4126 49.7995 6
    endloop
  endfacet
  facet normal 0.982247 0.187592 0
    outer loop
      vertex 23.4126 49.7995 2
      vertex 23.4503 49.6021 6
      vertex 23.4503 49.6021 2
    endloop
  endfacet
  facet normal -0.684603 0.728916 0
    outer loop
      vertex 26.1663 48.9047 2
      vertex 26.0199 48.7672 6
      vertex 26.1663 48.9047 6
    endloop
  endfacet
  facet normal -0.684603 0.728916 0
    outer loop
      vertex 26.0199 48.7672 6
      vertex 26.1663 48.9047 2
      vertex 26.0199 48.7672 2
    endloop
  endfacet
  facet normal 0.481709 0.876331 -0
    outer loop
      vertex 24.3188 48.5523 2
      vertex 24.1427 48.6491 6
      vertex 24.3188 48.5523 6
    endloop
  endfacet
  facet normal 0.481709 0.876331 0
    outer loop
      vertex 24.1427 48.6491 6
      vertex 24.3188 48.5523 2
      vertex 24.1427 48.6491 2
    endloop
  endfacet
  facet normal 0.368299 0.929707 -0
    outer loop
      vertex 24.5056 48.4783 2
      vertex 24.3188 48.5523 6
      vertex 24.5056 48.4783 6
    endloop
  endfacet
  facet normal 0.368299 0.929707 0
    outer loop
      vertex 24.3188 48.5523 6
      vertex 24.5056 48.4783 2
      vertex 24.3188 48.5523 2
    endloop
  endfacet
  facet normal 0 1 -0
    outer loop
      vertex 25.1005 48.4032 2
      vertex 24.8995 48.4032 6
      vertex 25.1005 48.4032 6
    endloop
  endfacet
  facet normal 0 1 0
    outer loop
      vertex 24.8995 48.4032 6
      vertex 25.1005 48.4032 2
      vertex 24.8995 48.4032 2
    endloop
  endfacet
  facet normal -0.998031 -0.0627192 0
    outer loop
      vertex 51.6 25 2
      vertex 51.5874 25.2005 6
      vertex 51.5874 25.2005 2
    endloop
  endfacet
  facet normal -0.998031 -0.0627192 0
    outer loop
      vertex 51.5874 25.2005 6
      vertex 51.6 25 2
      vertex 51.6 25 6
    endloop
  endfacet
  facet normal 0.124954 -0.992163 0
    outer loop
      vertex 49.7002 26.5717 2
      vertex 49.8995 26.5968 6
      vertex 49.7002 26.5717 6
    endloop
  endfacet
  facet normal 0.124954 -0.992163 0
    outer loop
      vertex 49.8995 26.5968 6
      vertex 49.7002 26.5717 2
      vertex 49.8995 26.5968 2
    endloop
  endfacet
  facet normal -0.124954 0.992163 0
    outer loop
      vertex 50.2998 23.4283 2
      vertex 50.1005 23.4032 6
      vertex 50.2998 23.4283 6
    endloop
  endfacet
  facet normal -0.124954 0.992163 0
    outer loop
      vertex 50.1005 23.4032 6
      vertex 50.2998 23.4283 2
      vertex 50.1005 23.4032 2
    endloop
  endfacet
  facet normal -0.587669 -0.809102 0
    outer loop
      vertex 50.8573 26.3509 2
      vertex 51.0199 26.2328 6
      vertex 50.8573 26.3509 6
    endloop
  endfacet
  facet normal -0.587669 -0.809102 -0
    outer loop
      vertex 51.0199 26.2328 6
      vertex 50.8573 26.3509 2
      vertex 51.0199 26.2328 2
    endloop
  endfacet
  facet normal 0.770664 -0.637242 0
    outer loop
      vertex 48.7056 25.9405 6
      vertex 48.8336 26.0953 2
      vertex 48.8336 26.0953 6
    endloop
  endfacet
  facet normal 0.770664 -0.637242 0
    outer loop
      vertex 48.8336 26.0953 2
      vertex 48.7056 25.9405 6
      vertex 48.7056 25.9405 2
    endloop
  endfacet
  facet normal 0.481709 -0.876331 0
    outer loop
      vertex 49.1427 26.3509 2
      vertex 49.3188 26.4477 6
      vertex 49.1427 26.3509 6
    endloop
  endfacet
  facet normal 0.481709 -0.876331 0
    outer loop
      vertex 49.3188 26.4477 6
      vertex 49.1427 26.3509 2
      vertex 49.3188 26.4477 2
    endloop
  endfacet
  facet normal -0.844316 -0.535845 0
    outer loop
      vertex 51.4021 25.7708 2
      vertex 51.2944 25.9405 6
      vertex 51.2944 25.9405 2
    endloop
  endfacet
  facet normal -0.844316 -0.535845 0
    outer loop
      vertex 51.2944 25.9405 6
      vertex 51.4021 25.7708 2
      vertex 51.4021 25.7708 6
    endloop
  endfacet
  facet normal -0.770664 -0.637242 0
    outer loop
      vertex 51.2944 25.9405 2
      vertex 51.1664 26.0953 6
      vertex 51.1664 26.0953 2
    endloop
  endfacet
  facet normal -0.770664 -0.637242 0
    outer loop
      vertex 51.1664 26.0953 6
      vertex 51.2944 25.9405 2
      vertex 51.2944 25.9405 6
    endloop
  endfacet
  facet normal -0.248854 -0.968541 0
    outer loop
      vertex 50.2998 26.5717 2
      vertex 50.4944 26.5217 6
      vertex 50.2998 26.5717 6
    endloop
  endfacet
  facet normal -0.248854 -0.968541 -0
    outer loop
      vertex 50.4944 26.5217 6
      vertex 50.2998 26.5717 2
      vertex 50.4944 26.5217 2
    endloop
  endfacet
  facet normal -0.124954 -0.992163 0
    outer loop
      vertex 50.1005 26.5968 2
      vertex 50.2998 26.5717 6
      vertex 50.1005 26.5968 6
    endloop
  endfacet
  facet normal -0.124954 -0.992163 -0
    outer loop
      vertex 50.2998 26.5717 6
      vertex 50.1005 26.5968 2
      vertex 50.2998 26.5717 2
    endloop
  endfacet
  facet normal -0.368299 -0.929707 0
    outer loop
      vertex 50.4944 26.5217 2
      vertex 50.6812 26.4477 6
      vertex 50.4944 26.5217 6
    endloop
  endfacet
  facet normal -0.368299 -0.929707 -0
    outer loop
      vertex 50.6812 26.4477 6
      vertex 50.4944 26.5217 2
      vertex 50.6812 26.4477 2
    endloop
  endfacet
  facet normal 0.951045 -0.309052 0
    outer loop
      vertex 48.4503 25.3979 6
      vertex 48.5124 25.589 2
      vertex 48.5124 25.589 6
    endloop
  endfacet
  facet normal 0.951045 -0.309052 0
    outer loop
      vertex 48.5124 25.589 2
      vertex 48.4503 25.3979 6
      vertex 48.4503 25.3979 2
    endloop
  endfacet
  facet normal 0.982247 -0.187592 0
    outer loop
      vertex 48.4126 25.2005 6
      vertex 48.4503 25.3979 2
      vertex 48.4503 25.3979 6
    endloop
  endfacet
  facet normal 0.982247 -0.187592 0
    outer loop
      vertex 48.4503 25.3979 2
      vertex 48.4126 25.2005 6
      vertex 48.4126 25.2005 2
    endloop
  endfacet
  facet normal 0.248854 -0.968541 0
    outer loop
      vertex 49.5056 26.5217 2
      vertex 49.7002 26.5717 6
      vertex 49.5056 26.5217 6
    endloop
  endfacet
  facet normal 0.248854 -0.968541 0
    outer loop
      vertex 49.7002 26.5717 6
      vertex 49.5056 26.5217 2
      vertex 49.7002 26.5717 2
    endloop
  endfacet
  facet normal -0.248854 0.968541 0
    outer loop
      vertex 50.4944 23.4783 2
      vertex 50.2998 23.4283 6
      vertex 50.4944 23.4783 6
    endloop
  endfacet
  facet normal -0.248854 0.968541 0
    outer loop
      vertex 50.2998 23.4283 6
      vertex 50.4944 23.4783 2
      vertex 50.2998 23.4283 2
    endloop
  endfacet
  facet normal -0.951045 -0.309052 0
    outer loop
      vertex 51.5497 25.3979 2
      vertex 51.4876 25.589 6
      vertex 51.4876 25.589 2
    endloop
  endfacet
  facet normal -0.951045 -0.309052 0
    outer loop
      vertex 51.4876 25.589 6
      vertex 51.5497 25.3979 2
      vertex 51.5497 25.3979 6
    endloop
  endfacet
  facet normal -0.982247 -0.187592 0
    outer loop
      vertex 51.5874 25.2005 2
      vertex 51.5497 25.3979 6
      vertex 51.5497 25.3979 2
    endloop
  endfacet
  facet normal -0.982247 -0.187592 0
    outer loop
      vertex 51.5497 25.3979 6
      vertex 51.5874 25.2005 2
      vertex 51.5874 25.2005 6
    endloop
  endfacet
  facet normal -0.90492 -0.425581 0
    outer loop
      vertex 51.4876 25.589 2
      vertex 51.4021 25.7708 6
      vertex 51.4021 25.7708 2
    endloop
  endfacet
  facet normal -0.90492 -0.425581 0
    outer loop
      vertex 51.4021 25.7708 6
      vertex 51.4876 25.589 2
      vertex 51.4876 25.589 6
    endloop
  endfacet
  facet normal -0.684355 -0.729149 0
    outer loop
      vertex 51.0199 26.2328 2
      vertex 51.1664 26.0953 6
      vertex 51.0199 26.2328 6
    endloop
  endfacet
  facet normal -0.684355 -0.729149 -0
    outer loop
      vertex 51.1664 26.0953 6
      vertex 51.0199 26.2328 2
      vertex 51.1664 26.0953 2
    endloop
  endfacet
  facet normal 0 -1 0
    outer loop
      vertex 49.8995 26.5968 2
      vertex 50.1005 26.5968 6
      vertex 49.8995 26.5968 6
    endloop
  endfacet
  facet normal 0 -1 -0
    outer loop
      vertex 50.1005 26.5968 6
      vertex 49.8995 26.5968 2
      vertex 50.1005 26.5968 2
    endloop
  endfacet
  facet normal -0.481709 -0.876331 0
    outer loop
      vertex 50.6812 26.4477 2
      vertex 50.8573 26.3509 6
      vertex 50.6812 26.4477 6
    endloop
  endfacet
  facet normal -0.481709 -0.876331 -0
    outer loop
      vertex 50.8573 26.3509 6
      vertex 50.6812 26.4477 2
      vertex 50.8573 26.3509 2
    endloop
  endfacet
  facet normal 0.90492 -0.425581 0
    outer loop
      vertex 48.5124 25.589 6
      vertex 48.5979 25.7708 2
      vertex 48.5979 25.7708 6
    endloop
  endfacet
  facet normal 0.90492 -0.425581 0
    outer loop
      vertex 48.5979 25.7708 2
      vertex 48.5124 25.589 6
      vertex 48.5124 25.589 2
    endloop
  endfacet
  facet normal 0.844316 -0.535845 0
    outer loop
      vertex 48.5979 25.7708 6
      vertex 48.7056 25.9405 2
      vertex 48.7056 25.9405 6
    endloop
  endfacet
  facet normal 0.844316 -0.535845 0
    outer loop
      vertex 48.7056 25.9405 2
      vertex 48.5979 25.7708 6
      vertex 48.5979 25.7708 2
    endloop
  endfacet
  facet normal 0.998031 -0.0627192 0
    outer loop
      vertex 48.4 25 6
      vertex 48.4126 25.2005 2
      vertex 48.4126 25.2005 6
    endloop
  endfacet
  facet normal 0.998031 -0.0627192 0
    outer loop
      vertex 48.4126 25.2005 2
      vertex 48.4 25 6
      vertex 48.4 25 2
    endloop
  endfacet
  facet normal 0.587669 -0.809102 0
    outer loop
      vertex 48.9801 26.2328 2
      vertex 49.1427 26.3509 6
      vertex 48.9801 26.2328 6
    endloop
  endfacet
  facet normal 0.587669 -0.809102 0
    outer loop
      vertex 49.1427 26.3509 6
      vertex 48.9801 26.2328 2
      vertex 49.1427 26.3509 2
    endloop
  endfacet
  facet normal 0.684355 -0.729149 0
    outer loop
      vertex 48.8336 26.0953 2
      vertex 48.9801 26.2328 6
      vertex 48.8336 26.0953 6
    endloop
  endfacet
  facet normal 0.684355 -0.729149 0
    outer loop
      vertex 48.9801 26.2328 6
      vertex 48.8336 26.0953 2
      vertex 48.9801 26.2328 2
    endloop
  endfacet
  facet normal 0.368299 -0.929707 0
    outer loop
      vertex 49.3188 26.4477 2
      vertex 49.5056 26.5217 6
      vertex 49.3188 26.4477 6
    endloop
  endfacet
  facet normal 0.368299 -0.929707 0
    outer loop
      vertex 49.5056 26.5217 6
      vertex 49.3188 26.4477 2
      vertex 49.5056 26.5217 2
    endloop
  endfacet
  facet normal -0.951045 0.309052 0
    outer loop
      vertex 51.4876 24.411 2
      vertex 51.5497 24.6021 6
      vertex 51.5497 24.6021 2
    endloop
  endfacet
  facet normal -0.951045 0.309052 0
    outer loop
      vertex 51.5497 24.6021 6
      vertex 51.4876 24.411 2
      vertex 51.4876 24.411 6
    endloop
  endfacet
  facet normal -0.982247 0.187592 0
    outer loop
      vertex 51.5497 24.6021 2
      vertex 51.5874 24.7995 6
      vertex 51.5874 24.7995 2
    endloop
  endfacet
  facet normal -0.982247 0.187592 0
    outer loop
      vertex 51.5874 24.7995 6
      vertex 51.5497 24.6021 2
      vertex 51.5497 24.6021 6
    endloop
  endfacet
  facet normal -0.587669 0.809102 0
    outer loop
      vertex 51.0199 23.7672 2
      vertex 50.8573 23.6491 6
      vertex 51.0199 23.7672 6
    endloop
  endfacet
  facet normal -0.587669 0.809102 0
    outer loop
      vertex 50.8573 23.6491 6
      vertex 51.0199 23.7672 2
      vertex 50.8573 23.6491 2
    endloop
  endfacet
  facet normal 0.998031 0.0627192 0
    outer loop
      vertex 48.4126 24.7995 6
      vertex 48.4 25 2
      vertex 48.4 25 6
    endloop
  endfacet
  facet normal 0.998031 0.0627192 0
    outer loop
      vertex 48.4 25 2
      vertex 48.4126 24.7995 6
      vertex 48.4126 24.7995 2
    endloop
  endfacet
  facet normal -0.844316 0.535845 0
    outer loop
      vertex 51.2944 24.0595 2
      vertex 51.4021 24.2292 6
      vertex 51.4021 24.2292 2
    endloop
  endfacet
  facet normal -0.844316 0.535845 0
    outer loop
      vertex 51.4021 24.2292 6
      vertex 51.2944 24.0595 2
      vertex 51.2944 24.0595 6
    endloop
  endfacet
  facet normal -0.998031 0.0627192 0
    outer loop
      vertex 51.5874 24.7995 2
      vertex 51.6 25 6
      vertex 51.6 25 2
    endloop
  endfacet
  facet normal -0.998031 0.0627192 0
    outer loop
      vertex 51.6 25 6
      vertex 51.5874 24.7995 2
      vertex 51.5874 24.7995 6
    endloop
  endfacet
  facet normal 0.684355 0.729149 -0
    outer loop
      vertex 48.9801 23.7672 2
      vertex 48.8336 23.9047 6
      vertex 48.9801 23.7672 6
    endloop
  endfacet
  facet normal 0.684355 0.729149 0
    outer loop
      vertex 48.8336 23.9047 6
      vertex 48.9801 23.7672 2
      vertex 48.8336 23.9047 2
    endloop
  endfacet
  facet normal 0.770664 0.637242 0
    outer loop
      vertex 48.8336 23.9047 6
      vertex 48.7056 24.0595 2
      vertex 48.7056 24.0595 6
    endloop
  endfacet
  facet normal 0.770664 0.637242 0
    outer loop
      vertex 48.7056 24.0595 2
      vertex 48.8336 23.9047 6
      vertex 48.8336 23.9047 2
    endloop
  endfacet
  facet normal 0.90492 0.425581 0
    outer loop
      vertex 48.5979 24.2292 6
      vertex 48.5124 24.411 2
      vertex 48.5124 24.411 6
    endloop
  endfacet
  facet normal 0.90492 0.425581 0
    outer loop
      vertex 48.5124 24.411 2
      vertex 48.5979 24.2292 6
      vertex 48.5979 24.2292 2
    endloop
  endfacet
  facet normal 0.982247 0.187592 0
    outer loop
      vertex 48.4503 24.6021 6
      vertex 48.4126 24.7995 2
      vertex 48.4126 24.7995 6
    endloop
  endfacet
  facet normal 0.982247 0.187592 0
    outer loop
      vertex 48.4126 24.7995 2
      vertex 48.4503 24.6021 6
      vertex 48.4503 24.6021 2
    endloop
  endfacet
  facet normal -0.770664 0.637242 0
    outer loop
      vertex 51.1664 23.9047 2
      vertex 51.2944 24.0595 6
      vertex 51.2944 24.0595 2
    endloop
  endfacet
  facet normal -0.770664 0.637242 0
    outer loop
      vertex 51.2944 24.0595 6
      vertex 51.1664 23.9047 2
      vertex 51.1664 23.9047 6
    endloop
  endfacet
  facet normal -0.481709 0.876331 0
    outer loop
      vertex 50.8573 23.6491 2
      vertex 50.6812 23.5523 6
      vertex 50.8573 23.6491 6
    endloop
  endfacet
  facet normal -0.481709 0.876331 0
    outer loop
      vertex 50.6812 23.5523 6
      vertex 50.8573 23.6491 2
      vertex 50.6812 23.5523 2
    endloop
  endfacet
  facet normal -0.368299 0.929707 0
    outer loop
      vertex 50.6812 23.5523 2
      vertex 50.4944 23.4783 6
      vertex 50.6812 23.5523 6
    endloop
  endfacet
  facet normal -0.368299 0.929707 0
    outer loop
      vertex 50.4944 23.4783 6
      vertex 50.6812 23.5523 2
      vertex 50.4944 23.4783 2
    endloop
  endfacet
  facet normal -0.90492 0.425581 0
    outer loop
      vertex 51.4021 24.2292 2
      vertex 51.4876 24.411 6
      vertex 51.4876 24.411 2
    endloop
  endfacet
  facet normal -0.90492 0.425581 0
    outer loop
      vertex 51.4876 24.411 6
      vertex 51.4021 24.2292 2
      vertex 51.4021 24.2292 6
    endloop
  endfacet
  facet normal 0 1 -0
    outer loop
      vertex 50.1005 23.4032 2
      vertex 49.8995 23.4032 6
      vertex 50.1005 23.4032 6
    endloop
  endfacet
  facet normal 0 1 0
    outer loop
      vertex 49.8995 23.4032 6
      vertex 50.1005 23.4032 2
      vertex 49.8995 23.4032 2
    endloop
  endfacet
  facet normal 0.248854 0.968541 -0
    outer loop
      vertex 49.7002 23.4283 2
      vertex 49.5056 23.4783 6
      vertex 49.7002 23.4283 6
    endloop
  endfacet
  facet normal 0.248854 0.968541 0
    outer loop
      vertex 49.5056 23.4783 6
      vertex 49.7002 23.4283 2
      vertex 49.5056 23.4783 2
    endloop
  endfacet
  facet normal 0.124954 0.992163 -0
    outer loop
      vertex 49.8995 23.4032 2
      vertex 49.7002 23.4283 6
      vertex 49.8995 23.4032 6
    endloop
  endfacet
  facet normal 0.124954 0.992163 0
    outer loop
      vertex 49.7002 23.4283 6
      vertex 49.8995 23.4032 2
      vertex 49.7002 23.4283 2
    endloop
  endfacet
  facet normal 0.587669 0.809102 -0
    outer loop
      vertex 49.1427 23.6491 2
      vertex 48.9801 23.7672 6
      vertex 49.1427 23.6491 6
    endloop
  endfacet
  facet normal 0.587669 0.809102 0
    outer loop
      vertex 48.9801 23.7672 6
      vertex 49.1427 23.6491 2
      vertex 48.9801 23.7672 2
    endloop
  endfacet
  facet normal 0.844316 0.535845 0
    outer loop
      vertex 48.7056 24.0595 6
      vertex 48.5979 24.2292 2
      vertex 48.5979 24.2292 6
    endloop
  endfacet
  facet normal 0.844316 0.535845 0
    outer loop
      vertex 48.5979 24.2292 2
      vertex 48.7056 24.0595 6
      vertex 48.7056 24.0595 2
    endloop
  endfacet
  facet normal 0.951045 0.309052 0
    outer loop
      vertex 48.5124 24.411 6
      vertex 48.4503 24.6021 2
      vertex 48.4503 24.6021 6
    endloop
  endfacet
  facet normal 0.951045 0.309052 0
    outer loop
      vertex 48.4503 24.6021 2
      vertex 48.5124 24.411 6
      vertex 48.5124 24.411 2
    endloop
  endfacet
  facet normal -0.684355 0.729149 0
    outer loop
      vertex 51.1664 23.9047 2
      vertex 51.0199 23.7672 6
      vertex 51.1664 23.9047 6
    endloop
  endfacet
  facet normal -0.684355 0.729149 0
    outer loop
      vertex 51.0199 23.7672 6
      vertex 51.1664 23.9047 2
      vertex 51.0199 23.7672 2
    endloop
  endfacet
  facet normal 0.368299 0.929707 -0
    outer loop
      vertex 49.5056 23.4783 2
      vertex 49.3188 23.5523 6
      vertex 49.5056 23.4783 6
    endloop
  endfacet
  facet normal 0.368299 0.929707 0
    outer loop
      vertex 49.3188 23.5523 6
      vertex 49.5056 23.4783 2
      vertex 49.3188 23.5523 2
    endloop
  endfacet
  facet normal 0.481709 0.876331 -0
    outer loop
      vertex 49.3188 23.5523 2
      vertex 49.1427 23.6491 6
      vertex 49.3188 23.5523 6
    endloop
  endfacet
  facet normal 0.481709 0.876331 0
    outer loop
      vertex 49.1427 23.6491 6
      vertex 49.3188 23.5523 2
      vertex 49.1427 23.6491 2
    endloop
  endfacet
  facet normal -0.904926 -0.42557 0
    outer loop
      vertex 26.4876 0.588999 2
      vertex 26.4021 0.770805 6
      vertex 26.4021 0.770805 2
    endloop
  endfacet
  facet normal -0.904926 -0.42557 0
    outer loop
      vertex 26.4021 0.770805 6
      vertex 26.4876 0.588999 2
      vertex 26.4876 0.588999 6
    endloop
  endfacet
  facet normal -0.844246 -0.535955 0
    outer loop
      vertex 26.4021 0.770805 2
      vertex 26.2944 0.940456 6
      vertex 26.2944 0.940456 2
    endloop
  endfacet
  facet normal -0.844246 -0.535955 0
    outer loop
      vertex 26.2944 0.940456 6
      vertex 26.4021 0.770805 2
      vertex 26.4021 0.770805 6
    endloop
  endfacet
  facet normal -0.36817 -0.929758 0
    outer loop
      vertex 25.4944 1.52169 2
      vertex 25.6812 1.44772 6
      vertex 25.4944 1.52169 6
    endloop
  endfacet
  facet normal -0.36817 -0.929758 -0
    outer loop
      vertex 25.6812 1.44772 6
      vertex 25.4944 1.52169 2
      vertex 25.6812 1.44772 2
    endloop
  endfacet
  facet normal 0.36817 -0.929758 0
    outer loop
      vertex 24.3188 1.44772 2
      vertex 24.5056 1.52169 6
      vertex 24.3188 1.44772 6
    endloop
  endfacet
  facet normal 0.36817 -0.929758 0
    outer loop
      vertex 24.5056 1.52169 6
      vertex 24.3188 1.44772 2
      vertex 24.5056 1.52169 2
    endloop
  endfacet
  facet normal 0.904926 -0.42557 0
    outer loop
      vertex 23.5124 0.588999 6
      vertex 23.5979 0.770805 2
      vertex 23.5979 0.770805 6
    endloop
  endfacet
  facet normal 0.904926 -0.42557 0
    outer loop
      vertex 23.5979 0.770805 2
      vertex 23.5124 0.588999 6
      vertex 23.5124 0.588999 2
    endloop
  endfacet
  facet normal -0.982242 0.18762 0
    outer loop
      vertex 26.5497 -0.397903 2
      vertex 26.5874 -0.200533 6
      vertex 26.5874 -0.200533 2
    endloop
  endfacet
  facet normal -0.982242 0.18762 0
    outer loop
      vertex 26.5874 -0.200533 6
      vertex 26.5497 -0.397903 2
      vertex 26.5497 -0.397903 6
    endloop
  endfacet
  facet normal -0.125346 -0.992113 0
    outer loop
      vertex 25.1005 1.59684 2
      vertex 25.2998 1.57166 6
      vertex 25.1005 1.59684 6
    endloop
  endfacet
  facet normal -0.125346 -0.992113 -0
    outer loop
      vertex 25.2998 1.57166 6
      vertex 25.1005 1.59684 2
      vertex 25.2998 1.57166 2
    endloop
  endfacet
  facet normal -0.587669 -0.809102 0
    outer loop
      vertex 25.8573 1.35092 2
      vertex 26.0199 1.23282 6
      vertex 25.8573 1.35092 6
    endloop
  endfacet
  facet normal -0.587669 -0.809102 -0
    outer loop
      vertex 26.0199 1.23282 6
      vertex 25.8573 1.35092 2
      vertex 26.0199 1.23282 2
    endloop
  endfacet
  facet normal 0.998032 -0.0627089 0
    outer loop
      vertex 23.4 0 6
      vertex 23.4126 0.200533 2
      vertex 23.4126 0.200533 6
    endloop
  endfacet
  facet normal 0.998032 -0.0627089 0
    outer loop
      vertex 23.4126 0.200533 2
      vertex 23.4 0 6
      vertex 23.4 0 2
    endloop
  endfacet
  facet normal 0.770692 -0.637207 0
    outer loop
      vertex 23.7056 0.940456 6
      vertex 23.8336 1.09527 2
      vertex 23.8336 1.09527 6
    endloop
  endfacet
  facet normal 0.770692 -0.637207 0
    outer loop
      vertex 23.8336 1.09527 2
      vertex 23.7056 0.940456 6
      vertex 23.7056 0.940456 2
    endloop
  endfacet
  facet normal 0.481709 -0.876331 0
    outer loop
      vertex 24.1427 1.35092 2
      vertex 24.3188 1.44772 6
      vertex 24.1427 1.35092 6
    endloop
  endfacet
  facet normal 0.481709 -0.876331 0
    outer loop
      vertex 24.3188 1.44772 6
      vertex 24.1427 1.35092 2
      vertex 24.3188 1.44772 2
    endloop
  endfacet
  facet normal 0.248714 -0.968577 0
    outer loop
      vertex 24.5056 1.52169 2
      vertex 24.7002 1.57166 6
      vertex 24.5056 1.52169 6
    endloop
  endfacet
  facet normal 0.248714 -0.968577 0
    outer loop
      vertex 24.7002 1.57166 6
      vertex 24.5056 1.52169 2
      vertex 24.7002 1.57166 2
    endloop
  endfacet
  facet normal -0.998032 0.0627089 0
    outer loop
      vertex 26.5874 -0.200533 2
      vertex 26.6 0 6
      vertex 26.6 0 2
    endloop
  endfacet
  facet normal -0.998032 0.0627089 0
    outer loop
      vertex 26.6 0 6
      vertex 26.5874 -0.200533 2
      vertex 26.5874 -0.200533 6
    endloop
  endfacet
  facet normal -0.951043 0.309058 0
    outer loop
      vertex 26.4876 -0.588999 2
      vertex 26.5497 -0.397903 6
      vertex 26.5497 -0.397903 2
    endloop
  endfacet
  facet normal -0.951043 0.309058 0
    outer loop
      vertex 26.5497 -0.397903 6
      vertex 26.4876 -0.588999 2
      vertex 26.4876 -0.588999 6
    endloop
  endfacet
  facet normal 0.684487 0.729025 -0
    outer loop
      vertex 23.9801 -1.23282 2
      vertex 23.8336 -1.09527 6
      vertex 23.9801 -1.23282 6
    endloop
  endfacet
  facet normal 0.684487 0.729025 0
    outer loop
      vertex 23.8336 -1.09527 6
      vertex 23.9801 -1.23282 2
      vertex 23.8336 -1.09527 2
    endloop
  endfacet
  facet normal 0.904926 0.42557 0
    outer loop
      vertex 23.5979 -0.770805 6
      vertex 23.5124 -0.588999 2
      vertex 23.5124 -0.588999 6
    endloop
  endfacet
  facet normal 0.904926 0.42557 0
    outer loop
      vertex 23.5124 -0.588999 2
      vertex 23.5979 -0.770805 6
      vertex 23.5979 -0.770805 2
    endloop
  endfacet
  facet normal -0.587669 0.809102 0
    outer loop
      vertex 26.0199 -1.23282 2
      vertex 25.8573 -1.35092 6
      vertex 26.0199 -1.23282 6
    endloop
  endfacet
  facet normal -0.587669 0.809102 0
    outer loop
      vertex 25.8573 -1.35092 6
      vertex 26.0199 -1.23282 2
      vertex 25.8573 -1.35092 2
    endloop
  endfacet
  facet normal -0.982242 -0.18762 0
    outer loop
      vertex 26.5874 0.200533 2
      vertex 26.5497 0.397903 6
      vertex 26.5497 0.397903 2
    endloop
  endfacet
  facet normal -0.982242 -0.18762 0
    outer loop
      vertex 26.5497 0.397903 6
      vertex 26.5874 0.200533 2
      vertex 26.5874 0.200533 6
    endloop
  endfacet
  facet normal -0.951043 -0.309058 0
    outer loop
      vertex 26.5497 0.397903 2
      vertex 26.4876 0.588999 6
      vertex 26.4876 0.588999 2
    endloop
  endfacet
  facet normal -0.951043 -0.309058 0
    outer loop
      vertex 26.4876 0.588999 6
      vertex 26.5497 0.397903 2
      vertex 26.5497 0.397903 6
    endloop
  endfacet
  facet normal -0.684736 -0.728792 0
    outer loop
      vertex 26.0199 1.23282 2
      vertex 26.1663 1.09527 6
      vertex 26.0199 1.23282 6
    endloop
  endfacet
  facet normal -0.684736 -0.728792 -0
    outer loop
      vertex 26.1663 1.09527 6
      vertex 26.0199 1.23282 2
      vertex 26.1663 1.09527 2
    endloop
  endfacet
  facet normal 0 -1 0
    outer loop
      vertex 24.8995 1.59684 2
      vertex 25.1005 1.59684 6
      vertex 24.8995 1.59684 6
    endloop
  endfacet
  facet normal 0 -1 -0
    outer loop
      vertex 25.1005 1.59684 6
      vertex 24.8995 1.59684 2
      vertex 25.1005 1.59684 2
    endloop
  endfacet
  facet normal -0.248714 -0.968577 0
    outer loop
      vertex 25.2998 1.57166 2
      vertex 25.4944 1.52169 6
      vertex 25.2998 1.57166 6
    endloop
  endfacet
  facet normal -0.248714 -0.968577 -0
    outer loop
      vertex 25.4944 1.52169 6
      vertex 25.2998 1.57166 2
      vertex 25.4944 1.52169 2
    endloop
  endfacet
  facet normal -0.481709 -0.876331 0
    outer loop
      vertex 25.6812 1.44772 2
      vertex 25.8573 1.35092 6
      vertex 25.6812 1.44772 6
    endloop
  endfacet
  facet normal -0.481709 -0.876331 -0
    outer loop
      vertex 25.8573 1.35092 6
      vertex 25.6812 1.44772 2
      vertex 25.8573 1.35092 2
    endloop
  endfacet
  facet normal 0.951043 -0.309058 0
    outer loop
      vertex 23.4503 0.397903 6
      vertex 23.5124 0.588999 2
      vertex 23.5124 0.588999 6
    endloop
  endfacet
  facet normal 0.951043 -0.309058 0
    outer loop
      vertex 23.5124 0.588999 2
      vertex 23.4503 0.397903 6
      vertex 23.4503 0.397903 2
    endloop
  endfacet
  facet normal 0.982242 -0.18762 0
    outer loop
      vertex 23.4126 0.200533 6
      vertex 23.4503 0.397903 2
      vertex 23.4503 0.397903 6
    endloop
  endfacet
  facet normal 0.982242 -0.18762 0
    outer loop
      vertex 23.4503 0.397903 2
      vertex 23.4126 0.200533 6
      vertex 23.4126 0.200533 2
    endloop
  endfacet
  facet normal 0.844246 -0.535955 0
    outer loop
      vertex 23.5979 0.770805 6
      vertex 23.7056 0.940456 2
      vertex 23.7056 0.940456 6
    endloop
  endfacet
  facet normal 0.844246 -0.535955 0
    outer loop
      vertex 23.7056 0.940456 2
      vertex 23.5979 0.770805 6
      vertex 23.5979 0.770805 2
    endloop
  endfacet
  facet normal 0.125346 -0.992113 0
    outer loop
      vertex 24.7002 1.57166 2
      vertex 24.8995 1.59684 6
      vertex 24.7002 1.57166 6
    endloop
  endfacet
  facet normal 0.125346 -0.992113 0
    outer loop
      vertex 24.8995 1.59684 6
      vertex 24.7002 1.57166 2
      vertex 24.8995 1.59684 2
    endloop
  endfacet
  facet normal 0.587669 -0.809102 0
    outer loop
      vertex 23.9801 1.23282 2
      vertex 24.1427 1.35092 6
      vertex 23.9801 1.23282 6
    endloop
  endfacet
  facet normal 0.587669 -0.809102 0
    outer loop
      vertex 24.1427 1.35092 6
      vertex 23.9801 1.23282 2
      vertex 24.1427 1.35092 2
    endloop
  endfacet
  facet normal 0.684487 -0.729025 0
    outer loop
      vertex 23.8336 1.09527 2
      vertex 23.9801 1.23282 6
      vertex 23.8336 1.09527 6
    endloop
  endfacet
  facet normal 0.684487 -0.729025 0
    outer loop
      vertex 23.9801 1.23282 6
      vertex 23.8336 1.09527 2
      vertex 23.9801 1.23282 2
    endloop
  endfacet
  facet normal -0.998032 -0.0627089 0
    outer loop
      vertex 26.6 0 2
      vertex 26.5874 0.200533 6
      vertex 26.5874 0.200533 2
    endloop
  endfacet
  facet normal -0.998032 -0.0627089 0
    outer loop
      vertex 26.5874 0.200533 6
      vertex 26.6 0 2
      vertex 26.6 0 6
    endloop
  endfacet
  facet normal 0 1 -0
    outer loop
      vertex 25.1005 -1.59684 2
      vertex 24.8995 -1.59684 6
      vertex 25.1005 -1.59684 6
    endloop
  endfacet
  facet normal 0 1 0
    outer loop
      vertex 24.8995 -1.59684 6
      vertex 25.1005 -1.59684 2
      vertex 24.8995 -1.59684 2
    endloop
  endfacet
  facet normal 0.770692 0.637207 0
    outer loop
      vertex 23.8336 -1.09527 6
      vertex 23.7056 -0.940456 2
      vertex 23.7056 -0.940456 6
    endloop
  endfacet
  facet normal 0.770692 0.637207 0
    outer loop
      vertex 23.7056 -0.940456 2
      vertex 23.8336 -1.09527 6
      vertex 23.8336 -1.09527 2
    endloop
  endfacet
  facet normal -0.125346 0.992113 0
    outer loop
      vertex 25.2998 -1.57166 2
      vertex 25.1005 -1.59684 6
      vertex 25.2998 -1.57166 6
    endloop
  endfacet
  facet normal -0.125346 0.992113 0
    outer loop
      vertex 25.1005 -1.59684 6
      vertex 25.2998 -1.57166 2
      vertex 25.1005 -1.59684 2
    endloop
  endfacet
  facet normal -0.248714 0.968577 0
    outer loop
      vertex 25.4944 -1.52169 2
      vertex 25.2998 -1.57166 6
      vertex 25.4944 -1.52169 6
    endloop
  endfacet
  facet normal -0.248714 0.968577 0
    outer loop
      vertex 25.2998 -1.57166 6
      vertex 25.4944 -1.52169 2
      vertex 25.2998 -1.57166 2
    endloop
  endfacet
  facet normal -0.770448 -0.637503 0
    outer loop
      vertex 26.2944 0.940456 2
      vertex 26.1663 1.09527 6
      vertex 26.1663 1.09527 2
    endloop
  endfacet
  facet normal -0.770448 -0.637503 0
    outer loop
      vertex 26.1663 1.09527 6
      vertex 26.2944 0.940456 2
      vertex 26.2944 0.940456 6
    endloop
  endfacet
  facet normal 0.481709 0.876331 -0
    outer loop
      vertex 24.3188 -1.44772 2
      vertex 24.1427 -1.35092 6
      vertex 24.3188 -1.44772 6
    endloop
  endfacet
  facet normal 0.481709 0.876331 0
    outer loop
      vertex 24.1427 -1.35092 6
      vertex 24.3188 -1.44772 2
      vertex 24.1427 -1.35092 2
    endloop
  endfacet
  facet normal 0.248714 0.968577 -0
    outer loop
      vertex 24.7002 -1.57166 2
      vertex 24.5056 -1.52169 6
      vertex 24.7002 -1.57166 6
    endloop
  endfacet
  facet normal 0.248714 0.968577 0
    outer loop
      vertex 24.5056 -1.52169 6
      vertex 24.7002 -1.57166 2
      vertex 24.5056 -1.52169 2
    endloop
  endfacet
  facet normal 0.951043 0.309058 0
    outer loop
      vertex 23.5124 -0.588999 6
      vertex 23.4503 -0.397903 2
      vertex 23.4503 -0.397903 6
    endloop
  endfacet
  facet normal 0.951043 0.309058 0
    outer loop
      vertex 23.4503 -0.397903 2
      vertex 23.5124 -0.588999 6
      vertex 23.5124 -0.588999 2
    endloop
  endfacet
  facet normal 0.982242 0.18762 0
    outer loop
      vertex 23.4503 -0.397903 6
      vertex 23.4126 -0.200533 2
      vertex 23.4126 -0.200533 6
    endloop
  endfacet
  facet normal 0.982242 0.18762 0
    outer loop
      vertex 23.4126 -0.200533 2
      vertex 23.4503 -0.397903 6
      vertex 23.4503 -0.397903 2
    endloop
  endfacet
  facet normal 0.998032 0.0627089 0
    outer loop
      vertex 23.4126 -0.200533 6
      vertex 23.4 0 2
      vertex 23.4 0 6
    endloop
  endfacet
  facet normal 0.998032 0.0627089 0
    outer loop
      vertex 23.4 0 2
      vertex 23.4126 -0.200533 6
      vertex 23.4126 -0.200533 2
    endloop
  endfacet
  facet normal -0.481709 0.876331 0
    outer loop
      vertex 25.8573 -1.35092 2
      vertex 25.6812 -1.44772 6
      vertex 25.8573 -1.35092 6
    endloop
  endfacet
  facet normal -0.481709 0.876331 0
    outer loop
      vertex 25.6812 -1.44772 6
      vertex 25.8573 -1.35092 2
      vertex 25.6812 -1.44772 2
    endloop
  endfacet
  facet normal -0.770448 0.637503 0
    outer loop
      vertex 26.1663 -1.09527 2
      vertex 26.2944 -0.940456 6
      vertex 26.2944 -0.940456 2
    endloop
  endfacet
  facet normal -0.770448 0.637503 0
    outer loop
      vertex 26.2944 -0.940456 6
      vertex 26.1663 -1.09527 2
      vertex 26.1663 -1.09527 6
    endloop
  endfacet
  facet normal -0.904926 0.42557 0
    outer loop
      vertex 26.4021 -0.770805 2
      vertex 26.4876 -0.588999 6
      vertex 26.4876 -0.588999 2
    endloop
  endfacet
  facet normal -0.904926 0.42557 0
    outer loop
      vertex 26.4876 -0.588999 6
      vertex 26.4021 -0.770805 2
      vertex 26.4021 -0.770805 6
    endloop
  endfacet
  facet normal -0.844246 0.535955 0
    outer loop
      vertex 26.2944 -0.940456 2
      vertex 26.4021 -0.770805 6
      vertex 26.4021 -0.770805 2
    endloop
  endfacet
  facet normal -0.844246 0.535955 0
    outer loop
      vertex 26.4021 -0.770805 6
      vertex 26.2944 -0.940456 2
      vertex 26.2944 -0.940456 6
    endloop
  endfacet
  facet normal 0.125346 0.992113 -0
    outer loop
      vertex 24.8995 -1.59684 2
      vertex 24.7002 -1.57166 6
      vertex 24.8995 -1.59684 6
    endloop
  endfacet
  facet normal 0.125346 0.992113 0
    outer loop
      vertex 24.7002 -1.57166 6
      vertex 24.8995 -1.59684 2
      vertex 24.7002 -1.57166 2
    endloop
  endfacet
  facet normal 0.844246 0.535955 0
    outer loop
      vertex 23.7056 -0.940456 6
      vertex 23.5979 -0.770805 2
      vertex 23.5979 -0.770805 6
    endloop
  endfacet
  facet normal 0.844246 0.535955 0
    outer loop
      vertex 23.5979 -0.770805 2
      vertex 23.7056 -0.940456 6
      vertex 23.7056 -0.940456 2
    endloop
  endfacet
  facet normal -0.36817 0.929758 0
    outer loop
      vertex 25.6812 -1.44772 2
      vertex 25.4944 -1.52169 6
      vertex 25.6812 -1.44772 6
    endloop
  endfacet
  facet normal -0.36817 0.929758 0
    outer loop
      vertex 25.4944 -1.52169 6
      vertex 25.6812 -1.44772 2
      vertex 25.4944 -1.52169 2
    endloop
  endfacet
  facet normal -0.684736 0.728792 0
    outer loop
      vertex 26.1663 -1.09527 2
      vertex 26.0199 -1.23282 6
      vertex 26.1663 -1.09527 6
    endloop
  endfacet
  facet normal -0.684736 0.728792 0
    outer loop
      vertex 26.0199 -1.23282 6
      vertex 26.1663 -1.09527 2
      vertex 26.0199 -1.23282 2
    endloop
  endfacet
  facet normal 0.587669 0.809102 -0
    outer loop
      vertex 24.1427 -1.35092 2
      vertex 23.9801 -1.23282 6
      vertex 24.1427 -1.35092 6
    endloop
  endfacet
  facet normal 0.587669 0.809102 0
    outer loop
      vertex 23.9801 -1.23282 6
      vertex 24.1427 -1.35092 2
      vertex 23.9801 -1.23282 2
    endloop
  endfacet
  facet normal 0.36817 0.929758 -0
    outer loop
      vertex 24.5056 -1.52169 2
      vertex 24.3188 -1.44772 6
      vertex 24.5056 -1.52169 6
    endloop
  endfacet
  facet normal 0.36817 0.929758 0
    outer loop
      vertex 24.3188 -1.44772 6
      vertex 24.5056 -1.52169 2
      vertex 24.3188 -1.44772 2
    endloop
  endfacet
  facet normal 0.982293 -0.187352 0
    outer loop
      vertex -1.58738 25.2005 6
      vertex -1.54973 25.3979 2
      vertex -1.54973 25.3979 6
    endloop
  endfacet
  facet normal 0.982293 -0.187352 0
    outer loop
      vertex -1.54973 25.3979 2
      vertex -1.58738 25.2005 6
      vertex -1.58738 25.2005 2
    endloop
  endfacet
  facet normal -0.770468 -0.637478 0
    outer loop
      vertex 1.29443 25.9405 2
      vertex 1.16635 26.0953 6
      vertex 1.16635 26.0953 2
    endloop
  endfacet
  facet normal -0.770468 -0.637478 0
    outer loop
      vertex 1.16635 26.0953 6
      vertex 1.29443 25.9405 2
      vertex 1.29443 25.9405 6
    endloop
  endfacet
  facet normal -0.124927 -0.992166 0
    outer loop
      vertex 0.100465 26.5968 2
      vertex 0.299809 26.5717 6
      vertex 0.100465 26.5968 6
    endloop
  endfacet
  facet normal -0.124927 -0.992166 -0
    outer loop
      vertex 0.299809 26.5717 6
      vertex 0.100465 26.5968 2
      vertex 0.299809 26.5717 2
    endloop
  endfacet
  facet normal -0.248833 -0.968546 0
    outer loop
      vertex 0.299809 26.5717 2
      vertex 0.494427 26.5217 6
      vertex 0.299809 26.5717 6
    endloop
  endfacet
  facet normal -0.248833 -0.968546 -0
    outer loop
      vertex 0.494427 26.5217 6
      vertex 0.299809 26.5717 2
      vertex 0.494427 26.5217 2
    endloop
  endfacet
  facet normal 0.481759 -0.876304 0
    outer loop
      vertex -0.857323 26.3509 2
      vertex -0.681247 26.4477 6
      vertex -0.857323 26.3509 6
    endloop
  endfacet
  facet normal 0.481759 -0.876304 0
    outer loop
      vertex -0.681247 26.4477 6
      vertex -0.857323 26.3509 2
      vertex -0.681247 26.4477 2
    endloop
  endfacet
  facet normal 0.95106 -0.309007 0
    outer loop
      vertex -1.54973 25.3979 6
      vertex -1.48764 25.589 2
      vertex -1.48764 25.589 6
    endloop
  endfacet
  facet normal 0.95106 -0.309007 0
    outer loop
      vertex -1.48764 25.589 2
      vertex -1.54973 25.3979 6
      vertex -1.54973 25.3979 2
    endloop
  endfacet
  facet normal -0.982293 0.187352 0
    outer loop
      vertex 1.54973 24.6021 2
      vertex 1.58738 24.7995 6
      vertex 1.58738 24.7995 2
    endloop
  endfacet
  facet normal -0.982293 0.187352 0
    outer loop
      vertex 1.58738 24.7995 6
      vertex 1.54973 24.6021 2
      vertex 1.54973 24.6021 6
    endloop
  endfacet
  facet normal 0 -1 0
    outer loop
      vertex -0.100465 26.5968 2
      vertex 0.100465 26.5968 6
      vertex -0.100465 26.5968 6
    endloop
  endfacet
  facet normal 0 -1 -0
    outer loop
      vertex 0.100465 26.5968 6
      vertex -0.100465 26.5968 2
      vertex 0.100465 26.5968 2
    endloop
  endfacet
  facet normal -0.368265 -0.929721 0
    outer loop
      vertex 0.494427 26.5217 2
      vertex 0.681247 26.4477 6
      vertex 0.494427 26.5217 6
    endloop
  endfacet
  facet normal -0.368265 -0.929721 -0
    outer loop
      vertex 0.681247 26.4477 6
      vertex 0.494427 26.5217 2
      vertex 0.681247 26.4477 2
    endloop
  endfacet
  facet normal 0.998025 -0.0628183 0
    outer loop
      vertex -1.6 25 6
      vertex -1.58738 25.2005 2
      vertex -1.58738 25.2005 6
    endloop
  endfacet
  facet normal 0.998025 -0.0628183 0
    outer loop
      vertex -1.58738 25.2005 2
      vertex -1.6 25 6
      vertex -1.6 25 2
    endloop
  endfacet
  facet normal 0.844406 -0.535703 0
    outer loop
      vertex -1.40209 25.7708 6
      vertex -1.29443 25.9405 2
      vertex -1.29443 25.9405 6
    endloop
  endfacet
  facet normal 0.844406 -0.535703 0
    outer loop
      vertex -1.29443 25.9405 2
      vertex -1.40209 25.7708 6
      vertex -1.40209 25.7708 2
    endloop
  endfacet
  facet normal 0.248833 -0.968546 0
    outer loop
      vertex -0.494427 26.5217 2
      vertex -0.299809 26.5717 6
      vertex -0.494427 26.5217 6
    endloop
  endfacet
  facet normal 0.248833 -0.968546 0
    outer loop
      vertex -0.299809 26.5717 6
      vertex -0.494427 26.5217 2
      vertex -0.299809 26.5717 2
    endloop
  endfacet
  facet normal 0.770468 -0.637478 0
    outer loop
      vertex -1.29443 25.9405 6
      vertex -1.16635 26.0953 2
      vertex -1.16635 26.0953 6
    endloop
  endfacet
  facet normal 0.770468 -0.637478 0
    outer loop
      vertex -1.16635 26.0953 2
      vertex -1.29443 25.9405 6
      vertex -1.29443 25.9405 2
    endloop
  endfacet
  facet normal -0.998025 0.0628183 0
    outer loop
      vertex 1.58738 24.7995 2
      vertex 1.6 25 6
      vertex 1.6 25 2
    endloop
  endfacet
  facet normal -0.998025 0.0628183 0
    outer loop
      vertex 1.6 25 6
      vertex 1.58738 24.7995 2
      vertex 1.58738 24.7995 6
    endloop
  endfacet
  facet normal -0.95106 0.309007 0
    outer loop
      vertex 1.48764 24.411 2
      vertex 1.54973 24.6021 6
      vertex 1.54973 24.6021 2
    endloop
  endfacet
  facet normal -0.95106 0.309007 0
    outer loop
      vertex 1.54973 24.6021 6
      vertex 1.48764 24.411 2
      vertex 1.48764 24.411 6
    endloop
  endfacet
  facet normal -0.58777 0.809028 0
    outer loop
      vertex 1.01988 23.7672 2
      vertex 0.857323 23.6491 6
      vertex 1.01988 23.7672 6
    endloop
  endfacet
  facet normal -0.58777 0.809028 0
    outer loop
      vertex 0.857323 23.6491 6
      vertex 1.01988 23.7672 2
      vertex 0.857323 23.6491 2
    endloop
  endfacet
  facet normal -0.982293 -0.187352 0
    outer loop
      vertex 1.58738 25.2005 2
      vertex 1.54973 25.3979 6
      vertex 1.54973 25.3979 2
    endloop
  endfacet
  facet normal -0.982293 -0.187352 0
    outer loop
      vertex 1.54973 25.3979 6
      vertex 1.58738 25.2005 2
      vertex 1.58738 25.2005 6
    endloop
  endfacet
  facet normal -0.58777 -0.809028 0
    outer loop
      vertex 0.857323 26.3509 2
      vertex 1.01988 26.2328 6
      vertex 0.857323 26.3509 6
    endloop
  endfacet
  facet normal -0.58777 -0.809028 -0
    outer loop
      vertex 1.01988 26.2328 6
      vertex 0.857323 26.3509 2
      vertex 1.01988 26.2328 2
    endloop
  endfacet
  facet normal 0.124927 -0.992166 0
    outer loop
      vertex -0.299809 26.5717 2
      vertex -0.100465 26.5968 6
      vertex -0.299809 26.5717 6
    endloop
  endfacet
  facet normal 0.124927 -0.992166 0
    outer loop
      vertex -0.100465 26.5968 6
      vertex -0.299809 26.5717 2
      vertex -0.100465 26.5968 2
    endloop
  endfacet
  facet normal -0.481759 -0.876304 0
    outer loop
      vertex 0.681247 26.4477 2
      vertex 0.857323 26.3509 6
      vertex 0.681247 26.4477 6
    endloop
  endfacet
  facet normal -0.481759 -0.876304 -0
    outer loop
      vertex 0.857323 26.3509 6
      vertex 0.681247 26.4477 2
      vertex 0.857323 26.3509 2
    endloop
  endfacet
  facet normal 0.904824 -0.425785 0
    outer loop
      vertex -1.48764 25.589 6
      vertex -1.40209 25.7708 2
      vertex -1.40209 25.7708 6
    endloop
  endfacet
  facet normal 0.904824 -0.425785 0
    outer loop
      vertex -1.40209 25.7708 2
      vertex -1.48764 25.589 6
      vertex -1.48764 25.589 2
    endloop
  endfacet
  facet normal 0.368265 -0.929721 0
    outer loop
      vertex -0.681247 26.4477 2
      vertex -0.494427 26.5217 6
      vertex -0.681247 26.4477 6
    endloop
  endfacet
  facet normal 0.368265 -0.929721 0
    outer loop
      vertex -0.494427 26.5217 6
      vertex -0.681247 26.4477 2
      vertex -0.494427 26.5217 2
    endloop
  endfacet
  facet normal 0.684429 -0.729079 0
    outer loop
      vertex -1.16635 26.0953 2
      vertex -1.01988 26.2328 6
      vertex -1.16635 26.0953 6
    endloop
  endfacet
  facet normal 0.684429 -0.729079 0
    outer loop
      vertex -1.01988 26.2328 6
      vertex -1.16635 26.0953 2
      vertex -1.01988 26.2328 2
    endloop
  endfacet
  facet normal 0.58777 -0.809028 0
    outer loop
      vertex -1.01988 26.2328 2
      vertex -0.857323 26.3509 6
      vertex -1.01988 26.2328 6
    endloop
  endfacet
  facet normal 0.58777 -0.809028 0
    outer loop
      vertex -0.857323 26.3509 6
      vertex -1.01988 26.2328 2
      vertex -0.857323 26.3509 2
    endloop
  endfacet
  facet normal -0.998025 -0.0628183 0
    outer loop
      vertex 1.6 25 2
      vertex 1.58738 25.2005 6
      vertex 1.58738 25.2005 2
    endloop
  endfacet
  facet normal -0.998025 -0.0628183 0
    outer loop
      vertex 1.58738 25.2005 6
      vertex 1.6 25 2
      vertex 1.6 25 6
    endloop
  endfacet
  facet normal -0.844406 0.535703 0
    outer loop
      vertex 1.29443 24.0595 2
      vertex 1.40209 24.2292 6
      vertex 1.40209 24.2292 2
    endloop
  endfacet
  facet normal -0.844406 0.535703 0
    outer loop
      vertex 1.40209 24.2292 6
      vertex 1.29443 24.0595 2
      vertex 1.29443 24.0595 6
    endloop
  endfacet
  facet normal -0.124927 0.992166 0
    outer loop
      vertex 0.299809 23.4283 2
      vertex 0.100465 23.4032 6
      vertex 0.299809 23.4283 6
    endloop
  endfacet
  facet normal -0.124927 0.992166 0
    outer loop
      vertex 0.100465 23.4032 6
      vertex 0.299809 23.4283 2
      vertex 0.100465 23.4032 2
    endloop
  endfacet
  facet normal -0.248833 0.968546 0
    outer loop
      vertex 0.494427 23.4783 2
      vertex 0.299809 23.4283 6
      vertex 0.494427 23.4783 6
    endloop
  endfacet
  facet normal -0.248833 0.968546 0
    outer loop
      vertex 0.299809 23.4283 6
      vertex 0.494427 23.4783 2
      vertex 0.299809 23.4283 2
    endloop
  endfacet
  facet normal -0.844406 -0.535703 0
    outer loop
      vertex 1.40209 25.7708 2
      vertex 1.29443 25.9405 6
      vertex 1.29443 25.9405 2
    endloop
  endfacet
  facet normal -0.844406 -0.535703 0
    outer loop
      vertex 1.29443 25.9405 6
      vertex 1.40209 25.7708 2
      vertex 1.40209 25.7708 6
    endloop
  endfacet
  facet normal -0.904824 -0.425785 0
    outer loop
      vertex 1.48764 25.589 2
      vertex 1.40209 25.7708 6
      vertex 1.40209 25.7708 2
    endloop
  endfacet
  facet normal -0.904824 -0.425785 0
    outer loop
      vertex 1.40209 25.7708 6
      vertex 1.48764 25.589 2
      vertex 1.48764 25.589 6
    endloop
  endfacet
  facet normal -0.95106 -0.309007 0
    outer loop
      vertex 1.54973 25.3979 2
      vertex 1.48764 25.589 6
      vertex 1.48764 25.589 2
    endloop
  endfacet
  facet normal -0.95106 -0.309007 0
    outer loop
      vertex 1.48764 25.589 6
      vertex 1.54973 25.3979 2
      vertex 1.54973 25.3979 6
    endloop
  endfacet
  facet normal -0.684429 -0.729079 0
    outer loop
      vertex 1.01988 26.2328 2
      vertex 1.16635 26.0953 6
      vertex 1.01988 26.2328 6
    endloop
  endfacet
  facet normal -0.684429 -0.729079 -0
    outer loop
      vertex 1.16635 26.0953 6
      vertex 1.01988 26.2328 2
      vertex 1.16635 26.0953 2
    endloop
  endfacet
  facet normal 0.998025 0.0628183 0
    outer loop
      vertex -1.58738 24.7995 6
      vertex -1.6 25 2
      vertex -1.6 25 6
    endloop
  endfacet
  facet normal 0.998025 0.0628183 0
    outer loop
      vertex -1.6 25 2
      vertex -1.58738 24.7995 6
      vertex -1.58738 24.7995 2
    endloop
  endfacet
  facet normal 0.982293 0.187352 0
    outer loop
      vertex -1.54973 24.6021 6
      vertex -1.58738 24.7995 2
      vertex -1.58738 24.7995 6
    endloop
  endfacet
  facet normal 0.982293 0.187352 0
    outer loop
      vertex -1.58738 24.7995 2
      vertex -1.54973 24.6021 6
      vertex -1.54973 24.6021 2
    endloop
  endfacet
  facet normal 0.770468 0.637478 0
    outer loop
      vertex -1.16635 23.9047 6
      vertex -1.29443 24.0595 2
      vertex -1.29443 24.0595 6
    endloop
  endfacet
  facet normal 0.770468 0.637478 0
    outer loop
      vertex -1.29443 24.0595 2
      vertex -1.16635 23.9047 6
      vertex -1.16635 23.9047 2
    endloop
  endfacet
  facet normal 0.844406 0.535703 0
    outer loop
      vertex -1.29443 24.0595 6
      vertex -1.40209 24.2292 2
      vertex -1.40209 24.2292 6
    endloop
  endfacet
  facet normal 0.844406 0.535703 0
    outer loop
      vertex -1.40209 24.2292 2
      vertex -1.29443 24.0595 6
      vertex -1.29443 24.0595 2
    endloop
  endfacet
  facet normal -0.481759 0.876304 0
    outer loop
      vertex 0.857323 23.6491 2
      vertex 0.681247 23.5523 6
      vertex 0.857323 23.6491 6
    endloop
  endfacet
  facet normal -0.481759 0.876304 0
    outer loop
      vertex 0.681247 23.5523 6
      vertex 0.857323 23.6491 2
      vertex 0.681247 23.5523 2
    endloop
  endfacet
  facet normal -0.368265 0.929721 0
    outer loop
      vertex 0.681247 23.5523 2
      vertex 0.494427 23.4783 6
      vertex 0.681247 23.5523 6
    endloop
  endfacet
  facet normal -0.368265 0.929721 0
    outer loop
      vertex 0.494427 23.4783 6
      vertex 0.681247 23.5523 2
      vertex 0.494427 23.4783 2
    endloop
  endfacet
  facet normal -0.770468 0.637478 0
    outer loop
      vertex 1.16635 23.9047 2
      vertex 1.29443 24.0595 6
      vertex 1.29443 24.0595 2
    endloop
  endfacet
  facet normal -0.770468 0.637478 0
    outer loop
      vertex 1.29443 24.0595 6
      vertex 1.16635 23.9047 2
      vertex 1.16635 23.9047 6
    endloop
  endfacet
  facet normal -0.904824 0.425785 0
    outer loop
      vertex 1.40209 24.2292 2
      vertex 1.48764 24.411 6
      vertex 1.48764 24.411 2
    endloop
  endfacet
  facet normal -0.904824 0.425785 0
    outer loop
      vertex 1.48764 24.411 6
      vertex 1.40209 24.2292 2
      vertex 1.40209 24.2292 6
    endloop
  endfacet
  facet normal 0.248833 0.968546 -0
    outer loop
      vertex -0.299809 23.4283 2
      vertex -0.494427 23.4783 6
      vertex -0.299809 23.4283 6
    endloop
  endfacet
  facet normal 0.248833 0.968546 0
    outer loop
      vertex -0.494427 23.4783 6
      vertex -0.299809 23.4283 2
      vertex -0.494427 23.4783 2
    endloop
  endfacet
  facet normal 0.124927 0.992166 -0
    outer loop
      vertex -0.100465 23.4032 2
      vertex -0.299809 23.4283 6
      vertex -0.100465 23.4032 6
    endloop
  endfacet
  facet normal 0.124927 0.992166 0
    outer loop
      vertex -0.299809 23.4283 6
      vertex -0.100465 23.4032 2
      vertex -0.299809 23.4283 2
    endloop
  endfacet
  facet normal 0 1 -0
    outer loop
      vertex 0.100465 23.4032 2
      vertex -0.100465 23.4032 6
      vertex 0.100465 23.4032 6
    endloop
  endfacet
  facet normal 0 1 0
    outer loop
      vertex -0.100465 23.4032 6
      vertex 0.100465 23.4032 2
      vertex -0.100465 23.4032 2
    endloop
  endfacet
  facet normal 0.95106 0.309007 0
    outer loop
      vertex -1.48764 24.411 6
      vertex -1.54973 24.6021 2
      vertex -1.54973 24.6021 6
    endloop
  endfacet
  facet normal 0.95106 0.309007 0
    outer loop
      vertex -1.54973 24.6021 2
      vertex -1.48764 24.411 6
      vertex -1.48764 24.411 2
    endloop
  endfacet
  facet normal 0.684429 0.729079 -0
    outer loop
      vertex -1.01988 23.7672 2
      vertex -1.16635 23.9047 6
      vertex -1.01988 23.7672 6
    endloop
  endfacet
  facet normal 0.684429 0.729079 0
    outer loop
      vertex -1.16635 23.9047 6
      vertex -1.01988 23.7672 2
      vertex -1.16635 23.9047 2
    endloop
  endfacet
  facet normal 0.58777 0.809028 -0
    outer loop
      vertex -0.857323 23.6491 2
      vertex -1.01988 23.7672 6
      vertex -0.857323 23.6491 6
    endloop
  endfacet
  facet normal 0.58777 0.809028 0
    outer loop
      vertex -1.01988 23.7672 6
      vertex -0.857323 23.6491 2
      vertex -1.01988 23.7672 2
    endloop
  endfacet
  facet normal -0.684429 0.729079 0
    outer loop
      vertex 1.16635 23.9047 2
      vertex 1.01988 23.7672 6
      vertex 1.16635 23.9047 6
    endloop
  endfacet
  facet normal -0.684429 0.729079 0
    outer loop
      vertex 1.01988 23.7672 6
      vertex 1.16635 23.9047 2
      vertex 1.01988 23.7672 2
    endloop
  endfacet
  facet normal 0.904824 0.425785 0
    outer loop
      vertex -1.40209 24.2292 6
      vertex -1.48764 24.411 2
      vertex -1.48764 24.411 6
    endloop
  endfacet
  facet normal 0.904824 0.425785 0
    outer loop
      vertex -1.48764 24.411 2
      vertex -1.40209 24.2292 6
      vertex -1.40209 24.2292 2
    endloop
  endfacet
  facet normal 0.368265 0.929721 -0
    outer loop
      vertex -0.494427 23.4783 2
      vertex -0.681247 23.5523 6
      vertex -0.494427 23.4783 6
    endloop
  endfacet
  facet normal 0.368265 0.929721 0
    outer loop
      vertex -0.681247 23.5523 6
      vertex -0.494427 23.4783 2
      vertex -0.681247 23.5523 2
    endloop
  endfacet
  facet normal 0.481759 0.876304 -0
    outer loop
      vertex -0.681247 23.5523 2
      vertex -0.857323 23.6491 6
      vertex -0.681247 23.5523 6
    endloop
  endfacet
  facet normal 0.481759 0.876304 0
    outer loop
      vertex -0.857323 23.6491 6
      vertex -0.681247 23.5523 2
      vertex -0.857323 23.6491 2
    endloop
  endfacet
  facet normal -0.982284 0.187397 0
    outer loop
      vertex 29.3586 48.8809 0
      vertex 29.4645 49.436 2
      vertex 29.4645 49.436 0
    endloop
  endfacet
  facet normal -0.982284 0.187397 0
    outer loop
      vertex 29.4645 49.436 2
      vertex 29.3586 48.8809 0
      vertex 29.3586 48.8809 2
    endloop
  endfacet
  facet normal -0.95108 0.308946 0
    outer loop
      vertex 29.184 48.3434 0
      vertex 29.3586 48.8809 2
      vertex 29.3586 48.8809 0
    endloop
  endfacet
  facet normal -0.95108 0.308946 0
    outer loop
      vertex 29.3586 48.8809 2
      vertex 29.184 48.3434 0
      vertex 29.184 48.3434 2
    endloop
  endfacet
  facet normal -0.587814 0.808996 0
    outer loop
      vertex 27.8684 46.5327 0
      vertex 27.4112 46.2005 2
      vertex 27.8684 46.5327 2
    endloop
  endfacet
  facet normal -0.587814 0.808996 0
    outer loop
      vertex 27.4112 46.2005 2
      vertex 27.8684 46.5327 0
      vertex 27.4112 46.2005 0
    endloop
  endfacet
  facet normal 0.998025 0.0628189 0
    outer loop
      vertex 20.5355 49.436 2
      vertex 20.5 50 0
      vertex 20.5 50 2
    endloop
  endfacet
  facet normal 0.998025 0.0628189 0
    outer loop
      vertex 20.5 50 0
      vertex 20.5355 49.436 2
      vertex 20.5355 49.436 0
    endloop
  endfacet
  facet normal -0.998025 0.0628189 0
    outer loop
      vertex 29.4645 49.436 0
      vertex 29.5 50 2
      vertex 29.5 50 0
    endloop
  endfacet
  facet normal -0.998025 0.0628189 0
    outer loop
      vertex 29.5 50 2
      vertex 29.4645 49.436 0
      vertex 29.4645 49.436 2
    endloop
  endfacet
  facet normal -0.844309 0.535856 0
    outer loop
      vertex 28.6406 47.355 0
      vertex 28.9434 47.8321 2
      vertex 28.9434 47.8321 0
    endloop
  endfacet
  facet normal -0.844309 0.535856 0
    outer loop
      vertex 28.9434 47.8321 2
      vertex 28.6406 47.355 0
      vertex 28.6406 47.355 2
    endloop
  endfacet
  facet normal 0.982284 0.187397 0
    outer loop
      vertex 20.6414 48.8809 2
      vertex 20.5355 49.436 0
      vertex 20.5355 49.436 2
    endloop
  endfacet
  facet normal 0.982284 0.187397 0
    outer loop
      vertex 20.5355 49.436 0
      vertex 20.6414 48.8809 2
      vertex 20.6414 48.8809 0
    endloop
  endfacet
  facet normal -0.248609 0.968604 0
    outer loop
      vertex 26.3906 45.7202 0
      vertex 25.8432 45.5797 2
      vertex 26.3906 45.7202 2
    endloop
  endfacet
  facet normal -0.248609 0.968604 0
    outer loop
      vertex 25.8432 45.5797 2
      vertex 26.3906 45.7202 0
      vertex 25.8432 45.5797 0
    endloop
  endfacet
  facet normal 0 0 -1
    outer loop
      vertex 29 50 2
      vertex 29.4645 49.436 2
      vertex 29.3586 48.8809 2
    endloop
  endfacet
  facet normal 0 0 -1
    outer loop
      vertex 29 50 2
      vertex 29.3586 48.8809 2
      vertex 29.184 48.3434 2
    endloop
  endfacet
  facet normal 0 0 -1
    outer loop
      vertex 29.4645 49.436 2
      vertex 29 50 2
      vertex 29.5 50 2
    endloop
  endfacet
  facet normal 0 0 -1
    outer loop
      vertex 26.4876 49.411 2
      vertex 29.184 48.3434 2
      vertex 28.9434 47.8321 2
    endloop
  endfacet
  facet normal 0 0 -1
    outer loop
      vertex 29.184 48.3434 2
      vertex 26.4876 49.411 2
      vertex 29 50 2
    endloop
  endfacet
  facet normal 0 -0 -1
    outer loop
      vertex 26.5874 49.7995 2
      vertex 29 50 2
      vertex 26.5497 49.6021 2
    endloop
  endfacet
  facet normal 0 0 -1
    outer loop
      vertex 29 50 2
      vertex 26.6 50 2
      vertex 28.9685 50.5013 2
    endloop
  endfacet
  facet normal 0 0 -1
    outer loop
      vertex 26.4021 49.2292 2
      vertex 28.9434 47.8321 2
      vertex 28.6406 47.355 2
    endloop
  endfacet
  facet normal 0 0 -1
    outer loop
      vertex 26.5874 50.2005 2
      vertex 28.9685 50.5013 2
      vertex 26.6 50 2
    endloop
  endfacet
  facet normal 0 0 -1
    outer loop
      vertex 26.2944 49.0595 2
      vertex 28.6406 47.355 2
      vertex 28.2804 46.9195 2
    endloop
  endfacet
  facet normal -0 0 -1
    outer loop
      vertex 28.9685 50.5013 2
      vertex 26.5874 50.2005 2
      vertex 28.8743 50.9948 2
    endloop
  endfacet
  facet normal 0 0 -1
    outer loop
      vertex 26.5497 50.3979 2
      vertex 28.8743 50.9948 2
      vertex 26.5874 50.2005 2
    endloop
  endfacet
  facet normal 0 0 -1
    outer loop
      vertex 26.1663 48.9047 2
      vertex 28.2804 46.9195 2
      vertex 27.8684 46.5327 2
    endloop
  endfacet
  facet normal 0 0 -1
    outer loop
      vertex 26.4876 50.589 2
      vertex 28.7191 51.4725 2
      vertex 26.5497 50.3979 2
    endloop
  endfacet
  facet normal 0 0 -1
    outer loop
      vertex 26.0199 48.7672 2
      vertex 27.8684 46.5327 2
      vertex 27.4112 46.2005 2
    endloop
  endfacet
  facet normal -0 0 -1
    outer loop
      vertex 28.7191 51.4725 2
      vertex 26.4876 50.589 2
      vertex 28.5052 51.927 2
    endloop
  endfacet
  facet normal 0 0 -1
    outer loop
      vertex 25.8573 48.6491 2
      vertex 27.4112 46.2005 2
      vertex 26.916 45.9283 2
    endloop
  endfacet
  facet normal 0 0 -1
    outer loop
      vertex 26.4021 50.7708 2
      vertex 28.5052 51.927 2
      vertex 26.4876 50.589 2
    endloop
  endfacet
  facet normal -0 0 -1
    outer loop
      vertex 28.5052 51.927 2
      vertex 26.4021 50.7708 2
      vertex 28.2361 52.3511 2
    endloop
  endfacet
  facet normal -0 0 -1
    outer loop
      vertex 28.8743 50.9948 2
      vertex 26.5497 50.3979 2
      vertex 28.7191 51.4725 2
    endloop
  endfacet
  facet normal 0 -0 -1
    outer loop
      vertex 26.6 50 2
      vertex 29 50 2
      vertex 26.5874 49.7995 2
    endloop
  endfacet
  facet normal 0 0 -1
    outer loop
      vertex 29 50 2
      vertex 26.4876 49.411 2
      vertex 26.5497 49.6021 2
    endloop
  endfacet
  facet normal 0 0 -1
    outer loop
      vertex 28.9434 47.8321 2
      vertex 26.4021 49.2292 2
      vertex 26.4876 49.411 2
    endloop
  endfacet
  facet normal 0 0 -1
    outer loop
      vertex 25.6812 48.5523 2
      vertex 26.916 45.9283 2
      vertex 26.3906 45.7202 2
    endloop
  endfacet
  facet normal 0 0 -1
    outer loop
      vertex 28.6406 47.355 2
      vertex 26.2944 49.0595 2
      vertex 26.4021 49.2292 2
    endloop
  endfacet
  facet normal 0 0 -1
    outer loop
      vertex 28.2804 46.9195 2
      vertex 26.1663 48.9047 2
      vertex 26.2944 49.0595 2
    endloop
  endfacet
  facet normal 0 0 -1
    outer loop
      vertex 27.8684 46.5327 2
      vertex 26.0199 48.7672 2
      vertex 26.1663 48.9047 2
    endloop
  endfacet
  facet normal 0 0 -1
    outer loop
      vertex 27.4112 46.2005 2
      vertex 25.8573 48.6491 2
      vertex 26.0199 48.7672 2
    endloop
  endfacet
  facet normal 0 0 -1
    outer loop
      vertex 25.4944 48.4783 2
      vertex 26.3906 45.7202 2
      vertex 25.8432 45.5797 2
    endloop
  endfacet
  facet normal 0 0 -1
    outer loop
      vertex 26.916 45.9283 2
      vertex 25.6812 48.5523 2
      vertex 25.8573 48.6491 2
    endloop
  endfacet
  facet normal 0 0 -1
    outer loop
      vertex 26.3906 45.7202 2
      vertex 25.4944 48.4783 2
      vertex 25.6812 48.5523 2
    endloop
  endfacet
  facet normal 0 0 -1
    outer loop
      vertex 25.8432 45.5797 2
      vertex 25.2998 48.4283 2
      vertex 25.4944 48.4783 2
    endloop
  endfacet
  facet normal 0 0 -1
    outer loop
      vertex 25.2826 45.5089 2
      vertex 25.2998 48.4283 2
      vertex 25.8432 45.5797 2
    endloop
  endfacet
  facet normal 0 0 -1
    outer loop
      vertex 25.2826 45.5089 2
      vertex 25.1005 48.4032 2
      vertex 25.2998 48.4283 2
    endloop
  endfacet
  facet normal 0 0 -1
    outer loop
      vertex 25.2826 45.5089 2
      vertex 24.8995 48.4032 2
      vertex 25.1005 48.4032 2
    endloop
  endfacet
  facet normal 0 0 -1
    outer loop
      vertex 24.7174 45.5089 2
      vertex 24.8995 48.4032 2
      vertex 25.2826 45.5089 2
    endloop
  endfacet
  facet normal 0 0 -1
    outer loop
      vertex 24.7174 45.5089 2
      vertex 24.7002 48.4283 2
      vertex 24.8995 48.4032 2
    endloop
  endfacet
  facet normal 0 0 -1
    outer loop
      vertex 24.1568 45.5797 2
      vertex 24.7002 48.4283 2
      vertex 24.7174 45.5089 2
    endloop
  endfacet
  facet normal -0 0 -1
    outer loop
      vertex 24.7002 48.4283 2
      vertex 24.1568 45.5797 2
      vertex 24.5056 48.4783 2
    endloop
  endfacet
  facet normal 0 0 -1
    outer loop
      vertex 23.6094 45.7202 2
      vertex 24.5056 48.4783 2
      vertex 24.1568 45.5797 2
    endloop
  endfacet
  facet normal -0 0 -1
    outer loop
      vertex 24.5056 48.4783 2
      vertex 23.6094 45.7202 2
      vertex 24.3188 48.5523 2
    endloop
  endfacet
  facet normal 0 0 -1
    outer loop
      vertex 23.084 45.9283 2
      vertex 24.3188 48.5523 2
      vertex 23.6094 45.7202 2
    endloop
  endfacet
  facet normal -0 0 -1
    outer loop
      vertex 24.3188 48.5523 2
      vertex 23.084 45.9283 2
      vertex 24.1427 48.6491 2
    endloop
  endfacet
  facet normal 0 0 -1
    outer loop
      vertex 22.5888 46.2005 2
      vertex 24.1427 48.6491 2
      vertex 23.084 45.9283 2
    endloop
  endfacet
  facet normal -0 0 -1
    outer loop
      vertex 24.1427 48.6491 2
      vertex 22.5888 46.2005 2
      vertex 23.9801 48.7672 2
    endloop
  endfacet
  facet normal 0 0 -1
    outer loop
      vertex 22.1316 46.5327 2
      vertex 23.9801 48.7672 2
      vertex 22.5888 46.2005 2
    endloop
  endfacet
  facet normal -0 0 -1
    outer loop
      vertex 23.9801 48.7672 2
      vertex 22.1316 46.5327 2
      vertex 23.8336 48.9047 2
    endloop
  endfacet
  facet normal 0 0 -1
    outer loop
      vertex 21.7196 46.9195 2
      vertex 23.8336 48.9047 2
      vertex 22.1316 46.5327 2
    endloop
  endfacet
  facet normal -0 0 -1
    outer loop
      vertex 23.8336 48.9047 2
      vertex 21.7196 46.9195 2
      vertex 23.7056 49.0595 2
    endloop
  endfacet
  facet normal 0 0 -1
    outer loop
      vertex 21.3594 47.355 2
      vertex 23.7056 49.0595 2
      vertex 21.7196 46.9195 2
    endloop
  endfacet
  facet normal -0 0 -1
    outer loop
      vertex 23.7056 49.0595 2
      vertex 21.3594 47.355 2
      vertex 23.5979 49.2292 2
    endloop
  endfacet
  facet normal 0 0 -1
    outer loop
      vertex 21.0566 47.8321 2
      vertex 23.5979 49.2292 2
      vertex 21.3594 47.355 2
    endloop
  endfacet
  facet normal 0 -0 -1
    outer loop
      vertex 21.0315 50.5013 2
      vertex 23.4 50 2
      vertex 21 50 2
    endloop
  endfacet
  facet normal -0 0 -1
    outer loop
      vertex 23.5979 49.2292 2
      vertex 21.0566 47.8321 2
      vertex 23.5124 49.411 2
    endloop
  endfacet
  facet normal 0 0 -1
    outer loop
      vertex 23.4 50 2
      vertex 22.8567 53.3773 2
      vertex 23.2969 53.6193 2
    endloop
  endfacet
  facet normal 0 0 -1
    outer loop
      vertex 20.816 48.3434 2
      vertex 23.5124 49.411 2
      vertex 21.0566 47.8321 2
    endloop
  endfacet
  facet normal 0 0 -1
    outer loop
      vertex 23.4 50 2
      vertex 22.4503 53.0821 2
      vertex 22.8567 53.3773 2
    endloop
  endfacet
  facet normal 0 0 -1
    outer loop
      vertex 23.4 50 2
      vertex 22.0841 52.7382 2
      vertex 22.4503 53.0821 2
    endloop
  endfacet
  facet normal 0 -0 -1
    outer loop
      vertex 21 50 2
      vertex 23.5124 49.411 2
      vertex 20.816 48.3434 2
    endloop
  endfacet
  facet normal 0 0 -1
    outer loop
      vertex 23.4 50 2
      vertex 21.7639 52.3511 2
      vertex 22.0841 52.7382 2
    endloop
  endfacet
  facet normal 0 0 -1
    outer loop
      vertex 23.5124 49.411 2
      vertex 21 50 2
      vertex 23.4503 49.6021 2
    endloop
  endfacet
  facet normal 0 0 -1
    outer loop
      vertex 23.4 50 2
      vertex 21.4948 51.927 2
      vertex 21.7639 52.3511 2
    endloop
  endfacet
  facet normal 0 0 -1
    outer loop
      vertex 23.4 50 2
      vertex 21.2809 51.4725 2
      vertex 21.4948 51.927 2
    endloop
  endfacet
  facet normal 0 0 -1
    outer loop
      vertex 23.4503 49.6021 2
      vertex 21 50 2
      vertex 23.4126 49.7995 2
    endloop
  endfacet
  facet normal 0 0 -1
    outer loop
      vertex 23.4 50 2
      vertex 21.1257 50.9948 2
      vertex 21.2809 51.4725 2
    endloop
  endfacet
  facet normal 0 0 -1
    outer loop
      vertex 23.4 50 2
      vertex 21.0315 50.5013 2
      vertex 21.1257 50.9948 2
    endloop
  endfacet
  facet normal 0 0 -1
    outer loop
      vertex 23.4126 49.7995 2
      vertex 21 50 2
      vertex 23.4 50 2
    endloop
  endfacet
  facet normal 0 0 -1
    outer loop
      vertex 20.6414 48.8809 2
      vertex 21 50 2
      vertex 20.816 48.3434 2
    endloop
  endfacet
  facet normal 0 0 -1
    outer loop
      vertex 20.5355 49.436 2
      vertex 21 50 2
      vertex 20.6414 48.8809 2
    endloop
  endfacet
  facet normal -0 0 -1
    outer loop
      vertex 21 50 2
      vertex 20.5355 49.436 2
      vertex 20.5 50 2
    endloop
  endfacet
  facet normal 0 0 -1
    outer loop
      vertex 26.2944 50.9405 2
      vertex 28.2361 52.3511 2
      vertex 26.4021 50.7708 2
    endloop
  endfacet
  facet normal -0 0 -1
    outer loop
      vertex 28.2361 52.3511 2
      vertex 26.2944 50.9405 2
      vertex 27.9159 52.7382 2
    endloop
  endfacet
  facet normal 0 0 -1
    outer loop
      vertex 26.1663 51.0953 2
      vertex 27.9159 52.7382 2
      vertex 26.2944 50.9405 2
    endloop
  endfacet
  facet normal -0 0 -1
    outer loop
      vertex 27.9159 52.7382 2
      vertex 26.1663 51.0953 2
      vertex 27.5497 53.0821 2
    endloop
  endfacet
  facet normal 0 0 -1
    outer loop
      vertex 26.0199 51.2328 2
      vertex 27.5497 53.0821 2
      vertex 26.1663 51.0953 2
    endloop
  endfacet
  facet normal -0 0 -1
    outer loop
      vertex 27.5497 53.0821 2
      vertex 26.0199 51.2328 2
      vertex 27.1433 53.3773 2
    endloop
  endfacet
  facet normal 0 0 -1
    outer loop
      vertex 25.8573 51.3509 2
      vertex 27.1433 53.3773 2
      vertex 26.0199 51.2328 2
    endloop
  endfacet
  facet normal -0 0 -1
    outer loop
      vertex 27.1433 53.3773 2
      vertex 25.8573 51.3509 2
      vertex 26.7031 53.6193 2
    endloop
  endfacet
  facet normal 0 0 -1
    outer loop
      vertex 25.6812 51.4477 2
      vertex 26.7031 53.6193 2
      vertex 25.8573 51.3509 2
    endloop
  endfacet
  facet normal -0 0 -1
    outer loop
      vertex 26.7031 53.6193 2
      vertex 25.6812 51.4477 2
      vertex 26.2361 53.8042 2
    endloop
  endfacet
  facet normal 0 0 -1
    outer loop
      vertex 25.4944 51.5217 2
      vertex 26.2361 53.8042 2
      vertex 25.6812 51.4477 2
    endloop
  endfacet
  facet normal -0 0 -1
    outer loop
      vertex 26.2361 53.8042 2
      vertex 25.4944 51.5217 2
      vertex 25.7495 53.9291 2
    endloop
  endfacet
  facet normal 0 0 -1
    outer loop
      vertex 25.2998 51.5717 2
      vertex 25.7495 53.9291 2
      vertex 25.4944 51.5217 2
    endloop
  endfacet
  facet normal 0 0 -1
    outer loop
      vertex 25.2998 51.5717 2
      vertex 25.2512 53.9921 2
      vertex 25.7495 53.9291 2
    endloop
  endfacet
  facet normal 0 0 -1
    outer loop
      vertex 25.1005 51.5968 2
      vertex 25.2512 53.9921 2
      vertex 25.2998 51.5717 2
    endloop
  endfacet
  facet normal 0 0 -1
    outer loop
      vertex 24.8995 51.5968 2
      vertex 25.2512 53.9921 2
      vertex 25.1005 51.5968 2
    endloop
  endfacet
  facet normal 0 0 -1
    outer loop
      vertex 24.8995 51.5968 2
      vertex 24.7488 53.9921 2
      vertex 25.2512 53.9921 2
    endloop
  endfacet
  facet normal 0 0 -1
    outer loop
      vertex 24.7002 51.5717 2
      vertex 24.7488 53.9921 2
      vertex 24.8995 51.5968 2
    endloop
  endfacet
  facet normal 0 0 -1
    outer loop
      vertex 24.2505 53.9291 2
      vertex 24.7002 51.5717 2
      vertex 24.5056 51.5217 2
    endloop
  endfacet
  facet normal 0 0 -1
    outer loop
      vertex 23.7639 53.8042 2
      vertex 24.5056 51.5217 2
      vertex 24.3188 51.4477 2
    endloop
  endfacet
  facet normal 0 0 -1
    outer loop
      vertex 24.7002 51.5717 2
      vertex 24.2505 53.9291 2
      vertex 24.7488 53.9921 2
    endloop
  endfacet
  facet normal 0 0 -1
    outer loop
      vertex 23.2969 53.6193 2
      vertex 24.3188 51.4477 2
      vertex 24.1427 51.3509 2
    endloop
  endfacet
  facet normal 0 0 -1
    outer loop
      vertex 23.2969 53.6193 2
      vertex 24.1427 51.3509 2
      vertex 23.9801 51.2328 2
    endloop
  endfacet
  facet normal 0 0 -1
    outer loop
      vertex 23.2969 53.6193 2
      vertex 23.9801 51.2328 2
      vertex 23.8336 51.0953 2
    endloop
  endfacet
  facet normal 0 0 -1
    outer loop
      vertex 24.5056 51.5217 2
      vertex 23.7639 53.8042 2
      vertex 24.2505 53.9291 2
    endloop
  endfacet
  facet normal 0 0 -1
    outer loop
      vertex 23.2969 53.6193 2
      vertex 23.8336 51.0953 2
      vertex 23.7056 50.9405 2
    endloop
  endfacet
  facet normal 0 0 -1
    outer loop
      vertex 23.2969 53.6193 2
      vertex 23.7056 50.9405 2
      vertex 23.5979 50.7708 2
    endloop
  endfacet
  facet normal 0 0 -1
    outer loop
      vertex 23.2969 53.6193 2
      vertex 23.5979 50.7708 2
      vertex 23.5124 50.589 2
    endloop
  endfacet
  facet normal 0 0 -1
    outer loop
      vertex 23.2969 53.6193 2
      vertex 23.5124 50.589 2
      vertex 23.4503 50.3979 2
    endloop
  endfacet
  facet normal 0 0 -1
    outer loop
      vertex 23.2969 53.6193 2
      vertex 23.4503 50.3979 2
      vertex 23.4126 50.2005 2
    endloop
  endfacet
  facet normal 0 0 -1
    outer loop
      vertex 24.3188 51.4477 2
      vertex 23.2969 53.6193 2
      vertex 23.7639 53.8042 2
    endloop
  endfacet
  facet normal 0 0 -1
    outer loop
      vertex 23.2969 53.6193 2
      vertex 23.4126 50.2005 2
      vertex 23.4 50 2
    endloop
  endfacet
  facet normal -0.904827 0.42578 0
    outer loop
      vertex 28.9434 47.8321 0
      vertex 29.184 48.3434 2
      vertex 29.184 48.3434 0
    endloop
  endfacet
  facet normal -0.904827 0.42578 0
    outer loop
      vertex 29.184 48.3434 2
      vertex 28.9434 47.8321 0
      vertex 28.9434 47.8321 2
    endloop
  endfacet
  facet normal 0.125298 0.992119 -0
    outer loop
      vertex 24.7174 45.5089 0
      vertex 24.1568 45.5797 2
      vertex 24.7174 45.5089 2
    endloop
  endfacet
  facet normal 0.125298 0.992119 0
    outer loop
      vertex 24.1568 45.5797 2
      vertex 24.7174 45.5089 0
      vertex 24.1568 45.5797 0
    endloop
  endfacet
  facet normal 0 1 -0
    outer loop
      vertex 25.2826 45.5089 0
      vertex 24.7174 45.5089 2
      vertex 25.2826 45.5089 2
    endloop
  endfacet
  facet normal 0 1 0
    outer loop
      vertex 24.7174 45.5089 2
      vertex 25.2826 45.5089 0
      vertex 24.7174 45.5089 0
    endloop
  endfacet
  facet normal 0.684459 0.729051 -0
    outer loop
      vertex 22.1316 46.5327 0
      vertex 21.7196 46.9195 2
      vertex 22.1316 46.5327 2
    endloop
  endfacet
  facet normal 0.684459 0.729051 0
    outer loop
      vertex 21.7196 46.9195 2
      vertex 22.1316 46.5327 0
      vertex 21.7196 46.9195 0
    endloop
  endfacet
  facet normal -0.481701 0.876335 0
    outer loop
      vertex 27.4112 46.2005 0
      vertex 26.916 45.9283 2
      vertex 27.4112 46.2005 2
    endloop
  endfacet
  facet normal -0.481701 0.876335 0
    outer loop
      vertex 26.916 45.9283 2
      vertex 27.4112 46.2005 0
      vertex 26.916 45.9283 0
    endloop
  endfacet
  facet normal -0.368246 0.929728 0
    outer loop
      vertex 26.916 45.9283 0
      vertex 26.3906 45.7202 2
      vertex 26.916 45.9283 2
    endloop
  endfacet
  facet normal -0.368246 0.929728 0
    outer loop
      vertex 26.3906 45.7202 2
      vertex 26.916 45.9283 0
      vertex 26.3906 45.7202 0
    endloop
  endfacet
  facet normal -0.77058 0.637343 0
    outer loop
      vertex 28.2804 46.9195 0
      vertex 28.6406 47.355 2
      vertex 28.6406 47.355 0
    endloop
  endfacet
  facet normal -0.77058 0.637343 0
    outer loop
      vertex 28.6406 47.355 2
      vertex 28.2804 46.9195 0
      vertex 28.2804 46.9195 2
    endloop
  endfacet
  facet normal 0.248609 0.968604 -0
    outer loop
      vertex 24.1568 45.5797 0
      vertex 23.6094 45.7202 2
      vertex 24.1568 45.5797 2
    endloop
  endfacet
  facet normal 0.248609 0.968604 0
    outer loop
      vertex 23.6094 45.7202 2
      vertex 24.1568 45.5797 0
      vertex 23.6094 45.7202 0
    endloop
  endfacet
  facet normal -0.125298 0.992119 0
    outer loop
      vertex 25.8432 45.5797 0
      vertex 25.2826 45.5089 2
      vertex 25.8432 45.5797 2
    endloop
  endfacet
  facet normal -0.125298 0.992119 0
    outer loop
      vertex 25.2826 45.5089 2
      vertex 25.8432 45.5797 0
      vertex 25.2826 45.5089 0
    endloop
  endfacet
  facet normal 0.77058 0.637343 0
    outer loop
      vertex 21.7196 46.9195 2
      vertex 21.3594 47.355 0
      vertex 21.3594 47.355 2
    endloop
  endfacet
  facet normal 0.77058 0.637343 0
    outer loop
      vertex 21.3594 47.355 0
      vertex 21.7196 46.9195 2
      vertex 21.7196 46.9195 0
    endloop
  endfacet
  facet normal 0.904827 0.42578 0
    outer loop
      vertex 21.0566 47.8321 2
      vertex 20.816 48.3434 0
      vertex 20.816 48.3434 2
    endloop
  endfacet
  facet normal 0.904827 0.42578 0
    outer loop
      vertex 20.816 48.3434 0
      vertex 21.0566 47.8321 2
      vertex 21.0566 47.8321 0
    endloop
  endfacet
  facet normal 0.95108 0.308946 0
    outer loop
      vertex 20.816 48.3434 2
      vertex 20.6414 48.8809 0
      vertex 20.6414 48.8809 2
    endloop
  endfacet
  facet normal 0.95108 0.308946 0
    outer loop
      vertex 20.6414 48.8809 0
      vertex 20.816 48.3434 2
      vertex 20.816 48.3434 0
    endloop
  endfacet
  facet normal 0.844309 0.535856 0
    outer loop
      vertex 21.3594 47.355 2
      vertex 21.0566 47.8321 0
      vertex 21.0566 47.8321 2
    endloop
  endfacet
  facet normal 0.844309 0.535856 0
    outer loop
      vertex 21.0566 47.8321 0
      vertex 21.3594 47.355 2
      vertex 21.3594 47.355 0
    endloop
  endfacet
  facet normal -0.684459 0.729051 0
    outer loop
      vertex 28.2804 46.9195 0
      vertex 27.8684 46.5327 2
      vertex 28.2804 46.9195 2
    endloop
  endfacet
  facet normal -0.684459 0.729051 0
    outer loop
      vertex 27.8684 46.5327 2
      vertex 28.2804 46.9195 0
      vertex 27.8684 46.5327 0
    endloop
  endfacet
  facet normal 0.587814 0.808996 -0
    outer loop
      vertex 22.5888 46.2005 0
      vertex 22.1316 46.5327 2
      vertex 22.5888 46.2005 2
    endloop
  endfacet
  facet normal 0.587814 0.808996 0
    outer loop
      vertex 22.1316 46.5327 2
      vertex 22.5888 46.2005 0
      vertex 22.1316 46.5327 0
    endloop
  endfacet
  facet normal 0.368246 0.929728 -0
    outer loop
      vertex 23.6094 45.7202 0
      vertex 23.084 45.9283 2
      vertex 23.6094 45.7202 2
    endloop
  endfacet
  facet normal 0.368246 0.929728 0
    outer loop
      vertex 23.084 45.9283 2
      vertex 23.6094 45.7202 0
      vertex 23.084 45.9283 0
    endloop
  endfacet
  facet normal 0.481701 0.876335 -0
    outer loop
      vertex 23.084 45.9283 0
      vertex 22.5888 46.2005 2
      vertex 23.084 45.9283 2
    endloop
  endfacet
  facet normal 0.481701 0.876335 0
    outer loop
      vertex 22.5888 46.2005 2
      vertex 23.084 45.9283 0
      vertex 22.5888 46.2005 0
    endloop
  endfacet
  facet normal 0.481701 -0.876335 0
    outer loop
      vertex 47.5888 28.7995 0
      vertex 48.084 29.0717 2
      vertex 47.5888 28.7995 2
    endloop
  endfacet
  facet normal 0.481701 -0.876335 0
    outer loop
      vertex 48.084 29.0717 2
      vertex 47.5888 28.7995 0
      vertex 48.084 29.0717 0
    endloop
  endfacet
  facet normal 0.95108 -0.308946 0
    outer loop
      vertex 45.6414 26.1191 2
      vertex 45.816 26.6566 0
      vertex 45.816 26.6566 2
    endloop
  endfacet
  facet normal 0.95108 -0.308946 0
    outer loop
      vertex 45.816 26.6566 0
      vertex 45.6414 26.1191 2
      vertex 45.6414 26.1191 0
    endloop
  endfacet
  facet normal 0.998025 -0.0628189 0
    outer loop
      vertex 45.5 25 2
      vertex 45.5355 25.564 0
      vertex 45.5355 25.564 2
    endloop
  endfacet
  facet normal 0.998025 -0.0628189 0
    outer loop
      vertex 45.5355 25.564 0
      vertex 45.5 25 2
      vertex 45.5 25 0
    endloop
  endfacet
  facet normal 0.844309 -0.535856 0
    outer loop
      vertex 46.0566 27.1679 2
      vertex 46.3594 27.645 0
      vertex 46.3594 27.645 2
    endloop
  endfacet
  facet normal 0.844309 -0.535856 0
    outer loop
      vertex 46.3594 27.645 0
      vertex 46.0566 27.1679 2
      vertex 46.0566 27.1679 0
    endloop
  endfacet
  facet normal 0.248609 -0.968604 0
    outer loop
      vertex 48.6094 29.2798 0
      vertex 49.1568 29.4203 2
      vertex 48.6094 29.2798 2
    endloop
  endfacet
  facet normal 0.248609 -0.968604 0
    outer loop
      vertex 49.1568 29.4203 2
      vertex 48.6094 29.2798 0
      vertex 49.1568 29.4203 0
    endloop
  endfacet
  facet normal 0.77058 -0.637343 0
    outer loop
      vertex 46.3594 27.645 2
      vertex 46.7196 28.0805 0
      vertex 46.7196 28.0805 2
    endloop
  endfacet
  facet normal 0.77058 -0.637343 0
    outer loop
      vertex 46.7196 28.0805 0
      vertex 46.3594 27.645 2
      vertex 46.3594 27.645 0
    endloop
  endfacet
  facet normal 0.125298 -0.992119 0
    outer loop
      vertex 49.1568 29.4203 0
      vertex 49.7174 29.4911 2
      vertex 49.1568 29.4203 2
    endloop
  endfacet
  facet normal 0.125298 -0.992119 0
    outer loop
      vertex 49.7174 29.4911 2
      vertex 49.1568 29.4203 0
      vertex 49.7174 29.4911 0
    endloop
  endfacet
  facet normal 0.998025 0.0628189 0
    outer loop
      vertex 45.5355 24.436 2
      vertex 45.5 25 0
      vertex 45.5 25 2
    endloop
  endfacet
  facet normal 0.998025 0.0628189 0
    outer loop
      vertex 45.5 25 0
      vertex 45.5355 24.436 2
      vertex 45.5355 24.436 0
    endloop
  endfacet
  facet normal 0 0 -1
    outer loop
      vertex 49.7174 20.5089 2
      vertex 50 21.0079 2
      vertex 50 20.5089 2
    endloop
  endfacet
  facet normal 0 0 -1
    outer loop
      vertex 49.1568 20.5797 2
      vertex 50 21.0079 2
      vertex 49.7174 20.5089 2
    endloop
  endfacet
  facet normal 0 0 -1
    outer loop
      vertex 50 21.0079 2
      vertex 49.7002 23.4283 2
      vertex 49.8995 23.4032 2
    endloop
  endfacet
  facet normal 0 0 -1
    outer loop
      vertex 48.6094 20.7202 2
      vertex 50 21.0079 2
      vertex 49.1568 20.5797 2
    endloop
  endfacet
  facet normal 0 0 -1
    outer loop
      vertex 50 21.0079 2
      vertex 49.5056 23.4783 2
      vertex 49.7002 23.4283 2
    endloop
  endfacet
  facet normal -0 0 -1
    outer loop
      vertex 50 21.0079 2
      vertex 48.6094 20.7202 2
      vertex 49.5056 23.4783 2
    endloop
  endfacet
  facet normal -0 0 -1
    outer loop
      vertex 49.5056 23.4783 2
      vertex 48.6094 20.7202 2
      vertex 49.3188 23.5523 2
    endloop
  endfacet
  facet normal 0 0 -1
    outer loop
      vertex 48.084 20.9283 2
      vertex 49.3188 23.5523 2
      vertex 48.6094 20.7202 2
    endloop
  endfacet
  facet normal -0 0 -1
    outer loop
      vertex 49.3188 23.5523 2
      vertex 48.084 20.9283 2
      vertex 49.1427 23.6491 2
    endloop
  endfacet
  facet normal 0 0 -1
    outer loop
      vertex 47.5888 21.2005 2
      vertex 49.1427 23.6491 2
      vertex 48.084 20.9283 2
    endloop
  endfacet
  facet normal -0 0 -1
    outer loop
      vertex 49.1427 23.6491 2
      vertex 47.5888 21.2005 2
      vertex 48.9801 23.7672 2
    endloop
  endfacet
  facet normal 0 0 -1
    outer loop
      vertex 47.1316 21.5327 2
      vertex 48.9801 23.7672 2
      vertex 47.5888 21.2005 2
    endloop
  endfacet
  facet normal -0 0 -1
    outer loop
      vertex 48.9801 23.7672 2
      vertex 47.1316 21.5327 2
      vertex 48.8336 23.9047 2
    endloop
  endfacet
  facet normal 0 0 -1
    outer loop
      vertex 46.7196 21.9195 2
      vertex 48.8336 23.9047 2
      vertex 47.1316 21.5327 2
    endloop
  endfacet
  facet normal -0 0 -1
    outer loop
      vertex 48.8336 23.9047 2
      vertex 46.7196 21.9195 2
      vertex 48.7056 24.0595 2
    endloop
  endfacet
  facet normal 0 0 -1
    outer loop
      vertex 46.3594 22.355 2
      vertex 48.7056 24.0595 2
      vertex 46.7196 21.9195 2
    endloop
  endfacet
  facet normal -0 0 -1
    outer loop
      vertex 48.7056 24.0595 2
      vertex 46.3594 22.355 2
      vertex 48.5979 24.2292 2
    endloop
  endfacet
  facet normal 0 0 -1
    outer loop
      vertex 51.6 25 2
      vertex 54 25 2
      vertex 53.9685 24.4987 2
    endloop
  endfacet
  facet normal 0 0 -1
    outer loop
      vertex 51.5874 24.7995 2
      vertex 53.9685 24.4987 2
      vertex 53.8743 24.0052 2
    endloop
  endfacet
  facet normal 0 0 -1
    outer loop
      vertex 54 25 2
      vertex 51.6 25 2
      vertex 53.9685 25.5013 2
    endloop
  endfacet
  facet normal 0 0 -1
    outer loop
      vertex 51.5497 24.6021 2
      vertex 53.8743 24.0052 2
      vertex 53.7191 23.5275 2
    endloop
  endfacet
  facet normal 0 0 -1
    outer loop
      vertex 51.5874 25.2005 2
      vertex 53.9685 25.5013 2
      vertex 51.6 25 2
    endloop
  endfacet
  facet normal 0 0 -1
    outer loop
      vertex 51.4876 24.411 2
      vertex 53.7191 23.5275 2
      vertex 53.5052 23.073 2
    endloop
  endfacet
  facet normal -0 0 -1
    outer loop
      vertex 53.9685 25.5013 2
      vertex 51.5874 25.2005 2
      vertex 53.8743 25.9948 2
    endloop
  endfacet
  facet normal 0 0 -1
    outer loop
      vertex 51.4021 24.2292 2
      vertex 53.5052 23.073 2
      vertex 53.2361 22.6489 2
    endloop
  endfacet
  facet normal 0 0 -1
    outer loop
      vertex 51.5497 25.3979 2
      vertex 53.8743 25.9948 2
      vertex 51.5874 25.2005 2
    endloop
  endfacet
  facet normal 0 0 -1
    outer loop
      vertex 51.2944 24.0595 2
      vertex 53.2361 22.6489 2
      vertex 52.9159 22.2618 2
    endloop
  endfacet
  facet normal -0 0 -1
    outer loop
      vertex 53.8743 25.9948 2
      vertex 51.5497 25.3979 2
      vertex 53.7191 26.4725 2
    endloop
  endfacet
  facet normal 0 0 -1
    outer loop
      vertex 51.1664 23.9047 2
      vertex 52.9159 22.2618 2
      vertex 52.5497 21.9179 2
    endloop
  endfacet
  facet normal 0 0 -1
    outer loop
      vertex 51.4876 25.589 2
      vertex 53.7191 26.4725 2
      vertex 51.5497 25.3979 2
    endloop
  endfacet
  facet normal 0 0 -1
    outer loop
      vertex 51.0199 23.7672 2
      vertex 52.5497 21.9179 2
      vertex 52.1433 21.6227 2
    endloop
  endfacet
  facet normal -0 0 -1
    outer loop
      vertex 53.7191 26.4725 2
      vertex 51.4876 25.589 2
      vertex 53.5052 26.927 2
    endloop
  endfacet
  facet normal 0 0 -1
    outer loop
      vertex 50.8573 23.6491 2
      vertex 52.1433 21.6227 2
      vertex 51.7031 21.3807 2
    endloop
  endfacet
  facet normal 0 0 -1
    outer loop
      vertex 51.4021 25.7708 2
      vertex 53.5052 26.927 2
      vertex 51.4876 25.589 2
    endloop
  endfacet
  facet normal -0 0 -1
    outer loop
      vertex 53.5052 26.927 2
      vertex 51.4021 25.7708 2
      vertex 53.2361 27.3511 2
    endloop
  endfacet
  facet normal 0 0 -1
    outer loop
      vertex 53.9685 24.4987 2
      vertex 51.5874 24.7995 2
      vertex 51.6 25 2
    endloop
  endfacet
  facet normal 0 0 -1
    outer loop
      vertex 53.8743 24.0052 2
      vertex 51.5497 24.6021 2
      vertex 51.5874 24.7995 2
    endloop
  endfacet
  facet normal 0 0 -1
    outer loop
      vertex 53.7191 23.5275 2
      vertex 51.4876 24.411 2
      vertex 51.5497 24.6021 2
    endloop
  endfacet
  facet normal 0 0 -1
    outer loop
      vertex 53.5052 23.073 2
      vertex 51.4021 24.2292 2
      vertex 51.4876 24.411 2
    endloop
  endfacet
  facet normal 0 0 -1
    outer loop
      vertex 53.2361 22.6489 2
      vertex 51.2944 24.0595 2
      vertex 51.4021 24.2292 2
    endloop
  endfacet
  facet normal 0 0 -1
    outer loop
      vertex 50.6812 23.5523 2
      vertex 51.7031 21.3807 2
      vertex 51.2361 21.1958 2
    endloop
  endfacet
  facet normal 0 0 -1
    outer loop
      vertex 52.9159 22.2618 2
      vertex 51.1664 23.9047 2
      vertex 51.2944 24.0595 2
    endloop
  endfacet
  facet normal 0 0 -1
    outer loop
      vertex 52.5497 21.9179 2
      vertex 51.0199 23.7672 2
      vertex 51.1664 23.9047 2
    endloop
  endfacet
  facet normal 0 0 -1
    outer loop
      vertex 52.1433 21.6227 2
      vertex 50.8573 23.6491 2
      vertex 51.0199 23.7672 2
    endloop
  endfacet
  facet normal 0 0 -1
    outer loop
      vertex 50.4944 23.4783 2
      vertex 51.2361 21.1958 2
      vertex 50.7495 21.0709 2
    endloop
  endfacet
  facet normal 0 0 -1
    outer loop
      vertex 51.7031 21.3807 2
      vertex 50.6812 23.5523 2
      vertex 50.8573 23.6491 2
    endloop
  endfacet
  facet normal 0 0 -1
    outer loop
      vertex 51.2361 21.1958 2
      vertex 50.4944 23.4783 2
      vertex 50.6812 23.5523 2
    endloop
  endfacet
  facet normal 0 0 -1
    outer loop
      vertex 50.7495 21.0709 2
      vertex 50.2998 23.4283 2
      vertex 50.4944 23.4783 2
    endloop
  endfacet
  facet normal 0 0 -1
    outer loop
      vertex 50.2512 21.0079 2
      vertex 50.2998 23.4283 2
      vertex 50.7495 21.0709 2
    endloop
  endfacet
  facet normal 0 0 -1
    outer loop
      vertex 50.2512 21.0079 2
      vertex 50.1005 23.4032 2
      vertex 50.2998 23.4283 2
    endloop
  endfacet
  facet normal 0 0 -1
    outer loop
      vertex 50 21.0079 2
      vertex 50.1005 23.4032 2
      vertex 50.2512 21.0079 2
    endloop
  endfacet
  facet normal -0 0 -1
    outer loop
      vertex 50.1005 23.4032 2
      vertex 50 21.0079 2
      vertex 49.8995 23.4032 2
    endloop
  endfacet
  facet normal 0 0 -1
    outer loop
      vertex 51.2944 25.9405 2
      vertex 53.2361 27.3511 2
      vertex 51.4021 25.7708 2
    endloop
  endfacet
  facet normal -0 0 -1
    outer loop
      vertex 53.2361 27.3511 2
      vertex 51.2944 25.9405 2
      vertex 52.9159 27.7382 2
    endloop
  endfacet
  facet normal 0 0 -1
    outer loop
      vertex 51.1664 26.0953 2
      vertex 52.9159 27.7382 2
      vertex 51.2944 25.9405 2
    endloop
  endfacet
  facet normal -0 0 -1
    outer loop
      vertex 52.9159 27.7382 2
      vertex 51.1664 26.0953 2
      vertex 52.5497 28.0821 2
    endloop
  endfacet
  facet normal 0 0 -1
    outer loop
      vertex 51.0199 26.2328 2
      vertex 52.5497 28.0821 2
      vertex 51.1664 26.0953 2
    endloop
  endfacet
  facet normal -0 0 -1
    outer loop
      vertex 52.5497 28.0821 2
      vertex 51.0199 26.2328 2
      vertex 52.1433 28.3773 2
    endloop
  endfacet
  facet normal 0 0 -1
    outer loop
      vertex 50.8573 26.3509 2
      vertex 52.1433 28.3773 2
      vertex 51.0199 26.2328 2
    endloop
  endfacet
  facet normal -0 0 -1
    outer loop
      vertex 52.1433 28.3773 2
      vertex 50.8573 26.3509 2
      vertex 51.7031 28.6193 2
    endloop
  endfacet
  facet normal 0 0 -1
    outer loop
      vertex 50.6812 26.4477 2
      vertex 51.7031 28.6193 2
      vertex 50.8573 26.3509 2
    endloop
  endfacet
  facet normal -0 0 -1
    outer loop
      vertex 51.7031 28.6193 2
      vertex 50.6812 26.4477 2
      vertex 51.2361 28.8042 2
    endloop
  endfacet
  facet normal 0 0 -1
    outer loop
      vertex 50.4944 26.5217 2
      vertex 51.2361 28.8042 2
      vertex 50.6812 26.4477 2
    endloop
  endfacet
  facet normal -0 0 -1
    outer loop
      vertex 51.2361 28.8042 2
      vertex 50.4944 26.5217 2
      vertex 50.7495 28.9291 2
    endloop
  endfacet
  facet normal 0 0 -1
    outer loop
      vertex 50.2998 26.5717 2
      vertex 50.7495 28.9291 2
      vertex 50.4944 26.5217 2
    endloop
  endfacet
  facet normal 0 0 -1
    outer loop
      vertex 50.2998 26.5717 2
      vertex 50.2512 28.9921 2
      vertex 50.7495 28.9291 2
    endloop
  endfacet
  facet normal 0 0 -1
    outer loop
      vertex 50.1005 26.5968 2
      vertex 50.2512 28.9921 2
      vertex 50.2998 26.5717 2
    endloop
  endfacet
  facet normal 0 0 -1
    outer loop
      vertex 50.1005 26.5968 2
      vertex 50 28.9921 2
      vertex 50.2512 28.9921 2
    endloop
  endfacet
  facet normal 0 0 -1
    outer loop
      vertex 49.8995 26.5968 2
      vertex 50 28.9921 2
      vertex 50.1005 26.5968 2
    endloop
  endfacet
  facet normal 0 0 -1
    outer loop
      vertex 49.7002 26.5717 2
      vertex 50 28.9921 2
      vertex 49.8995 26.5968 2
    endloop
  endfacet
  facet normal 0 0 -1
    outer loop
      vertex 50 28.9921 2
      vertex 49.7174 29.4911 2
      vertex 50 29.4911 2
    endloop
  endfacet
  facet normal 0 0 -1
    outer loop
      vertex 49.5056 26.5217 2
      vertex 50 28.9921 2
      vertex 49.7002 26.5717 2
    endloop
  endfacet
  facet normal 0 0 -1
    outer loop
      vertex 48.6094 29.2798 2
      vertex 50 28.9921 2
      vertex 49.5056 26.5217 2
    endloop
  endfacet
  facet normal 0 0 -1
    outer loop
      vertex 48.6094 29.2798 2
      vertex 49.5056 26.5217 2
      vertex 49.3188 26.4477 2
    endloop
  endfacet
  facet normal 0 0 -1
    outer loop
      vertex 50 28.9921 2
      vertex 49.1568 29.4203 2
      vertex 49.7174 29.4911 2
    endloop
  endfacet
  facet normal 0 0 -1
    outer loop
      vertex 48.084 29.0717 2
      vertex 49.3188 26.4477 2
      vertex 49.1427 26.3509 2
    endloop
  endfacet
  facet normal 0 0 -1
    outer loop
      vertex 47.5888 28.7995 2
      vertex 49.1427 26.3509 2
      vertex 48.9801 26.2328 2
    endloop
  endfacet
  facet normal 0 0 -1
    outer loop
      vertex 47.1316 28.4673 2
      vertex 48.9801 26.2328 2
      vertex 48.8336 26.0953 2
    endloop
  endfacet
  facet normal 0 0 -1
    outer loop
      vertex 46.7196 28.0805 2
      vertex 48.8336 26.0953 2
      vertex 48.7056 25.9405 2
    endloop
  endfacet
  facet normal 0 0 -1
    outer loop
      vertex 50 28.9921 2
      vertex 48.6094 29.2798 2
      vertex 49.1568 29.4203 2
    endloop
  endfacet
  facet normal 0 0 -1
    outer loop
      vertex 46.3594 27.645 2
      vertex 48.7056 25.9405 2
      vertex 48.5979 25.7708 2
    endloop
  endfacet
  facet normal 0 0 -1
    outer loop
      vertex 46.0566 27.1679 2
      vertex 48.5979 25.7708 2
      vertex 48.5124 25.589 2
    endloop
  endfacet
  facet normal 0 0 -1
    outer loop
      vertex 45.816 26.6566 2
      vertex 48.5124 25.589 2
      vertex 48.4503 25.3979 2
    endloop
  endfacet
  facet normal 0 0 -1
    outer loop
      vertex 45.6414 26.1191 2
      vertex 48.4503 25.3979 2
      vertex 48.4126 25.2005 2
    endloop
  endfacet
  facet normal 0 0 -1
    outer loop
      vertex 45.5355 25.564 2
      vertex 48.4126 25.2005 2
      vertex 48.4 25 2
    endloop
  endfacet
  facet normal 0 0 -1
    outer loop
      vertex 46.0566 22.8321 2
      vertex 48.5979 24.2292 2
      vertex 46.3594 22.355 2
    endloop
  endfacet
  facet normal 0 0 -1
    outer loop
      vertex 49.3188 26.4477 2
      vertex 48.084 29.0717 2
      vertex 48.6094 29.2798 2
    endloop
  endfacet
  facet normal -0 0 -1
    outer loop
      vertex 48.5979 24.2292 2
      vertex 46.0566 22.8321 2
      vertex 48.5124 24.411 2
    endloop
  endfacet
  facet normal 0 0 -1
    outer loop
      vertex 49.1427 26.3509 2
      vertex 47.5888 28.7995 2
      vertex 48.084 29.0717 2
    endloop
  endfacet
  facet normal 0 0 -1
    outer loop
      vertex 45.816 23.3434 2
      vertex 48.5124 24.411 2
      vertex 46.0566 22.8321 2
    endloop
  endfacet
  facet normal 0 0 -1
    outer loop
      vertex 48.9801 26.2328 2
      vertex 47.1316 28.4673 2
      vertex 47.5888 28.7995 2
    endloop
  endfacet
  facet normal -0 0 -1
    outer loop
      vertex 48.5124 24.411 2
      vertex 45.816 23.3434 2
      vertex 48.4503 24.6021 2
    endloop
  endfacet
  facet normal 0 0 -1
    outer loop
      vertex 48.8336 26.0953 2
      vertex 46.7196 28.0805 2
      vertex 47.1316 28.4673 2
    endloop
  endfacet
  facet normal 0 0 -1
    outer loop
      vertex 45.6414 23.8809 2
      vertex 48.4503 24.6021 2
      vertex 45.816 23.3434 2
    endloop
  endfacet
  facet normal 0 0 -1
    outer loop
      vertex 48.7056 25.9405 2
      vertex 46.3594 27.645 2
      vertex 46.7196 28.0805 2
    endloop
  endfacet
  facet normal -0 0 -1
    outer loop
      vertex 48.4503 24.6021 2
      vertex 45.6414 23.8809 2
      vertex 48.4126 24.7995 2
    endloop
  endfacet
  facet normal 0 0 -1
    outer loop
      vertex 48.5979 25.7708 2
      vertex 46.0566 27.1679 2
      vertex 46.3594 27.645 2
    endloop
  endfacet
  facet normal 0 0 -1
    outer loop
      vertex 45.5355 24.436 2
      vertex 48.4126 24.7995 2
      vertex 45.6414 23.8809 2
    endloop
  endfacet
  facet normal 0 0 -1
    outer loop
      vertex 48.5124 25.589 2
      vertex 45.816 26.6566 2
      vertex 46.0566 27.1679 2
    endloop
  endfacet
  facet normal -0 0 -1
    outer loop
      vertex 48.4126 24.7995 2
      vertex 45.5355 24.436 2
      vertex 48.4 25 2
    endloop
  endfacet
  facet normal 0 0 -1
    outer loop
      vertex 48.4503 25.3979 2
      vertex 45.6414 26.1191 2
      vertex 45.816 26.6566 2
    endloop
  endfacet
  facet normal 0 0 -1
    outer loop
      vertex 45.5 25 2
      vertex 48.4 25 2
      vertex 45.5355 24.436 2
    endloop
  endfacet
  facet normal 0 0 -1
    outer loop
      vertex 48.4126 25.2005 2
      vertex 45.5355 25.564 2
      vertex 45.6414 26.1191 2
    endloop
  endfacet
  facet normal 0 0 -1
    outer loop
      vertex 48.4 25 2
      vertex 45.5 25 2
      vertex 45.5355 25.564 2
    endloop
  endfacet
  facet normal 0.982284 -0.187397 0
    outer loop
      vertex 45.5355 25.564 2
      vertex 45.6414 26.1191 0
      vertex 45.6414 26.1191 2
    endloop
  endfacet
  facet normal 0.982284 -0.187397 0
    outer loop
      vertex 45.6414 26.1191 0
      vertex 45.5355 25.564 2
      vertex 45.5355 25.564 0
    endloop
  endfacet
  facet normal 0.904827 -0.42578 0
    outer loop
      vertex 45.816 26.6566 2
      vertex 46.0566 27.1679 0
      vertex 46.0566 27.1679 2
    endloop
  endfacet
  facet normal 0.904827 -0.42578 0
    outer loop
      vertex 46.0566 27.1679 0
      vertex 45.816 26.6566 2
      vertex 45.816 26.6566 0
    endloop
  endfacet
  facet normal 0.368246 -0.929728 0
    outer loop
      vertex 48.084 29.0717 0
      vertex 48.6094 29.2798 2
      vertex 48.084 29.0717 2
    endloop
  endfacet
  facet normal 0.368246 -0.929728 0
    outer loop
      vertex 48.6094 29.2798 2
      vertex 48.084 29.0717 0
      vertex 48.6094 29.2798 0
    endloop
  endfacet
  facet normal 0.684459 -0.729051 0
    outer loop
      vertex 46.7196 28.0805 0
      vertex 47.1316 28.4673 2
      vertex 46.7196 28.0805 2
    endloop
  endfacet
  facet normal 0.684459 -0.729051 0
    outer loop
      vertex 47.1316 28.4673 2
      vertex 46.7196 28.0805 0
      vertex 47.1316 28.4673 0
    endloop
  endfacet
  facet normal 0.587814 -0.808996 0
    outer loop
      vertex 47.1316 28.4673 0
      vertex 47.5888 28.7995 2
      vertex 47.1316 28.4673 2
    endloop
  endfacet
  facet normal 0.587814 -0.808996 0
    outer loop
      vertex 47.5888 28.7995 2
      vertex 47.1316 28.4673 0
      vertex 47.5888 28.7995 0
    endloop
  endfacet
  facet normal 0 -1 0
    outer loop
      vertex 49.7174 29.4911 0
      vertex 50 29.4911 2
      vertex 49.7174 29.4911 2
    endloop
  endfacet
  facet normal 0 -1 -0
    outer loop
      vertex 50 29.4911 2
      vertex 49.7174 29.4911 0
      vertex 50 29.4911 0
    endloop
  endfacet
  facet normal 0.684459 0.729051 -0
    outer loop
      vertex 47.1316 21.5327 0
      vertex 46.7196 21.9195 2
      vertex 47.1316 21.5327 2
    endloop
  endfacet
  facet normal 0.684459 0.729051 0
    outer loop
      vertex 46.7196 21.9195 2
      vertex 47.1316 21.5327 0
      vertex 46.7196 21.9195 0
    endloop
  endfacet
  facet normal 0.248609 0.968604 -0
    outer loop
      vertex 49.1568 20.5797 0
      vertex 48.6094 20.7202 2
      vertex 49.1568 20.5797 2
    endloop
  endfacet
  facet normal 0.248609 0.968604 0
    outer loop
      vertex 48.6094 20.7202 2
      vertex 49.1568 20.5797 0
      vertex 48.6094 20.7202 0
    endloop
  endfacet
  facet normal 0.125298 0.992119 -0
    outer loop
      vertex 49.7174 20.5089 0
      vertex 49.1568 20.5797 2
      vertex 49.7174 20.5089 2
    endloop
  endfacet
  facet normal 0.125298 0.992119 0
    outer loop
      vertex 49.1568 20.5797 2
      vertex 49.7174 20.5089 0
      vertex 49.1568 20.5797 0
    endloop
  endfacet
  facet normal 0 1 -0
    outer loop
      vertex 50 20.5089 0
      vertex 49.7174 20.5089 2
      vertex 50 20.5089 2
    endloop
  endfacet
  facet normal 0 1 0
    outer loop
      vertex 49.7174 20.5089 2
      vertex 50 20.5089 0
      vertex 49.7174 20.5089 0
    endloop
  endfacet
  facet normal 0.77058 0.637343 0
    outer loop
      vertex 46.7196 21.9195 2
      vertex 46.3594 22.355 0
      vertex 46.3594 22.355 2
    endloop
  endfacet
  facet normal 0.77058 0.637343 0
    outer loop
      vertex 46.3594 22.355 0
      vertex 46.7196 21.9195 2
      vertex 46.7196 21.9195 0
    endloop
  endfacet
  facet normal 0.904827 0.42578 0
    outer loop
      vertex 46.0566 22.8321 2
      vertex 45.816 23.3434 0
      vertex 45.816 23.3434 2
    endloop
  endfacet
  facet normal 0.904827 0.42578 0
    outer loop
      vertex 45.816 23.3434 0
      vertex 46.0566 22.8321 2
      vertex 46.0566 22.8321 0
    endloop
  endfacet
  facet normal 0.95108 0.308946 0
    outer loop
      vertex 45.816 23.3434 2
      vertex 45.6414 23.8809 0
      vertex 45.6414 23.8809 2
    endloop
  endfacet
  facet normal 0.95108 0.308946 0
    outer loop
      vertex 45.6414 23.8809 0
      vertex 45.816 23.3434 2
      vertex 45.816 23.3434 0
    endloop
  endfacet
  facet normal 0.982284 0.187397 0
    outer loop
      vertex 45.6414 23.8809 2
      vertex 45.5355 24.436 0
      vertex 45.5355 24.436 2
    endloop
  endfacet
  facet normal 0.982284 0.187397 0
    outer loop
      vertex 45.5355 24.436 0
      vertex 45.6414 23.8809 2
      vertex 45.6414 23.8809 0
    endloop
  endfacet
  facet normal 0.844309 0.535856 0
    outer loop
      vertex 46.3594 22.355 2
      vertex 46.0566 22.8321 0
      vertex 46.0566 22.8321 2
    endloop
  endfacet
  facet normal 0.844309 0.535856 0
    outer loop
      vertex 46.0566 22.8321 0
      vertex 46.3594 22.355 2
      vertex 46.3594 22.355 0
    endloop
  endfacet
  facet normal 0.587814 0.808996 -0
    outer loop
      vertex 47.5888 21.2005 0
      vertex 47.1316 21.5327 2
      vertex 47.5888 21.2005 2
    endloop
  endfacet
  facet normal 0.587814 0.808996 0
    outer loop
      vertex 47.1316 21.5327 2
      vertex 47.5888 21.2005 0
      vertex 47.1316 21.5327 0
    endloop
  endfacet
  facet normal 0.368246 0.929728 -0
    outer loop
      vertex 48.6094 20.7202 0
      vertex 48.084 20.9283 2
      vertex 48.6094 20.7202 2
    endloop
  endfacet
  facet normal 0.368246 0.929728 0
    outer loop
      vertex 48.084 20.9283 2
      vertex 48.6094 20.7202 0
      vertex 48.084 20.9283 0
    endloop
  endfacet
  facet normal 0.481701 0.876335 -0
    outer loop
      vertex 48.084 20.9283 0
      vertex 47.5888 21.2005 2
      vertex 48.084 20.9283 2
    endloop
  endfacet
  facet normal 0.481701 0.876335 0
    outer loop
      vertex 47.5888 21.2005 2
      vertex 48.084 20.9283 0
      vertex 47.5888 21.2005 0
    endloop
  endfacet
  facet normal -0.77053 -0.637404 0
    outer loop
      vertex 28.6406 2.64503 0
      vertex 28.2804 3.08046 2
      vertex 28.2804 3.08046 0
    endloop
  endfacet
  facet normal -0.77053 -0.637404 0
    outer loop
      vertex 28.2804 3.08046 2
      vertex 28.6406 2.64503 0
      vertex 28.6406 2.64503 2
    endloop
  endfacet
  facet normal -0.12535 -0.992113 0
    outer loop
      vertex 25.2826 4.49112 0
      vertex 25.8432 4.42029 2
      vertex 25.2826 4.49112 2
    endloop
  endfacet
  facet normal -0.12535 -0.992113 -0
    outer loop
      vertex 25.8432 4.42029 2
      vertex 25.2826 4.49112 0
      vertex 25.8432 4.42029 0
    endloop
  endfacet
  facet normal -0.248676 -0.968587 0
    outer loop
      vertex 25.8432 4.42029 0
      vertex 26.3906 4.27975 2
      vertex 25.8432 4.42029 2
    endloop
  endfacet
  facet normal -0.248676 -0.968587 -0
    outer loop
      vertex 26.3906 4.27975 2
      vertex 25.8432 4.42029 0
      vertex 26.3906 4.27975 0
    endloop
  endfacet
  facet normal 0.481769 -0.876298 0
    outer loop
      vertex 22.5888 3.79947 0
      vertex 23.084 4.07172 2
      vertex 22.5888 3.79947 2
    endloop
  endfacet
  facet normal 0.481769 -0.876298 0
    outer loop
      vertex 23.084 4.07172 2
      vertex 22.5888 3.79947 0
      vertex 23.084 4.07172 0
    endloop
  endfacet
  facet normal 0.951073 -0.308967 0
    outer loop
      vertex 20.6414 1.1191 2
      vertex 20.816 1.65656 0
      vertex 20.816 1.65656 2
    endloop
  endfacet
  facet normal 0.951073 -0.308967 0
    outer loop
      vertex 20.816 1.65656 0
      vertex 20.6414 1.1191 2
      vertex 20.6414 1.1191 0
    endloop
  endfacet
  facet normal 0 -1 0
    outer loop
      vertex 24.7174 4.49112 0
      vertex 25.2826 4.49112 2
      vertex 24.7174 4.49112 2
    endloop
  endfacet
  facet normal 0 -1 -0
    outer loop
      vertex 25.2826 4.49112 2
      vertex 24.7174 4.49112 0
      vertex 25.2826 4.49112 0
    endloop
  endfacet
  facet normal -0.368139 -0.929771 0
    outer loop
      vertex 26.3906 4.27975 0
      vertex 26.916 4.07172 2
      vertex 26.3906 4.27975 2
    endloop
  endfacet
  facet normal -0.368139 -0.929771 -0
    outer loop
      vertex 26.916 4.07172 2
      vertex 26.3906 4.27975 0
      vertex 26.916 4.07172 0
    endloop
  endfacet
  facet normal 0.998025 -0.0628191 0
    outer loop
      vertex 20.5 0 2
      vertex 20.5355 0.563999 0
      vertex 20.5355 0.563999 2
    endloop
  endfacet
  facet normal 0.998025 -0.0628191 0
    outer loop
      vertex 20.5355 0.563999 0
      vertex 20.5 0 2
      vertex 20.5 0 0
    endloop
  endfacet
  facet normal 0.84433 -0.535824 0
    outer loop
      vertex 21.0566 2.16789 2
      vertex 21.3594 2.64503 0
      vertex 21.3594 2.64503 2
    endloop
  endfacet
  facet normal 0.84433 -0.535824 0
    outer loop
      vertex 21.3594 2.64503 0
      vertex 21.0566 2.16789 2
      vertex 21.0566 2.16789 0
    endloop
  endfacet
  facet normal 0.248676 -0.968587 0
    outer loop
      vertex 23.6094 4.27975 0
      vertex 24.1568 4.42029 2
      vertex 23.6094 4.27975 2
    endloop
  endfacet
  facet normal 0.248676 -0.968587 0
    outer loop
      vertex 24.1568 4.42029 2
      vertex 23.6094 4.27975 0
      vertex 24.1568 4.42029 0
    endloop
  endfacet
  facet normal 0.77053 -0.637404 0
    outer loop
      vertex 21.3594 2.64503 2
      vertex 21.7196 3.08046 0
      vertex 21.7196 3.08046 2
    endloop
  endfacet
  facet normal 0.77053 -0.637404 0
    outer loop
      vertex 21.7196 3.08046 0
      vertex 21.3594 2.64503 2
      vertex 21.3594 2.64503 0
    endloop
  endfacet
  facet normal -0.998025 -0.0628191 0
    outer loop
      vertex 29.5 0 0
      vertex 29.4645 0.563999 2
      vertex 29.4645 0.563999 0
    endloop
  endfacet
  facet normal -0.998025 -0.0628191 0
    outer loop
      vertex 29.4645 0.563999 2
      vertex 29.5 0 0
      vertex 29.5 0 2
    endloop
  endfacet
  facet normal -0.982284 -0.187396 0
    outer loop
      vertex 29.4645 0.563999 0
      vertex 29.3586 1.1191 2
      vertex 29.3586 1.1191 0
    endloop
  endfacet
  facet normal -0.982284 -0.187396 0
    outer loop
      vertex 29.3586 1.1191 2
      vertex 29.4645 0.563999 0
      vertex 29.4645 0.563999 2
    endloop
  endfacet
  facet normal -0.587768 -0.80903 0
    outer loop
      vertex 27.4112 3.79947 0
      vertex 27.8684 3.46731 2
      vertex 27.4112 3.79947 2
    endloop
  endfacet
  facet normal -0.587768 -0.80903 -0
    outer loop
      vertex 27.8684 3.46731 2
      vertex 27.4112 3.79947 0
      vertex 27.8684 3.46731 0
    endloop
  endfacet
  facet normal 0.12535 -0.992113 0
    outer loop
      vertex 24.1568 4.42029 0
      vertex 24.7174 4.49112 2
      vertex 24.1568 4.42029 2
    endloop
  endfacet
  facet normal 0.12535 -0.992113 0
    outer loop
      vertex 24.7174 4.49112 2
      vertex 24.1568 4.42029 0
      vertex 24.7174 4.49112 0
    endloop
  endfacet
  facet normal -0.481769 -0.876298 0
    outer loop
      vertex 26.916 4.07172 0
      vertex 27.4112 3.79947 2
      vertex 26.916 4.07172 2
    endloop
  endfacet
  facet normal -0.481769 -0.876298 -0
    outer loop
      vertex 27.4112 3.79947 2
      vertex 26.916 4.07172 0
      vertex 27.4112 3.79947 0
    endloop
  endfacet
  facet normal 0 0 -1
    outer loop
      vertex 28.9685 -0.501332 2
      vertex 26.5874 -0.200533 2
      vertex 26.6 0 2
    endloop
  endfacet
  facet normal 0 0 -1
    outer loop
      vertex 27.1433 -3.37731 2
      vertex 26.5497 -0.397903 2
      vertex 26.5874 -0.200533 2
    endloop
  endfacet
  facet normal 0 0 -1
    outer loop
      vertex 27.1433 -3.37731 2
      vertex 26.4876 -0.588999 2
      vertex 26.5497 -0.397903 2
    endloop
  endfacet
  facet normal 0 0 -1
    outer loop
      vertex 27.1433 -3.37731 2
      vertex 26.4021 -0.770805 2
      vertex 26.4876 -0.588999 2
    endloop
  endfacet
  facet normal 0 0 -1
    outer loop
      vertex 27.1433 -3.37731 2
      vertex 26.2944 -0.940456 2
      vertex 26.4021 -0.770805 2
    endloop
  endfacet
  facet normal 0 0 -1
    outer loop
      vertex 25.6812 -1.44772 2
      vertex 26.7031 -3.61931 2
      vertex 26.2361 -3.80423 2
    endloop
  endfacet
  facet normal 0 0 -1
    outer loop
      vertex 27.1433 -3.37731 2
      vertex 26.1663 -1.09527 2
      vertex 26.2944 -0.940456 2
    endloop
  endfacet
  facet normal 0 0 -1
    outer loop
      vertex 27.1433 -3.37731 2
      vertex 26.0199 -1.23282 2
      vertex 26.1663 -1.09527 2
    endloop
  endfacet
  facet normal 0 0 -1
    outer loop
      vertex 27.1433 -3.37731 2
      vertex 25.8573 -1.35092 2
      vertex 26.0199 -1.23282 2
    endloop
  endfacet
  facet normal 0 0 -1
    outer loop
      vertex 25.4944 -1.52169 2
      vertex 26.2361 -3.80423 2
      vertex 25.7495 -3.92915 2
    endloop
  endfacet
  facet normal 0 0 -1
    outer loop
      vertex 26.7031 -3.61931 2
      vertex 25.6812 -1.44772 2
      vertex 25.8573 -1.35092 2
    endloop
  endfacet
  facet normal 0 0 -1
    outer loop
      vertex 26.2361 -3.80423 2
      vertex 25.4944 -1.52169 2
      vertex 25.6812 -1.44772 2
    endloop
  endfacet
  facet normal 0 0 -1
    outer loop
      vertex 25.7495 -3.92915 2
      vertex 25.2998 -1.57166 2
      vertex 25.4944 -1.52169 2
    endloop
  endfacet
  facet normal 0 0 -1
    outer loop
      vertex 25.2512 -3.99211 2
      vertex 25.2998 -1.57166 2
      vertex 25.7495 -3.92915 2
    endloop
  endfacet
  facet normal 0 0 -1
    outer loop
      vertex 25.2512 -3.99211 2
      vertex 25.1005 -1.59684 2
      vertex 25.2998 -1.57166 2
    endloop
  endfacet
  facet normal 0 0 -1
    outer loop
      vertex 25.2512 -3.99211 2
      vertex 24.8995 -1.59684 2
      vertex 25.1005 -1.59684 2
    endloop
  endfacet
  facet normal 0 0 -1
    outer loop
      vertex 24.7488 -3.99211 2
      vertex 24.8995 -1.59684 2
      vertex 25.2512 -3.99211 2
    endloop
  endfacet
  facet normal 0 0 -1
    outer loop
      vertex 24.7488 -3.99211 2
      vertex 24.7002 -1.57166 2
      vertex 24.8995 -1.59684 2
    endloop
  endfacet
  facet normal 0 0 -1
    outer loop
      vertex 24.2505 -3.92915 2
      vertex 24.7002 -1.57166 2
      vertex 24.7488 -3.99211 2
    endloop
  endfacet
  facet normal -0 0 -1
    outer loop
      vertex 24.7002 -1.57166 2
      vertex 24.2505 -3.92915 2
      vertex 24.5056 -1.52169 2
    endloop
  endfacet
  facet normal 0 0 -1
    outer loop
      vertex 23.7639 -3.80423 2
      vertex 24.5056 -1.52169 2
      vertex 24.2505 -3.92915 2
    endloop
  endfacet
  facet normal -0 0 -1
    outer loop
      vertex 24.5056 -1.52169 2
      vertex 23.7639 -3.80423 2
      vertex 24.3188 -1.44772 2
    endloop
  endfacet
  facet normal 0 0 -1
    outer loop
      vertex 23.2969 -3.61931 2
      vertex 24.3188 -1.44772 2
      vertex 23.7639 -3.80423 2
    endloop
  endfacet
  facet normal -0 0 -1
    outer loop
      vertex 24.3188 -1.44772 2
      vertex 23.2969 -3.61931 2
      vertex 24.1427 -1.35092 2
    endloop
  endfacet
  facet normal 0 0 -1
    outer loop
      vertex 22.8567 -3.37731 2
      vertex 24.1427 -1.35092 2
      vertex 23.2969 -3.61931 2
    endloop
  endfacet
  facet normal -0 0 -1
    outer loop
      vertex 24.1427 -1.35092 2
      vertex 22.8567 -3.37731 2
      vertex 23.9801 -1.23282 2
    endloop
  endfacet
  facet normal 0 0 -1
    outer loop
      vertex 22.4503 -3.08205 2
      vertex 23.9801 -1.23282 2
      vertex 22.8567 -3.37731 2
    endloop
  endfacet
  facet normal -0 0 -1
    outer loop
      vertex 23.9801 -1.23282 2
      vertex 22.4503 -3.08205 2
      vertex 23.8336 -1.09527 2
    endloop
  endfacet
  facet normal 0 0 -1
    outer loop
      vertex 22.0841 -2.73819 2
      vertex 23.8336 -1.09527 2
      vertex 22.4503 -3.08205 2
    endloop
  endfacet
  facet normal -0 0 -1
    outer loop
      vertex 23.8336 -1.09527 2
      vertex 22.0841 -2.73819 2
      vertex 23.7056 -0.940456 2
    endloop
  endfacet
  facet normal -0 0 -1
    outer loop
      vertex 23.7056 -0.940456 2
      vertex 21.7639 -2.35114 2
      vertex 23.5979 -0.770805 2
    endloop
  endfacet
  facet normal 0 0 -1
    outer loop
      vertex 21.7639 -2.35114 2
      vertex 23.7056 -0.940456 2
      vertex 22.0841 -2.73819 2
    endloop
  endfacet
  facet normal 0 0 -1
    outer loop
      vertex 29 0 2
      vertex 29.4645 0.563999 2
      vertex 29.5 0 2
    endloop
  endfacet
  facet normal -0 0 -1
    outer loop
      vertex 29.4645 0.563999 2
      vertex 29 0 2
      vertex 29.3586 1.1191 2
    endloop
  endfacet
  facet normal -0 0 -1
    outer loop
      vertex 29.3586 1.1191 2
      vertex 29 0 2
      vertex 29.184 1.65656 2
    endloop
  endfacet
  facet normal 0 0 -1
    outer loop
      vertex 26.4876 0.588999 2
      vertex 29.184 1.65656 2
      vertex 29 0 2
    endloop
  endfacet
  facet normal 0 0 -1
    outer loop
      vertex 26.6 0 2
      vertex 29 0 2
      vertex 28.9685 -0.501332 2
    endloop
  endfacet
  facet normal 0 0 -1
    outer loop
      vertex 26.5874 -0.200533 2
      vertex 28.9685 -0.501332 2
      vertex 28.8743 -0.994759 2
    endloop
  endfacet
  facet normal 0 0 -1
    outer loop
      vertex 26.5874 -0.200533 2
      vertex 28.8743 -0.994759 2
      vertex 28.7191 -1.4725 2
    endloop
  endfacet
  facet normal 0 0 -1
    outer loop
      vertex 29 0 2
      vertex 26.5874 0.200533 2
      vertex 26.5497 0.397903 2
    endloop
  endfacet
  facet normal 0 0 -1
    outer loop
      vertex 26.5874 -0.200533 2
      vertex 28.7191 -1.4725 2
      vertex 28.5052 -1.92701 2
    endloop
  endfacet
  facet normal 0 0 -1
    outer loop
      vertex 26.4876 0.588999 2
      vertex 29 0 2
      vertex 26.5497 0.397903 2
    endloop
  endfacet
  facet normal 0 0 -1
    outer loop
      vertex 26.5874 -0.200533 2
      vertex 28.5052 -1.92701 2
      vertex 28.2361 -2.35114 2
    endloop
  endfacet
  facet normal 0 0 -1
    outer loop
      vertex 26.5874 -0.200533 2
      vertex 28.2361 -2.35114 2
      vertex 27.9159 -2.73819 2
    endloop
  endfacet
  facet normal 0 0 -1
    outer loop
      vertex 29 0 2
      vertex 26.6 0 2
      vertex 26.5874 0.200533 2
    endloop
  endfacet
  facet normal 0 0 -1
    outer loop
      vertex 26.5874 -0.200533 2
      vertex 27.9159 -2.73819 2
      vertex 27.5497 -3.08205 2
    endloop
  endfacet
  facet normal -0 0 -1
    outer loop
      vertex 29.184 1.65656 2
      vertex 26.4876 0.588999 2
      vertex 28.9434 2.16789 2
    endloop
  endfacet
  facet normal 0 0 -1
    outer loop
      vertex 26.5874 -0.200533 2
      vertex 27.5497 -3.08205 2
      vertex 27.1433 -3.37731 2
    endloop
  endfacet
  facet normal 0 0 -1
    outer loop
      vertex 26.4021 0.770805 2
      vertex 28.9434 2.16789 2
      vertex 26.4876 0.588999 2
    endloop
  endfacet
  facet normal 0 0 -1
    outer loop
      vertex 25.8573 -1.35092 2
      vertex 27.1433 -3.37731 2
      vertex 26.7031 -3.61931 2
    endloop
  endfacet
  facet normal -0 0 -1
    outer loop
      vertex 28.9434 2.16789 2
      vertex 26.4021 0.770805 2
      vertex 28.6406 2.64503 2
    endloop
  endfacet
  facet normal 0 0 -1
    outer loop
      vertex 26.2944 0.940456 2
      vertex 28.6406 2.64503 2
      vertex 26.4021 0.770805 2
    endloop
  endfacet
  facet normal -0 0 -1
    outer loop
      vertex 28.6406 2.64503 2
      vertex 26.2944 0.940456 2
      vertex 28.2804 3.08046 2
    endloop
  endfacet
  facet normal 0 0 -1
    outer loop
      vertex 26.1663 1.09527 2
      vertex 28.2804 3.08046 2
      vertex 26.2944 0.940456 2
    endloop
  endfacet
  facet normal -0 0 -1
    outer loop
      vertex 28.2804 3.08046 2
      vertex 26.1663 1.09527 2
      vertex 27.8684 3.46731 2
    endloop
  endfacet
  facet normal 0 0 -1
    outer loop
      vertex 26.0199 1.23282 2
      vertex 27.8684 3.46731 2
      vertex 26.1663 1.09527 2
    endloop
  endfacet
  facet normal -0 0 -1
    outer loop
      vertex 27.8684 3.46731 2
      vertex 26.0199 1.23282 2
      vertex 27.4112 3.79947 2
    endloop
  endfacet
  facet normal 0 0 -1
    outer loop
      vertex 25.8573 1.35092 2
      vertex 27.4112 3.79947 2
      vertex 26.0199 1.23282 2
    endloop
  endfacet
  facet normal -0 0 -1
    outer loop
      vertex 27.4112 3.79947 2
      vertex 25.8573 1.35092 2
      vertex 26.916 4.07172 2
    endloop
  endfacet
  facet normal 0 0 -1
    outer loop
      vertex 25.6812 1.44772 2
      vertex 26.916 4.07172 2
      vertex 25.8573 1.35092 2
    endloop
  endfacet
  facet normal -0 0 -1
    outer loop
      vertex 26.916 4.07172 2
      vertex 25.6812 1.44772 2
      vertex 26.3906 4.27975 2
    endloop
  endfacet
  facet normal 0 0 -1
    outer loop
      vertex 25.4944 1.52169 2
      vertex 26.3906 4.27975 2
      vertex 25.6812 1.44772 2
    endloop
  endfacet
  facet normal -0 0 -1
    outer loop
      vertex 26.3906 4.27975 2
      vertex 25.4944 1.52169 2
      vertex 25.8432 4.42029 2
    endloop
  endfacet
  facet normal 0 0 -1
    outer loop
      vertex 25.2998 1.57166 2
      vertex 25.8432 4.42029 2
      vertex 25.4944 1.52169 2
    endloop
  endfacet
  facet normal 0 0 -1
    outer loop
      vertex 25.2998 1.57166 2
      vertex 25.2826 4.49112 2
      vertex 25.8432 4.42029 2
    endloop
  endfacet
  facet normal 0 0 -1
    outer loop
      vertex 25.1005 1.59684 2
      vertex 25.2826 4.49112 2
      vertex 25.2998 1.57166 2
    endloop
  endfacet
  facet normal 0 0 -1
    outer loop
      vertex 24.8995 1.59684 2
      vertex 25.2826 4.49112 2
      vertex 25.1005 1.59684 2
    endloop
  endfacet
  facet normal 0 0 -1
    outer loop
      vertex 24.8995 1.59684 2
      vertex 24.7174 4.49112 2
      vertex 25.2826 4.49112 2
    endloop
  endfacet
  facet normal 0 0 -1
    outer loop
      vertex 24.7002 1.57166 2
      vertex 24.7174 4.49112 2
      vertex 24.8995 1.59684 2
    endloop
  endfacet
  facet normal 0 0 -1
    outer loop
      vertex 24.1568 4.42029 2
      vertex 24.7002 1.57166 2
      vertex 24.5056 1.52169 2
    endloop
  endfacet
  facet normal 0 0 -1
    outer loop
      vertex 23.6094 4.27975 2
      vertex 24.5056 1.52169 2
      vertex 24.3188 1.44772 2
    endloop
  endfacet
  facet normal 0 0 -1
    outer loop
      vertex 24.7002 1.57166 2
      vertex 24.1568 4.42029 2
      vertex 24.7174 4.49112 2
    endloop
  endfacet
  facet normal 0 0 -1
    outer loop
      vertex 23.084 4.07172 2
      vertex 24.3188 1.44772 2
      vertex 24.1427 1.35092 2
    endloop
  endfacet
  facet normal 0 0 -1
    outer loop
      vertex 22.5888 3.79947 2
      vertex 24.1427 1.35092 2
      vertex 23.9801 1.23282 2
    endloop
  endfacet
  facet normal 0 0 -1
    outer loop
      vertex 22.1316 3.46731 2
      vertex 23.9801 1.23282 2
      vertex 23.8336 1.09527 2
    endloop
  endfacet
  facet normal 0 0 -1
    outer loop
      vertex 21.7196 3.08046 2
      vertex 23.8336 1.09527 2
      vertex 23.7056 0.940456 2
    endloop
  endfacet
  facet normal 0 0 -1
    outer loop
      vertex 24.5056 1.52169 2
      vertex 23.6094 4.27975 2
      vertex 24.1568 4.42029 2
    endloop
  endfacet
  facet normal 0 0 -1
    outer loop
      vertex 21.3594 2.64503 2
      vertex 23.7056 0.940456 2
      vertex 23.5979 0.770805 2
    endloop
  endfacet
  facet normal 0 0 -1
    outer loop
      vertex 21.0566 2.16789 2
      vertex 23.5979 0.770805 2
      vertex 23.5124 0.588999 2
    endloop
  endfacet
  facet normal 0 0 -1
    outer loop
      vertex 21 0 2
      vertex 23.5124 0.588999 2
      vertex 23.4503 0.397903 2
    endloop
  endfacet
  facet normal 0 0 -1
    outer loop
      vertex 21 0 2
      vertex 23.4503 0.397903 2
      vertex 23.4126 0.200533 2
    endloop
  endfacet
  facet normal 0 0 -1
    outer loop
      vertex 21 0 2
      vertex 23.4126 0.200533 2
      vertex 23.4 0 2
    endloop
  endfacet
  facet normal 0 0 -1
    outer loop
      vertex 24.3188 1.44772 2
      vertex 23.084 4.07172 2
      vertex 23.6094 4.27975 2
    endloop
  endfacet
  facet normal 0 0 -1
    outer loop
      vertex 21.4948 -1.92701 2
      vertex 23.5979 -0.770805 2
      vertex 21.7639 -2.35114 2
    endloop
  endfacet
  facet normal -0 0 -1
    outer loop
      vertex 23.5979 -0.770805 2
      vertex 21.4948 -1.92701 2
      vertex 23.5124 -0.588999 2
    endloop
  endfacet
  facet normal -0 0 -1
    outer loop
      vertex 23.5124 0.588999 2
      vertex 21 0 2
      vertex 20.816 1.65656 2
    endloop
  endfacet
  facet normal 0 0 -1
    outer loop
      vertex 21.2809 -1.4725 2
      vertex 23.5124 -0.588999 2
      vertex 21.4948 -1.92701 2
    endloop
  endfacet
  facet normal 0 0 -1
    outer loop
      vertex 24.1427 1.35092 2
      vertex 22.5888 3.79947 2
      vertex 23.084 4.07172 2
    endloop
  endfacet
  facet normal -0 0 -1
    outer loop
      vertex 23.5124 -0.588999 2
      vertex 21.2809 -1.4725 2
      vertex 23.4503 -0.397903 2
    endloop
  endfacet
  facet normal 0 0 -1
    outer loop
      vertex 21.1257 -0.994759 2
      vertex 23.4503 -0.397903 2
      vertex 21.2809 -1.4725 2
    endloop
  endfacet
  facet normal 0 0 -1
    outer loop
      vertex 23.9801 1.23282 2
      vertex 22.1316 3.46731 2
      vertex 22.5888 3.79947 2
    endloop
  endfacet
  facet normal -0 0 -1
    outer loop
      vertex 23.4503 -0.397903 2
      vertex 21.1257 -0.994759 2
      vertex 23.4126 -0.200533 2
    endloop
  endfacet
  facet normal 0 0 -1
    outer loop
      vertex 23.8336 1.09527 2
      vertex 21.7196 3.08046 2
      vertex 22.1316 3.46731 2
    endloop
  endfacet
  facet normal 0 0 -1
    outer loop
      vertex 21.0315 -0.501332 2
      vertex 23.4126 -0.200533 2
      vertex 21.1257 -0.994759 2
    endloop
  endfacet
  facet normal -0 0 -1
    outer loop
      vertex 23.4126 -0.200533 2
      vertex 21.0315 -0.501332 2
      vertex 23.4 0 2
    endloop
  endfacet
  facet normal 0 0 -1
    outer loop
      vertex 23.7056 0.940456 2
      vertex 21.3594 2.64503 2
      vertex 21.7196 3.08046 2
    endloop
  endfacet
  facet normal -0 0 -1
    outer loop
      vertex 23.4 0 2
      vertex 21.0315 -0.501332 2
      vertex 21 0 2
    endloop
  endfacet
  facet normal 0 0 -1
    outer loop
      vertex 23.5979 0.770805 2
      vertex 21.0566 2.16789 2
      vertex 21.3594 2.64503 2
    endloop
  endfacet
  facet normal 0 0 -1
    outer loop
      vertex 23.5124 0.588999 2
      vertex 20.816 1.65656 2
      vertex 21.0566 2.16789 2
    endloop
  endfacet
  facet normal 0 0 -1
    outer loop
      vertex 21 0 2
      vertex 20.6414 1.1191 2
      vertex 20.816 1.65656 2
    endloop
  endfacet
  facet normal 0 0 -1
    outer loop
      vertex 21 0 2
      vertex 20.5355 0.563999 2
      vertex 20.6414 1.1191 2
    endloop
  endfacet
  facet normal 0 -0 -1
    outer loop
      vertex 20.5355 0.563999 2
      vertex 21 0 2
      vertex 20.5 0 2
    endloop
  endfacet
  facet normal 0.982284 -0.187396 0
    outer loop
      vertex 20.5355 0.563999 2
      vertex 20.6414 1.1191 0
      vertex 20.6414 1.1191 2
    endloop
  endfacet
  facet normal 0.982284 -0.187396 0
    outer loop
      vertex 20.6414 1.1191 0
      vertex 20.5355 0.563999 2
      vertex 20.5355 0.563999 0
    endloop
  endfacet
  facet normal 0.904836 -0.42576 0
    outer loop
      vertex 20.816 1.65656 2
      vertex 21.0566 2.16789 0
      vertex 21.0566 2.16789 2
    endloop
  endfacet
  facet normal 0.904836 -0.42576 0
    outer loop
      vertex 21.0566 2.16789 0
      vertex 20.816 1.65656 2
      vertex 20.816 1.65656 0
    endloop
  endfacet
  facet normal 0.368139 -0.929771 0
    outer loop
      vertex 23.084 4.07172 0
      vertex 23.6094 4.27975 2
      vertex 23.084 4.07172 2
    endloop
  endfacet
  facet normal 0.368139 -0.929771 0
    outer loop
      vertex 23.6094 4.27975 2
      vertex 23.084 4.07172 0
      vertex 23.6094 4.27975 0
    endloop
  endfacet
  facet normal 0.684506 -0.729007 0
    outer loop
      vertex 21.7196 3.08046 0
      vertex 22.1316 3.46731 2
      vertex 21.7196 3.08046 2
    endloop
  endfacet
  facet normal 0.684506 -0.729007 0
    outer loop
      vertex 22.1316 3.46731 2
      vertex 21.7196 3.08046 0
      vertex 22.1316 3.46731 0
    endloop
  endfacet
  facet normal 0.587768 -0.80903 0
    outer loop
      vertex 22.1316 3.46731 0
      vertex 22.5888 3.79947 2
      vertex 22.1316 3.46731 2
    endloop
  endfacet
  facet normal 0.587768 -0.80903 0
    outer loop
      vertex 22.5888 3.79947 2
      vertex 22.1316 3.46731 0
      vertex 22.5888 3.79947 0
    endloop
  endfacet
  facet normal -0.84433 -0.535824 0
    outer loop
      vertex 28.9434 2.16789 0
      vertex 28.6406 2.64503 2
      vertex 28.6406 2.64503 0
    endloop
  endfacet
  facet normal -0.84433 -0.535824 0
    outer loop
      vertex 28.6406 2.64503 2
      vertex 28.9434 2.16789 0
      vertex 28.9434 2.16789 2
    endloop
  endfacet
  facet normal -0.904836 -0.42576 0
    outer loop
      vertex 29.184 1.65656 0
      vertex 28.9434 2.16789 2
      vertex 28.9434 2.16789 0
    endloop
  endfacet
  facet normal -0.904836 -0.42576 0
    outer loop
      vertex 28.9434 2.16789 2
      vertex 29.184 1.65656 0
      vertex 29.184 1.65656 2
    endloop
  endfacet
  facet normal -0.951073 -0.308967 0
    outer loop
      vertex 29.3586 1.1191 0
      vertex 29.184 1.65656 2
      vertex 29.184 1.65656 0
    endloop
  endfacet
  facet normal -0.951073 -0.308967 0
    outer loop
      vertex 29.184 1.65656 2
      vertex 29.3586 1.1191 0
      vertex 29.3586 1.1191 2
    endloop
  endfacet
  facet normal -0.684506 -0.729007 0
    outer loop
      vertex 27.8684 3.46731 0
      vertex 28.2804 3.08046 2
      vertex 27.8684 3.46731 2
    endloop
  endfacet
  facet normal -0.684506 -0.729007 -0
    outer loop
      vertex 28.2804 3.08046 2
      vertex 27.8684 3.46731 0
      vertex 28.2804 3.08046 0
    endloop
  endfacet
  facet normal -0.998027 -0.0627837 0
    outer loop
      vertex 4.5 25 0
      vertex 4.46452 25.564 2
      vertex 4.46452 25.564 0
    endloop
  endfacet
  facet normal -0.998027 -0.0627837 0
    outer loop
      vertex 4.46452 25.564 2
      vertex 4.5 25 0
      vertex 4.5 25 2
    endloop
  endfacet
  facet normal -0.587822 -0.80899 0
    outer loop
      vertex 2.41122 28.7995 0
      vertex 2.86841 28.4673 2
      vertex 2.41122 28.7995 2
    endloop
  endfacet
  facet normal -0.587822 -0.80899 -0
    outer loop
      vertex 2.86841 28.4673 2
      vertex 2.41122 28.7995 0
      vertex 2.86841 28.4673 0
    endloop
  endfacet
  facet normal -0.844309 -0.535856 0
    outer loop
      vertex 3.94338 27.1679 0
      vertex 3.64058 27.645 2
      vertex 3.64058 27.645 0
    endloop
  endfacet
  facet normal -0.844309 -0.535856 0
    outer loop
      vertex 3.64058 27.645 2
      vertex 3.94338 27.1679 0
      vertex 3.94338 27.1679 2
    endloop
  endfacet
  facet normal -0.770563 -0.637364 0
    outer loop
      vertex 3.64058 27.645 0
      vertex 3.28036 28.0805 2
      vertex 3.28036 28.0805 0
    endloop
  endfacet
  facet normal -0.770563 -0.637364 0
    outer loop
      vertex 3.28036 28.0805 2
      vertex 3.64058 27.645 0
      vertex 3.64058 27.645 2
    endloop
  endfacet
  facet normal -0.248624 -0.9686 0
    outer loop
      vertex 0.843215 29.4203 0
      vertex 1.39058 29.2798 2
      vertex 0.843215 29.4203 2
    endloop
  endfacet
  facet normal -0.248624 -0.9686 -0
    outer loop
      vertex 1.39058 29.2798 2
      vertex 0.843215 29.4203 0
      vertex 1.39058 29.2798 0
    endloop
  endfacet
  facet normal -0.125285 -0.992121 0
    outer loop
      vertex 0.282557 29.4911 0
      vertex 0.843215 29.4203 2
      vertex 0.282557 29.4911 2
    endloop
  endfacet
  facet normal -0.125285 -0.992121 -0
    outer loop
      vertex 0.843215 29.4203 2
      vertex 0.282557 29.4911 0
      vertex 0.843215 29.4203 0
    endloop
  endfacet
  facet normal -0.481694 -0.87634 0
    outer loop
      vertex 1.91601 29.0717 0
      vertex 2.41122 28.7995 2
      vertex 1.91601 29.0717 2
    endloop
  endfacet
  facet normal -0.481694 -0.87634 -0
    outer loop
      vertex 2.41122 28.7995 2
      vertex 1.91601 29.0717 0
      vertex 2.41122 28.7995 0
    endloop
  endfacet
  facet normal -0.844309 0.535856 0
    outer loop
      vertex 3.64058 22.355 0
      vertex 3.94338 22.8321 2
      vertex 3.94338 22.8321 0
    endloop
  endfacet
  facet normal -0.844309 0.535856 0
    outer loop
      vertex 3.94338 22.8321 2
      vertex 3.64058 22.355 0
      vertex 3.64058 22.355 2
    endloop
  endfacet
  facet normal -0.998027 0.0627837 0
    outer loop
      vertex 4.46452 24.436 0
      vertex 4.5 25 2
      vertex 4.5 25 0
    endloop
  endfacet
  facet normal -0.998027 0.0627837 0
    outer loop
      vertex 4.5 25 2
      vertex 4.46452 24.436 0
      vertex 4.46452 24.436 2
    endloop
  endfacet
  facet normal -0.248624 0.9686 0
    outer loop
      vertex 1.39058 20.7202 0
      vertex 0.843215 20.5797 2
      vertex 1.39058 20.7202 2
    endloop
  endfacet
  facet normal -0.248624 0.9686 0
    outer loop
      vertex 0.843215 20.5797 2
      vertex 1.39058 20.7202 0
      vertex 0.843215 20.5797 0
    endloop
  endfacet
  facet normal -0.951064 -0.308994 0
    outer loop
      vertex 4.35862 26.1191 0
      vertex 4.18399 26.6566 2
      vertex 4.18399 26.6566 0
    endloop
  endfacet
  facet normal -0.951064 -0.308994 0
    outer loop
      vertex 4.18399 26.6566 2
      vertex 4.35862 26.1191 0
      vertex 4.35862 26.1191 2
    endloop
  endfacet
  facet normal -0.982284 -0.187397 0
    outer loop
      vertex 4.46452 25.564 0
      vertex 4.35862 26.1191 2
      vertex 4.35862 26.1191 0
    endloop
  endfacet
  facet normal -0.982284 -0.187397 0
    outer loop
      vertex 4.35862 26.1191 2
      vertex 4.46452 25.564 0
      vertex 4.46452 25.564 2
    endloop
  endfacet
  facet normal -0.90482 -0.425794 0
    outer loop
      vertex 4.18399 26.6566 0
      vertex 3.94338 27.1679 2
      vertex 3.94338 27.1679 0
    endloop
  endfacet
  facet normal -0.90482 -0.425794 0
    outer loop
      vertex 3.94338 27.1679 2
      vertex 4.18399 26.6566 0
      vertex 4.18399 26.6566 2
    endloop
  endfacet
  facet normal -0.684503 -0.72901 0
    outer loop
      vertex 2.86841 28.4673 0
      vertex 3.28036 28.0805 2
      vertex 2.86841 28.4673 2
    endloop
  endfacet
  facet normal -0.684503 -0.72901 -0
    outer loop
      vertex 3.28036 28.0805 2
      vertex 2.86841 28.4673 0
      vertex 3.28036 28.0805 0
    endloop
  endfacet
  facet normal -0.368228 -0.929736 0
    outer loop
      vertex 1.39058 29.2798 0
      vertex 1.91601 29.0717 2
      vertex 1.39058 29.2798 2
    endloop
  endfacet
  facet normal -0.368228 -0.929736 -0
    outer loop
      vertex 1.91601 29.0717 2
      vertex 1.39058 29.2798 0
      vertex 1.91601 29.0717 0
    endloop
  endfacet
  facet normal -0.684503 0.72901 0
    outer loop
      vertex 3.28036 21.9195 0
      vertex 2.86841 21.5327 2
      vertex 3.28036 21.9195 2
    endloop
  endfacet
  facet normal -0.684503 0.72901 0
    outer loop
      vertex 2.86841 21.5327 2
      vertex 3.28036 21.9195 0
      vertex 2.86841 21.5327 0
    endloop
  endfacet
  facet normal -0.982284 0.187397 0
    outer loop
      vertex 4.35862 23.8809 0
      vertex 4.46452 24.436 2
      vertex 4.46452 24.436 0
    endloop
  endfacet
  facet normal -0.982284 0.187397 0
    outer loop
      vertex 4.46452 24.436 2
      vertex 4.35862 23.8809 0
      vertex 4.35862 23.8809 2
    endloop
  endfacet
  facet normal -0.770563 0.637364 0
    outer loop
      vertex 3.28036 21.9195 0
      vertex 3.64058 22.355 2
      vertex 3.64058 22.355 0
    endloop
  endfacet
  facet normal -0.770563 0.637364 0
    outer loop
      vertex 3.64058 22.355 2
      vertex 3.28036 21.9195 0
      vertex 3.28036 21.9195 2
    endloop
  endfacet
  facet normal -0.481694 0.87634 0
    outer loop
      vertex 2.41122 21.2005 0
      vertex 1.91601 20.9283 2
      vertex 2.41122 21.2005 2
    endloop
  endfacet
  facet normal -0.481694 0.87634 0
    outer loop
      vertex 1.91601 20.9283 2
      vertex 2.41122 21.2005 0
      vertex 1.91601 20.9283 0
    endloop
  endfacet
  facet normal -0.368228 0.929736 0
    outer loop
      vertex 1.91601 20.9283 0
      vertex 1.39058 20.7202 2
      vertex 1.91601 20.9283 2
    endloop
  endfacet
  facet normal -0.368228 0.929736 0
    outer loop
      vertex 1.39058 20.7202 2
      vertex 1.91601 20.9283 0
      vertex 1.39058 20.7202 0
    endloop
  endfacet
  facet normal 0 -1 0
    outer loop
      vertex 0 29.4911 0
      vertex 0.282557 29.4911 2
      vertex 0 29.4911 2
    endloop
  endfacet
  facet normal 0 -1 -0
    outer loop
      vertex 0.282557 29.4911 2
      vertex 0 29.4911 0
      vertex 0.282557 29.4911 0
    endloop
  endfacet
  facet normal 0 0 -1
    outer loop
      vertex -0.100465 26.5968 2
      vertex 0 28.9921 2
      vertex 0.100465 26.5968 2
    endloop
  endfacet
  facet normal 0 0 -1
    outer loop
      vertex -0.100465 26.5968 2
      vertex -0.251162 28.9921 2
      vertex 0 28.9921 2
    endloop
  endfacet
  facet normal 0 0 -1
    outer loop
      vertex -0.299809 26.5717 2
      vertex -0.251162 28.9921 2
      vertex -0.100465 26.5968 2
    endloop
  endfacet
  facet normal 0 0 -1
    outer loop
      vertex -0.749525 28.9291 2
      vertex -0.299809 26.5717 2
      vertex -0.494427 26.5217 2
    endloop
  endfacet
  facet normal 0 0 -1
    outer loop
      vertex -1.23607 28.8042 2
      vertex -0.494427 26.5217 2
      vertex -0.681247 26.4477 2
    endloop
  endfacet
  facet normal 0 0 -1
    outer loop
      vertex -0.299809 26.5717 2
      vertex -0.749525 28.9291 2
      vertex -0.251162 28.9921 2
    endloop
  endfacet
  facet normal 0 0 -1
    outer loop
      vertex -1.70312 28.6193 2
      vertex -0.681247 26.4477 2
      vertex -0.857323 26.3509 2
    endloop
  endfacet
  facet normal 0 0 -1
    outer loop
      vertex -2.14331 28.3773 2
      vertex -0.857323 26.3509 2
      vertex -1.01988 26.2328 2
    endloop
  endfacet
  facet normal 0 0 -1
    outer loop
      vertex -2.5497 28.0821 2
      vertex -1.01988 26.2328 2
      vertex -1.16635 26.0953 2
    endloop
  endfacet
  facet normal 0 0 -1
    outer loop
      vertex -0.494427 26.5217 2
      vertex -1.23607 28.8042 2
      vertex -0.749525 28.9291 2
    endloop
  endfacet
  facet normal 0 0 -1
    outer loop
      vertex -2.91587 27.7382 2
      vertex -1.16635 26.0953 2
      vertex -1.29443 25.9405 2
    endloop
  endfacet
  facet normal 0 0 -1
    outer loop
      vertex -3.23607 27.3511 2
      vertex -1.29443 25.9405 2
      vertex -1.40209 25.7708 2
    endloop
  endfacet
  facet normal 0 0 -1
    outer loop
      vertex -3.50523 26.927 2
      vertex -1.40209 25.7708 2
      vertex -1.48764 25.589 2
    endloop
  endfacet
  facet normal 0 0 -1
    outer loop
      vertex -3.71911 26.4725 2
      vertex -1.48764 25.589 2
      vertex -1.54973 25.3979 2
    endloop
  endfacet
  facet normal 0 0 -1
    outer loop
      vertex -3.87433 25.9948 2
      vertex -1.54973 25.3979 2
      vertex -1.58738 25.2005 2
    endloop
  endfacet
  facet normal 0 0 -1
    outer loop
      vertex -0.681247 26.4477 2
      vertex -1.70312 28.6193 2
      vertex -1.23607 28.8042 2
    endloop
  endfacet
  facet normal 0 0 -1
    outer loop
      vertex -3.96846 25.5013 2
      vertex -1.58738 25.2005 2
      vertex -1.6 25 2
    endloop
  endfacet
  facet normal 0 0 -1
    outer loop
      vertex -3.50523 23.073 2
      vertex -1.40209 24.2292 2
      vertex -3.23607 22.6489 2
    endloop
  endfacet
  facet normal -0 0 -1
    outer loop
      vertex -1.40209 24.2292 2
      vertex -3.50523 23.073 2
      vertex -1.48764 24.411 2
    endloop
  endfacet
  facet normal 0 0 -1
    outer loop
      vertex -0.857323 26.3509 2
      vertex -2.14331 28.3773 2
      vertex -1.70312 28.6193 2
    endloop
  endfacet
  facet normal 0 0 -1
    outer loop
      vertex -3.71911 23.5275 2
      vertex -1.48764 24.411 2
      vertex -3.50523 23.073 2
    endloop
  endfacet
  facet normal 0 0 -1
    outer loop
      vertex -1.01988 26.2328 2
      vertex -2.5497 28.0821 2
      vertex -2.14331 28.3773 2
    endloop
  endfacet
  facet normal -0 0 -1
    outer loop
      vertex -1.48764 24.411 2
      vertex -3.71911 23.5275 2
      vertex -1.54973 24.6021 2
    endloop
  endfacet
  facet normal 0 0 -1
    outer loop
      vertex -1.16635 26.0953 2
      vertex -2.91587 27.7382 2
      vertex -2.5497 28.0821 2
    endloop
  endfacet
  facet normal 0 0 -1
    outer loop
      vertex -3.87433 24.0052 2
      vertex -1.54973 24.6021 2
      vertex -3.71911 23.5275 2
    endloop
  endfacet
  facet normal 0 0 -1
    outer loop
      vertex -1.29443 25.9405 2
      vertex -3.23607 27.3511 2
      vertex -2.91587 27.7382 2
    endloop
  endfacet
  facet normal -0 0 -1
    outer loop
      vertex -1.54973 24.6021 2
      vertex -3.87433 24.0052 2
      vertex -1.58738 24.7995 2
    endloop
  endfacet
  facet normal 0 0 -1
    outer loop
      vertex -1.40209 25.7708 2
      vertex -3.50523 26.927 2
      vertex -3.23607 27.3511 2
    endloop
  endfacet
  facet normal 0 0 -1
    outer loop
      vertex -3.96846 24.4987 2
      vertex -1.58738 24.7995 2
      vertex -3.87433 24.0052 2
    endloop
  endfacet
  facet normal 0 0 -1
    outer loop
      vertex -1.48764 25.589 2
      vertex -3.71911 26.4725 2
      vertex -3.50523 26.927 2
    endloop
  endfacet
  facet normal -0 0 -1
    outer loop
      vertex -1.58738 24.7995 2
      vertex -3.96846 24.4987 2
      vertex -1.6 25 2
    endloop
  endfacet
  facet normal 0 0 -1
    outer loop
      vertex -1.54973 25.3979 2
      vertex -3.87433 25.9948 2
      vertex -3.71911 26.4725 2
    endloop
  endfacet
  facet normal 0 0 -1
    outer loop
      vertex -4 25 2
      vertex -1.6 25 2
      vertex -3.96846 24.4987 2
    endloop
  endfacet
  facet normal 0 0 -1
    outer loop
      vertex -1.58738 25.2005 2
      vertex -3.96846 25.5013 2
      vertex -3.87433 25.9948 2
    endloop
  endfacet
  facet normal 0 0 -1
    outer loop
      vertex -1.6 25 2
      vertex -4 25 2
      vertex -3.96846 25.5013 2
    endloop
  endfacet
  facet normal 0 0 -1
    outer loop
      vertex 1.6 25 2
      vertex 4.5 25 2
      vertex 4.46452 24.436 2
    endloop
  endfacet
  facet normal 0 0 -1
    outer loop
      vertex 1.58738 24.7995 2
      vertex 4.46452 24.436 2
      vertex 4.35862 23.8809 2
    endloop
  endfacet
  facet normal 0 0 -1
    outer loop
      vertex 4.5 25 2
      vertex 1.6 25 2
      vertex 4.46452 25.564 2
    endloop
  endfacet
  facet normal 0 0 -1
    outer loop
      vertex 1.54973 24.6021 2
      vertex 4.35862 23.8809 2
      vertex 4.18399 23.3434 2
    endloop
  endfacet
  facet normal 0 0 -1
    outer loop
      vertex 1.58738 25.2005 2
      vertex 4.46452 25.564 2
      vertex 1.6 25 2
    endloop
  endfacet
  facet normal 0 0 -1
    outer loop
      vertex 1.48764 24.411 2
      vertex 4.18399 23.3434 2
      vertex 3.94338 22.8321 2
    endloop
  endfacet
  facet normal -0 0 -1
    outer loop
      vertex 4.46452 25.564 2
      vertex 1.58738 25.2005 2
      vertex 4.35862 26.1191 2
    endloop
  endfacet
  facet normal 0 0 -1
    outer loop
      vertex 1.40209 24.2292 2
      vertex 3.94338 22.8321 2
      vertex 3.64058 22.355 2
    endloop
  endfacet
  facet normal 0 0 -1
    outer loop
      vertex 1.54973 25.3979 2
      vertex 4.35862 26.1191 2
      vertex 1.58738 25.2005 2
    endloop
  endfacet
  facet normal 0 0 -1
    outer loop
      vertex 1.29443 24.0595 2
      vertex 3.64058 22.355 2
      vertex 3.28036 21.9195 2
    endloop
  endfacet
  facet normal -0 0 -1
    outer loop
      vertex 4.35862 26.1191 2
      vertex 1.54973 25.3979 2
      vertex 4.18399 26.6566 2
    endloop
  endfacet
  facet normal 0 0 -1
    outer loop
      vertex 1.16635 23.9047 2
      vertex 3.28036 21.9195 2
      vertex 2.86841 21.5327 2
    endloop
  endfacet
  facet normal 0 0 -1
    outer loop
      vertex 1.48764 25.589 2
      vertex 4.18399 26.6566 2
      vertex 1.54973 25.3979 2
    endloop
  endfacet
  facet normal 0 0 -1
    outer loop
      vertex 1.01988 23.7672 2
      vertex 2.86841 21.5327 2
      vertex 2.41122 21.2005 2
    endloop
  endfacet
  facet normal -0 0 -1
    outer loop
      vertex 4.18399 26.6566 2
      vertex 1.48764 25.589 2
      vertex 3.94338 27.1679 2
    endloop
  endfacet
  facet normal 0 0 -1
    outer loop
      vertex 0.857323 23.6491 2
      vertex 2.41122 21.2005 2
      vertex 1.91601 20.9283 2
    endloop
  endfacet
  facet normal 0 0 -1
    outer loop
      vertex 1.40209 25.7708 2
      vertex 3.94338 27.1679 2
      vertex 1.48764 25.589 2
    endloop
  endfacet
  facet normal -0 0 -1
    outer loop
      vertex 3.94338 27.1679 2
      vertex 1.40209 25.7708 2
      vertex 3.64058 27.645 2
    endloop
  endfacet
  facet normal 0 0 -1
    outer loop
      vertex 4.46452 24.436 2
      vertex 1.58738 24.7995 2
      vertex 1.6 25 2
    endloop
  endfacet
  facet normal 0 0 -1
    outer loop
      vertex 4.35862 23.8809 2
      vertex 1.54973 24.6021 2
      vertex 1.58738 24.7995 2
    endloop
  endfacet
  facet normal 0 0 -1
    outer loop
      vertex 4.18399 23.3434 2
      vertex 1.48764 24.411 2
      vertex 1.54973 24.6021 2
    endloop
  endfacet
  facet normal 0 0 -1
    outer loop
      vertex 3.94338 22.8321 2
      vertex 1.40209 24.2292 2
      vertex 1.48764 24.411 2
    endloop
  endfacet
  facet normal 0 0 -1
    outer loop
      vertex 0.681247 23.5523 2
      vertex 1.91601 20.9283 2
      vertex 1.39058 20.7202 2
    endloop
  endfacet
  facet normal 0 0 -1
    outer loop
      vertex 3.64058 22.355 2
      vertex 1.29443 24.0595 2
      vertex 1.40209 24.2292 2
    endloop
  endfacet
  facet normal 0 0 -1
    outer loop
      vertex 3.28036 21.9195 2
      vertex 1.16635 23.9047 2
      vertex 1.29443 24.0595 2
    endloop
  endfacet
  facet normal 0 0 -1
    outer loop
      vertex 2.86841 21.5327 2
      vertex 1.01988 23.7672 2
      vertex 1.16635 23.9047 2
    endloop
  endfacet
  facet normal 0 0 -1
    outer loop
      vertex 2.41122 21.2005 2
      vertex 0.857323 23.6491 2
      vertex 1.01988 23.7672 2
    endloop
  endfacet
  facet normal 0 0 -1
    outer loop
      vertex 0 21.0079 2
      vertex 1.39058 20.7202 2
      vertex 0.843215 20.5797 2
    endloop
  endfacet
  facet normal 0 0 -1
    outer loop
      vertex 1.91601 20.9283 2
      vertex 0.681247 23.5523 2
      vertex 0.857323 23.6491 2
    endloop
  endfacet
  facet normal 0 0 -1
    outer loop
      vertex 1.39058 20.7202 2
      vertex 0.494427 23.4783 2
      vertex 0.681247 23.5523 2
    endloop
  endfacet
  facet normal 0 0 -1
    outer loop
      vertex 1.39058 20.7202 2
      vertex 0 21.0079 2
      vertex 0.494427 23.4783 2
    endloop
  endfacet
  facet normal 0 0 -1
    outer loop
      vertex 0 21.0079 2
      vertex 0.843215 20.5797 2
      vertex 0.282557 20.5089 2
    endloop
  endfacet
  facet normal 0 0 -1
    outer loop
      vertex 0.494427 23.4783 2
      vertex 0 21.0079 2
      vertex 0.299809 23.4283 2
    endloop
  endfacet
  facet normal 0 0 -1
    outer loop
      vertex 0 21.0079 2
      vertex 0.282557 20.5089 2
      vertex 0 20.5089 2
    endloop
  endfacet
  facet normal 0 0 -1
    outer loop
      vertex 0.299809 23.4283 2
      vertex 0 21.0079 2
      vertex 0.100465 23.4032 2
    endloop
  endfacet
  facet normal 0 0 -1
    outer loop
      vertex 0 21.0079 2
      vertex -0.100465 23.4032 2
      vertex 0.100465 23.4032 2
    endloop
  endfacet
  facet normal 0 0 -1
    outer loop
      vertex -0.251162 21.0079 2
      vertex -0.100465 23.4032 2
      vertex 0 21.0079 2
    endloop
  endfacet
  facet normal 0 0 -1
    outer loop
      vertex -0.251162 21.0079 2
      vertex -0.299809 23.4283 2
      vertex -0.100465 23.4032 2
    endloop
  endfacet
  facet normal 0 0 -1
    outer loop
      vertex -0.749525 21.0709 2
      vertex -0.299809 23.4283 2
      vertex -0.251162 21.0079 2
    endloop
  endfacet
  facet normal -0 0 -1
    outer loop
      vertex -0.299809 23.4283 2
      vertex -0.749525 21.0709 2
      vertex -0.494427 23.4783 2
    endloop
  endfacet
  facet normal 0 0 -1
    outer loop
      vertex -1.23607 21.1958 2
      vertex -0.494427 23.4783 2
      vertex -0.749525 21.0709 2
    endloop
  endfacet
  facet normal -0 0 -1
    outer loop
      vertex -0.494427 23.4783 2
      vertex -1.23607 21.1958 2
      vertex -0.681247 23.5523 2
    endloop
  endfacet
  facet normal 0 0 -1
    outer loop
      vertex -1.70312 21.3807 2
      vertex -0.681247 23.5523 2
      vertex -1.23607 21.1958 2
    endloop
  endfacet
  facet normal -0 0 -1
    outer loop
      vertex -0.681247 23.5523 2
      vertex -1.70312 21.3807 2
      vertex -0.857323 23.6491 2
    endloop
  endfacet
  facet normal 0 0 -1
    outer loop
      vertex -2.14331 21.6227 2
      vertex -0.857323 23.6491 2
      vertex -1.70312 21.3807 2
    endloop
  endfacet
  facet normal -0 0 -1
    outer loop
      vertex -0.857323 23.6491 2
      vertex -2.14331 21.6227 2
      vertex -1.01988 23.7672 2
    endloop
  endfacet
  facet normal 0 0 -1
    outer loop
      vertex -2.5497 21.9179 2
      vertex -1.01988 23.7672 2
      vertex -2.14331 21.6227 2
    endloop
  endfacet
  facet normal -0 0 -1
    outer loop
      vertex -1.01988 23.7672 2
      vertex -2.5497 21.9179 2
      vertex -1.16635 23.9047 2
    endloop
  endfacet
  facet normal 0 0 -1
    outer loop
      vertex -2.91587 22.2618 2
      vertex -1.16635 23.9047 2
      vertex -2.5497 21.9179 2
    endloop
  endfacet
  facet normal -0 0 -1
    outer loop
      vertex -1.16635 23.9047 2
      vertex -2.91587 22.2618 2
      vertex -1.29443 24.0595 2
    endloop
  endfacet
  facet normal -0 0 -1
    outer loop
      vertex -1.29443 24.0595 2
      vertex -3.23607 22.6489 2
      vertex -1.40209 24.2292 2
    endloop
  endfacet
  facet normal 0 0 -1
    outer loop
      vertex -3.23607 22.6489 2
      vertex -1.29443 24.0595 2
      vertex -2.91587 22.2618 2
    endloop
  endfacet
  facet normal 0 0 -1
    outer loop
      vertex 1.29443 25.9405 2
      vertex 3.64058 27.645 2
      vertex 1.40209 25.7708 2
    endloop
  endfacet
  facet normal -0 0 -1
    outer loop
      vertex 3.64058 27.645 2
      vertex 1.29443 25.9405 2
      vertex 3.28036 28.0805 2
    endloop
  endfacet
  facet normal 0 0 -1
    outer loop
      vertex 1.16635 26.0953 2
      vertex 3.28036 28.0805 2
      vertex 1.29443 25.9405 2
    endloop
  endfacet
  facet normal -0 0 -1
    outer loop
      vertex 3.28036 28.0805 2
      vertex 1.16635 26.0953 2
      vertex 2.86841 28.4673 2
    endloop
  endfacet
  facet normal 0 0 -1
    outer loop
      vertex 1.01988 26.2328 2
      vertex 2.86841 28.4673 2
      vertex 1.16635 26.0953 2
    endloop
  endfacet
  facet normal -0 0 -1
    outer loop
      vertex 2.86841 28.4673 2
      vertex 1.01988 26.2328 2
      vertex 2.41122 28.7995 2
    endloop
  endfacet
  facet normal 0 0 -1
    outer loop
      vertex 0.857323 26.3509 2
      vertex 2.41122 28.7995 2
      vertex 1.01988 26.2328 2
    endloop
  endfacet
  facet normal -0 0 -1
    outer loop
      vertex 2.41122 28.7995 2
      vertex 0.857323 26.3509 2
      vertex 1.91601 29.0717 2
    endloop
  endfacet
  facet normal 0 0 -1
    outer loop
      vertex 0.681247 26.4477 2
      vertex 1.91601 29.0717 2
      vertex 0.857323 26.3509 2
    endloop
  endfacet
  facet normal -0 0 -1
    outer loop
      vertex 1.91601 29.0717 2
      vertex 0.681247 26.4477 2
      vertex 1.39058 29.2798 2
    endloop
  endfacet
  facet normal 0 0 -1
    outer loop
      vertex 0.494427 26.5217 2
      vertex 1.39058 29.2798 2
      vertex 0.681247 26.4477 2
    endloop
  endfacet
  facet normal 0 0 -1
    outer loop
      vertex 0 28.9921 2
      vertex 1.39058 29.2798 2
      vertex 0.494427 26.5217 2
    endloop
  endfacet
  facet normal 0 0 -1
    outer loop
      vertex 0 28.9921 2
      vertex 0.494427 26.5217 2
      vertex 0.299809 26.5717 2
    endloop
  endfacet
  facet normal -0 0 -1
    outer loop
      vertex 1.39058 29.2798 2
      vertex 0 28.9921 2
      vertex 0.843215 29.4203 2
    endloop
  endfacet
  facet normal 0 0 -1
    outer loop
      vertex 0 28.9921 2
      vertex 0.299809 26.5717 2
      vertex 0.100465 26.5968 2
    endloop
  endfacet
  facet normal -0 0 -1
    outer loop
      vertex 0.843215 29.4203 2
      vertex 0 28.9921 2
      vertex 0.282557 29.4911 2
    endloop
  endfacet
  facet normal -0 0 -1
    outer loop
      vertex 0.282557 29.4911 2
      vertex 0 28.9921 2
      vertex 0 29.4911 2
    endloop
  endfacet
  facet normal -0.951064 0.308994 0
    outer loop
      vertex 4.18399 23.3434 0
      vertex 4.35862 23.8809 2
      vertex 4.35862 23.8809 0
    endloop
  endfacet
  facet normal -0.951064 0.308994 0
    outer loop
      vertex 4.35862 23.8809 2
      vertex 4.18399 23.3434 0
      vertex 4.18399 23.3434 2
    endloop
  endfacet
  facet normal -0.90482 0.425794 0
    outer loop
      vertex 3.94338 22.8321 0
      vertex 4.18399 23.3434 2
      vertex 4.18399 23.3434 0
    endloop
  endfacet
  facet normal -0.90482 0.425794 0
    outer loop
      vertex 4.18399 23.3434 2
      vertex 3.94338 22.8321 0
      vertex 3.94338 22.8321 2
    endloop
  endfacet
  facet normal 0 1 -0
    outer loop
      vertex 0.282557 20.5089 0
      vertex 0 20.5089 2
      vertex 0.282557 20.5089 2
    endloop
  endfacet
  facet normal 0 1 0
    outer loop
      vertex 0 20.5089 2
      vertex 0.282557 20.5089 0
      vertex 0 20.5089 0
    endloop
  endfacet
  facet normal -0.587822 0.80899 0
    outer loop
      vertex 2.86841 21.5327 0
      vertex 2.41122 21.2005 2
      vertex 2.86841 21.5327 2
    endloop
  endfacet
  facet normal -0.587822 0.80899 0
    outer loop
      vertex 2.41122 21.2005 2
      vertex 2.86841 21.5327 0
      vertex 2.41122 21.2005 0
    endloop
  endfacet
  facet normal -0.125285 0.992121 0
    outer loop
      vertex 0.843215 20.5797 0
      vertex 0.282557 20.5089 2
      vertex 0.843215 20.5797 2
    endloop
  endfacet
  facet normal -0.125285 0.992121 0
    outer loop
      vertex 0.282557 20.5089 2
      vertex 0.843215 20.5797 0
      vertex 0.282557 20.5089 0
    endloop
  endfacet
  facet normal 1 -0 0
    outer loop
      vertex 20 20 6
      vertex 20 30 0
      vertex 20 30 6
    endloop
  endfacet
  facet normal 1 0 0
    outer loop
      vertex 20 30 0
      vertex 20 20 6
      vertex 20 20 0
    endloop
  endfacet
  facet normal -1 0 0
    outer loop
      vertex 30 20 0
      vertex 30 30 6
      vertex 30 30 0
    endloop
  endfacet
  facet normal -1 -0 0
    outer loop
      vertex 30 30 6
      vertex 30 20 0
      vertex 30 20 6
    endloop
  endfacet
  facet normal 0 1 -0
    outer loop
      vertex 30 20 0
      vertex 20 20 6
      vertex 30 20 6
    endloop
  endfacet
  facet normal 0 1 0
    outer loop
      vertex 20 20 6
      vertex 30 20 0
      vertex 20 20 0
    endloop
  endfacet
  facet normal 0 -1 0
    outer loop
      vertex 20 30 0
      vertex 30 30 6
      vertex 20 30 6
    endloop
  endfacet
  facet normal 0 -1 -0
    outer loop
      vertex 30 30 6
      vertex 20 30 0
      vertex 30 30 0
    endloop
  endfacet
  facet normal 1 -0 0
    outer loop
      vertex 22 33 3
      vertex 22 45 0
      vertex 22 45 3
    endloop
  endfacet
  facet normal 1 0 0
    outer loop
      vertex 22 45 0
      vertex 22 33 3
      vertex 22 33 0
    endloop
  endfacet
  facet normal -1 0 0
    outer loop
      vertex 45 33 0
      vertex 45 45 3
      vertex 45 45 0
    endloop
  endfacet
  facet normal -1 -0 0
    outer loop
      vertex 45 45 3
      vertex 45 33 0
      vertex 45 33 3
    endloop
  endfacet
  facet normal 0 -1 0
    outer loop
      vertex 22 45 0
      vertex 45 45 3
      vertex 22 45 3
    endloop
  endfacet
  facet normal 0 -1 -0
    outer loop
      vertex 45 45 3
      vertex 22 45 0
      vertex 45 45 0
    endloop
  endfacet
  facet normal 0 -1 0
    outer loop
      vertex 22 45 3
      vertex 17 45 6
      vertex 17 45 3
    endloop
  endfacet
  facet normal 0 -1 0
    outer loop
      vertex 17 45 6
      vertex 22 45 3
      vertex 50 45 6
    endloop
  endfacet
  facet normal 0 -1 0
    outer loop
      vertex 45 45 3
      vertex 50 45 6
      vertex 22 45 3
    endloop
  endfacet
  facet normal 0 -1 -0
    outer loop
      vertex 50 45 6
      vertex 45 45 3
      vertex 50 45 3
    endloop
  endfacet
  facet normal 0 -1 0
    outer loop
      vertex 5 45 0
      vertex 17 45 3
      vertex 5 45 3
    endloop
  endfacet
  facet normal 0 -1 -0
    outer loop
      vertex 17 45 3
      vertex 5 45 0
      vertex 17 45 0
    endloop
  endfacet
  facet normal 0 1 0
    outer loop
      vertex 22 33 3
      vertex 33 33 6
      vertex 33 33 3
    endloop
  endfacet
  facet normal 0 1 0
    outer loop
      vertex 33 33 6
      vertex 22 33 3
      vertex 17 33 6
    endloop
  endfacet
  facet normal 0 1 0
    outer loop
      vertex 17 33 6
      vertex 22 33 3
      vertex 17 33 3
    endloop
  endfacet
  facet normal 0 1 -0
    outer loop
      vertex 45 33 0
      vertex 33 33 3
      vertex 45 33 3
    endloop
  endfacet
  facet normal 0 1 0
    outer loop
      vertex 22 33 0
      vertex 33 33 3
      vertex 45 33 0
    endloop
  endfacet
  facet normal 0 1 0
    outer loop
      vertex 33 33 3
      vertex 22 33 0
      vertex 22 33 3
    endloop
  endfacet
  facet normal 0 1 -0
    outer loop
      vertex 50 33 3
      vertex 45 33 6
      vertex 50 33 6
    endloop
  endfacet
  facet normal 0 1 0
    outer loop
      vertex 45 33 6
      vertex 50 33 3
      vertex 45 33 3
    endloop
  endfacet
  facet normal 1 0 0
    outer loop
      vertex 33 33 6
      vertex 33 28 3
      vertex 33 33 3
    endloop
  endfacet
  facet normal 1 -0 0
    outer loop
      vertex 33 17 6
      vertex 33 28 3
      vertex 33 33 6
    endloop
  endfacet
  facet normal 1 0 0
    outer loop
      vertex 33 17 3
      vertex 33 28 3
      vertex 33 17 6
    endloop
  endfacet
  facet normal 1 0 0
    outer loop
      vertex 33 28 3
      vertex 33 17 3
      vertex 33 28 0
    endloop
  endfacet
  facet normal 1 0 0
    outer loop
      vertex 33 5 0
      vertex 33 17 3
      vertex 33 5 3
    endloop
  endfacet
  facet normal 1 0 0
    outer loop
      vertex 33 17 3
      vertex 33 5 0
      vertex 33 28 0
    endloop
  endfacet
  facet normal 1 -0 0
    outer loop
      vertex 33 0 6
      vertex 33 5 3
      vertex 33 5 6
    endloop
  endfacet
  facet normal 1 0 0
    outer loop
      vertex 33 5 3
      vertex 33 0 6
      vertex 33 0 3
    endloop
  endfacet
  facet normal -1 0 0
    outer loop
      vertex 45 28 0
      vertex 45 5 0
      vertex 45 28 3
    endloop
  endfacet
  facet normal -1 0 0
    outer loop
      vertex 45 28 3
      vertex 45 33 6
      vertex 45 33 3
    endloop
  endfacet
  facet normal -1 0 0
    outer loop
      vertex 45 5 3
      vertex 45 28 3
      vertex 45 5 0
    endloop
  endfacet
  facet normal -1 0 0
    outer loop
      vertex 45 28 3
      vertex 45 5 3
      vertex 45 33 6
    endloop
  endfacet
  facet normal -1 0 0
    outer loop
      vertex 45 0 6
      vertex 45 5 3
      vertex 45 0 3
    endloop
  endfacet
  facet normal -1 0 0
    outer loop
      vertex 45 5 3
      vertex 45 0 6
      vertex 45 33 6
    endloop
  endfacet
  facet normal 0 -1 0
    outer loop
      vertex 33 28 0
      vertex 45 28 3
      vertex 33 28 3
    endloop
  endfacet
  facet normal 0 -1 -0
    outer loop
      vertex 45 28 3
      vertex 33 28 0
      vertex 45 28 0
    endloop
  endfacet
  facet normal 0 1 -0
    outer loop
      vertex 45 5 0
      vertex 33 5 3
      vertex 45 5 3
    endloop
  endfacet
  facet normal 0 1 0
    outer loop
      vertex 33 5 3
      vertex 45 5 0
      vertex 33 5 0
    endloop
  endfacet
  facet normal 1 -0 0
    outer loop
      vertex 5 5 3
      vertex 5 17 0
      vertex 5 17 3
    endloop
  endfacet
  facet normal 1 0 0
    outer loop
      vertex 5 17 0
      vertex 5 5 3
      vertex 5 5 0
    endloop
  endfacet
  facet normal -1 0 0
    outer loop
      vertex 28 5 0
      vertex 28 17 3
      vertex 28 17 0
    endloop
  endfacet
  facet normal -1 -0 0
    outer loop
      vertex 28 17 3
      vertex 28 5 0
      vertex 28 5 3
    endloop
  endfacet
  facet normal 0 -1 0
    outer loop
      vertex 28 17 3
      vertex 17 17 6
      vertex 17 17 3
    endloop
  endfacet
  facet normal 0 -1 0
    outer loop
      vertex 17 17 6
      vertex 28 17 3
      vertex 33 17 6
    endloop
  endfacet
  facet normal 0 -1 -0
    outer loop
      vertex 33 17 6
      vertex 28 17 3
      vertex 33 17 3
    endloop
  endfacet
  facet normal 0 -1 0
    outer loop
      vertex 5 17 0
      vertex 17 17 3
      vertex 5 17 3
    endloop
  endfacet
  facet normal 0 -1 0
    outer loop
      vertex 28 17 0
      vertex 17 17 3
      vertex 5 17 0
    endloop
  endfacet
  facet normal 0 -1 0
    outer loop
      vertex 17 17 3
      vertex 28 17 0
      vertex 28 17 3
    endloop
  endfacet
  facet normal 0 -1 0
    outer loop
      vertex 0 17 3
      vertex 5 17 6
      vertex 0 17 6
    endloop
  endfacet
  facet normal 0 -1 -0
    outer loop
      vertex 5 17 6
      vertex 0 17 3
      vertex 5 17 3
    endloop
  endfacet
  facet normal 0 1 -0
    outer loop
      vertex 28 5 0
      vertex 5 5 3
      vertex 28 5 3
    endloop
  endfacet
  facet normal 0 1 0
    outer loop
      vertex 5 5 3
      vertex 28 5 0
      vertex 5 5 0
    endloop
  endfacet
  facet normal 0 1 0
    outer loop
      vertex 28 5 3
      vertex 33 5 6
      vertex 33 5 3
    endloop
  endfacet
  facet normal 0 1 0
    outer loop
      vertex 33 5 6
      vertex 28 5 3
      vertex 0 5 6
    endloop
  endfacet
  facet normal 0 1 -0
    outer loop
      vertex 5 5 3
      vertex 0 5 6
      vertex 28 5 3
    endloop
  endfacet
  facet normal 0 1 0
    outer loop
      vertex 0 5 6
      vertex 5 5 3
      vertex 0 5 3
    endloop
  endfacet
  facet normal 1 0 0
    outer loop
      vertex 5 50 6
      vertex 5 45 3
      vertex 5 50 3
    endloop
  endfacet
  facet normal 1 0 0
    outer loop
      vertex 5 45 3
      vertex 5 22 3
      vertex 5 45 0
    endloop
  endfacet
  facet normal 1 0 0
    outer loop
      vertex 5 50 6
      vertex 5 22 3
      vertex 5 45 3
    endloop
  endfacet
  facet normal 1 -0 0
    outer loop
      vertex 5 17 6
      vertex 5 22 3
      vertex 5 50 6
    endloop
  endfacet
  facet normal 1 0 0
    outer loop
      vertex 5 22 3
      vertex 5 17 6
      vertex 5 17 3
    endloop
  endfacet
  facet normal 1 0 0
    outer loop
      vertex 5 45 0
      vertex 5 22 3
      vertex 5 22 0
    endloop
  endfacet
  facet normal -1 0 0
    outer loop
      vertex 17 45 0
      vertex 17 33 3
      vertex 17 45 3
    endloop
  endfacet
  facet normal -1 0 0
    outer loop
      vertex 17 22 0
      vertex 17 33 3
      vertex 17 45 0
    endloop
  endfacet
  facet normal -1 0 0
    outer loop
      vertex 17 22 3
      vertex 17 33 3
      vertex 17 22 0
    endloop
  endfacet
  facet normal -1 0 0
    outer loop
      vertex 17 33 3
      vertex 17 22 3
      vertex 17 33 6
    endloop
  endfacet
  facet normal -1 0 0
    outer loop
      vertex 17 17 6
      vertex 17 22 3
      vertex 17 17 3
    endloop
  endfacet
  facet normal -1 0 0
    outer loop
      vertex 17 22 3
      vertex 17 17 6
      vertex 17 33 6
    endloop
  endfacet
  facet normal 0 1 -0
    outer loop
      vertex 17 22 0
      vertex 5 22 3
      vertex 17 22 3
    endloop
  endfacet
  facet normal 0 1 0
    outer loop
      vertex 5 22 3
      vertex 17 22 0
      vertex 5 22 0
    endloop
  endfacet
  facet normal -0 0 1
    outer loop
      vertex 17 45 3
      vertex 22 33 3
      vertex 22 45 3
    endloop
  endfacet
  facet normal 0 0 1
    outer loop
      vertex 22 33 3
      vertex 17 45 3
      vertex 17 33 3
    endloop
  endfacet
  facet normal -0 0 1
    outer loop
      vertex 45 45 3
      vertex 50 33 3
      vertex 50 45 3
    endloop
  endfacet
  facet normal 0 0 1
    outer loop
      vertex 50 33 3
      vertex 45 45 3
      vertex 45 33 3
    endloop
  endfacet
  facet normal -0 0 1
    outer loop
      vertex 33 5 3
      vertex 45 0 3
      vertex 45 5 3
    endloop
  endfacet
  facet normal 0 0 1
    outer loop
      vertex 45 0 3
      vertex 33 5 3
      vertex 33 0 3
    endloop
  endfacet
  facet normal -0 0 1
    outer loop
      vertex 33 33 3
      vertex 45 28 3
      vertex 45 33 3
    endloop
  endfacet
  facet normal 0 0 1
    outer loop
      vertex 45 28 3
      vertex 33 33 3
      vertex 33 28 3
    endloop
  endfacet
  facet normal -0 0 1
    outer loop
      vertex 0 17 3
      vertex 5 5 3
      vertex 5 17 3
    endloop
  endfacet
  facet normal 0 0 1
    outer loop
      vertex 5 5 3
      vertex 0 17 3
      vertex 0 5 3
    endloop
  endfacet
  facet normal -0 0 1
    outer loop
      vertex 28 17 3
      vertex 33 5 3
      vertex 33 17 3
    endloop
  endfacet
  facet normal 0 0 1
    outer loop
      vertex 33 5 3
      vertex 28 17 3
      vertex 28 5 3
    endloop
  endfacet
  facet normal -0 0 1
    outer loop
      vertex 5 22 3
      vertex 17 17 3
      vertex 17 22 3
    endloop
  endfacet
  facet normal 0 0 1
    outer loop
      vertex 17 17 3
      vertex 5 22 3
      vertex 5 17 3
    endloop
  endfacet
  facet normal -1 0 0
    outer loop
      vertex 17 45 3
      vertex 17 50 6
      vertex 17 50 3
    endloop
  endfacet
  facet normal -1 -0 0
    outer loop
      vertex 17 50 6
      vertex 17 45 3
      vertex 17 45 6
    endloop
  endfacet
  facet normal -0 0 1
    outer loop
      vertex 5 50 3
      vertex 17 45 3
      vertex 17 50 3
    endloop
  endfacet
  facet normal 0 0 1
    outer loop
      vertex 17 45 3
      vertex 5 50 3
      vertex 5 45 3
    endloop
  endfacet
endsolid OpenSCAD_Model
