solid OpenSCAD_Model
  facet normal 0.998032 0.0627129 0
    outer loop
      vertex 29 50 6
      vertex 28.9685 50.5013 0
      vertex 28.9685 50.5013 6
    endloop
  endfacet
  facet normal 0.998032 0.0627129 0
    outer loop
      vertex 28.9685 50.5013 0
      vertex 29 50 6
      vertex 29 50 0
    endloop
  endfacet
  facet normal -0.125431 0.992102 0
    outer loop
      vertex 24.7488 53.9921 0
      vertex 24.2505 53.9291 6
      vertex 24.7488 53.9921 6
    endloop
  endfacet
  facet normal -0.125431 0.992102 0
    outer loop
      vertex 24.2505 53.9291 6
      vertex 24.7488 53.9921 0
      vertex 24.2505 53.9291 0
    endloop
  endfacet
  facet normal 0.587698 0.80908 -0
    outer loop
      vertex 27.5497 53.0821 0
      vertex 27.1433 53.3773 6
      vertex 27.5497 53.0821 6
    endloop
  endfacet
  facet normal 0.587698 0.80908 0
    outer loop
      vertex 27.1433 53.3773 6
      vertex 27.5497 53.0821 0
      vertex 27.1433 53.3773 0
    endloop
  endfacet
  facet normal -0.770549 0.63738 0
    outer loop
      vertex 21.7639 52.3511 0
      vertex 22.0841 52.7382 6
      vertex 22.0841 52.7382 0
    endloop
  endfacet
  facet normal -0.770549 0.63738 0
    outer loop
      vertex 22.0841 52.7382 6
      vertex 21.7639 52.3511 0
      vertex 21.7639 52.3511 6
    endloop
  endfacet
  facet normal -0.481751 0.876308 0
    outer loop
      vertex 23.2969 53.6193 0
      vertex 22.8567 53.3773 6
      vertex 23.2969 53.6193 6
    endloop
  endfacet
  facet normal -0.481751 0.876308 0
    outer loop
      vertex 22.8567 53.3773 6
      vertex 23.2969 53.6193 0
      vertex 22.8567 53.3773 0
    endloop
  endfacet
  facet normal 0.844366 0.535767 0
    outer loop
      vertex 28.5052 51.927 6
      vertex 28.2361 52.3511 0
      vertex 28.2361 52.3511 6
    endloop
  endfacet
  facet normal 0.844366 0.535767 0
    outer loop
      vertex 28.2361 52.3511 0
      vertex 28.5052 51.927 6
      vertex 28.5052 51.927 0
    endloop
  endfacet
  facet normal 0.770549 0.63738 0
    outer loop
      vertex 28.2361 52.3511 6
      vertex 27.9159 52.7382 0
      vertex 27.9159 52.7382 6
    endloop
  endfacet
  facet normal 0.770549 0.63738 0
    outer loop
      vertex 27.9159 52.7382 0
      vertex 28.2361 52.3511 6
      vertex 28.2361 52.3511 0
    endloop
  endfacet
  facet normal 0.24862 0.968601 -0
    outer loop
      vertex 26.2361 53.8042 0
      vertex 25.7495 53.9291 6
      vertex 26.2361 53.8042 6
    endloop
  endfacet
  facet normal 0.24862 0.968601 0
    outer loop
      vertex 25.7495 53.9291 6
      vertex 26.2361 53.8042 0
      vertex 25.7495 53.9291 0
    endloop
  endfacet
  facet normal 0.125431 0.992102 -0
    outer loop
      vertex 25.7495 53.9291 0
      vertex 25.2512 53.9921 6
      vertex 25.7495 53.9291 6
    endloop
  endfacet
  facet normal 0.125431 0.992102 0
    outer loop
      vertex 25.2512 53.9921 6
      vertex 25.7495 53.9291 0
      vertex 25.2512 53.9921 0
    endloop
  endfacet
  facet normal 0.368127 0.929775 -0
    outer loop
      vertex 26.7031 53.6193 0
      vertex 26.2361 53.8042 6
      vertex 26.7031 53.6193 6
    endloop
  endfacet
  facet normal 0.368127 0.929775 0
    outer loop
      vertex 26.2361 53.8042 6
      vertex 26.7031 53.6193 0
      vertex 26.2361 53.8042 0
    endloop
  endfacet
  facet normal -0.951065 0.308992 0
    outer loop
      vertex 21.1257 50.9948 0
      vertex 21.2809 51.4725 6
      vertex 21.2809 51.4725 0
    endloop
  endfacet
  facet normal -0.951065 0.308992 0
    outer loop
      vertex 21.2809 51.4725 6
      vertex 21.1257 50.9948 0
      vertex 21.1257 50.9948 6
    endloop
  endfacet
  facet normal -0.982265 0.187496 0
    outer loop
      vertex 21.0315 50.5013 0
      vertex 21.1257 50.9948 6
      vertex 21.1257 50.9948 0
    endloop
  endfacet
  facet normal -0.982265 0.187496 0
    outer loop
      vertex 21.1257 50.9948 6
      vertex 21.0315 50.5013 0
      vertex 21.0315 50.5013 6
    endloop
  endfacet
  facet normal -0.24862 0.968601 0
    outer loop
      vertex 24.2505 53.9291 0
      vertex 23.7639 53.8042 6
      vertex 24.2505 53.9291 6
    endloop
  endfacet
  facet normal -0.24862 0.968601 0
    outer loop
      vertex 23.7639 53.8042 6
      vertex 24.2505 53.9291 0
      vertex 23.7639 53.8042 0
    endloop
  endfacet
  facet normal 0.951065 0.308992 0
    outer loop
      vertex 28.8743 50.9948 6
      vertex 28.7191 51.4725 0
      vertex 28.7191 51.4725 6
    endloop
  endfacet
  facet normal 0.951065 0.308992 0
    outer loop
      vertex 28.7191 51.4725 0
      vertex 28.8743 50.9948 6
      vertex 28.8743 50.9948 0
    endloop
  endfacet
  facet normal 0.982265 0.187496 0
    outer loop
      vertex 28.9685 50.5013 6
      vertex 28.8743 50.9948 0
      vertex 28.8743 50.9948 6
    endloop
  endfacet
  facet normal 0.982265 0.187496 0
    outer loop
      vertex 28.8743 50.9948 0
      vertex 28.9685 50.5013 6
      vertex 28.9685 50.5013 0
    endloop
  endfacet
  facet normal 0.904805 0.425826 0
    outer loop
      vertex 28.7191 51.4725 6
      vertex 28.5052 51.927 0
      vertex 28.5052 51.927 6
    endloop
  endfacet
  facet normal 0.904805 0.425826 0
    outer loop
      vertex 28.5052 51.927 0
      vertex 28.7191 51.4725 6
      vertex 28.7191 51.4725 0
    endloop
  endfacet
  facet normal 0.684563 0.728953 -0
    outer loop
      vertex 27.9159 52.7382 0
      vertex 27.5497 53.0821 6
      vertex 27.9159 52.7382 6
    endloop
  endfacet
  facet normal 0.684563 0.728953 0
    outer loop
      vertex 27.5497 53.0821 6
      vertex 27.9159 52.7382 0
      vertex 27.5497 53.0821 0
    endloop
  endfacet
  facet normal 0 1 -0
    outer loop
      vertex 25.2512 53.9921 0
      vertex 24.7488 53.9921 6
      vertex 25.2512 53.9921 6
    endloop
  endfacet
  facet normal 0 1 0
    outer loop
      vertex 24.7488 53.9921 6
      vertex 25.2512 53.9921 0
      vertex 24.7488 53.9921 0
    endloop
  endfacet
  facet normal 0.481751 0.876308 -0
    outer loop
      vertex 27.1433 53.3773 0
      vertex 26.7031 53.6193 6
      vertex 27.1433 53.3773 6
    endloop
  endfacet
  facet normal 0.481751 0.876308 0
    outer loop
      vertex 26.7031 53.6193 6
      vertex 27.1433 53.3773 0
      vertex 26.7031 53.6193 0
    endloop
  endfacet
  facet normal 0 0 -1
    outer loop
      vertex -0.100465 26.5968 0
      vertex 0 28.9921 0
      vertex 0.100465 26.5968 0
    endloop
  endfacet
  facet normal 0 0 -1
    outer loop
      vertex -0.100465 26.5968 0
      vertex -0.251162 28.9921 0
      vertex 0 28.9921 0
    endloop
  endfacet
  facet normal 0 0 -1
    outer loop
      vertex -0.299809 26.5717 0
      vertex -0.251162 28.9921 0
      vertex -0.100465 26.5968 0
    endloop
  endfacet
  facet normal 0 0 -1
    outer loop
      vertex -0.749525 28.9291 0
      vertex -0.299809 26.5717 0
      vertex -0.494427 26.5217 0
    endloop
  endfacet
  facet normal 0 0 -1
    outer loop
      vertex -1.23607 28.8042 0
      vertex -0.494427 26.5217 0
      vertex -0.681247 26.4477 0
    endloop
  endfacet
  facet normal 0 0 -1
    outer loop
      vertex -0.299809 26.5717 0
      vertex -0.749525 28.9291 0
      vertex -0.251162 28.9921 0
    endloop
  endfacet
  facet normal 0 0 -1
    outer loop
      vertex -1.70312 28.6193 0
      vertex -0.681247 26.4477 0
      vertex -0.857323 26.3509 0
    endloop
  endfacet
  facet normal 0 0 -1
    outer loop
      vertex -2.14331 28.3773 0
      vertex -0.857323 26.3509 0
      vertex -1.01988 26.2328 0
    endloop
  endfacet
  facet normal 0 0 -1
    outer loop
      vertex -2.5497 28.0821 0
      vertex -1.01988 26.2328 0
      vertex -1.16635 26.0953 0
    endloop
  endfacet
  facet normal 0 0 -1
    outer loop
      vertex -0.494427 26.5217 0
      vertex -1.23607 28.8042 0
      vertex -0.749525 28.9291 0
    endloop
  endfacet
  facet normal 0 0 -1
    outer loop
      vertex -2.91587 27.7382 0
      vertex -1.16635 26.0953 0
      vertex -1.29443 25.9405 0
    endloop
  endfacet
  facet normal 0 0 -1
    outer loop
      vertex -3.23607 27.3511 0
      vertex -1.29443 25.9405 0
      vertex -1.40209 25.7708 0
    endloop
  endfacet
  facet normal 0 0 -1
    outer loop
      vertex -3.50523 26.927 0
      vertex -1.40209 25.7708 0
      vertex -1.48764 25.589 0
    endloop
  endfacet
  facet normal 0 0 -1
    outer loop
      vertex -3.71911 26.4725 0
      vertex -1.48764 25.589 0
      vertex -1.54973 25.3979 0
    endloop
  endfacet
  facet normal 0 0 -1
    outer loop
      vertex -3.87433 25.9948 0
      vertex -1.54973 25.3979 0
      vertex -1.58738 25.2005 0
    endloop
  endfacet
  facet normal 0 0 -1
    outer loop
      vertex -0.681247 26.4477 0
      vertex -1.70312 28.6193 0
      vertex -1.23607 28.8042 0
    endloop
  endfacet
  facet normal 0 0 -1
    outer loop
      vertex -3.96846 25.5013 0
      vertex -1.58738 25.2005 0
      vertex -1.6 25 0
    endloop
  endfacet
  facet normal 0 0 -1
    outer loop
      vertex -3.50523 23.073 0
      vertex -1.40209 24.2292 0
      vertex -3.23607 22.6489 0
    endloop
  endfacet
  facet normal -0 0 -1
    outer loop
      vertex -1.40209 24.2292 0
      vertex -3.50523 23.073 0
      vertex -1.48764 24.411 0
    endloop
  endfacet
  facet normal 0 0 -1
    outer loop
      vertex -0.857323 26.3509 0
      vertex -2.14331 28.3773 0
      vertex -1.70312 28.6193 0
    endloop
  endfacet
  facet normal 0 0 -1
    outer loop
      vertex -3.71911 23.5275 0
      vertex -1.48764 24.411 0
      vertex -3.50523 23.073 0
    endloop
  endfacet
  facet normal 0 0 -1
    outer loop
      vertex -1.01988 26.2328 0
      vertex -2.5497 28.0821 0
      vertex -2.14331 28.3773 0
    endloop
  endfacet
  facet normal -0 0 -1
    outer loop
      vertex -1.48764 24.411 0
      vertex -3.71911 23.5275 0
      vertex -1.54973 24.6021 0
    endloop
  endfacet
  facet normal 0 0 -1
    outer loop
      vertex -1.16635 26.0953 0
      vertex -2.91587 27.7382 0
      vertex -2.5497 28.0821 0
    endloop
  endfacet
  facet normal 0 0 -1
    outer loop
      vertex -3.87433 24.0052 0
      vertex -1.54973 24.6021 0
      vertex -3.71911 23.5275 0
    endloop
  endfacet
  facet normal 0 0 -1
    outer loop
      vertex -1.29443 25.9405 0
      vertex -3.23607 27.3511 0
      vertex -2.91587 27.7382 0
    endloop
  endfacet
  facet normal -0 0 -1
    outer loop
      vertex -1.54973 24.6021 0
      vertex -3.87433 24.0052 0
      vertex -1.58738 24.7995 0
    endloop
  endfacet
  facet normal 0 0 -1
    outer loop
      vertex -1.40209 25.7708 0
      vertex -3.50523 26.927 0
      vertex -3.23607 27.3511 0
    endloop
  endfacet
  facet normal 0 0 -1
    outer loop
      vertex -3.96846 24.4987 0
      vertex -1.58738 24.7995 0
      vertex -3.87433 24.0052 0
    endloop
  endfacet
  facet normal 0 0 -1
    outer loop
      vertex -1.48764 25.589 0
      vertex -3.71911 26.4725 0
      vertex -3.50523 26.927 0
    endloop
  endfacet
  facet normal -0 0 -1
    outer loop
      vertex -1.58738 24.7995 0
      vertex -3.96846 24.4987 0
      vertex -1.6 25 0
    endloop
  endfacet
  facet normal 0 0 -1
    outer loop
      vertex -1.54973 25.3979 0
      vertex -3.87433 25.9948 0
      vertex -3.71911 26.4725 0
    endloop
  endfacet
  facet normal 0 0 -1
    outer loop
      vertex -4 25 0
      vertex -1.6 25 0
      vertex -3.96846 24.4987 0
    endloop
  endfacet
  facet normal 0 0 -1
    outer loop
      vertex -1.58738 25.2005 0
      vertex -3.96846 25.5013 0
      vertex -3.87433 25.9948 0
    endloop
  endfacet
  facet normal 0 0 -1
    outer loop
      vertex -1.6 25 0
      vertex -4 25 0
      vertex -3.96846 25.5013 0
    endloop
  endfacet
  facet normal 0 0 -1
    outer loop
      vertex 28.9685 -0.501332 0
      vertex 26.5874 -0.200533 0
      vertex 26.6 0 0
    endloop
  endfacet
  facet normal 0 0 -1
    outer loop
      vertex 27.1433 -3.37731 0
      vertex 26.5497 -0.397903 0
      vertex 26.5874 -0.200533 0
    endloop
  endfacet
  facet normal 0 0 -1
    outer loop
      vertex 27.1433 -3.37731 0
      vertex 26.4876 -0.588999 0
      vertex 26.5497 -0.397903 0
    endloop
  endfacet
  facet normal 0 0 -1
    outer loop
      vertex 27.1433 -3.37731 0
      vertex 26.4021 -0.770805 0
      vertex 26.4876 -0.588999 0
    endloop
  endfacet
  facet normal 0 0 -1
    outer loop
      vertex 27.1433 -3.37731 0
      vertex 26.2944 -0.940456 0
      vertex 26.4021 -0.770805 0
    endloop
  endfacet
  facet normal 0 0 -1
    outer loop
      vertex 25.6812 -1.44772 0
      vertex 26.7031 -3.61931 0
      vertex 26.2361 -3.80423 0
    endloop
  endfacet
  facet normal 0 0 -1
    outer loop
      vertex 27.1433 -3.37731 0
      vertex 26.1663 -1.09527 0
      vertex 26.2944 -0.940456 0
    endloop
  endfacet
  facet normal 0 0 -1
    outer loop
      vertex 27.1433 -3.37731 0
      vertex 26.0199 -1.23282 0
      vertex 26.1663 -1.09527 0
    endloop
  endfacet
  facet normal 0 0 -1
    outer loop
      vertex 27.1433 -3.37731 0
      vertex 25.8573 -1.35092 0
      vertex 26.0199 -1.23282 0
    endloop
  endfacet
  facet normal 0 0 -1
    outer loop
      vertex 25.4944 -1.52169 0
      vertex 26.2361 -3.80423 0
      vertex 25.7495 -3.92915 0
    endloop
  endfacet
  facet normal 0 0 -1
    outer loop
      vertex 26.7031 -3.61931 0
      vertex 25.6812 -1.44772 0
      vertex 25.8573 -1.35092 0
    endloop
  endfacet
  facet normal 0 0 -1
    outer loop
      vertex 26.2361 -3.80423 0
      vertex 25.4944 -1.52169 0
      vertex 25.6812 -1.44772 0
    endloop
  endfacet
  facet normal 0 0 -1
    outer loop
      vertex 25.7495 -3.92915 0
      vertex 25.2998 -1.57166 0
      vertex 25.4944 -1.52169 0
    endloop
  endfacet
  facet normal 0 0 -1
    outer loop
      vertex 25.2512 -3.99211 0
      vertex 25.2998 -1.57166 0
      vertex 25.7495 -3.92915 0
    endloop
  endfacet
  facet normal 0 0 -1
    outer loop
      vertex 25.2512 -3.99211 0
      vertex 25.1005 -1.59684 0
      vertex 25.2998 -1.57166 0
    endloop
  endfacet
  facet normal 0 0 -1
    outer loop
      vertex 25.2512 -3.99211 0
      vertex 24.8995 -1.59684 0
      vertex 25.1005 -1.59684 0
    endloop
  endfacet
  facet normal 0 0 -1
    outer loop
      vertex 24.7488 -3.99211 0
      vertex 24.8995 -1.59684 0
      vertex 25.2512 -3.99211 0
    endloop
  endfacet
  facet normal 0 0 -1
    outer loop
      vertex 24.7488 -3.99211 0
      vertex 24.7002 -1.57166 0
      vertex 24.8995 -1.59684 0
    endloop
  endfacet
  facet normal 0 0 -1
    outer loop
      vertex 24.2505 -3.92915 0
      vertex 24.7002 -1.57166 0
      vertex 24.7488 -3.99211 0
    endloop
  endfacet
  facet normal -0 0 -1
    outer loop
      vertex 24.7002 -1.57166 0
      vertex 24.2505 -3.92915 0
      vertex 24.5056 -1.52169 0
    endloop
  endfacet
  facet normal 0 0 -1
    outer loop
      vertex 23.7639 -3.80423 0
      vertex 24.5056 -1.52169 0
      vertex 24.2505 -3.92915 0
    endloop
  endfacet
  facet normal -0 0 -1
    outer loop
      vertex 24.5056 -1.52169 0
      vertex 23.7639 -3.80423 0
      vertex 24.3188 -1.44772 0
    endloop
  endfacet
  facet normal 0 0 -1
    outer loop
      vertex 23.2969 -3.61931 0
      vertex 24.3188 -1.44772 0
      vertex 23.7639 -3.80423 0
    endloop
  endfacet
  facet normal -0 0 -1
    outer loop
      vertex 24.3188 -1.44772 0
      vertex 23.2969 -3.61931 0
      vertex 24.1427 -1.35092 0
    endloop
  endfacet
  facet normal 0 0 -1
    outer loop
      vertex 22.8567 -3.37731 0
      vertex 24.1427 -1.35092 0
      vertex 23.2969 -3.61931 0
    endloop
  endfacet
  facet normal -0 0 -1
    outer loop
      vertex 24.1427 -1.35092 0
      vertex 22.8567 -3.37731 0
      vertex 23.9801 -1.23282 0
    endloop
  endfacet
  facet normal 0 0 -1
    outer loop
      vertex 22.4503 -3.08205 0
      vertex 23.9801 -1.23282 0
      vertex 22.8567 -3.37731 0
    endloop
  endfacet
  facet normal -0 0 -1
    outer loop
      vertex 23.9801 -1.23282 0
      vertex 22.4503 -3.08205 0
      vertex 23.8336 -1.09527 0
    endloop
  endfacet
  facet normal 0 0 -1
    outer loop
      vertex 22.0841 -2.73819 0
      vertex 23.8336 -1.09527 0
      vertex 22.4503 -3.08205 0
    endloop
  endfacet
  facet normal -0 0 -1
    outer loop
      vertex 23.8336 -1.09527 0
      vertex 22.0841 -2.73819 0
      vertex 23.7056 -0.940456 0
    endloop
  endfacet
  facet normal -0 0 -1
    outer loop
      vertex 23.7056 -0.940456 0
      vertex 21.7639 -2.35114 0
      vertex 23.5979 -0.770805 0
    endloop
  endfacet
  facet normal 0 0 -1
    outer loop
      vertex 21.7639 -2.35114 0
      vertex 23.7056 -0.940456 0
      vertex 22.0841 -2.73819 0
    endloop
  endfacet
  facet normal 0 0 -1
    outer loop
      vertex 26.6 0 0
      vertex 29 0 0
      vertex 28.9685 -0.501332 0
    endloop
  endfacet
  facet normal 0 0 -1
    outer loop
      vertex 26.5874 -0.200533 0
      vertex 28.9685 -0.501332 0
      vertex 28.8743 -0.994759 0
    endloop
  endfacet
  facet normal 0 0 -1
    outer loop
      vertex 26.5874 -0.200533 0
      vertex 28.8743 -0.994759 0
      vertex 28.7191 -1.4725 0
    endloop
  endfacet
  facet normal 0 0 -1
    outer loop
      vertex 26.5874 -0.200533 0
      vertex 28.7191 -1.4725 0
      vertex 28.5052 -1.92701 0
    endloop
  endfacet
  facet normal 0 0 -1
    outer loop
      vertex 26.5874 -0.200533 0
      vertex 28.5052 -1.92701 0
      vertex 28.2361 -2.35114 0
    endloop
  endfacet
  facet normal 0 0 -1
    outer loop
      vertex 26.5874 -0.200533 0
      vertex 28.2361 -2.35114 0
      vertex 27.9159 -2.73819 0
    endloop
  endfacet
  facet normal 0 0 -1
    outer loop
      vertex 26.5874 -0.200533 0
      vertex 27.9159 -2.73819 0
      vertex 27.5497 -3.08205 0
    endloop
  endfacet
  facet normal 0 0 -1
    outer loop
      vertex 26.5874 -0.200533 0
      vertex 27.5497 -3.08205 0
      vertex 27.1433 -3.37731 0
    endloop
  endfacet
  facet normal 0 0 -1
    outer loop
      vertex 25.8573 -1.35092 0
      vertex 27.1433 -3.37731 0
      vertex 26.7031 -3.61931 0
    endloop
  endfacet
  facet normal 0 0 -1
    outer loop
      vertex 29 0 0
      vertex 26.6 0 0
      vertex 26.5874 0.200533 0
    endloop
  endfacet
  facet normal 0 0 -1
    outer loop
      vertex 29 0 0
      vertex 26.5874 0.200533 0
      vertex 26.5497 0.397903 0
    endloop
  endfacet
  facet normal 0 0 -1
    outer loop
      vertex 29 0 0
      vertex 26.5497 0.397903 0
      vertex 26.4876 0.588999 0
    endloop
  endfacet
  facet normal 0 0 -1
    outer loop
      vertex 29 0 0
      vertex 26.4876 0.588999 0
      vertex 26.4021 0.770805 0
    endloop
  endfacet
  facet normal 0 0 -1
    outer loop
      vertex 29 0 0
      vertex 26.4021 0.770805 0
      vertex 29 4 0
    endloop
  endfacet
  facet normal 0 0 -1
    outer loop
      vertex 26.2944 0.940456 0
      vertex 29 4 0
      vertex 26.4021 0.770805 0
    endloop
  endfacet
  facet normal 0 0 -1
    outer loop
      vertex 26.1663 1.09527 0
      vertex 29 4 0
      vertex 26.2944 0.940456 0
    endloop
  endfacet
  facet normal 0 0 -1
    outer loop
      vertex 26.0199 1.23282 0
      vertex 29 4 0
      vertex 26.1663 1.09527 0
    endloop
  endfacet
  facet normal 0 0 -1
    outer loop
      vertex 25.8573 1.35092 0
      vertex 29 4 0
      vertex 26.0199 1.23282 0
    endloop
  endfacet
  facet normal 0 0 -1
    outer loop
      vertex 25.6812 1.44772 0
      vertex 29 4 0
      vertex 25.8573 1.35092 0
    endloop
  endfacet
  facet normal 0 0 -1
    outer loop
      vertex 25.4944 1.52169 0
      vertex 29 4 0
      vertex 25.6812 1.44772 0
    endloop
  endfacet
  facet normal 0 0 -1
    outer loop
      vertex 25.2998 1.57166 0
      vertex 29 4 0
      vertex 25.4944 1.52169 0
    endloop
  endfacet
  facet normal 0 0 -1
    outer loop
      vertex 25.1005 1.59684 0
      vertex 29 4 0
      vertex 25.2998 1.57166 0
    endloop
  endfacet
  facet normal 0 0 -1
    outer loop
      vertex 24.8995 1.59684 0
      vertex 29 4 0
      vertex 25.1005 1.59684 0
    endloop
  endfacet
  facet normal 0 0 -1
    outer loop
      vertex 24.7002 1.57166 0
      vertex 29 4 0
      vertex 24.8995 1.59684 0
    endloop
  endfacet
  facet normal 0 0 -1
    outer loop
      vertex 24.5056 1.52169 0
      vertex 29 4 0
      vertex 24.7002 1.57166 0
    endloop
  endfacet
  facet normal 0 0 -1
    outer loop
      vertex 24.3188 1.44772 0
      vertex 29 4 0
      vertex 24.5056 1.52169 0
    endloop
  endfacet
  facet normal 0 0 -1
    outer loop
      vertex 21.4948 -1.92701 0
      vertex 23.5979 -0.770805 0
      vertex 21.7639 -2.35114 0
    endloop
  endfacet
  facet normal -0 0 -1
    outer loop
      vertex 23.5979 -0.770805 0
      vertex 21.4948 -1.92701 0
      vertex 23.5124 -0.588999 0
    endloop
  endfacet
  facet normal 0 0 -1
    outer loop
      vertex 21.2809 -1.4725 0
      vertex 23.5124 -0.588999 0
      vertex 21.4948 -1.92701 0
    endloop
  endfacet
  facet normal -0 0 -1
    outer loop
      vertex 23.5124 -0.588999 0
      vertex 21.2809 -1.4725 0
      vertex 23.4503 -0.397903 0
    endloop
  endfacet
  facet normal 0 0 -1
    outer loop
      vertex 21.1257 -0.994759 0
      vertex 23.4503 -0.397903 0
      vertex 21.2809 -1.4725 0
    endloop
  endfacet
  facet normal -0 0 -1
    outer loop
      vertex 23.4503 -0.397903 0
      vertex 21.1257 -0.994759 0
      vertex 23.4126 -0.200533 0
    endloop
  endfacet
  facet normal 0 0 -1
    outer loop
      vertex 21.0315 -0.501332 0
      vertex 23.4126 -0.200533 0
      vertex 21.1257 -0.994759 0
    endloop
  endfacet
  facet normal -0 0 -1
    outer loop
      vertex 23.4126 -0.200533 0
      vertex 21.0315 -0.501332 0
      vertex 23.4 0 0
    endloop
  endfacet
  facet normal 0 0 -1
    outer loop
      vertex 21 0 0
      vertex 23.4 0 0
      vertex 21.0315 -0.501332 0
    endloop
  endfacet
  facet normal 0 0 -1
    outer loop
      vertex 23.4 0 0
      vertex 21 0 0
      vertex 23.4126 0.200533 0
    endloop
  endfacet
  facet normal -0 0 -1
    outer loop
      vertex 23.4126 0.200533 0
      vertex 21 0 0
      vertex 23.4503 0.397903 0
    endloop
  endfacet
  facet normal -0 0 -1
    outer loop
      vertex 23.4503 0.397903 0
      vertex 21 0 0
      vertex 23.5124 0.588999 0
    endloop
  endfacet
  facet normal -0 0 -1
    outer loop
      vertex 23.5124 0.588999 0
      vertex 21 0 0
      vertex 23.5979 0.770805 0
    endloop
  endfacet
  facet normal -0 0 -1
    outer loop
      vertex 23.5979 0.770805 0
      vertex 21 0 0
      vertex 23.7056 0.940456 0
    endloop
  endfacet
  facet normal -0 0 -1
    outer loop
      vertex 23.7056 0.940456 0
      vertex 21 0 0
      vertex 23.8336 1.09527 0
    endloop
  endfacet
  facet normal -0 0 -1
    outer loop
      vertex 23.8336 1.09527 0
      vertex 21 0 0
      vertex 23.9801 1.23282 0
    endloop
  endfacet
  facet normal -0 0 -1
    outer loop
      vertex 23.9801 1.23282 0
      vertex 21 0 0
      vertex 24.1427 1.35092 0
    endloop
  endfacet
  facet normal 0 0 -1
    outer loop
      vertex 21 0 0
      vertex 24.3188 1.44772 0
      vertex 24.1427 1.35092 0
    endloop
  endfacet
  facet normal 0 0 -1
    outer loop
      vertex 4 4 0
      vertex 24.3188 1.44772 0
      vertex 21 0 0
    endloop
  endfacet
  facet normal 0 0 -1
    outer loop
      vertex 4 4 0
      vertex 21 0 0
      vertex 4.5 0 0
    endloop
  endfacet
  facet normal 0 0 -1
    outer loop
      vertex 24.3188 1.44772 0
      vertex 4 4 0
      vertex 29 4 0
    endloop
  endfacet
  facet normal 0 0 -1
    outer loop
      vertex 0 4.5 0
      vertex 4 18 0
      vertex 4 4 0
    endloop
  endfacet
  facet normal 0 0 -1
    outer loop
      vertex 0 21.0079 0
      vertex 4 18 0
      vertex 0 4.5 0
    endloop
  endfacet
  facet normal 0 0 -1
    outer loop
      vertex 1.58738 25.2005 0
      vertex 4 21 0
      vertex 1.6 25 0
    endloop
  endfacet
  facet normal 0 0 -1
    outer loop
      vertex 4 21 0
      vertex 1.58738 24.7995 0
      vertex 1.6 25 0
    endloop
  endfacet
  facet normal 0 0 -1
    outer loop
      vertex 4 21 0
      vertex 1.54973 24.6021 0
      vertex 1.58738 24.7995 0
    endloop
  endfacet
  facet normal 0 0 -1
    outer loop
      vertex 4 21 0
      vertex 1.48764 24.411 0
      vertex 1.54973 24.6021 0
    endloop
  endfacet
  facet normal 0 0 -1
    outer loop
      vertex 4 21 0
      vertex 1.40209 24.2292 0
      vertex 1.48764 24.411 0
    endloop
  endfacet
  facet normal 0 0 -1
    outer loop
      vertex 0 4.5 0
      vertex 4 4 0
      vertex 4.5 0 0
    endloop
  endfacet
  facet normal 0 -0 -1
    outer loop
      vertex 0.857323 23.6491 0
      vertex 4 21 0
      vertex 0 21.0079 0
    endloop
  endfacet
  facet normal 0 0 -1
    outer loop
      vertex 4 21 0
      vertex 1.29443 24.0595 0
      vertex 1.40209 24.2292 0
    endloop
  endfacet
  facet normal 0 0 -1
    outer loop
      vertex 4 21 0
      vertex 1.16635 23.9047 0
      vertex 1.29443 24.0595 0
    endloop
  endfacet
  facet normal 0 0 -1
    outer loop
      vertex 4 21 0
      vertex 1.01988 23.7672 0
      vertex 1.16635 23.9047 0
    endloop
  endfacet
  facet normal 0 0 -1
    outer loop
      vertex 4 21 0
      vertex 0.857323 23.6491 0
      vertex 1.01988 23.7672 0
    endloop
  endfacet
  facet normal 0 0 -1
    outer loop
      vertex 0.857323 23.6491 0
      vertex 0 21.0079 0
      vertex 0.681247 23.5523 0
    endloop
  endfacet
  facet normal 0 0 -1
    outer loop
      vertex 0.681247 23.5523 0
      vertex 0 21.0079 0
      vertex 0.494427 23.4783 0
    endloop
  endfacet
  facet normal 0 0 -1
    outer loop
      vertex 0.494427 23.4783 0
      vertex 0 21.0079 0
      vertex 0.299809 23.4283 0
    endloop
  endfacet
  facet normal 0 0 -1
    outer loop
      vertex 4 18 0
      vertex 0 21.0079 0
      vertex 4 21 0
    endloop
  endfacet
  facet normal 0 0 -1
    outer loop
      vertex 0.299809 23.4283 0
      vertex 0 21.0079 0
      vertex 0.100465 23.4032 0
    endloop
  endfacet
  facet normal 0 0 -1
    outer loop
      vertex 0 21.0079 0
      vertex -0.100465 23.4032 0
      vertex 0.100465 23.4032 0
    endloop
  endfacet
  facet normal 0 0 -1
    outer loop
      vertex -0.251162 21.0079 0
      vertex -0.100465 23.4032 0
      vertex 0 21.0079 0
    endloop
  endfacet
  facet normal 0 0 -1
    outer loop
      vertex -0.251162 21.0079 0
      vertex -0.299809 23.4283 0
      vertex -0.100465 23.4032 0
    endloop
  endfacet
  facet normal 0 0 -1
    outer loop
      vertex -0.749525 21.0709 0
      vertex -0.299809 23.4283 0
      vertex -0.251162 21.0079 0
    endloop
  endfacet
  facet normal -0 0 -1
    outer loop
      vertex -0.299809 23.4283 0
      vertex -0.749525 21.0709 0
      vertex -0.494427 23.4783 0
    endloop
  endfacet
  facet normal 0 0 -1
    outer loop
      vertex -1.23607 21.1958 0
      vertex -0.494427 23.4783 0
      vertex -0.749525 21.0709 0
    endloop
  endfacet
  facet normal -0 0 -1
    outer loop
      vertex -0.494427 23.4783 0
      vertex -1.23607 21.1958 0
      vertex -0.681247 23.5523 0
    endloop
  endfacet
  facet normal 0 0 -1
    outer loop
      vertex -1.70312 21.3807 0
      vertex -0.681247 23.5523 0
      vertex -1.23607 21.1958 0
    endloop
  endfacet
  facet normal -0 0 -1
    outer loop
      vertex -0.681247 23.5523 0
      vertex -1.70312 21.3807 0
      vertex -0.857323 23.6491 0
    endloop
  endfacet
  facet normal 0 0 -1
    outer loop
      vertex -2.14331 21.6227 0
      vertex -0.857323 23.6491 0
      vertex -1.70312 21.3807 0
    endloop
  endfacet
  facet normal -0 0 -1
    outer loop
      vertex -0.857323 23.6491 0
      vertex -2.14331 21.6227 0
      vertex -1.01988 23.7672 0
    endloop
  endfacet
  facet normal 0 0 -1
    outer loop
      vertex -2.5497 21.9179 0
      vertex -1.01988 23.7672 0
      vertex -2.14331 21.6227 0
    endloop
  endfacet
  facet normal -0 0 -1
    outer loop
      vertex -1.01988 23.7672 0
      vertex -2.5497 21.9179 0
      vertex -1.16635 23.9047 0
    endloop
  endfacet
  facet normal 0 0 -1
    outer loop
      vertex -2.91587 22.2618 0
      vertex -1.16635 23.9047 0
      vertex -2.5497 21.9179 0
    endloop
  endfacet
  facet normal -0 0 -1
    outer loop
      vertex -1.16635 23.9047 0
      vertex -2.91587 22.2618 0
      vertex -1.29443 24.0595 0
    endloop
  endfacet
  facet normal -0 0 -1
    outer loop
      vertex -1.29443 24.0595 0
      vertex -3.23607 22.6489 0
      vertex -1.40209 24.2292 0
    endloop
  endfacet
  facet normal 0 0 -1
    outer loop
      vertex -3.23607 22.6489 0
      vertex -1.29443 24.0595 0
      vertex -2.91587 22.2618 0
    endloop
  endfacet
  facet normal 0 0 -1
    outer loop
      vertex 32 29 0
      vertex 46 32 0
      vertex 46 29 0
    endloop
  endfacet
  facet normal 0 0 -1
    outer loop
      vertex 30 30 0
      vertex 32 29 0
      vertex 30 20 0
    endloop
  endfacet
  facet normal 0 0 -1
    outer loop
      vertex 30 30 0
      vertex 46 32 0
      vertex 32 29 0
    endloop
  endfacet
  facet normal 0 0 -1
    outer loop
      vertex 30 30 0
      vertex 21 32 0
      vertex 46 32 0
    endloop
  endfacet
  facet normal 0 0 -1
    outer loop
      vertex 18 46 0
      vertex 21 46 0
      vertex 21 32 0
    endloop
  endfacet
  facet normal 0 0 -1
    outer loop
      vertex 20 30 0
      vertex 21 32 0
      vertex 30 30 0
    endloop
  endfacet
  facet normal 0 0 -1
    outer loop
      vertex 18 46 0
      vertex 21 32 0
      vertex 20 30 0
    endloop
  endfacet
  facet normal 0 0 -1
    outer loop
      vertex 18 46 0
      vertex 20 30 0
      vertex 18 21 0
    endloop
  endfacet
  facet normal 0 0 -1
    outer loop
      vertex 21 46 0
      vertex 18 46 0
      vertex 21 50 0
    endloop
  endfacet
  facet normal 0 0 -1
    outer loop
      vertex 18 46 0
      vertex 4.5 50 0
      vertex 21 50 0
    endloop
  endfacet
  facet normal 0 0 -1
    outer loop
      vertex 4 46 0
      vertex 4.5 50 0
      vertex 18 46 0
    endloop
  endfacet
  facet normal 0 0 -1
    outer loop
      vertex 1.54973 25.3979 0
      vertex 4 21 0
      vertex 1.58738 25.2005 0
    endloop
  endfacet
  facet normal 0 0 -1
    outer loop
      vertex 1.48764 25.589 0
      vertex 4 21 0
      vertex 1.54973 25.3979 0
    endloop
  endfacet
  facet normal 0 0 -1
    outer loop
      vertex 4 21 0
      vertex 1.48764 25.589 0
      vertex 4 46 0
    endloop
  endfacet
  facet normal 0 0 -1
    outer loop
      vertex 1.40209 25.7708 0
      vertex 4 46 0
      vertex 1.48764 25.589 0
    endloop
  endfacet
  facet normal 0 0 -1
    outer loop
      vertex 0 28.9921 0
      vertex 4 46 0
      vertex 1.40209 25.7708 0
    endloop
  endfacet
  facet normal 0 0 -1
    outer loop
      vertex 0 28.9921 0
      vertex 1.40209 25.7708 0
      vertex 1.29443 25.9405 0
    endloop
  endfacet
  facet normal 0 0 -1
    outer loop
      vertex 0 28.9921 0
      vertex 1.29443 25.9405 0
      vertex 1.16635 26.0953 0
    endloop
  endfacet
  facet normal 0 0 -1
    outer loop
      vertex 0 28.9921 0
      vertex 1.16635 26.0953 0
      vertex 1.01988 26.2328 0
    endloop
  endfacet
  facet normal 0 0 -1
    outer loop
      vertex 0 28.9921 0
      vertex 1.01988 26.2328 0
      vertex 0.857323 26.3509 0
    endloop
  endfacet
  facet normal 0 0 -1
    outer loop
      vertex 0 28.9921 0
      vertex 0.857323 26.3509 0
      vertex 0.681247 26.4477 0
    endloop
  endfacet
  facet normal 0 0 -1
    outer loop
      vertex 0 28.9921 0
      vertex 0.681247 26.4477 0
      vertex 0.494427 26.5217 0
    endloop
  endfacet
  facet normal 0 0 -1
    outer loop
      vertex 0 28.9921 0
      vertex 0.494427 26.5217 0
      vertex 0.299809 26.5717 0
    endloop
  endfacet
  facet normal 0 0 -1
    outer loop
      vertex 0 28.9921 0
      vertex 0.299809 26.5717 0
      vertex 0.100465 26.5968 0
    endloop
  endfacet
  facet normal 0 0 -1
    outer loop
      vertex 0 45.5 0
      vertex 4 46 0
      vertex 0 28.9921 0
    endloop
  endfacet
  facet normal -0 0 -1
    outer loop
      vertex 4 46 0
      vertex 0 45.5 0
      vertex 4.5 50 0
    endloop
  endfacet
  facet normal 0 0 -1
    outer loop
      vertex 46 4 0
      vertex 50 21.0079 0
      vertex 50 4.5 0
    endloop
  endfacet
  facet normal 0 0 -1
    outer loop
      vertex 50 21.0079 0
      vertex 49.7002 23.4283 0
      vertex 49.8995 23.4032 0
    endloop
  endfacet
  facet normal 0 0 -1
    outer loop
      vertex 50 21.0079 0
      vertex 49.5056 23.4783 0
      vertex 49.7002 23.4283 0
    endloop
  endfacet
  facet normal 0 -0 -1
    outer loop
      vertex 48.5979 24.2292 0
      vertex 50 21.0079 0
      vertex 46 4 0
    endloop
  endfacet
  facet normal 0 0 -1
    outer loop
      vertex 50 21.0079 0
      vertex 49.3188 23.5523 0
      vertex 49.5056 23.4783 0
    endloop
  endfacet
  facet normal 0 0 -1
    outer loop
      vertex 50 21.0079 0
      vertex 49.1427 23.6491 0
      vertex 49.3188 23.5523 0
    endloop
  endfacet
  facet normal 0 0 -1
    outer loop
      vertex 50 21.0079 0
      vertex 48.9801 23.7672 0
      vertex 49.1427 23.6491 0
    endloop
  endfacet
  facet normal 0 0 -1
    outer loop
      vertex 50 21.0079 0
      vertex 48.8336 23.9047 0
      vertex 48.9801 23.7672 0
    endloop
  endfacet
  facet normal 0 0 -1
    outer loop
      vertex 50 21.0079 0
      vertex 48.7056 24.0595 0
      vertex 48.8336 23.9047 0
    endloop
  endfacet
  facet normal 0 0 -1
    outer loop
      vertex 50 21.0079 0
      vertex 48.5979 24.2292 0
      vertex 48.7056 24.0595 0
    endloop
  endfacet
  facet normal -0 0 -1
    outer loop
      vertex 48.5979 24.2292 0
      vertex 46 4 0
      vertex 48.5124 24.411 0
    endloop
  endfacet
  facet normal 0 0 -1
    outer loop
      vertex 46 29 0
      vertex 48.5124 24.411 0
      vertex 46 4 0
    endloop
  endfacet
  facet normal 0 0 -1
    outer loop
      vertex 48.4503 24.6021 0
      vertex 46 29 0
      vertex 48.4126 24.7995 0
    endloop
  endfacet
  facet normal 0 0 -1
    outer loop
      vertex 48.5124 24.411 0
      vertex 46 29 0
      vertex 48.4503 24.6021 0
    endloop
  endfacet
  facet normal 0 0 -1
    outer loop
      vertex 45.5 0 0
      vertex 46 4 0
      vertex 50 4.5 0
    endloop
  endfacet
  facet normal 0 0 -1
    outer loop
      vertex 45.5 0 0
      vertex 32 4 0
      vertex 46 4 0
    endloop
  endfacet
  facet normal 0 0 -1
    outer loop
      vertex 32 4 0
      vertex 30 20 0
      vertex 32 29 0
    endloop
  endfacet
  facet normal 0 0 -1
    outer loop
      vertex 29 0 0
      vertex 32 4 0
      vertex 45.5 0 0
    endloop
  endfacet
  facet normal 0 0 -1
    outer loop
      vertex 29 4 0
      vertex 32 4 0
      vertex 29 0 0
    endloop
  endfacet
  facet normal 0 0 -1
    outer loop
      vertex 29 18 0
      vertex 32 4 0
      vertex 29 4 0
    endloop
  endfacet
  facet normal 0 0 -1
    outer loop
      vertex 32 4 0
      vertex 29 18 0
      vertex 30 20 0
    endloop
  endfacet
  facet normal 0 0 -1
    outer loop
      vertex 29 18 0
      vertex 20 20 0
      vertex 30 20 0
    endloop
  endfacet
  facet normal 0 0 -1
    outer loop
      vertex 20 20 0
      vertex 18 21 0
      vertex 20 30 0
    endloop
  endfacet
  facet normal 0 0 -1
    outer loop
      vertex 4 18 0
      vertex 20 20 0
      vertex 29 18 0
    endloop
  endfacet
  facet normal 0 0 -1
    outer loop
      vertex 4 18 0
      vertex 18 21 0
      vertex 20 20 0
    endloop
  endfacet
  facet normal -0 0 -1
    outer loop
      vertex 18 21 0
      vertex 4 18 0
      vertex 4 21 0
    endloop
  endfacet
  facet normal 0 0 -1
    outer loop
      vertex 51.6 25 0
      vertex 54 25 0
      vertex 53.9685 24.4987 0
    endloop
  endfacet
  facet normal 0 0 -1
    outer loop
      vertex 51.5874 24.7995 0
      vertex 53.9685 24.4987 0
      vertex 53.8743 24.0052 0
    endloop
  endfacet
  facet normal 0 0 -1
    outer loop
      vertex 54 25 0
      vertex 51.6 25 0
      vertex 53.9685 25.5013 0
    endloop
  endfacet
  facet normal 0 0 -1
    outer loop
      vertex 51.5497 24.6021 0
      vertex 53.8743 24.0052 0
      vertex 53.7191 23.5275 0
    endloop
  endfacet
  facet normal 0 0 -1
    outer loop
      vertex 51.5874 25.2005 0
      vertex 53.9685 25.5013 0
      vertex 51.6 25 0
    endloop
  endfacet
  facet normal 0 0 -1
    outer loop
      vertex 51.4876 24.411 0
      vertex 53.7191 23.5275 0
      vertex 53.5052 23.073 0
    endloop
  endfacet
  facet normal -0 0 -1
    outer loop
      vertex 53.9685 25.5013 0
      vertex 51.5874 25.2005 0
      vertex 53.8743 25.9948 0
    endloop
  endfacet
  facet normal 0 0 -1
    outer loop
      vertex 51.4021 24.2292 0
      vertex 53.5052 23.073 0
      vertex 53.2361 22.6489 0
    endloop
  endfacet
  facet normal 0 0 -1
    outer loop
      vertex 51.5497 25.3979 0
      vertex 53.8743 25.9948 0
      vertex 51.5874 25.2005 0
    endloop
  endfacet
  facet normal 0 0 -1
    outer loop
      vertex 51.2944 24.0595 0
      vertex 53.2361 22.6489 0
      vertex 52.9159 22.2618 0
    endloop
  endfacet
  facet normal -0 0 -1
    outer loop
      vertex 53.8743 25.9948 0
      vertex 51.5497 25.3979 0
      vertex 53.7191 26.4725 0
    endloop
  endfacet
  facet normal 0 0 -1
    outer loop
      vertex 51.1664 23.9047 0
      vertex 52.9159 22.2618 0
      vertex 52.5497 21.9179 0
    endloop
  endfacet
  facet normal 0 0 -1
    outer loop
      vertex 51.4876 25.589 0
      vertex 53.7191 26.4725 0
      vertex 51.5497 25.3979 0
    endloop
  endfacet
  facet normal 0 0 -1
    outer loop
      vertex 51.0199 23.7672 0
      vertex 52.5497 21.9179 0
      vertex 52.1433 21.6227 0
    endloop
  endfacet
  facet normal -0 0 -1
    outer loop
      vertex 53.7191 26.4725 0
      vertex 51.4876 25.589 0
      vertex 53.5052 26.927 0
    endloop
  endfacet
  facet normal 0 0 -1
    outer loop
      vertex 50.8573 23.6491 0
      vertex 52.1433 21.6227 0
      vertex 51.7031 21.3807 0
    endloop
  endfacet
  facet normal 0 0 -1
    outer loop
      vertex 51.4021 25.7708 0
      vertex 53.5052 26.927 0
      vertex 51.4876 25.589 0
    endloop
  endfacet
  facet normal -0 0 -1
    outer loop
      vertex 53.5052 26.927 0
      vertex 51.4021 25.7708 0
      vertex 53.2361 27.3511 0
    endloop
  endfacet
  facet normal 0 0 -1
    outer loop
      vertex 53.9685 24.4987 0
      vertex 51.5874 24.7995 0
      vertex 51.6 25 0
    endloop
  endfacet
  facet normal 0 0 -1
    outer loop
      vertex 53.8743 24.0052 0
      vertex 51.5497 24.6021 0
      vertex 51.5874 24.7995 0
    endloop
  endfacet
  facet normal 0 0 -1
    outer loop
      vertex 53.7191 23.5275 0
      vertex 51.4876 24.411 0
      vertex 51.5497 24.6021 0
    endloop
  endfacet
  facet normal 0 0 -1
    outer loop
      vertex 53.5052 23.073 0
      vertex 51.4021 24.2292 0
      vertex 51.4876 24.411 0
    endloop
  endfacet
  facet normal 0 0 -1
    outer loop
      vertex 53.2361 22.6489 0
      vertex 51.2944 24.0595 0
      vertex 51.4021 24.2292 0
    endloop
  endfacet
  facet normal 0 0 -1
    outer loop
      vertex 50.6812 23.5523 0
      vertex 51.7031 21.3807 0
      vertex 51.2361 21.1958 0
    endloop
  endfacet
  facet normal 0 0 -1
    outer loop
      vertex 52.9159 22.2618 0
      vertex 51.1664 23.9047 0
      vertex 51.2944 24.0595 0
    endloop
  endfacet
  facet normal 0 0 -1
    outer loop
      vertex 52.5497 21.9179 0
      vertex 51.0199 23.7672 0
      vertex 51.1664 23.9047 0
    endloop
  endfacet
  facet normal 0 0 -1
    outer loop
      vertex 52.1433 21.6227 0
      vertex 50.8573 23.6491 0
      vertex 51.0199 23.7672 0
    endloop
  endfacet
  facet normal 0 0 -1
    outer loop
      vertex 50.4944 23.4783 0
      vertex 51.2361 21.1958 0
      vertex 50.7495 21.0709 0
    endloop
  endfacet
  facet normal 0 0 -1
    outer loop
      vertex 51.7031 21.3807 0
      vertex 50.6812 23.5523 0
      vertex 50.8573 23.6491 0
    endloop
  endfacet
  facet normal 0 0 -1
    outer loop
      vertex 51.2361 21.1958 0
      vertex 50.4944 23.4783 0
      vertex 50.6812 23.5523 0
    endloop
  endfacet
  facet normal 0 0 -1
    outer loop
      vertex 50.7495 21.0709 0
      vertex 50.2998 23.4283 0
      vertex 50.4944 23.4783 0
    endloop
  endfacet
  facet normal 0 0 -1
    outer loop
      vertex 50.2512 21.0079 0
      vertex 50.2998 23.4283 0
      vertex 50.7495 21.0709 0
    endloop
  endfacet
  facet normal 0 0 -1
    outer loop
      vertex 50.2512 21.0079 0
      vertex 50.1005 23.4032 0
      vertex 50.2998 23.4283 0
    endloop
  endfacet
  facet normal 0 0 -1
    outer loop
      vertex 50 21.0079 0
      vertex 50.1005 23.4032 0
      vertex 50.2512 21.0079 0
    endloop
  endfacet
  facet normal -0 0 -1
    outer loop
      vertex 50.1005 23.4032 0
      vertex 50 21.0079 0
      vertex 49.8995 23.4032 0
    endloop
  endfacet
  facet normal 0 0 -1
    outer loop
      vertex 51.2944 25.9405 0
      vertex 53.2361 27.3511 0
      vertex 51.4021 25.7708 0
    endloop
  endfacet
  facet normal -0 0 -1
    outer loop
      vertex 53.2361 27.3511 0
      vertex 51.2944 25.9405 0
      vertex 52.9159 27.7382 0
    endloop
  endfacet
  facet normal 0 0 -1
    outer loop
      vertex 51.1664 26.0953 0
      vertex 52.9159 27.7382 0
      vertex 51.2944 25.9405 0
    endloop
  endfacet
  facet normal -0 0 -1
    outer loop
      vertex 52.9159 27.7382 0
      vertex 51.1664 26.0953 0
      vertex 52.5497 28.0821 0
    endloop
  endfacet
  facet normal 0 0 -1
    outer loop
      vertex 51.0199 26.2328 0
      vertex 52.5497 28.0821 0
      vertex 51.1664 26.0953 0
    endloop
  endfacet
  facet normal -0 0 -1
    outer loop
      vertex 52.5497 28.0821 0
      vertex 51.0199 26.2328 0
      vertex 52.1433 28.3773 0
    endloop
  endfacet
  facet normal 0 0 -1
    outer loop
      vertex 50.8573 26.3509 0
      vertex 52.1433 28.3773 0
      vertex 51.0199 26.2328 0
    endloop
  endfacet
  facet normal -0 0 -1
    outer loop
      vertex 52.1433 28.3773 0
      vertex 50.8573 26.3509 0
      vertex 51.7031 28.6193 0
    endloop
  endfacet
  facet normal 0 0 -1
    outer loop
      vertex 50.6812 26.4477 0
      vertex 51.7031 28.6193 0
      vertex 50.8573 26.3509 0
    endloop
  endfacet
  facet normal -0 0 -1
    outer loop
      vertex 51.7031 28.6193 0
      vertex 50.6812 26.4477 0
      vertex 51.2361 28.8042 0
    endloop
  endfacet
  facet normal 0 0 -1
    outer loop
      vertex 50.4944 26.5217 0
      vertex 51.2361 28.8042 0
      vertex 50.6812 26.4477 0
    endloop
  endfacet
  facet normal -0 0 -1
    outer loop
      vertex 51.2361 28.8042 0
      vertex 50.4944 26.5217 0
      vertex 50.7495 28.9291 0
    endloop
  endfacet
  facet normal 0 0 -1
    outer loop
      vertex 50.2998 26.5717 0
      vertex 50.7495 28.9291 0
      vertex 50.4944 26.5217 0
    endloop
  endfacet
  facet normal 0 0 -1
    outer loop
      vertex 50.2998 26.5717 0
      vertex 50.2512 28.9921 0
      vertex 50.7495 28.9291 0
    endloop
  endfacet
  facet normal 0 0 -1
    outer loop
      vertex 50.1005 26.5968 0
      vertex 50.2512 28.9921 0
      vertex 50.2998 26.5717 0
    endloop
  endfacet
  facet normal 0 0 -1
    outer loop
      vertex 50.1005 26.5968 0
      vertex 50 28.9921 0
      vertex 50.2512 28.9921 0
    endloop
  endfacet
  facet normal 0 0 -1
    outer loop
      vertex 49.8995 26.5968 0
      vertex 50 28.9921 0
      vertex 50.1005 26.5968 0
    endloop
  endfacet
  facet normal 0 0 -1
    outer loop
      vertex 49.7002 26.5717 0
      vertex 50 28.9921 0
      vertex 49.8995 26.5968 0
    endloop
  endfacet
  facet normal 0 0 -1
    outer loop
      vertex 49.5056 26.5217 0
      vertex 50 28.9921 0
      vertex 49.7002 26.5717 0
    endloop
  endfacet
  facet normal 0 0 -1
    outer loop
      vertex 49.3188 26.4477 0
      vertex 50 28.9921 0
      vertex 49.5056 26.5217 0
    endloop
  endfacet
  facet normal 0 0 -1
    outer loop
      vertex 49.1427 26.3509 0
      vertex 50 28.9921 0
      vertex 49.3188 26.4477 0
    endloop
  endfacet
  facet normal -0 0 -1
    outer loop
      vertex 50 28.9921 0
      vertex 49.1427 26.3509 0
      vertex 46 29 0
    endloop
  endfacet
  facet normal 0 0 -1
    outer loop
      vertex 46 29 0
      vertex 49.1427 26.3509 0
      vertex 48.9801 26.2328 0
    endloop
  endfacet
  facet normal 0 0 -1
    outer loop
      vertex 46 29 0
      vertex 48.9801 26.2328 0
      vertex 48.8336 26.0953 0
    endloop
  endfacet
  facet normal 0 0 -1
    outer loop
      vertex 46 29 0
      vertex 48.8336 26.0953 0
      vertex 48.7056 25.9405 0
    endloop
  endfacet
  facet normal 0 0 -1
    outer loop
      vertex 46 29 0
      vertex 48.7056 25.9405 0
      vertex 48.5979 25.7708 0
    endloop
  endfacet
  facet normal 0 0 -1
    outer loop
      vertex 46 29 0
      vertex 48.5979 25.7708 0
      vertex 48.5124 25.589 0
    endloop
  endfacet
  facet normal 0 0 -1
    outer loop
      vertex 46 29 0
      vertex 48.5124 25.589 0
      vertex 48.4503 25.3979 0
    endloop
  endfacet
  facet normal 0 0 -1
    outer loop
      vertex 46 29 0
      vertex 48.4503 25.3979 0
      vertex 48.4126 25.2005 0
    endloop
  endfacet
  facet normal 0 0 -1
    outer loop
      vertex 48.4126 24.7995 0
      vertex 46 29 0
      vertex 48.4 25 0
    endloop
  endfacet
  facet normal 0 0 -1
    outer loop
      vertex 48.4 25 0
      vertex 46 29 0
      vertex 48.4126 25.2005 0
    endloop
  endfacet
  facet normal 0 0 -1
    outer loop
      vertex 50 28.9921 0
      vertex 46 29 0
      vertex 46 32 0
    endloop
  endfacet
  facet normal 0 0 -1
    outer loop
      vertex 50 28.9921 0
      vertex 46 32 0
      vertex 50 45.5 0
    endloop
  endfacet
  facet normal 0 0 -1
    outer loop
      vertex 46 46 0
      vertex 50 45.5 0
      vertex 46 32 0
    endloop
  endfacet
  facet normal 0 0 -1
    outer loop
      vertex 46 46 0
      vertex 45.5 50 0
      vertex 50 45.5 0
    endloop
  endfacet
  facet normal 0 0 -1
    outer loop
      vertex 46 46 0
      vertex 29 50 0
      vertex 45.5 50 0
    endloop
  endfacet
  facet normal 0 0 -1
    outer loop
      vertex 26.5874 50.2005 0
      vertex 28.9685 50.5013 0
      vertex 29 50 0
    endloop
  endfacet
  facet normal -0 0 -1
    outer loop
      vertex 28.9685 50.5013 0
      vertex 26.5874 50.2005 0
      vertex 28.8743 50.9948 0
    endloop
  endfacet
  facet normal -0 0 -1
    outer loop
      vertex 28.8743 50.9948 0
      vertex 26.5497 50.3979 0
      vertex 28.7191 51.4725 0
    endloop
  endfacet
  facet normal 0 0 -1
    outer loop
      vertex 26.4876 50.589 0
      vertex 28.7191 51.4725 0
      vertex 26.5497 50.3979 0
    endloop
  endfacet
  facet normal 0 0 -1
    outer loop
      vertex 26.4021 50.7708 0
      vertex 28.5052 51.927 0
      vertex 26.4876 50.589 0
    endloop
  endfacet
  facet normal -0 0 -1
    outer loop
      vertex 28.5052 51.927 0
      vertex 26.4021 50.7708 0
      vertex 28.2361 52.3511 0
    endloop
  endfacet
  facet normal -0 0 -1
    outer loop
      vertex 28.2361 52.3511 0
      vertex 26.2944 50.9405 0
      vertex 27.9159 52.7382 0
    endloop
  endfacet
  facet normal 0 0 -1
    outer loop
      vertex 26.1663 51.0953 0
      vertex 27.9159 52.7382 0
      vertex 26.2944 50.9405 0
    endloop
  endfacet
  facet normal 0 0 -1
    outer loop
      vertex 26.5874 50.2005 0
      vertex 29 50 0
      vertex 26.6 50 0
    endloop
  endfacet
  facet normal 0 0 -1
    outer loop
      vertex 25.8573 48.6491 0
      vertex 29 50 0
      vertex 46 46 0
    endloop
  endfacet
  facet normal -0 0 -1
    outer loop
      vertex 29 50 0
      vertex 26.5874 49.7995 0
      vertex 26.6 50 0
    endloop
  endfacet
  facet normal 0 0 -1
    outer loop
      vertex 29 50 0
      vertex 26.5497 49.6021 0
      vertex 26.5874 49.7995 0
    endloop
  endfacet
  facet normal 0 0 -1
    outer loop
      vertex 29 50 0
      vertex 26.4876 49.411 0
      vertex 26.5497 49.6021 0
    endloop
  endfacet
  facet normal 0 0 -1
    outer loop
      vertex 29 50 0
      vertex 26.4021 49.2292 0
      vertex 26.4876 49.411 0
    endloop
  endfacet
  facet normal 0 0 -1
    outer loop
      vertex 29 50 0
      vertex 26.2944 49.0595 0
      vertex 26.4021 49.2292 0
    endloop
  endfacet
  facet normal 0 0 -1
    outer loop
      vertex 29 50 0
      vertex 26.1663 48.9047 0
      vertex 26.2944 49.0595 0
    endloop
  endfacet
  facet normal 0 0 -1
    outer loop
      vertex 29 50 0
      vertex 26.0199 48.7672 0
      vertex 26.1663 48.9047 0
    endloop
  endfacet
  facet normal 0 0 -1
    outer loop
      vertex 29 50 0
      vertex 25.8573 48.6491 0
      vertex 26.0199 48.7672 0
    endloop
  endfacet
  facet normal 0 0 -1
    outer loop
      vertex 46 46 0
      vertex 25.6812 48.5523 0
      vertex 25.8573 48.6491 0
    endloop
  endfacet
  facet normal 0 0 -1
    outer loop
      vertex 46 46 0
      vertex 25.4944 48.4783 0
      vertex 25.6812 48.5523 0
    endloop
  endfacet
  facet normal 0 0 -1
    outer loop
      vertex 21 46 0
      vertex 25.4944 48.4783 0
      vertex 46 46 0
    endloop
  endfacet
  facet normal 0 0 -1
    outer loop
      vertex 25.4944 48.4783 0
      vertex 21 46 0
      vertex 25.2998 48.4283 0
    endloop
  endfacet
  facet normal 0 0 -1
    outer loop
      vertex 25.2998 48.4283 0
      vertex 21 46 0
      vertex 25.1005 48.4032 0
    endloop
  endfacet
  facet normal 0 0 -1
    outer loop
      vertex 24.1427 51.3509 0
      vertex 22.8567 53.3773 0
      vertex 23.2969 53.6193 0
    endloop
  endfacet
  facet normal 0 0 -1
    outer loop
      vertex 21 50 0
      vertex 23.4 50 0
      vertex 23.4126 49.7995 0
    endloop
  endfacet
  facet normal 0 0 -1
    outer loop
      vertex 23.4126 50.2005 0
      vertex 22.4503 53.0821 0
      vertex 22.8567 53.3773 0
    endloop
  endfacet
  facet normal 0 0 -1
    outer loop
      vertex 21 50 0
      vertex 23.4126 49.7995 0
      vertex 23.4503 49.6021 0
    endloop
  endfacet
  facet normal 0 0 -1
    outer loop
      vertex 23.4126 50.2005 0
      vertex 22.0841 52.7382 0
      vertex 22.4503 53.0821 0
    endloop
  endfacet
  facet normal 0 0 -1
    outer loop
      vertex 21 50 0
      vertex 23.4503 49.6021 0
      vertex 23.5124 49.411 0
    endloop
  endfacet
  facet normal 0 0 -1
    outer loop
      vertex 23.4126 50.2005 0
      vertex 21.7639 52.3511 0
      vertex 22.0841 52.7382 0
    endloop
  endfacet
  facet normal 0 0 -1
    outer loop
      vertex 21 50 0
      vertex 23.5124 49.411 0
      vertex 23.5979 49.2292 0
    endloop
  endfacet
  facet normal 0 0 -1
    outer loop
      vertex 23.4126 50.2005 0
      vertex 21.4948 51.927 0
      vertex 21.7639 52.3511 0
    endloop
  endfacet
  facet normal 0 0 -1
    outer loop
      vertex 21 50 0
      vertex 23.5979 49.2292 0
      vertex 23.7056 49.0595 0
    endloop
  endfacet
  facet normal 0 0 -1
    outer loop
      vertex 23.4126 50.2005 0
      vertex 21.2809 51.4725 0
      vertex 21.4948 51.927 0
    endloop
  endfacet
  facet normal 0 0 -1
    outer loop
      vertex 21 46 0
      vertex 23.7056 49.0595 0
      vertex 23.8336 48.9047 0
    endloop
  endfacet
  facet normal 0 0 -1
    outer loop
      vertex 23.4126 50.2005 0
      vertex 21.1257 50.9948 0
      vertex 21.2809 51.4725 0
    endloop
  endfacet
  facet normal 0 0 -1
    outer loop
      vertex 21 46 0
      vertex 23.8336 48.9047 0
      vertex 23.9801 48.7672 0
    endloop
  endfacet
  facet normal 0 0 -1
    outer loop
      vertex 23.4126 50.2005 0
      vertex 21.0315 50.5013 0
      vertex 21.1257 50.9948 0
    endloop
  endfacet
  facet normal 0 0 -1
    outer loop
      vertex 21 46 0
      vertex 23.9801 48.7672 0
      vertex 24.1427 48.6491 0
    endloop
  endfacet
  facet normal -0 0 -1
    outer loop
      vertex 25.1005 48.4032 0
      vertex 21 46 0
      vertex 24.8995 48.4032 0
    endloop
  endfacet
  facet normal 0 0 -1
    outer loop
      vertex 21 46 0
      vertex 24.7002 48.4283 0
      vertex 24.8995 48.4032 0
    endloop
  endfacet
  facet normal 0 0 -1
    outer loop
      vertex 21 46 0
      vertex 24.5056 48.4783 0
      vertex 24.7002 48.4283 0
    endloop
  endfacet
  facet normal 0 0 -1
    outer loop
      vertex 21 46 0
      vertex 24.3188 48.5523 0
      vertex 24.5056 48.4783 0
    endloop
  endfacet
  facet normal 0 0 -1
    outer loop
      vertex 21 46 0
      vertex 24.1427 48.6491 0
      vertex 24.3188 48.5523 0
    endloop
  endfacet
  facet normal -0 0 -1
    outer loop
      vertex 23.7056 49.0595 0
      vertex 21 46 0
      vertex 21 50 0
    endloop
  endfacet
  facet normal 0 0 -1
    outer loop
      vertex 23.4 50 0
      vertex 21 50 0
      vertex 21.0315 50.5013 0
    endloop
  endfacet
  facet normal 0 0 -1
    outer loop
      vertex 28.8743 50.9948 0
      vertex 26.5874 50.2005 0
      vertex 26.5497 50.3979 0
    endloop
  endfacet
  facet normal -0 0 -1
    outer loop
      vertex 28.7191 51.4725 0
      vertex 26.4876 50.589 0
      vertex 28.5052 51.927 0
    endloop
  endfacet
  facet normal 0 0 -1
    outer loop
      vertex 26.2944 50.9405 0
      vertex 28.2361 52.3511 0
      vertex 26.4021 50.7708 0
    endloop
  endfacet
  facet normal -0 0 -1
    outer loop
      vertex 27.9159 52.7382 0
      vertex 26.1663 51.0953 0
      vertex 27.5497 53.0821 0
    endloop
  endfacet
  facet normal 0 0 -1
    outer loop
      vertex 26.0199 51.2328 0
      vertex 27.5497 53.0821 0
      vertex 26.1663 51.0953 0
    endloop
  endfacet
  facet normal -0 0 -1
    outer loop
      vertex 27.5497 53.0821 0
      vertex 26.0199 51.2328 0
      vertex 27.1433 53.3773 0
    endloop
  endfacet
  facet normal 0 0 -1
    outer loop
      vertex 25.8573 51.3509 0
      vertex 27.1433 53.3773 0
      vertex 26.0199 51.2328 0
    endloop
  endfacet
  facet normal -0 0 -1
    outer loop
      vertex 27.1433 53.3773 0
      vertex 25.8573 51.3509 0
      vertex 26.7031 53.6193 0
    endloop
  endfacet
  facet normal 0 0 -1
    outer loop
      vertex 25.6812 51.4477 0
      vertex 26.7031 53.6193 0
      vertex 25.8573 51.3509 0
    endloop
  endfacet
  facet normal -0 0 -1
    outer loop
      vertex 26.7031 53.6193 0
      vertex 25.6812 51.4477 0
      vertex 26.2361 53.8042 0
    endloop
  endfacet
  facet normal 0 0 -1
    outer loop
      vertex 25.4944 51.5217 0
      vertex 26.2361 53.8042 0
      vertex 25.6812 51.4477 0
    endloop
  endfacet
  facet normal -0 0 -1
    outer loop
      vertex 26.2361 53.8042 0
      vertex 25.4944 51.5217 0
      vertex 25.7495 53.9291 0
    endloop
  endfacet
  facet normal 0 0 -1
    outer loop
      vertex 25.2998 51.5717 0
      vertex 25.7495 53.9291 0
      vertex 25.4944 51.5217 0
    endloop
  endfacet
  facet normal 0 0 -1
    outer loop
      vertex 25.2998 51.5717 0
      vertex 25.2512 53.9921 0
      vertex 25.7495 53.9291 0
    endloop
  endfacet
  facet normal 0 0 -1
    outer loop
      vertex 25.1005 51.5968 0
      vertex 25.2512 53.9921 0
      vertex 25.2998 51.5717 0
    endloop
  endfacet
  facet normal 0 0 -1
    outer loop
      vertex 24.8995 51.5968 0
      vertex 25.2512 53.9921 0
      vertex 25.1005 51.5968 0
    endloop
  endfacet
  facet normal 0 0 -1
    outer loop
      vertex 24.8995 51.5968 0
      vertex 24.7488 53.9921 0
      vertex 25.2512 53.9921 0
    endloop
  endfacet
  facet normal 0 0 -1
    outer loop
      vertex 24.7002 51.5717 0
      vertex 24.7488 53.9921 0
      vertex 24.8995 51.5968 0
    endloop
  endfacet
  facet normal 0 0 -1
    outer loop
      vertex 24.2505 53.9291 0
      vertex 24.7002 51.5717 0
      vertex 24.5056 51.5217 0
    endloop
  endfacet
  facet normal 0 0 -1
    outer loop
      vertex 23.7639 53.8042 0
      vertex 24.5056 51.5217 0
      vertex 24.3188 51.4477 0
    endloop
  endfacet
  facet normal 0 0 -1
    outer loop
      vertex 24.7002 51.5717 0
      vertex 24.2505 53.9291 0
      vertex 24.7488 53.9921 0
    endloop
  endfacet
  facet normal 0 0 -1
    outer loop
      vertex 23.2969 53.6193 0
      vertex 24.3188 51.4477 0
      vertex 24.1427 51.3509 0
    endloop
  endfacet
  facet normal 0 0 -1
    outer loop
      vertex 22.8567 53.3773 0
      vertex 24.1427 51.3509 0
      vertex 23.9801 51.2328 0
    endloop
  endfacet
  facet normal 0 0 -1
    outer loop
      vertex 22.8567 53.3773 0
      vertex 23.9801 51.2328 0
      vertex 23.8336 51.0953 0
    endloop
  endfacet
  facet normal 0 0 -1
    outer loop
      vertex 24.5056 51.5217 0
      vertex 23.7639 53.8042 0
      vertex 24.2505 53.9291 0
    endloop
  endfacet
  facet normal 0 0 -1
    outer loop
      vertex 22.8567 53.3773 0
      vertex 23.8336 51.0953 0
      vertex 23.7056 50.9405 0
    endloop
  endfacet
  facet normal 0 0 -1
    outer loop
      vertex 22.8567 53.3773 0
      vertex 23.7056 50.9405 0
      vertex 23.5979 50.7708 0
    endloop
  endfacet
  facet normal 0 0 -1
    outer loop
      vertex 22.8567 53.3773 0
      vertex 23.5979 50.7708 0
      vertex 23.5124 50.589 0
    endloop
  endfacet
  facet normal 0 0 -1
    outer loop
      vertex 22.8567 53.3773 0
      vertex 23.5124 50.589 0
      vertex 23.4503 50.3979 0
    endloop
  endfacet
  facet normal 0 0 -1
    outer loop
      vertex 22.8567 53.3773 0
      vertex 23.4503 50.3979 0
      vertex 23.4126 50.2005 0
    endloop
  endfacet
  facet normal 0 0 -1
    outer loop
      vertex 24.3188 51.4477 0
      vertex 23.2969 53.6193 0
      vertex 23.7639 53.8042 0
    endloop
  endfacet
  facet normal 0 0 -1
    outer loop
      vertex 21.0315 50.5013 0
      vertex 23.4126 50.2005 0
      vertex 23.4 50 0
    endloop
  endfacet
  facet normal -0.904805 0.425826 0
    outer loop
      vertex 21.2809 51.4725 0
      vertex 21.4948 51.927 6
      vertex 21.4948 51.927 0
    endloop
  endfacet
  facet normal -0.904805 0.425826 0
    outer loop
      vertex 21.4948 51.927 6
      vertex 21.2809 51.4725 0
      vertex 21.2809 51.4725 6
    endloop
  endfacet
  facet normal -0.844366 0.535767 0
    outer loop
      vertex 21.4948 51.927 0
      vertex 21.7639 52.3511 6
      vertex 21.7639 52.3511 0
    endloop
  endfacet
  facet normal -0.844366 0.535767 0
    outer loop
      vertex 21.7639 52.3511 6
      vertex 21.4948 51.927 0
      vertex 21.4948 51.927 6
    endloop
  endfacet
  facet normal -0.998032 0.0627129 0
    outer loop
      vertex 21 50 0
      vertex 21.0315 50.5013 6
      vertex 21.0315 50.5013 0
    endloop
  endfacet
  facet normal -0.998032 0.0627129 0
    outer loop
      vertex 21.0315 50.5013 6
      vertex 21 50 0
      vertex 21 50 6
    endloop
  endfacet
  facet normal -0 0 1
    outer loop
      vertex -0.100465 23.4032 6
      vertex 0 21.0079 6
      vertex 0.100465 23.4032 6
    endloop
  endfacet
  facet normal 0 0 1
    outer loop
      vertex -0.100465 23.4032 6
      vertex -0.251162 21.0079 6
      vertex 0 21.0079 6
    endloop
  endfacet
  facet normal 0 0 1
    outer loop
      vertex -0.299809 23.4283 6
      vertex -0.251162 21.0079 6
      vertex -0.100465 23.4032 6
    endloop
  endfacet
  facet normal 0 0 1
    outer loop
      vertex -0.749525 21.0709 6
      vertex -0.299809 23.4283 6
      vertex -0.494427 23.4783 6
    endloop
  endfacet
  facet normal 0 0 1
    outer loop
      vertex -1.23607 21.1958 6
      vertex -0.494427 23.4783 6
      vertex -0.681247 23.5523 6
    endloop
  endfacet
  facet normal 0 0 1
    outer loop
      vertex -0.299809 23.4283 6
      vertex -0.749525 21.0709 6
      vertex -0.251162 21.0079 6
    endloop
  endfacet
  facet normal 0 0 1
    outer loop
      vertex -1.70312 21.3807 6
      vertex -0.681247 23.5523 6
      vertex -0.857323 23.6491 6
    endloop
  endfacet
  facet normal 0 0 1
    outer loop
      vertex -2.14331 21.6227 6
      vertex -0.857323 23.6491 6
      vertex -1.01988 23.7672 6
    endloop
  endfacet
  facet normal 0 0 1
    outer loop
      vertex -2.5497 21.9179 6
      vertex -1.01988 23.7672 6
      vertex -1.16635 23.9047 6
    endloop
  endfacet
  facet normal 0 0 1
    outer loop
      vertex -0.494427 23.4783 6
      vertex -1.23607 21.1958 6
      vertex -0.749525 21.0709 6
    endloop
  endfacet
  facet normal 0 0 1
    outer loop
      vertex -2.91587 22.2618 6
      vertex -1.16635 23.9047 6
      vertex -1.29443 24.0595 6
    endloop
  endfacet
  facet normal 0 0 1
    outer loop
      vertex -3.23607 22.6489 6
      vertex -1.29443 24.0595 6
      vertex -1.40209 24.2292 6
    endloop
  endfacet
  facet normal 0 0 1
    outer loop
      vertex -3.50523 23.073 6
      vertex -1.40209 24.2292 6
      vertex -1.48764 24.411 6
    endloop
  endfacet
  facet normal 0 0 1
    outer loop
      vertex -3.71911 23.5275 6
      vertex -1.48764 24.411 6
      vertex -1.54973 24.6021 6
    endloop
  endfacet
  facet normal 0 0 1
    outer loop
      vertex -3.87433 24.0052 6
      vertex -1.54973 24.6021 6
      vertex -1.58738 24.7995 6
    endloop
  endfacet
  facet normal 0 0 1
    outer loop
      vertex -0.681247 23.5523 6
      vertex -1.70312 21.3807 6
      vertex -1.23607 21.1958 6
    endloop
  endfacet
  facet normal 0 0 1
    outer loop
      vertex -3.96846 24.4987 6
      vertex -1.58738 24.7995 6
      vertex -1.6 25 6
    endloop
  endfacet
  facet normal -0 0 1
    outer loop
      vertex -3.50523 26.927 6
      vertex -1.40209 25.7708 6
      vertex -3.23607 27.3511 6
    endloop
  endfacet
  facet normal 0 0 1
    outer loop
      vertex -1.40209 25.7708 6
      vertex -3.50523 26.927 6
      vertex -1.48764 25.589 6
    endloop
  endfacet
  facet normal 0 0 1
    outer loop
      vertex -0.857323 23.6491 6
      vertex -2.14331 21.6227 6
      vertex -1.70312 21.3807 6
    endloop
  endfacet
  facet normal -0 0 1
    outer loop
      vertex -3.71911 26.4725 6
      vertex -1.48764 25.589 6
      vertex -3.50523 26.927 6
    endloop
  endfacet
  facet normal 0 0 1
    outer loop
      vertex -1.01988 23.7672 6
      vertex -2.5497 21.9179 6
      vertex -2.14331 21.6227 6
    endloop
  endfacet
  facet normal 0 0 1
    outer loop
      vertex -1.48764 25.589 6
      vertex -3.71911 26.4725 6
      vertex -1.54973 25.3979 6
    endloop
  endfacet
  facet normal 0 0 1
    outer loop
      vertex -1.16635 23.9047 6
      vertex -2.91587 22.2618 6
      vertex -2.5497 21.9179 6
    endloop
  endfacet
  facet normal -0 0 1
    outer loop
      vertex -3.87433 25.9948 6
      vertex -1.54973 25.3979 6
      vertex -3.71911 26.4725 6
    endloop
  endfacet
  facet normal 0 0 1
    outer loop
      vertex -1.29443 24.0595 6
      vertex -3.23607 22.6489 6
      vertex -2.91587 22.2618 6
    endloop
  endfacet
  facet normal 0 0 1
    outer loop
      vertex -1.54973 25.3979 6
      vertex -3.87433 25.9948 6
      vertex -1.58738 25.2005 6
    endloop
  endfacet
  facet normal 0 0 1
    outer loop
      vertex -1.40209 24.2292 6
      vertex -3.50523 23.073 6
      vertex -3.23607 22.6489 6
    endloop
  endfacet
  facet normal -0 0 1
    outer loop
      vertex -3.96846 25.5013 6
      vertex -1.58738 25.2005 6
      vertex -3.87433 25.9948 6
    endloop
  endfacet
  facet normal 0 0 1
    outer loop
      vertex -1.48764 24.411 6
      vertex -3.71911 23.5275 6
      vertex -3.50523 23.073 6
    endloop
  endfacet
  facet normal 0 0 1
    outer loop
      vertex -1.58738 25.2005 6
      vertex -3.96846 25.5013 6
      vertex -1.6 25 6
    endloop
  endfacet
  facet normal 0 0 1
    outer loop
      vertex -1.54973 24.6021 6
      vertex -3.87433 24.0052 6
      vertex -3.71911 23.5275 6
    endloop
  endfacet
  facet normal 0 0 1
    outer loop
      vertex -4 25 6
      vertex -1.6 25 6
      vertex -3.96846 25.5013 6
    endloop
  endfacet
  facet normal 0 0 1
    outer loop
      vertex -1.58738 24.7995 6
      vertex -3.96846 24.4987 6
      vertex -3.87433 24.0052 6
    endloop
  endfacet
  facet normal 0 0 1
    outer loop
      vertex -1.6 25 6
      vertex -4 25 6
      vertex -3.96846 24.4987 6
    endloop
  endfacet
  facet normal 0 0 1
    outer loop
      vertex 28.9685 50.5013 6
      vertex 26.5874 50.2005 6
      vertex 26.6 50 6
    endloop
  endfacet
  facet normal 0 0 1
    outer loop
      vertex 27.1433 53.3773 6
      vertex 26.5497 50.3979 6
      vertex 26.5874 50.2005 6
    endloop
  endfacet
  facet normal 0 0 1
    outer loop
      vertex 27.1433 53.3773 6
      vertex 26.4876 50.589 6
      vertex 26.5497 50.3979 6
    endloop
  endfacet
  facet normal 0 0 1
    outer loop
      vertex 27.1433 53.3773 6
      vertex 26.4021 50.7708 6
      vertex 26.4876 50.589 6
    endloop
  endfacet
  facet normal 0 0 1
    outer loop
      vertex 27.1433 53.3773 6
      vertex 26.2944 50.9405 6
      vertex 26.4021 50.7708 6
    endloop
  endfacet
  facet normal 0 0 1
    outer loop
      vertex 25.6812 51.4477 6
      vertex 26.7031 53.6193 6
      vertex 26.2361 53.8042 6
    endloop
  endfacet
  facet normal 0 0 1
    outer loop
      vertex 27.1433 53.3773 6
      vertex 26.1663 51.0953 6
      vertex 26.2944 50.9405 6
    endloop
  endfacet
  facet normal 0 0 1
    outer loop
      vertex 27.1433 53.3773 6
      vertex 26.0199 51.2328 6
      vertex 26.1663 51.0953 6
    endloop
  endfacet
  facet normal 0 0 1
    outer loop
      vertex 27.1433 53.3773 6
      vertex 25.8573 51.3509 6
      vertex 26.0199 51.2328 6
    endloop
  endfacet
  facet normal 0 0 1
    outer loop
      vertex 25.4944 51.5217 6
      vertex 26.2361 53.8042 6
      vertex 25.7495 53.9291 6
    endloop
  endfacet
  facet normal 0 0 1
    outer loop
      vertex 26.7031 53.6193 6
      vertex 25.6812 51.4477 6
      vertex 25.8573 51.3509 6
    endloop
  endfacet
  facet normal 0 0 1
    outer loop
      vertex 26.2361 53.8042 6
      vertex 25.4944 51.5217 6
      vertex 25.6812 51.4477 6
    endloop
  endfacet
  facet normal 0 0 1
    outer loop
      vertex 25.7495 53.9291 6
      vertex 25.2998 51.5717 6
      vertex 25.4944 51.5217 6
    endloop
  endfacet
  facet normal 0 0 1
    outer loop
      vertex 25.2512 53.9921 6
      vertex 25.2998 51.5717 6
      vertex 25.7495 53.9291 6
    endloop
  endfacet
  facet normal 0 0 1
    outer loop
      vertex 25.2512 53.9921 6
      vertex 25.1005 51.5968 6
      vertex 25.2998 51.5717 6
    endloop
  endfacet
  facet normal 0 0 1
    outer loop
      vertex 25.2512 53.9921 6
      vertex 24.8995 51.5968 6
      vertex 25.1005 51.5968 6
    endloop
  endfacet
  facet normal -0 0 1
    outer loop
      vertex 24.7488 53.9921 6
      vertex 24.8995 51.5968 6
      vertex 25.2512 53.9921 6
    endloop
  endfacet
  facet normal 0 0 1
    outer loop
      vertex 24.7488 53.9921 6
      vertex 24.7002 51.5717 6
      vertex 24.8995 51.5968 6
    endloop
  endfacet
  facet normal -0 0 1
    outer loop
      vertex 24.2505 53.9291 6
      vertex 24.7002 51.5717 6
      vertex 24.7488 53.9921 6
    endloop
  endfacet
  facet normal 0 0 1
    outer loop
      vertex 24.7002 51.5717 6
      vertex 24.2505 53.9291 6
      vertex 24.5056 51.5217 6
    endloop
  endfacet
  facet normal -0 0 1
    outer loop
      vertex 23.7639 53.8042 6
      vertex 24.5056 51.5217 6
      vertex 24.2505 53.9291 6
    endloop
  endfacet
  facet normal 0 0 1
    outer loop
      vertex 24.5056 51.5217 6
      vertex 23.7639 53.8042 6
      vertex 24.3188 51.4477 6
    endloop
  endfacet
  facet normal -0 0 1
    outer loop
      vertex 23.2969 53.6193 6
      vertex 24.3188 51.4477 6
      vertex 23.7639 53.8042 6
    endloop
  endfacet
  facet normal 0 0 1
    outer loop
      vertex 24.3188 51.4477 6
      vertex 23.2969 53.6193 6
      vertex 24.1427 51.3509 6
    endloop
  endfacet
  facet normal -0 0 1
    outer loop
      vertex 22.8567 53.3773 6
      vertex 24.1427 51.3509 6
      vertex 23.2969 53.6193 6
    endloop
  endfacet
  facet normal 0 0 1
    outer loop
      vertex 24.1427 51.3509 6
      vertex 22.8567 53.3773 6
      vertex 23.9801 51.2328 6
    endloop
  endfacet
  facet normal -0 0 1
    outer loop
      vertex 22.4503 53.0821 6
      vertex 23.9801 51.2328 6
      vertex 22.8567 53.3773 6
    endloop
  endfacet
  facet normal 0 0 1
    outer loop
      vertex 23.9801 51.2328 6
      vertex 22.4503 53.0821 6
      vertex 23.8336 51.0953 6
    endloop
  endfacet
  facet normal -0 0 1
    outer loop
      vertex 22.0841 52.7382 6
      vertex 23.8336 51.0953 6
      vertex 22.4503 53.0821 6
    endloop
  endfacet
  facet normal 0 0 1
    outer loop
      vertex 23.8336 51.0953 6
      vertex 22.0841 52.7382 6
      vertex 23.7056 50.9405 6
    endloop
  endfacet
  facet normal 0 0 1
    outer loop
      vertex 23.7056 50.9405 6
      vertex 21.7639 52.3511 6
      vertex 23.5979 50.7708 6
    endloop
  endfacet
  facet normal -0 0 1
    outer loop
      vertex 21.7639 52.3511 6
      vertex 23.7056 50.9405 6
      vertex 22.0841 52.7382 6
    endloop
  endfacet
  facet normal -0 0 1
    outer loop
      vertex 20 20 6
      vertex 29 18 6
      vertex 30 20 6
    endloop
  endfacet
  facet normal 0 0 1
    outer loop
      vertex 20 30 6
      vertex 18 21 6
      vertex 20 20 6
    endloop
  endfacet
  facet normal 0 0 1
    outer loop
      vertex 4 18 6
      vertex 18 21 6
      vertex 4 21 6
    endloop
  endfacet
  facet normal 0 0 1
    outer loop
      vertex 18 21 6
      vertex 4 18 6
      vertex 20 20 6
    endloop
  endfacet
  facet normal 0 0 1
    outer loop
      vertex 20 20 6
      vertex 4 18 6
      vertex 29 18 6
    endloop
  endfacet
  facet normal 0 0 1
    outer loop
      vertex 46 32 6
      vertex 32 29 6
      vertex 46 29 6
    endloop
  endfacet
  facet normal 0 0 1
    outer loop
      vertex 30 20 6
      vertex 32 29 6
      vertex 30 30 6
    endloop
  endfacet
  facet normal 0 0 1
    outer loop
      vertex 46 32 6
      vertex 30 30 6
      vertex 32 29 6
    endloop
  endfacet
  facet normal -0 0 1
    outer loop
      vertex 21 32 6
      vertex 30 30 6
      vertex 46 32 6
    endloop
  endfacet
  facet normal 0 0 1
    outer loop
      vertex 30 30 6
      vertex 21 32 6
      vertex 20 30 6
    endloop
  endfacet
  facet normal -0 0 1
    outer loop
      vertex 46 32 6
      vertex 50 28.9921 6
      vertex 50 45.5 6
    endloop
  endfacet
  facet normal -0 0 1
    outer loop
      vertex 46 29 6
      vertex 50 28.9921 6
      vertex 46 32 6
    endloop
  endfacet
  facet normal 0 -0 1
    outer loop
      vertex 49.1427 26.3509 6
      vertex 50 28.9921 6
      vertex 46 29 6
    endloop
  endfacet
  facet normal 0 0 1
    outer loop
      vertex 50 28.9921 6
      vertex 49.7002 26.5717 6
      vertex 49.8995 26.5968 6
    endloop
  endfacet
  facet normal 0 0 1
    outer loop
      vertex 50 28.9921 6
      vertex 49.5056 26.5217 6
      vertex 49.7002 26.5717 6
    endloop
  endfacet
  facet normal 0 0 1
    outer loop
      vertex 50 28.9921 6
      vertex 49.3188 26.4477 6
      vertex 49.5056 26.5217 6
    endloop
  endfacet
  facet normal 0 0 1
    outer loop
      vertex 50 28.9921 6
      vertex 49.1427 26.3509 6
      vertex 49.3188 26.4477 6
    endloop
  endfacet
  facet normal 0 0 1
    outer loop
      vertex 49.1427 26.3509 6
      vertex 46 29 6
      vertex 48.9801 26.2328 6
    endloop
  endfacet
  facet normal 0 0 1
    outer loop
      vertex 48.9801 26.2328 6
      vertex 46 29 6
      vertex 48.8336 26.0953 6
    endloop
  endfacet
  facet normal 0 0 1
    outer loop
      vertex 48.8336 26.0953 6
      vertex 46 29 6
      vertex 48.7056 25.9405 6
    endloop
  endfacet
  facet normal 0 0 1
    outer loop
      vertex 48.7056 25.9405 6
      vertex 46 29 6
      vertex 48.5979 25.7708 6
    endloop
  endfacet
  facet normal 0 0 1
    outer loop
      vertex 48.5979 25.7708 6
      vertex 46 29 6
      vertex 48.5124 25.589 6
    endloop
  endfacet
  facet normal 0 0 1
    outer loop
      vertex 48.5124 25.589 6
      vertex 46 29 6
      vertex 48.4503 25.3979 6
    endloop
  endfacet
  facet normal 0 0 1
    outer loop
      vertex 46 32 6
      vertex 50 45.5 6
      vertex 46 46 6
    endloop
  endfacet
  facet normal 0 0 1
    outer loop
      vertex 45.5 50 6
      vertex 46 46 6
      vertex 50 45.5 6
    endloop
  endfacet
  facet normal -0 0 1
    outer loop
      vertex 29 50 6
      vertex 46 46 6
      vertex 45.5 50 6
    endloop
  endfacet
  facet normal 0 0 1
    outer loop
      vertex 26.5874 50.2005 6
      vertex 28.9685 50.5013 6
      vertex 28.8743 50.9948 6
    endloop
  endfacet
  facet normal 0 0 1
    outer loop
      vertex 26.5874 50.2005 6
      vertex 28.8743 50.9948 6
      vertex 28.7191 51.4725 6
    endloop
  endfacet
  facet normal 0 0 1
    outer loop
      vertex 26.5874 50.2005 6
      vertex 28.7191 51.4725 6
      vertex 28.5052 51.927 6
    endloop
  endfacet
  facet normal 0 0 1
    outer loop
      vertex 26.5874 50.2005 6
      vertex 28.5052 51.927 6
      vertex 28.2361 52.3511 6
    endloop
  endfacet
  facet normal 0 0 1
    outer loop
      vertex 26.5874 50.2005 6
      vertex 28.2361 52.3511 6
      vertex 27.9159 52.7382 6
    endloop
  endfacet
  facet normal 0 0 1
    outer loop
      vertex 26.5874 50.2005 6
      vertex 27.9159 52.7382 6
      vertex 27.5497 53.0821 6
    endloop
  endfacet
  facet normal 0 0 1
    outer loop
      vertex 26.5874 50.2005 6
      vertex 27.5497 53.0821 6
      vertex 27.1433 53.3773 6
    endloop
  endfacet
  facet normal 0 0 1
    outer loop
      vertex 25.8573 51.3509 6
      vertex 27.1433 53.3773 6
      vertex 26.7031 53.6193 6
    endloop
  endfacet
  facet normal 0 0 1
    outer loop
      vertex 28.9685 50.5013 6
      vertex 26.6 50 6
      vertex 29 50 6
    endloop
  endfacet
  facet normal 0 0 1
    outer loop
      vertex 26.5874 49.7995 6
      vertex 29 50 6
      vertex 26.6 50 6
    endloop
  endfacet
  facet normal 0 0 1
    outer loop
      vertex 26.5497 49.6021 6
      vertex 29 50 6
      vertex 26.5874 49.7995 6
    endloop
  endfacet
  facet normal 0 0 1
    outer loop
      vertex 26.4876 49.411 6
      vertex 29 50 6
      vertex 26.5497 49.6021 6
    endloop
  endfacet
  facet normal 0 0 1
    outer loop
      vertex 26.4021 49.2292 6
      vertex 29 50 6
      vertex 26.4876 49.411 6
    endloop
  endfacet
  facet normal 0 0 1
    outer loop
      vertex 26.2944 49.0595 6
      vertex 29 50 6
      vertex 26.4021 49.2292 6
    endloop
  endfacet
  facet normal 0 0 1
    outer loop
      vertex 26.1663 48.9047 6
      vertex 29 50 6
      vertex 26.2944 49.0595 6
    endloop
  endfacet
  facet normal 0 0 1
    outer loop
      vertex 26.0199 48.7672 6
      vertex 29 50 6
      vertex 26.1663 48.9047 6
    endloop
  endfacet
  facet normal 0 0 1
    outer loop
      vertex 25.8573 48.6491 6
      vertex 29 50 6
      vertex 26.0199 48.7672 6
    endloop
  endfacet
  facet normal 0 0 1
    outer loop
      vertex 29 50 6
      vertex 25.8573 48.6491 6
      vertex 46 46 6
    endloop
  endfacet
  facet normal -0 0 1
    outer loop
      vertex 25.6812 48.5523 6
      vertex 46 46 6
      vertex 25.8573 48.6491 6
    endloop
  endfacet
  facet normal -0 0 1
    outer loop
      vertex 25.4944 48.4783 6
      vertex 46 46 6
      vertex 25.6812 48.5523 6
    endloop
  endfacet
  facet normal 0 0 1
    outer loop
      vertex 21 46 6
      vertex 25.4944 48.4783 6
      vertex 25.2998 48.4283 6
    endloop
  endfacet
  facet normal 0 0 1
    outer loop
      vertex 21 46 6
      vertex 25.2998 48.4283 6
      vertex 25.1005 48.4032 6
    endloop
  endfacet
  facet normal 0 0 1
    outer loop
      vertex 21 46 6
      vertex 25.1005 48.4032 6
      vertex 24.8995 48.4032 6
    endloop
  endfacet
  facet normal -0 0 1
    outer loop
      vertex 21.4948 51.927 6
      vertex 23.5979 50.7708 6
      vertex 21.7639 52.3511 6
    endloop
  endfacet
  facet normal 0 0 1
    outer loop
      vertex 23.5979 50.7708 6
      vertex 21.4948 51.927 6
      vertex 23.5124 50.589 6
    endloop
  endfacet
  facet normal -0 0 1
    outer loop
      vertex 21.2809 51.4725 6
      vertex 23.5124 50.589 6
      vertex 21.4948 51.927 6
    endloop
  endfacet
  facet normal 0 0 1
    outer loop
      vertex 23.5124 50.589 6
      vertex 21.2809 51.4725 6
      vertex 23.4503 50.3979 6
    endloop
  endfacet
  facet normal -0 0 1
    outer loop
      vertex 21.1257 50.9948 6
      vertex 23.4503 50.3979 6
      vertex 21.2809 51.4725 6
    endloop
  endfacet
  facet normal 0 0 1
    outer loop
      vertex 23.4503 50.3979 6
      vertex 21.1257 50.9948 6
      vertex 23.4126 50.2005 6
    endloop
  endfacet
  facet normal -0 0 1
    outer loop
      vertex 21.0315 50.5013 6
      vertex 23.4126 50.2005 6
      vertex 21.1257 50.9948 6
    endloop
  endfacet
  facet normal 0 0 1
    outer loop
      vertex 23.4126 50.2005 6
      vertex 21.0315 50.5013 6
      vertex 23.4 50 6
    endloop
  endfacet
  facet normal 0 0 1
    outer loop
      vertex 21 50 6
      vertex 23.4 50 6
      vertex 21.0315 50.5013 6
    endloop
  endfacet
  facet normal 0 0 1
    outer loop
      vertex 23.4 50 6
      vertex 21 50 6
      vertex 23.4126 49.7995 6
    endloop
  endfacet
  facet normal 0 0 1
    outer loop
      vertex 23.4126 49.7995 6
      vertex 21 50 6
      vertex 23.4503 49.6021 6
    endloop
  endfacet
  facet normal 0 0 1
    outer loop
      vertex 23.4503 49.6021 6
      vertex 21 50 6
      vertex 23.5124 49.411 6
    endloop
  endfacet
  facet normal 0 0 1
    outer loop
      vertex 23.5124 49.411 6
      vertex 21 50 6
      vertex 23.5979 49.2292 6
    endloop
  endfacet
  facet normal 0 0 1
    outer loop
      vertex 23.5979 49.2292 6
      vertex 21 50 6
      vertex 23.7056 49.0595 6
    endloop
  endfacet
  facet normal 0 0 1
    outer loop
      vertex 21 46 6
      vertex 23.7056 49.0595 6
      vertex 21 50 6
    endloop
  endfacet
  facet normal 0 0 1
    outer loop
      vertex 23.7056 49.0595 6
      vertex 21 46 6
      vertex 23.8336 48.9047 6
    endloop
  endfacet
  facet normal 0 0 1
    outer loop
      vertex 23.8336 48.9047 6
      vertex 21 46 6
      vertex 23.9801 48.7672 6
    endloop
  endfacet
  facet normal 0 0 1
    outer loop
      vertex 23.9801 48.7672 6
      vertex 21 46 6
      vertex 24.1427 48.6491 6
    endloop
  endfacet
  facet normal 0 0 1
    outer loop
      vertex 25.4944 48.4783 6
      vertex 21 46 6
      vertex 46 46 6
    endloop
  endfacet
  facet normal 0 0 1
    outer loop
      vertex 24.7002 48.4283 6
      vertex 21 46 6
      vertex 24.8995 48.4032 6
    endloop
  endfacet
  facet normal 0 0 1
    outer loop
      vertex 24.5056 48.4783 6
      vertex 21 46 6
      vertex 24.7002 48.4283 6
    endloop
  endfacet
  facet normal 0 0 1
    outer loop
      vertex 24.3188 48.5523 6
      vertex 21 46 6
      vertex 24.5056 48.4783 6
    endloop
  endfacet
  facet normal 0 0 1
    outer loop
      vertex 24.1427 48.6491 6
      vertex 21 46 6
      vertex 24.3188 48.5523 6
    endloop
  endfacet
  facet normal 0 0 1
    outer loop
      vertex 18 46 6
      vertex 21 46 6
      vertex 21 50 6
    endloop
  endfacet
  facet normal 0 0 1
    outer loop
      vertex 21 46 6
      vertex 18 46 6
      vertex 21 32 6
    endloop
  endfacet
  facet normal 0 0 1
    outer loop
      vertex 18 21 6
      vertex 20 30 6
      vertex 18 46 6
    endloop
  endfacet
  facet normal 0 0 1
    outer loop
      vertex 21 32 6
      vertex 18 46 6
      vertex 20 30 6
    endloop
  endfacet
  facet normal -0 0 1
    outer loop
      vertex 4.5 50 6
      vertex 18 46 6
      vertex 21 50 6
    endloop
  endfacet
  facet normal 0 0 1
    outer loop
      vertex 4.5 50 6
      vertex 4 46 6
      vertex 18 46 6
    endloop
  endfacet
  facet normal -0 0 1
    outer loop
      vertex 1.48764 25.589 6
      vertex 4 21 6
      vertex 4 46 6
    endloop
  endfacet
  facet normal -0 -0 1
    outer loop
      vertex 1.58738 25.2005 6
      vertex 4 21 6
      vertex 1.54973 25.3979 6
    endloop
  endfacet
  facet normal -0 0 1
    outer loop
      vertex 1.54973 24.6021 6
      vertex 4 21 6
      vertex 1.58738 24.7995 6
    endloop
  endfacet
  facet normal -0 0 1
    outer loop
      vertex 1.58738 24.7995 6
      vertex 4 21 6
      vertex 1.6 25 6
    endloop
  endfacet
  facet normal -0 -0 1
    outer loop
      vertex 1.6 25 6
      vertex 4 21 6
      vertex 1.58738 25.2005 6
    endloop
  endfacet
  facet normal 0 0 1
    outer loop
      vertex 4 21 6
      vertex 1.48764 25.589 6
      vertex 1.54973 25.3979 6
    endloop
  endfacet
  facet normal 0 0 1
    outer loop
      vertex 4 46 6
      vertex 1.40209 25.7708 6
      vertex 1.48764 25.589 6
    endloop
  endfacet
  facet normal 0 0 1
    outer loop
      vertex 0 45.5 6
      vertex 4 46 6
      vertex 4.5 50 6
    endloop
  endfacet
  facet normal 0 0 1
    outer loop
      vertex 4 46 6
      vertex 0 28.9921 6
      vertex 1.40209 25.7708 6
    endloop
  endfacet
  facet normal 0 0 1
    outer loop
      vertex 1.40209 25.7708 6
      vertex 0 28.9921 6
      vertex 1.29443 25.9405 6
    endloop
  endfacet
  facet normal 0 0 1
    outer loop
      vertex 1.29443 25.9405 6
      vertex 0 28.9921 6
      vertex 1.16635 26.0953 6
    endloop
  endfacet
  facet normal 0 0 1
    outer loop
      vertex 1.16635 26.0953 6
      vertex 0 28.9921 6
      vertex 1.01988 26.2328 6
    endloop
  endfacet
  facet normal 0 0 1
    outer loop
      vertex 1.01988 26.2328 6
      vertex 0 28.9921 6
      vertex 0.857323 26.3509 6
    endloop
  endfacet
  facet normal 0 0 1
    outer loop
      vertex 0.857323 26.3509 6
      vertex 0 28.9921 6
      vertex 0.681247 26.4477 6
    endloop
  endfacet
  facet normal 0 0 1
    outer loop
      vertex 0.681247 26.4477 6
      vertex 0 28.9921 6
      vertex 0.494427 26.5217 6
    endloop
  endfacet
  facet normal 0 0 1
    outer loop
      vertex 0.494427 26.5217 6
      vertex 0 28.9921 6
      vertex 0.299809 26.5717 6
    endloop
  endfacet
  facet normal 0 0 1
    outer loop
      vertex 4 46 6
      vertex 0 45.5 6
      vertex 0 28.9921 6
    endloop
  endfacet
  facet normal 0 0 1
    outer loop
      vertex 0.299809 26.5717 6
      vertex 0 28.9921 6
      vertex 0.100465 26.5968 6
    endloop
  endfacet
  facet normal 0 0 1
    outer loop
      vertex 0 28.9921 6
      vertex -0.100465 26.5968 6
      vertex 0.100465 26.5968 6
    endloop
  endfacet
  facet normal -0 0 1
    outer loop
      vertex -0.251162 28.9921 6
      vertex -0.100465 26.5968 6
      vertex 0 28.9921 6
    endloop
  endfacet
  facet normal 0 0 1
    outer loop
      vertex -0.251162 28.9921 6
      vertex -0.299809 26.5717 6
      vertex -0.100465 26.5968 6
    endloop
  endfacet
  facet normal -0 0 1
    outer loop
      vertex -0.749525 28.9291 6
      vertex -0.299809 26.5717 6
      vertex -0.251162 28.9921 6
    endloop
  endfacet
  facet normal 0 0 1
    outer loop
      vertex -0.299809 26.5717 6
      vertex -0.749525 28.9291 6
      vertex -0.494427 26.5217 6
    endloop
  endfacet
  facet normal -0 0 1
    outer loop
      vertex -1.23607 28.8042 6
      vertex -0.494427 26.5217 6
      vertex -0.749525 28.9291 6
    endloop
  endfacet
  facet normal 0 0 1
    outer loop
      vertex -0.494427 26.5217 6
      vertex -1.23607 28.8042 6
      vertex -0.681247 26.4477 6
    endloop
  endfacet
  facet normal -0 0 1
    outer loop
      vertex -1.70312 28.6193 6
      vertex -0.681247 26.4477 6
      vertex -1.23607 28.8042 6
    endloop
  endfacet
  facet normal 0 0 1
    outer loop
      vertex -0.681247 26.4477 6
      vertex -1.70312 28.6193 6
      vertex -0.857323 26.3509 6
    endloop
  endfacet
  facet normal -0 0 1
    outer loop
      vertex -2.14331 28.3773 6
      vertex -0.857323 26.3509 6
      vertex -1.70312 28.6193 6
    endloop
  endfacet
  facet normal 0 0 1
    outer loop
      vertex -0.857323 26.3509 6
      vertex -2.14331 28.3773 6
      vertex -1.01988 26.2328 6
    endloop
  endfacet
  facet normal -0 0 1
    outer loop
      vertex -2.5497 28.0821 6
      vertex -1.01988 26.2328 6
      vertex -2.14331 28.3773 6
    endloop
  endfacet
  facet normal 0 0 1
    outer loop
      vertex -1.01988 26.2328 6
      vertex -2.5497 28.0821 6
      vertex -1.16635 26.0953 6
    endloop
  endfacet
  facet normal -0 0 1
    outer loop
      vertex -2.91587 27.7382 6
      vertex -1.16635 26.0953 6
      vertex -2.5497 28.0821 6
    endloop
  endfacet
  facet normal 0 0 1
    outer loop
      vertex -1.16635 26.0953 6
      vertex -2.91587 27.7382 6
      vertex -1.29443 25.9405 6
    endloop
  endfacet
  facet normal 0 0 1
    outer loop
      vertex -1.29443 25.9405 6
      vertex -3.23607 27.3511 6
      vertex -1.40209 25.7708 6
    endloop
  endfacet
  facet normal -0 0 1
    outer loop
      vertex -3.23607 27.3511 6
      vertex -1.29443 25.9405 6
      vertex -2.91587 27.7382 6
    endloop
  endfacet
  facet normal 0 0 1
    outer loop
      vertex 51.6 25 6
      vertex 54 25 6
      vertex 53.9685 25.5013 6
    endloop
  endfacet
  facet normal 0 0 1
    outer loop
      vertex 51.5874 25.2005 6
      vertex 53.9685 25.5013 6
      vertex 53.8743 25.9948 6
    endloop
  endfacet
  facet normal 0 0 1
    outer loop
      vertex 54 25 6
      vertex 51.6 25 6
      vertex 53.9685 24.4987 6
    endloop
  endfacet
  facet normal 0 0 1
    outer loop
      vertex 51.5497 25.3979 6
      vertex 53.8743 25.9948 6
      vertex 53.7191 26.4725 6
    endloop
  endfacet
  facet normal -0 0 1
    outer loop
      vertex 51.5874 24.7995 6
      vertex 53.9685 24.4987 6
      vertex 51.6 25 6
    endloop
  endfacet
  facet normal 0 0 1
    outer loop
      vertex 51.4876 25.589 6
      vertex 53.7191 26.4725 6
      vertex 53.5052 26.927 6
    endloop
  endfacet
  facet normal 0 0 1
    outer loop
      vertex 53.9685 24.4987 6
      vertex 51.5874 24.7995 6
      vertex 53.8743 24.0052 6
    endloop
  endfacet
  facet normal 0 0 1
    outer loop
      vertex 51.4021 25.7708 6
      vertex 53.5052 26.927 6
      vertex 53.2361 27.3511 6
    endloop
  endfacet
  facet normal -0 0 1
    outer loop
      vertex 51.5497 24.6021 6
      vertex 53.8743 24.0052 6
      vertex 51.5874 24.7995 6
    endloop
  endfacet
  facet normal 0 0 1
    outer loop
      vertex 51.2944 25.9405 6
      vertex 53.2361 27.3511 6
      vertex 52.9159 27.7382 6
    endloop
  endfacet
  facet normal 0 0 1
    outer loop
      vertex 53.8743 24.0052 6
      vertex 51.5497 24.6021 6
      vertex 53.7191 23.5275 6
    endloop
  endfacet
  facet normal 0 0 1
    outer loop
      vertex 51.1664 26.0953 6
      vertex 52.9159 27.7382 6
      vertex 52.5497 28.0821 6
    endloop
  endfacet
  facet normal -0 0 1
    outer loop
      vertex 51.4876 24.411 6
      vertex 53.7191 23.5275 6
      vertex 51.5497 24.6021 6
    endloop
  endfacet
  facet normal 0 0 1
    outer loop
      vertex 51.0199 26.2328 6
      vertex 52.5497 28.0821 6
      vertex 52.1433 28.3773 6
    endloop
  endfacet
  facet normal 0 0 1
    outer loop
      vertex 53.7191 23.5275 6
      vertex 51.4876 24.411 6
      vertex 53.5052 23.073 6
    endloop
  endfacet
  facet normal 0 0 1
    outer loop
      vertex 50.8573 26.3509 6
      vertex 52.1433 28.3773 6
      vertex 51.7031 28.6193 6
    endloop
  endfacet
  facet normal -0 0 1
    outer loop
      vertex 51.4021 24.2292 6
      vertex 53.5052 23.073 6
      vertex 51.4876 24.411 6
    endloop
  endfacet
  facet normal 0 0 1
    outer loop
      vertex 53.5052 23.073 6
      vertex 51.4021 24.2292 6
      vertex 53.2361 22.6489 6
    endloop
  endfacet
  facet normal 0 0 1
    outer loop
      vertex 53.9685 25.5013 6
      vertex 51.5874 25.2005 6
      vertex 51.6 25 6
    endloop
  endfacet
  facet normal 0 0 1
    outer loop
      vertex 53.8743 25.9948 6
      vertex 51.5497 25.3979 6
      vertex 51.5874 25.2005 6
    endloop
  endfacet
  facet normal 0 0 1
    outer loop
      vertex 53.7191 26.4725 6
      vertex 51.4876 25.589 6
      vertex 51.5497 25.3979 6
    endloop
  endfacet
  facet normal 0 0 1
    outer loop
      vertex 53.5052 26.927 6
      vertex 51.4021 25.7708 6
      vertex 51.4876 25.589 6
    endloop
  endfacet
  facet normal 0 0 1
    outer loop
      vertex 53.2361 27.3511 6
      vertex 51.2944 25.9405 6
      vertex 51.4021 25.7708 6
    endloop
  endfacet
  facet normal 0 0 1
    outer loop
      vertex 50.6812 26.4477 6
      vertex 51.7031 28.6193 6
      vertex 51.2361 28.8042 6
    endloop
  endfacet
  facet normal 0 0 1
    outer loop
      vertex 52.9159 27.7382 6
      vertex 51.1664 26.0953 6
      vertex 51.2944 25.9405 6
    endloop
  endfacet
  facet normal 0 0 1
    outer loop
      vertex 52.5497 28.0821 6
      vertex 51.0199 26.2328 6
      vertex 51.1664 26.0953 6
    endloop
  endfacet
  facet normal 0 0 1
    outer loop
      vertex 52.1433 28.3773 6
      vertex 50.8573 26.3509 6
      vertex 51.0199 26.2328 6
    endloop
  endfacet
  facet normal 0 0 1
    outer loop
      vertex 50.4944 26.5217 6
      vertex 51.2361 28.8042 6
      vertex 50.7495 28.9291 6
    endloop
  endfacet
  facet normal 0 0 1
    outer loop
      vertex 51.7031 28.6193 6
      vertex 50.6812 26.4477 6
      vertex 50.8573 26.3509 6
    endloop
  endfacet
  facet normal 0 0 1
    outer loop
      vertex 51.2361 28.8042 6
      vertex 50.4944 26.5217 6
      vertex 50.6812 26.4477 6
    endloop
  endfacet
  facet normal 0 0 1
    outer loop
      vertex 50.7495 28.9291 6
      vertex 50.2998 26.5717 6
      vertex 50.4944 26.5217 6
    endloop
  endfacet
  facet normal 0 0 1
    outer loop
      vertex 50.2512 28.9921 6
      vertex 50.2998 26.5717 6
      vertex 50.7495 28.9291 6
    endloop
  endfacet
  facet normal 0 0 1
    outer loop
      vertex 50.2512 28.9921 6
      vertex 50.1005 26.5968 6
      vertex 50.2998 26.5717 6
    endloop
  endfacet
  facet normal -0 0 1
    outer loop
      vertex 50 28.9921 6
      vertex 50.1005 26.5968 6
      vertex 50.2512 28.9921 6
    endloop
  endfacet
  facet normal 0 0 1
    outer loop
      vertex 50.1005 26.5968 6
      vertex 50 28.9921 6
      vertex 49.8995 26.5968 6
    endloop
  endfacet
  facet normal -0 0 1
    outer loop
      vertex 51.2944 24.0595 6
      vertex 53.2361 22.6489 6
      vertex 51.4021 24.2292 6
    endloop
  endfacet
  facet normal 0 0 1
    outer loop
      vertex 53.2361 22.6489 6
      vertex 51.2944 24.0595 6
      vertex 52.9159 22.2618 6
    endloop
  endfacet
  facet normal -0 0 1
    outer loop
      vertex 51.1664 23.9047 6
      vertex 52.9159 22.2618 6
      vertex 51.2944 24.0595 6
    endloop
  endfacet
  facet normal 0 0 1
    outer loop
      vertex 52.9159 22.2618 6
      vertex 51.1664 23.9047 6
      vertex 52.5497 21.9179 6
    endloop
  endfacet
  facet normal -0 0 1
    outer loop
      vertex 51.0199 23.7672 6
      vertex 52.5497 21.9179 6
      vertex 51.1664 23.9047 6
    endloop
  endfacet
  facet normal 0 0 1
    outer loop
      vertex 52.5497 21.9179 6
      vertex 51.0199 23.7672 6
      vertex 52.1433 21.6227 6
    endloop
  endfacet
  facet normal -0 0 1
    outer loop
      vertex 50.8573 23.6491 6
      vertex 52.1433 21.6227 6
      vertex 51.0199 23.7672 6
    endloop
  endfacet
  facet normal 0 0 1
    outer loop
      vertex 52.1433 21.6227 6
      vertex 50.8573 23.6491 6
      vertex 51.7031 21.3807 6
    endloop
  endfacet
  facet normal -0 0 1
    outer loop
      vertex 50.6812 23.5523 6
      vertex 51.7031 21.3807 6
      vertex 50.8573 23.6491 6
    endloop
  endfacet
  facet normal 0 0 1
    outer loop
      vertex 51.7031 21.3807 6
      vertex 50.6812 23.5523 6
      vertex 51.2361 21.1958 6
    endloop
  endfacet
  facet normal -0 0 1
    outer loop
      vertex 50.4944 23.4783 6
      vertex 51.2361 21.1958 6
      vertex 50.6812 23.5523 6
    endloop
  endfacet
  facet normal 0 0 1
    outer loop
      vertex 51.2361 21.1958 6
      vertex 50.4944 23.4783 6
      vertex 50.7495 21.0709 6
    endloop
  endfacet
  facet normal -0 0 1
    outer loop
      vertex 50.2998 23.4283 6
      vertex 50.7495 21.0709 6
      vertex 50.4944 23.4783 6
    endloop
  endfacet
  facet normal 0 0 1
    outer loop
      vertex 50.2998 23.4283 6
      vertex 50.2512 21.0079 6
      vertex 50.7495 21.0709 6
    endloop
  endfacet
  facet normal -0 0 1
    outer loop
      vertex 50.1005 23.4032 6
      vertex 50.2512 21.0079 6
      vertex 50.2998 23.4283 6
    endloop
  endfacet
  facet normal 0 0 1
    outer loop
      vertex 50.1005 23.4032 6
      vertex 50 21.0079 6
      vertex 50.2512 21.0079 6
    endloop
  endfacet
  facet normal -0 0 1
    outer loop
      vertex 49.8995 23.4032 6
      vertex 50 21.0079 6
      vertex 50.1005 23.4032 6
    endloop
  endfacet
  facet normal 0 0 1
    outer loop
      vertex 49.7002 23.4283 6
      vertex 50 21.0079 6
      vertex 49.8995 23.4032 6
    endloop
  endfacet
  facet normal 0 0 1
    outer loop
      vertex 49.5056 23.4783 6
      vertex 50 21.0079 6
      vertex 49.7002 23.4283 6
    endloop
  endfacet
  facet normal 0 0 1
    outer loop
      vertex 49.3188 23.5523 6
      vertex 50 21.0079 6
      vertex 49.5056 23.4783 6
    endloop
  endfacet
  facet normal 0 0 1
    outer loop
      vertex 49.1427 23.6491 6
      vertex 50 21.0079 6
      vertex 49.3188 23.5523 6
    endloop
  endfacet
  facet normal 0 0 1
    outer loop
      vertex 48.9801 23.7672 6
      vertex 50 21.0079 6
      vertex 49.1427 23.6491 6
    endloop
  endfacet
  facet normal 0 0 1
    outer loop
      vertex 48.8336 23.9047 6
      vertex 50 21.0079 6
      vertex 48.9801 23.7672 6
    endloop
  endfacet
  facet normal 0 0 1
    outer loop
      vertex 48.7056 24.0595 6
      vertex 50 21.0079 6
      vertex 48.8336 23.9047 6
    endloop
  endfacet
  facet normal 0 0 1
    outer loop
      vertex 48.5979 24.2292 6
      vertex 50 21.0079 6
      vertex 48.7056 24.0595 6
    endloop
  endfacet
  facet normal 0 0 1
    outer loop
      vertex 50 21.0079 6
      vertex 48.5979 24.2292 6
      vertex 46 4 6
    endloop
  endfacet
  facet normal 0 0 1
    outer loop
      vertex 46 4 6
      vertex 48.5979 24.2292 6
      vertex 48.5124 24.411 6
    endloop
  endfacet
  facet normal 0 0 1
    outer loop
      vertex 46 29 6
      vertex 48.5124 24.411 6
      vertex 48.4503 24.6021 6
    endloop
  endfacet
  facet normal 0 0 1
    outer loop
      vertex 46 29 6
      vertex 48.4503 24.6021 6
      vertex 48.4126 24.7995 6
    endloop
  endfacet
  facet normal 0 0 1
    outer loop
      vertex 48.4503 25.3979 6
      vertex 46 29 6
      vertex 48.4126 25.2005 6
    endloop
  endfacet
  facet normal 0 0 1
    outer loop
      vertex 48.4126 25.2005 6
      vertex 46 29 6
      vertex 48.4 25 6
    endloop
  endfacet
  facet normal 0 0 1
    outer loop
      vertex 48.4 25 6
      vertex 46 29 6
      vertex 48.4126 24.7995 6
    endloop
  endfacet
  facet normal 0 0 1
    outer loop
      vertex 48.5124 24.411 6
      vertex 46 29 6
      vertex 46 4 6
    endloop
  endfacet
  facet normal 0 0 1
    outer loop
      vertex 50 21.0079 6
      vertex 46 4 6
      vertex 50 4.5 6
    endloop
  endfacet
  facet normal -0 0 1
    outer loop
      vertex 46 4 6
      vertex 45.5 0 6
      vertex 50 4.5 6
    endloop
  endfacet
  facet normal -0 0 1
    outer loop
      vertex 32 4 6
      vertex 45.5 0 6
      vertex 46 4 6
    endloop
  endfacet
  facet normal 0 0 1
    outer loop
      vertex 32 29 6
      vertex 30 20 6
      vertex 32 4 6
    endloop
  endfacet
  facet normal -0 0 1
    outer loop
      vertex 29 18 6
      vertex 32 4 6
      vertex 30 20 6
    endloop
  endfacet
  facet normal 0 0 1
    outer loop
      vertex 29 4 6
      vertex 32 4 6
      vertex 29 18 6
    endloop
  endfacet
  facet normal 0 0 1
    outer loop
      vertex 29 0 6
      vertex 32 4 6
      vertex 29 4 6
    endloop
  endfacet
  facet normal 0 0 1
    outer loop
      vertex 32 4 6
      vertex 29 0 6
      vertex 45.5 0 6
    endloop
  endfacet
  facet normal -0 0 1
    outer loop
      vertex 26.4021 0.770805 6
      vertex 29 0 6
      vertex 29 4 6
    endloop
  endfacet
  facet normal -0 -0 1
    outer loop
      vertex 26.4876 0.588999 6
      vertex 29 0 6
      vertex 26.4021 0.770805 6
    endloop
  endfacet
  facet normal -0 -0 1
    outer loop
      vertex 26.5874 0.200533 6
      vertex 29 0 6
      vertex 26.5497 0.397903 6
    endloop
  endfacet
  facet normal 0 0 1
    outer loop
      vertex 29 0 6
      vertex 26.6 0 6
      vertex 28.9685 -0.501332 6
    endloop
  endfacet
  facet normal -0 0 1
    outer loop
      vertex 26.5874 -0.200533 6
      vertex 28.9685 -0.501332 6
      vertex 26.6 0 6
    endloop
  endfacet
  facet normal -0 0 1
    outer loop
      vertex 26.5497 -0.397903 6
      vertex 28.8743 -0.994759 6
      vertex 26.5874 -0.200533 6
    endloop
  endfacet
  facet normal -0 0 1
    outer loop
      vertex 26.4876 -0.588999 6
      vertex 28.7191 -1.4725 6
      vertex 26.5497 -0.397903 6
    endloop
  endfacet
  facet normal 0 0 1
    outer loop
      vertex 28.7191 -1.4725 6
      vertex 26.4876 -0.588999 6
      vertex 28.5052 -1.92701 6
    endloop
  endfacet
  facet normal 0 0 1
    outer loop
      vertex 28.5052 -1.92701 6
      vertex 26.4021 -0.770805 6
      vertex 28.2361 -2.35114 6
    endloop
  endfacet
  facet normal -0 0 1
    outer loop
      vertex 26.4021 -0.770805 6
      vertex 28.5052 -1.92701 6
      vertex 26.4876 -0.588999 6
    endloop
  endfacet
  facet normal 0 0 1
    outer loop
      vertex 28.8743 -0.994759 6
      vertex 26.5497 -0.397903 6
      vertex 28.7191 -1.4725 6
    endloop
  endfacet
  facet normal 0 0 1
    outer loop
      vertex 28.9685 -0.501332 6
      vertex 26.5874 -0.200533 6
      vertex 28.8743 -0.994759 6
    endloop
  endfacet
  facet normal 0 -0 1
    outer loop
      vertex 26.6 0 6
      vertex 29 0 6
      vertex 26.5874 0.200533 6
    endloop
  endfacet
  facet normal -0 -0 1
    outer loop
      vertex 26.5497 0.397903 6
      vertex 29 0 6
      vertex 26.4876 0.588999 6
    endloop
  endfacet
  facet normal 0 0 1
    outer loop
      vertex 29 4 6
      vertex 26.2944 0.940456 6
      vertex 26.4021 0.770805 6
    endloop
  endfacet
  facet normal 0 0 1
    outer loop
      vertex 29 4 6
      vertex 26.1663 1.09527 6
      vertex 26.2944 0.940456 6
    endloop
  endfacet
  facet normal 0 0 1
    outer loop
      vertex 29 4 6
      vertex 26.0199 1.23282 6
      vertex 26.1663 1.09527 6
    endloop
  endfacet
  facet normal 0 0 1
    outer loop
      vertex 29 4 6
      vertex 25.8573 1.35092 6
      vertex 26.0199 1.23282 6
    endloop
  endfacet
  facet normal 0 0 1
    outer loop
      vertex 29 4 6
      vertex 25.6812 1.44772 6
      vertex 25.8573 1.35092 6
    endloop
  endfacet
  facet normal 0 0 1
    outer loop
      vertex 29 4 6
      vertex 25.4944 1.52169 6
      vertex 25.6812 1.44772 6
    endloop
  endfacet
  facet normal 0 0 1
    outer loop
      vertex 29 4 6
      vertex 25.2998 1.57166 6
      vertex 25.4944 1.52169 6
    endloop
  endfacet
  facet normal 0 0 1
    outer loop
      vertex 29 4 6
      vertex 25.1005 1.59684 6
      vertex 25.2998 1.57166 6
    endloop
  endfacet
  facet normal 0 0 1
    outer loop
      vertex 29 4 6
      vertex 24.8995 1.59684 6
      vertex 25.1005 1.59684 6
    endloop
  endfacet
  facet normal 0 0 1
    outer loop
      vertex 29 4 6
      vertex 24.7002 1.57166 6
      vertex 24.8995 1.59684 6
    endloop
  endfacet
  facet normal 0 0 1
    outer loop
      vertex 29 4 6
      vertex 24.5056 1.52169 6
      vertex 24.7002 1.57166 6
    endloop
  endfacet
  facet normal 0 0 1
    outer loop
      vertex 29 4 6
      vertex 24.3188 1.44772 6
      vertex 24.5056 1.52169 6
    endloop
  endfacet
  facet normal 0 0 1
    outer loop
      vertex 24.1427 -1.35092 6
      vertex 22.8567 -3.37731 6
      vertex 23.2969 -3.61931 6
    endloop
  endfacet
  facet normal 0 0 1
    outer loop
      vertex 21 0 6
      vertex 23.4 0 6
      vertex 23.4126 0.200533 6
    endloop
  endfacet
  facet normal 0 0 1
    outer loop
      vertex 23.4126 -0.200533 6
      vertex 22.4503 -3.08205 6
      vertex 22.8567 -3.37731 6
    endloop
  endfacet
  facet normal 0 0 1
    outer loop
      vertex 21 0 6
      vertex 23.4126 0.200533 6
      vertex 23.4503 0.397903 6
    endloop
  endfacet
  facet normal 0 0 1
    outer loop
      vertex 23.4126 -0.200533 6
      vertex 22.0841 -2.73819 6
      vertex 22.4503 -3.08205 6
    endloop
  endfacet
  facet normal 0 0 1
    outer loop
      vertex 21 0 6
      vertex 23.4503 0.397903 6
      vertex 23.5124 0.588999 6
    endloop
  endfacet
  facet normal 0 0 1
    outer loop
      vertex 23.4126 -0.200533 6
      vertex 21.7639 -2.35114 6
      vertex 22.0841 -2.73819 6
    endloop
  endfacet
  facet normal 0 0 1
    outer loop
      vertex 21 0 6
      vertex 23.5124 0.588999 6
      vertex 23.5979 0.770805 6
    endloop
  endfacet
  facet normal 0 0 1
    outer loop
      vertex 23.4126 -0.200533 6
      vertex 21.4948 -1.92701 6
      vertex 21.7639 -2.35114 6
    endloop
  endfacet
  facet normal 0 0 1
    outer loop
      vertex 21 0 6
      vertex 23.5979 0.770805 6
      vertex 23.7056 0.940456 6
    endloop
  endfacet
  facet normal 0 0 1
    outer loop
      vertex 23.4126 -0.200533 6
      vertex 21.2809 -1.4725 6
      vertex 21.4948 -1.92701 6
    endloop
  endfacet
  facet normal 0 0 1
    outer loop
      vertex 21 0 6
      vertex 23.7056 0.940456 6
      vertex 23.8336 1.09527 6
    endloop
  endfacet
  facet normal 0 0 1
    outer loop
      vertex 23.4126 -0.200533 6
      vertex 21.1257 -0.994759 6
      vertex 21.2809 -1.4725 6
    endloop
  endfacet
  facet normal 0 0 1
    outer loop
      vertex 21 0 6
      vertex 23.8336 1.09527 6
      vertex 23.9801 1.23282 6
    endloop
  endfacet
  facet normal 0 0 1
    outer loop
      vertex 23.4126 -0.200533 6
      vertex 21.0315 -0.501332 6
      vertex 21.1257 -0.994759 6
    endloop
  endfacet
  facet normal 0 0 1
    outer loop
      vertex 21 0 6
      vertex 23.9801 1.23282 6
      vertex 24.1427 1.35092 6
    endloop
  endfacet
  facet normal 0 0 1
    outer loop
      vertex 23.4 0 6
      vertex 21 0 6
      vertex 21.0315 -0.501332 6
    endloop
  endfacet
  facet normal 0 0 1
    outer loop
      vertex 24.3188 1.44772 6
      vertex 21 0 6
      vertex 24.1427 1.35092 6
    endloop
  endfacet
  facet normal -0 0 1
    outer loop
      vertex 4 4 6
      vertex 24.3188 1.44772 6
      vertex 29 4 6
    endloop
  endfacet
  facet normal 0 0 1
    outer loop
      vertex 24.3188 1.44772 6
      vertex 4 4 6
      vertex 21 0 6
    endloop
  endfacet
  facet normal 0 0 1
    outer loop
      vertex 21 0 6
      vertex 4 4 6
      vertex 4.5 0 6
    endloop
  endfacet
  facet normal -0 0 1
    outer loop
      vertex 1.48764 24.411 6
      vertex 4 21 6
      vertex 1.54973 24.6021 6
    endloop
  endfacet
  facet normal -0 0 1
    outer loop
      vertex 1.40209 24.2292 6
      vertex 4 21 6
      vertex 1.48764 24.411 6
    endloop
  endfacet
  facet normal -0 0 1
    outer loop
      vertex 1.29443 24.0595 6
      vertex 4 21 6
      vertex 1.40209 24.2292 6
    endloop
  endfacet
  facet normal -0 0 1
    outer loop
      vertex 1.16635 23.9047 6
      vertex 4 21 6
      vertex 1.29443 24.0595 6
    endloop
  endfacet
  facet normal 0 0 1
    outer loop
      vertex 0 4.5 6
      vertex 4 18 6
      vertex 0 21.0079 6
    endloop
  endfacet
  facet normal -0 0 1
    outer loop
      vertex 1.01988 23.7672 6
      vertex 4 21 6
      vertex 1.16635 23.9047 6
    endloop
  endfacet
  facet normal -0 0 1
    outer loop
      vertex 0.857323 23.6491 6
      vertex 4 21 6
      vertex 1.01988 23.7672 6
    endloop
  endfacet
  facet normal 0 0 1
    outer loop
      vertex 4 21 6
      vertex 0 21.0079 6
      vertex 4 18 6
    endloop
  endfacet
  facet normal 0 0 1
    outer loop
      vertex 4 21 6
      vertex 0.857323 23.6491 6
      vertex 0 21.0079 6
    endloop
  endfacet
  facet normal 0 0 1
    outer loop
      vertex 0 21.0079 6
      vertex 0.857323 23.6491 6
      vertex 0.681247 23.5523 6
    endloop
  endfacet
  facet normal 0 0 1
    outer loop
      vertex 0 21.0079 6
      vertex 0.681247 23.5523 6
      vertex 0.494427 23.4783 6
    endloop
  endfacet
  facet normal 0 0 1
    outer loop
      vertex 0 21.0079 6
      vertex 0.494427 23.4783 6
      vertex 0.299809 23.4283 6
    endloop
  endfacet
  facet normal 0 0 1
    outer loop
      vertex 0 21.0079 6
      vertex 0.299809 23.4283 6
      vertex 0.100465 23.4032 6
    endloop
  endfacet
  facet normal 0 0 1
    outer loop
      vertex 4 18 6
      vertex 0 4.5 6
      vertex 4 4 6
    endloop
  endfacet
  facet normal 0 0 1
    outer loop
      vertex 4 4 6
      vertex 0 4.5 6
      vertex 4.5 0 6
    endloop
  endfacet
  facet normal -0 0 1
    outer loop
      vertex 26.2944 -0.940456 6
      vertex 28.2361 -2.35114 6
      vertex 26.4021 -0.770805 6
    endloop
  endfacet
  facet normal 0 0 1
    outer loop
      vertex 28.2361 -2.35114 6
      vertex 26.2944 -0.940456 6
      vertex 27.9159 -2.73819 6
    endloop
  endfacet
  facet normal -0 0 1
    outer loop
      vertex 26.1663 -1.09527 6
      vertex 27.9159 -2.73819 6
      vertex 26.2944 -0.940456 6
    endloop
  endfacet
  facet normal 0 0 1
    outer loop
      vertex 27.9159 -2.73819 6
      vertex 26.1663 -1.09527 6
      vertex 27.5497 -3.08205 6
    endloop
  endfacet
  facet normal -0 0 1
    outer loop
      vertex 26.0199 -1.23282 6
      vertex 27.5497 -3.08205 6
      vertex 26.1663 -1.09527 6
    endloop
  endfacet
  facet normal 0 0 1
    outer loop
      vertex 27.5497 -3.08205 6
      vertex 26.0199 -1.23282 6
      vertex 27.1433 -3.37731 6
    endloop
  endfacet
  facet normal -0 0 1
    outer loop
      vertex 25.8573 -1.35092 6
      vertex 27.1433 -3.37731 6
      vertex 26.0199 -1.23282 6
    endloop
  endfacet
  facet normal 0 0 1
    outer loop
      vertex 27.1433 -3.37731 6
      vertex 25.8573 -1.35092 6
      vertex 26.7031 -3.61931 6
    endloop
  endfacet
  facet normal -0 0 1
    outer loop
      vertex 25.6812 -1.44772 6
      vertex 26.7031 -3.61931 6
      vertex 25.8573 -1.35092 6
    endloop
  endfacet
  facet normal 0 0 1
    outer loop
      vertex 26.7031 -3.61931 6
      vertex 25.6812 -1.44772 6
      vertex 26.2361 -3.80423 6
    endloop
  endfacet
  facet normal -0 0 1
    outer loop
      vertex 25.4944 -1.52169 6
      vertex 26.2361 -3.80423 6
      vertex 25.6812 -1.44772 6
    endloop
  endfacet
  facet normal 0 0 1
    outer loop
      vertex 26.2361 -3.80423 6
      vertex 25.4944 -1.52169 6
      vertex 25.7495 -3.92915 6
    endloop
  endfacet
  facet normal -0 0 1
    outer loop
      vertex 25.2998 -1.57166 6
      vertex 25.7495 -3.92915 6
      vertex 25.4944 -1.52169 6
    endloop
  endfacet
  facet normal 0 0 1
    outer loop
      vertex 25.2998 -1.57166 6
      vertex 25.2512 -3.99211 6
      vertex 25.7495 -3.92915 6
    endloop
  endfacet
  facet normal -0 0 1
    outer loop
      vertex 25.1005 -1.59684 6
      vertex 25.2512 -3.99211 6
      vertex 25.2998 -1.57166 6
    endloop
  endfacet
  facet normal -0 0 1
    outer loop
      vertex 24.8995 -1.59684 6
      vertex 25.2512 -3.99211 6
      vertex 25.1005 -1.59684 6
    endloop
  endfacet
  facet normal 0 0 1
    outer loop
      vertex 24.8995 -1.59684 6
      vertex 24.7488 -3.99211 6
      vertex 25.2512 -3.99211 6
    endloop
  endfacet
  facet normal 0 0 1
    outer loop
      vertex 24.7002 -1.57166 6
      vertex 24.7488 -3.99211 6
      vertex 24.8995 -1.59684 6
    endloop
  endfacet
  facet normal 0 0 1
    outer loop
      vertex 24.2505 -3.92915 6
      vertex 24.7002 -1.57166 6
      vertex 24.5056 -1.52169 6
    endloop
  endfacet
  facet normal 0 0 1
    outer loop
      vertex 23.7639 -3.80423 6
      vertex 24.5056 -1.52169 6
      vertex 24.3188 -1.44772 6
    endloop
  endfacet
  facet normal 0 0 1
    outer loop
      vertex 24.7002 -1.57166 6
      vertex 24.2505 -3.92915 6
      vertex 24.7488 -3.99211 6
    endloop
  endfacet
  facet normal 0 0 1
    outer loop
      vertex 23.2969 -3.61931 6
      vertex 24.3188 -1.44772 6
      vertex 24.1427 -1.35092 6
    endloop
  endfacet
  facet normal 0 0 1
    outer loop
      vertex 22.8567 -3.37731 6
      vertex 24.1427 -1.35092 6
      vertex 23.9801 -1.23282 6
    endloop
  endfacet
  facet normal 0 0 1
    outer loop
      vertex 22.8567 -3.37731 6
      vertex 23.9801 -1.23282 6
      vertex 23.8336 -1.09527 6
    endloop
  endfacet
  facet normal 0 0 1
    outer loop
      vertex 24.5056 -1.52169 6
      vertex 23.7639 -3.80423 6
      vertex 24.2505 -3.92915 6
    endloop
  endfacet
  facet normal 0 0 1
    outer loop
      vertex 22.8567 -3.37731 6
      vertex 23.8336 -1.09527 6
      vertex 23.7056 -0.940456 6
    endloop
  endfacet
  facet normal 0 0 1
    outer loop
      vertex 22.8567 -3.37731 6
      vertex 23.7056 -0.940456 6
      vertex 23.5979 -0.770805 6
    endloop
  endfacet
  facet normal 0 0 1
    outer loop
      vertex 22.8567 -3.37731 6
      vertex 23.5979 -0.770805 6
      vertex 23.5124 -0.588999 6
    endloop
  endfacet
  facet normal 0 0 1
    outer loop
      vertex 22.8567 -3.37731 6
      vertex 23.5124 -0.588999 6
      vertex 23.4503 -0.397903 6
    endloop
  endfacet
  facet normal 0 0 1
    outer loop
      vertex 22.8567 -3.37731 6
      vertex 23.4503 -0.397903 6
      vertex 23.4126 -0.200533 6
    endloop
  endfacet
  facet normal 0 0 1
    outer loop
      vertex 24.3188 -1.44772 6
      vertex 23.2969 -3.61931 6
      vertex 23.7639 -3.80423 6
    endloop
  endfacet
  facet normal 0 0 1
    outer loop
      vertex 21.0315 -0.501332 6
      vertex 23.4126 -0.200533 6
      vertex 23.4 0 6
    endloop
  endfacet
  facet normal -0.587698 0.80908 0
    outer loop
      vertex 22.8567 53.3773 0
      vertex 22.4503 53.0821 6
      vertex 22.8567 53.3773 6
    endloop
  endfacet
  facet normal -0.587698 0.80908 0
    outer loop
      vertex 22.4503 53.0821 6
      vertex 22.8567 53.3773 0
      vertex 22.4503 53.0821 0
    endloop
  endfacet
  facet normal -0.684563 0.728953 0
    outer loop
      vertex 22.4503 53.0821 0
      vertex 22.0841 52.7382 6
      vertex 22.4503 53.0821 6
    endloop
  endfacet
  facet normal -0.684563 0.728953 0
    outer loop
      vertex 22.0841 52.7382 6
      vertex 22.4503 53.0821 0
      vertex 22.0841 52.7382 0
    endloop
  endfacet
  facet normal -0.368127 0.929775 0
    outer loop
      vertex 23.7639 53.8042 0
      vertex 23.2969 53.6193 6
      vertex 23.7639 53.8042 6
    endloop
  endfacet
  facet normal -0.368127 0.929775 0
    outer loop
      vertex 23.2969 53.6193 6
      vertex 23.7639 53.8042 0
      vertex 23.2969 53.6193 0
    endloop
  endfacet
  facet normal 0.998032 0.0627129 0
    outer loop
      vertex 54 25 6
      vertex 53.9685 25.5013 0
      vertex 53.9685 25.5013 6
    endloop
  endfacet
  facet normal 0.998032 0.0627129 0
    outer loop
      vertex 53.9685 25.5013 0
      vertex 54 25 6
      vertex 54 25 0
    endloop
  endfacet
  facet normal 0.125431 -0.992102 0
    outer loop
      vertex 50.2512 21.0079 0
      vertex 50.7495 21.0709 6
      vertex 50.2512 21.0079 6
    endloop
  endfacet
  facet normal 0.125431 -0.992102 0
    outer loop
      vertex 50.7495 21.0709 6
      vertex 50.2512 21.0079 0
      vertex 50.7495 21.0709 0
    endloop
  endfacet
  facet normal 0.770549 -0.63738 0
    outer loop
      vertex 52.9159 22.2618 6
      vertex 53.2361 22.6489 0
      vertex 53.2361 22.6489 6
    endloop
  endfacet
  facet normal 0.770549 -0.63738 0
    outer loop
      vertex 53.2361 22.6489 0
      vertex 52.9159 22.2618 6
      vertex 52.9159 22.2618 0
    endloop
  endfacet
  facet normal 0.587698 0.80908 -0
    outer loop
      vertex 52.5497 28.0821 0
      vertex 52.1433 28.3773 6
      vertex 52.5497 28.0821 6
    endloop
  endfacet
  facet normal 0.587698 0.80908 0
    outer loop
      vertex 52.1433 28.3773 6
      vertex 52.5497 28.0821 0
      vertex 52.1433 28.3773 0
    endloop
  endfacet
  facet normal 0.844366 0.535767 0
    outer loop
      vertex 53.5052 26.927 6
      vertex 53.2361 27.3511 0
      vertex 53.2361 27.3511 6
    endloop
  endfacet
  facet normal 0.844366 0.535767 0
    outer loop
      vertex 53.2361 27.3511 0
      vertex 53.5052 26.927 6
      vertex 53.5052 26.927 0
    endloop
  endfacet
  facet normal 0.770549 0.63738 0
    outer loop
      vertex 53.2361 27.3511 6
      vertex 52.9159 27.7382 0
      vertex 52.9159 27.7382 6
    endloop
  endfacet
  facet normal 0.770549 0.63738 0
    outer loop
      vertex 52.9159 27.7382 0
      vertex 53.2361 27.3511 6
      vertex 53.2361 27.3511 0
    endloop
  endfacet
  facet normal 0.24862 0.968601 -0
    outer loop
      vertex 51.2361 28.8042 0
      vertex 50.7495 28.9291 6
      vertex 51.2361 28.8042 6
    endloop
  endfacet
  facet normal 0.24862 0.968601 0
    outer loop
      vertex 50.7495 28.9291 6
      vertex 51.2361 28.8042 0
      vertex 50.7495 28.9291 0
    endloop
  endfacet
  facet normal 0.125431 0.992102 -0
    outer loop
      vertex 50.7495 28.9291 0
      vertex 50.2512 28.9921 6
      vertex 50.7495 28.9291 6
    endloop
  endfacet
  facet normal 0.125431 0.992102 0
    outer loop
      vertex 50.2512 28.9921 6
      vertex 50.7495 28.9291 0
      vertex 50.2512 28.9921 0
    endloop
  endfacet
  facet normal 0.368127 0.929775 -0
    outer loop
      vertex 51.7031 28.6193 0
      vertex 51.2361 28.8042 6
      vertex 51.7031 28.6193 6
    endloop
  endfacet
  facet normal 0.368127 0.929775 0
    outer loop
      vertex 51.2361 28.8042 6
      vertex 51.7031 28.6193 0
      vertex 51.2361 28.8042 0
    endloop
  endfacet
  facet normal 0.24862 -0.968601 0
    outer loop
      vertex 50.7495 21.0709 0
      vertex 51.2361 21.1958 6
      vertex 50.7495 21.0709 6
    endloop
  endfacet
  facet normal 0.24862 -0.968601 0
    outer loop
      vertex 51.2361 21.1958 6
      vertex 50.7495 21.0709 0
      vertex 51.2361 21.1958 0
    endloop
  endfacet
  facet normal 0.951065 0.308992 0
    outer loop
      vertex 53.8743 25.9948 6
      vertex 53.7191 26.4725 0
      vertex 53.7191 26.4725 6
    endloop
  endfacet
  facet normal 0.951065 0.308992 0
    outer loop
      vertex 53.7191 26.4725 0
      vertex 53.8743 25.9948 6
      vertex 53.8743 25.9948 0
    endloop
  endfacet
  facet normal 0.982265 0.187496 0
    outer loop
      vertex 53.9685 25.5013 6
      vertex 53.8743 25.9948 0
      vertex 53.8743 25.9948 6
    endloop
  endfacet
  facet normal 0.982265 0.187496 0
    outer loop
      vertex 53.8743 25.9948 0
      vertex 53.9685 25.5013 6
      vertex 53.9685 25.5013 0
    endloop
  endfacet
  facet normal 0.904805 0.425826 0
    outer loop
      vertex 53.7191 26.4725 6
      vertex 53.5052 26.927 0
      vertex 53.5052 26.927 6
    endloop
  endfacet
  facet normal 0.904805 0.425826 0
    outer loop
      vertex 53.5052 26.927 0
      vertex 53.7191 26.4725 6
      vertex 53.7191 26.4725 0
    endloop
  endfacet
  facet normal 0.684563 0.728953 -0
    outer loop
      vertex 52.9159 27.7382 0
      vertex 52.5497 28.0821 6
      vertex 52.9159 27.7382 6
    endloop
  endfacet
  facet normal 0.684563 0.728953 0
    outer loop
      vertex 52.5497 28.0821 6
      vertex 52.9159 27.7382 0
      vertex 52.5497 28.0821 0
    endloop
  endfacet
  facet normal 0 1 -0
    outer loop
      vertex 50.2512 28.9921 0
      vertex 50 28.9921 6
      vertex 50.2512 28.9921 6
    endloop
  endfacet
  facet normal 0 1 0
    outer loop
      vertex 50 28.9921 6
      vertex 50.2512 28.9921 0
      vertex 50 28.9921 0
    endloop
  endfacet
  facet normal 0.481751 0.876308 -0
    outer loop
      vertex 52.1433 28.3773 0
      vertex 51.7031 28.6193 6
      vertex 52.1433 28.3773 6
    endloop
  endfacet
  facet normal 0.481751 0.876308 0
    outer loop
      vertex 51.7031 28.6193 6
      vertex 52.1433 28.3773 0
      vertex 51.7031 28.6193 0
    endloop
  endfacet
  facet normal 0.951065 -0.308992 0
    outer loop
      vertex 53.7191 23.5275 6
      vertex 53.8743 24.0052 0
      vertex 53.8743 24.0052 6
    endloop
  endfacet
  facet normal 0.951065 -0.308992 0
    outer loop
      vertex 53.8743 24.0052 0
      vertex 53.7191 23.5275 6
      vertex 53.7191 23.5275 0
    endloop
  endfacet
  facet normal 0.982265 -0.187496 0
    outer loop
      vertex 53.8743 24.0052 6
      vertex 53.9685 24.4987 0
      vertex 53.9685 24.4987 6
    endloop
  endfacet
  facet normal 0.982265 -0.187496 0
    outer loop
      vertex 53.9685 24.4987 0
      vertex 53.8743 24.0052 6
      vertex 53.8743 24.0052 0
    endloop
  endfacet
  facet normal 0.684563 -0.728953 0
    outer loop
      vertex 52.5497 21.9179 0
      vertex 52.9159 22.2618 6
      vertex 52.5497 21.9179 6
    endloop
  endfacet
  facet normal 0.684563 -0.728953 0
    outer loop
      vertex 52.9159 22.2618 6
      vertex 52.5497 21.9179 0
      vertex 52.9159 22.2618 0
    endloop
  endfacet
  facet normal 0.481751 -0.876308 0
    outer loop
      vertex 51.7031 21.3807 0
      vertex 52.1433 21.6227 6
      vertex 51.7031 21.3807 6
    endloop
  endfacet
  facet normal 0.481751 -0.876308 0
    outer loop
      vertex 52.1433 21.6227 6
      vertex 51.7031 21.3807 0
      vertex 52.1433 21.6227 0
    endloop
  endfacet
  facet normal 0.998032 -0.0627129 0
    outer loop
      vertex 53.9685 24.4987 6
      vertex 54 25 0
      vertex 54 25 6
    endloop
  endfacet
  facet normal 0.998032 -0.0627129 0
    outer loop
      vertex 54 25 0
      vertex 53.9685 24.4987 6
      vertex 53.9685 24.4987 0
    endloop
  endfacet
  facet normal 0.587698 -0.80908 0
    outer loop
      vertex 52.1433 21.6227 0
      vertex 52.5497 21.9179 6
      vertex 52.1433 21.6227 6
    endloop
  endfacet
  facet normal 0.587698 -0.80908 0
    outer loop
      vertex 52.5497 21.9179 6
      vertex 52.1433 21.6227 0
      vertex 52.5497 21.9179 0
    endloop
  endfacet
  facet normal 0.368127 -0.929775 0
    outer loop
      vertex 51.2361 21.1958 0
      vertex 51.7031 21.3807 6
      vertex 51.2361 21.1958 6
    endloop
  endfacet
  facet normal 0.368127 -0.929775 0
    outer loop
      vertex 51.7031 21.3807 6
      vertex 51.2361 21.1958 0
      vertex 51.7031 21.3807 0
    endloop
  endfacet
  facet normal 0.904805 -0.425826 0
    outer loop
      vertex 53.5052 23.073 6
      vertex 53.7191 23.5275 0
      vertex 53.7191 23.5275 6
    endloop
  endfacet
  facet normal 0.904805 -0.425826 0
    outer loop
      vertex 53.7191 23.5275 0
      vertex 53.5052 23.073 6
      vertex 53.5052 23.073 0
    endloop
  endfacet
  facet normal 0.844366 -0.535767 0
    outer loop
      vertex 53.2361 22.6489 6
      vertex 53.5052 23.073 0
      vertex 53.5052 23.073 6
    endloop
  endfacet
  facet normal 0.844366 -0.535767 0
    outer loop
      vertex 53.5052 23.073 0
      vertex 53.2361 22.6489 6
      vertex 53.2361 22.6489 0
    endloop
  endfacet
  facet normal 0 -1 0
    outer loop
      vertex 50 21.0079 0
      vertex 50.2512 21.0079 6
      vertex 50 21.0079 6
    endloop
  endfacet
  facet normal 0 -1 -0
    outer loop
      vertex 50.2512 21.0079 6
      vertex 50 21.0079 0
      vertex 50.2512 21.0079 0
    endloop
  endfacet
  facet normal 0.125353 -0.992112 0
    outer loop
      vertex 25.2512 -3.99211 0
      vertex 25.7495 -3.92915 6
      vertex 25.2512 -3.99211 6
    endloop
  endfacet
  facet normal 0.125353 -0.992112 0
    outer loop
      vertex 25.7495 -3.92915 6
      vertex 25.2512 -3.99211 0
      vertex 25.7495 -3.92915 0
    endloop
  endfacet
  facet normal 0.248657 -0.968592 0
    outer loop
      vertex 25.7495 -3.92915 0
      vertex 26.2361 -3.80423 6
      vertex 25.7495 -3.92915 6
    endloop
  endfacet
  facet normal 0.248657 -0.968592 0
    outer loop
      vertex 26.2361 -3.80423 6
      vertex 25.7495 -3.92915 0
      vertex 26.2361 -3.80423 0
    endloop
  endfacet
  facet normal 0.998032 -0.062709 0
    outer loop
      vertex 28.9685 -0.501332 6
      vertex 29 0 0
      vertex 29 0 6
    endloop
  endfacet
  facet normal 0.998032 -0.062709 0
    outer loop
      vertex 29 0 0
      vertex 28.9685 -0.501332 6
      vertex 28.9685 -0.501332 0
    endloop
  endfacet
  facet normal 0.951073 -0.308968 0
    outer loop
      vertex 28.7191 -1.4725 6
      vertex 28.8743 -0.994759 0
      vertex 28.8743 -0.994759 6
    endloop
  endfacet
  facet normal 0.951073 -0.308968 0
    outer loop
      vertex 28.8743 -0.994759 0
      vertex 28.7191 -1.4725 6
      vertex 28.7191 -1.4725 0
    endloop
  endfacet
  facet normal 0.98226 -0.187523 0
    outer loop
      vertex 28.8743 -0.994759 6
      vertex 28.9685 -0.501332 0
      vertex 28.9685 -0.501332 6
    endloop
  endfacet
  facet normal 0.98226 -0.187523 0
    outer loop
      vertex 28.9685 -0.501332 0
      vertex 28.8743 -0.994759 6
      vertex 28.8743 -0.994759 0
    endloop
  endfacet
  facet normal 0.587776 -0.809024 0
    outer loop
      vertex 27.1433 -3.37731 0
      vertex 27.5497 -3.08205 6
      vertex 27.1433 -3.37731 6
    endloop
  endfacet
  facet normal 0.587776 -0.809024 0
    outer loop
      vertex 27.5497 -3.08205 6
      vertex 27.1433 -3.37731 0
      vertex 27.5497 -3.08205 0
    endloop
  endfacet
  facet normal -0.998032 -0.062709 0
    outer loop
      vertex 21.0315 -0.501332 0
      vertex 21 0 6
      vertex 21 0 0
    endloop
  endfacet
  facet normal -0.998032 -0.062709 0
    outer loop
      vertex 21 0 6
      vertex 21.0315 -0.501332 0
      vertex 21.0315 -0.501332 6
    endloop
  endfacet
  facet normal -0.770509 -0.637429 0
    outer loop
      vertex 22.0841 -2.73819 0
      vertex 21.7639 -2.35114 6
      vertex 21.7639 -2.35114 0
    endloop
  endfacet
  facet normal -0.770509 -0.637429 0
    outer loop
      vertex 21.7639 -2.35114 6
      vertex 22.0841 -2.73819 0
      vertex 22.0841 -2.73819 6
    endloop
  endfacet
  facet normal -0.904809 -0.425818 0
    outer loop
      vertex 21.4948 -1.92701 0
      vertex 21.2809 -1.4725 6
      vertex 21.2809 -1.4725 0
    endloop
  endfacet
  facet normal -0.904809 -0.425818 0
    outer loop
      vertex 21.2809 -1.4725 6
      vertex 21.4948 -1.92701 0
      vertex 21.4948 -1.92701 6
    endloop
  endfacet
  facet normal 0.770509 -0.637429 0
    outer loop
      vertex 27.9159 -2.73819 6
      vertex 28.2361 -2.35114 0
      vertex 28.2361 -2.35114 6
    endloop
  endfacet
  facet normal 0.770509 -0.637429 0
    outer loop
      vertex 28.2361 -2.35114 0
      vertex 27.9159 -2.73819 6
      vertex 27.9159 -2.73819 0
    endloop
  endfacet
  facet normal 0.481751 -0.876308 0
    outer loop
      vertex 26.7031 -3.61931 0
      vertex 27.1433 -3.37731 6
      vertex 26.7031 -3.61931 6
    endloop
  endfacet
  facet normal 0.481751 -0.876308 0
    outer loop
      vertex 27.1433 -3.37731 6
      vertex 26.7031 -3.61931 0
      vertex 27.1433 -3.37731 0
    endloop
  endfacet
  facet normal 0.368162 -0.929762 0
    outer loop
      vertex 26.2361 -3.80423 0
      vertex 26.7031 -3.61931 6
      vertex 26.2361 -3.80423 6
    endloop
  endfacet
  facet normal 0.368162 -0.929762 0
    outer loop
      vertex 26.7031 -3.61931 6
      vertex 26.2361 -3.80423 0
      vertex 26.7031 -3.61931 0
    endloop
  endfacet
  facet normal 0.904809 -0.425818 0
    outer loop
      vertex 28.5052 -1.92701 6
      vertex 28.7191 -1.4725 0
      vertex 28.7191 -1.4725 6
    endloop
  endfacet
  facet normal 0.904809 -0.425818 0
    outer loop
      vertex 28.7191 -1.4725 0
      vertex 28.5052 -1.92701 6
      vertex 28.5052 -1.92701 0
    endloop
  endfacet
  facet normal 0.844383 -0.53574 0
    outer loop
      vertex 28.2361 -2.35114 6
      vertex 28.5052 -1.92701 0
      vertex 28.5052 -1.92701 6
    endloop
  endfacet
  facet normal 0.844383 -0.53574 0
    outer loop
      vertex 28.5052 -1.92701 0
      vertex 28.2361 -2.35114 6
      vertex 28.2361 -2.35114 0
    endloop
  endfacet
  facet normal -0.248657 -0.968592 0
    outer loop
      vertex 23.7639 -3.80423 0
      vertex 24.2505 -3.92915 6
      vertex 23.7639 -3.80423 6
    endloop
  endfacet
  facet normal -0.248657 -0.968592 -0
    outer loop
      vertex 24.2505 -3.92915 6
      vertex 23.7639 -3.80423 0
      vertex 24.2505 -3.92915 0
    endloop
  endfacet
  facet normal -0.125353 -0.992112 0
    outer loop
      vertex 24.2505 -3.92915 0
      vertex 24.7488 -3.99211 6
      vertex 24.2505 -3.92915 6
    endloop
  endfacet
  facet normal -0.125353 -0.992112 -0
    outer loop
      vertex 24.7488 -3.99211 6
      vertex 24.2505 -3.92915 0
      vertex 24.7488 -3.99211 0
    endloop
  endfacet
  facet normal -0.587776 -0.809024 0
    outer loop
      vertex 22.4503 -3.08205 0
      vertex 22.8567 -3.37731 6
      vertex 22.4503 -3.08205 6
    endloop
  endfacet
  facet normal -0.587776 -0.809024 -0
    outer loop
      vertex 22.8567 -3.37731 6
      vertex 22.4503 -3.08205 0
      vertex 22.8567 -3.37731 0
    endloop
  endfacet
  facet normal -0.684521 -0.728993 0
    outer loop
      vertex 22.0841 -2.73819 0
      vertex 22.4503 -3.08205 6
      vertex 22.0841 -2.73819 6
    endloop
  endfacet
  facet normal -0.684521 -0.728993 -0
    outer loop
      vertex 22.4503 -3.08205 6
      vertex 22.0841 -2.73819 0
      vertex 22.4503 -3.08205 0
    endloop
  endfacet
  facet normal -0.844383 -0.53574 0
    outer loop
      vertex 21.7639 -2.35114 0
      vertex 21.4948 -1.92701 6
      vertex 21.4948 -1.92701 0
    endloop
  endfacet
  facet normal -0.844383 -0.53574 0
    outer loop
      vertex 21.4948 -1.92701 6
      vertex 21.7639 -2.35114 0
      vertex 21.7639 -2.35114 6
    endloop
  endfacet
  facet normal -0.951073 -0.308968 0
    outer loop
      vertex 21.2809 -1.4725 0
      vertex 21.1257 -0.994759 6
      vertex 21.1257 -0.994759 0
    endloop
  endfacet
  facet normal -0.951073 -0.308968 0
    outer loop
      vertex 21.1257 -0.994759 6
      vertex 21.2809 -1.4725 0
      vertex 21.2809 -1.4725 6
    endloop
  endfacet
  facet normal -0.98226 -0.187523 0
    outer loop
      vertex 21.1257 -0.994759 0
      vertex 21.0315 -0.501332 6
      vertex 21.0315 -0.501332 0
    endloop
  endfacet
  facet normal -0.98226 -0.187523 0
    outer loop
      vertex 21.0315 -0.501332 6
      vertex 21.1257 -0.994759 0
      vertex 21.1257 -0.994759 6
    endloop
  endfacet
  facet normal 0.684521 -0.728993 0
    outer loop
      vertex 27.5497 -3.08205 0
      vertex 27.9159 -2.73819 6
      vertex 27.5497 -3.08205 6
    endloop
  endfacet
  facet normal 0.684521 -0.728993 0
    outer loop
      vertex 27.9159 -2.73819 6
      vertex 27.5497 -3.08205 0
      vertex 27.9159 -2.73819 0
    endloop
  endfacet
  facet normal -0.481751 -0.876308 0
    outer loop
      vertex 22.8567 -3.37731 0
      vertex 23.2969 -3.61931 6
      vertex 22.8567 -3.37731 6
    endloop
  endfacet
  facet normal -0.481751 -0.876308 -0
    outer loop
      vertex 23.2969 -3.61931 6
      vertex 22.8567 -3.37731 0
      vertex 23.2969 -3.61931 0
    endloop
  endfacet
  facet normal -0.368162 -0.929762 0
    outer loop
      vertex 23.2969 -3.61931 0
      vertex 23.7639 -3.80423 6
      vertex 23.2969 -3.61931 6
    endloop
  endfacet
  facet normal -0.368162 -0.929762 -0
    outer loop
      vertex 23.7639 -3.80423 6
      vertex 23.2969 -3.61931 0
      vertex 23.7639 -3.80423 0
    endloop
  endfacet
  facet normal 0 -1 0
    outer loop
      vertex 24.7488 -3.99211 0
      vertex 25.2512 -3.99211 6
      vertex 24.7488 -3.99211 6
    endloop
  endfacet
  facet normal 0 -1 -0
    outer loop
      vertex 25.2512 -3.99211 6
      vertex 24.7488 -3.99211 0
      vertex 25.2512 -3.99211 0
    endloop
  endfacet
  facet normal -0.125416 0.992104 0
    outer loop
      vertex -0.251162 28.9921 0
      vertex -0.749525 28.9291 6
      vertex -0.251162 28.9921 6
    endloop
  endfacet
  facet normal -0.125416 0.992104 0
    outer loop
      vertex -0.749525 28.9291 6
      vertex -0.251162 28.9921 0
      vertex -0.749525 28.9291 0
    endloop
  endfacet
  facet normal -0.770549 0.63738 0
    outer loop
      vertex -3.23607 27.3511 0
      vertex -2.91587 27.7382 6
      vertex -2.91587 27.7382 0
    endloop
  endfacet
  facet normal -0.770549 0.63738 0
    outer loop
      vertex -2.91587 27.7382 6
      vertex -3.23607 27.3511 0
      vertex -3.23607 27.3511 6
    endloop
  endfacet
  facet normal -0.481759 0.876304 0
    outer loop
      vertex -1.70312 28.6193 0
      vertex -2.14331 28.3773 6
      vertex -1.70312 28.6193 6
    endloop
  endfacet
  facet normal -0.481759 0.876304 0
    outer loop
      vertex -2.14331 28.3773 6
      vertex -1.70312 28.6193 0
      vertex -2.14331 28.3773 0
    endloop
  endfacet
  facet normal -0.951053 0.309028 0
    outer loop
      vertex -3.87433 25.9948 0
      vertex -3.71911 26.4725 6
      vertex -3.71911 26.4725 0
    endloop
  endfacet
  facet normal -0.951053 0.309028 0
    outer loop
      vertex -3.71911 26.4725 6
      vertex -3.87433 25.9948 0
      vertex -3.87433 25.9948 6
    endloop
  endfacet
  facet normal -0.248646 0.968594 0
    outer loop
      vertex -0.749525 28.9291 0
      vertex -1.23607 28.8042 6
      vertex -0.749525 28.9291 6
    endloop
  endfacet
  facet normal -0.248646 0.968594 0
    outer loop
      vertex -1.23607 28.8042 6
      vertex -0.749525 28.9291 0
      vertex -1.23607 28.8042 0
    endloop
  endfacet
  facet normal 0 1 -0
    outer loop
      vertex 0 28.9921 0
      vertex -0.251162 28.9921 6
      vertex 0 28.9921 6
    endloop
  endfacet
  facet normal 0 1 0
    outer loop
      vertex -0.251162 28.9921 6
      vertex 0 28.9921 0
      vertex -0.251162 28.9921 0
    endloop
  endfacet
  facet normal -0.904821 0.425793 0
    outer loop
      vertex -3.71911 26.4725 0
      vertex -3.50523 26.927 6
      vertex -3.50523 26.927 0
    endloop
  endfacet
  facet normal -0.904821 0.425793 0
    outer loop
      vertex -3.50523 26.927 6
      vertex -3.71911 26.4725 0
      vertex -3.71911 26.4725 6
    endloop
  endfacet
  facet normal -0.844312 0.535852 0
    outer loop
      vertex -3.50523 26.927 0
      vertex -3.23607 27.3511 6
      vertex -3.23607 27.3511 0
    endloop
  endfacet
  facet normal -0.844312 0.535852 0
    outer loop
      vertex -3.23607 27.3511 6
      vertex -3.50523 26.927 0
      vertex -3.50523 26.927 6
    endloop
  endfacet
  facet normal -0.982291 0.187362 0
    outer loop
      vertex -3.96846 25.5013 0
      vertex -3.87433 25.9948 6
      vertex -3.87433 25.9948 0
    endloop
  endfacet
  facet normal -0.982291 0.187362 0
    outer loop
      vertex -3.87433 25.9948 6
      vertex -3.96846 25.5013 0
      vertex -3.96846 25.5013 6
    endloop
  endfacet
  facet normal -0.998027 0.0627923 0
    outer loop
      vertex -4 25 0
      vertex -3.96846 25.5013 6
      vertex -3.96846 25.5013 0
    endloop
  endfacet
  facet normal -0.998027 0.0627923 0
    outer loop
      vertex -3.96846 25.5013 6
      vertex -4 25 0
      vertex -4 25 6
    endloop
  endfacet
  facet normal -0.998027 -0.0627923 0
    outer loop
      vertex -3.96846 24.4987 0
      vertex -4 25 6
      vertex -4 25 0
    endloop
  endfacet
  facet normal -0.998027 -0.0627923 0
    outer loop
      vertex -4 25 6
      vertex -3.96846 24.4987 0
      vertex -3.96846 24.4987 6
    endloop
  endfacet
  facet normal -0.587708 0.809073 0
    outer loop
      vertex -2.14331 28.3773 0
      vertex -2.5497 28.0821 6
      vertex -2.14331 28.3773 6
    endloop
  endfacet
  facet normal -0.587708 0.809073 0
    outer loop
      vertex -2.5497 28.0821 6
      vertex -2.14331 28.3773 0
      vertex -2.5497 28.0821 0
    endloop
  endfacet
  facet normal -0.684593 0.728925 0
    outer loop
      vertex -2.5497 28.0821 0
      vertex -2.91587 27.7382 6
      vertex -2.5497 28.0821 6
    endloop
  endfacet
  facet normal -0.684593 0.728925 0
    outer loop
      vertex -2.91587 27.7382 6
      vertex -2.5497 28.0821 0
      vertex -2.91587 27.7382 0
    endloop
  endfacet
  facet normal -0.368093 0.929789 0
    outer loop
      vertex -1.23607 28.8042 0
      vertex -1.70312 28.6193 6
      vertex -1.23607 28.8042 6
    endloop
  endfacet
  facet normal -0.368093 0.929789 0
    outer loop
      vertex -1.70312 28.6193 6
      vertex -1.23607 28.8042 0
      vertex -1.70312 28.6193 0
    endloop
  endfacet
  facet normal -0.770549 -0.63738 0
    outer loop
      vertex -2.91587 22.2618 0
      vertex -3.23607 22.6489 6
      vertex -3.23607 22.6489 0
    endloop
  endfacet
  facet normal -0.770549 -0.63738 0
    outer loop
      vertex -3.23607 22.6489 6
      vertex -2.91587 22.2618 0
      vertex -2.91587 22.2618 6
    endloop
  endfacet
  facet normal -0.904821 -0.425793 0
    outer loop
      vertex -3.50523 23.073 0
      vertex -3.71911 23.5275 6
      vertex -3.71911 23.5275 0
    endloop
  endfacet
  facet normal -0.904821 -0.425793 0
    outer loop
      vertex -3.71911 23.5275 6
      vertex -3.50523 23.073 0
      vertex -3.50523 23.073 6
    endloop
  endfacet
  facet normal 0 -1 0
    outer loop
      vertex -0.251162 21.0079 0
      vertex 0 21.0079 6
      vertex -0.251162 21.0079 6
    endloop
  endfacet
  facet normal 0 -1 -0
    outer loop
      vertex 0 21.0079 6
      vertex -0.251162 21.0079 0
      vertex 0 21.0079 0
    endloop
  endfacet
  facet normal -0.248646 -0.968594 0
    outer loop
      vertex -1.23607 21.1958 0
      vertex -0.749525 21.0709 6
      vertex -1.23607 21.1958 6
    endloop
  endfacet
  facet normal -0.248646 -0.968594 -0
    outer loop
      vertex -0.749525 21.0709 6
      vertex -1.23607 21.1958 0
      vertex -0.749525 21.0709 0
    endloop
  endfacet
  facet normal -0.125416 -0.992104 0
    outer loop
      vertex -0.749525 21.0709 0
      vertex -0.251162 21.0079 6
      vertex -0.749525 21.0709 6
    endloop
  endfacet
  facet normal -0.125416 -0.992104 -0
    outer loop
      vertex -0.251162 21.0079 6
      vertex -0.749525 21.0709 0
      vertex -0.251162 21.0079 0
    endloop
  endfacet
  facet normal -0.587708 -0.809073 0
    outer loop
      vertex -2.5497 21.9179 0
      vertex -2.14331 21.6227 6
      vertex -2.5497 21.9179 6
    endloop
  endfacet
  facet normal -0.587708 -0.809073 -0
    outer loop
      vertex -2.14331 21.6227 6
      vertex -2.5497 21.9179 0
      vertex -2.14331 21.6227 0
    endloop
  endfacet
  facet normal -0.684593 -0.728925 0
    outer loop
      vertex -2.91587 22.2618 0
      vertex -2.5497 21.9179 6
      vertex -2.91587 22.2618 6
    endloop
  endfacet
  facet normal -0.684593 -0.728925 -0
    outer loop
      vertex -2.5497 21.9179 6
      vertex -2.91587 22.2618 0
      vertex -2.5497 21.9179 0
    endloop
  endfacet
  facet normal -0.844312 -0.535852 0
    outer loop
      vertex -3.23607 22.6489 0
      vertex -3.50523 23.073 6
      vertex -3.50523 23.073 0
    endloop
  endfacet
  facet normal -0.844312 -0.535852 0
    outer loop
      vertex -3.50523 23.073 6
      vertex -3.23607 22.6489 0
      vertex -3.23607 22.6489 6
    endloop
  endfacet
  facet normal -0.951053 -0.309028 0
    outer loop
      vertex -3.71911 23.5275 0
      vertex -3.87433 24.0052 6
      vertex -3.87433 24.0052 0
    endloop
  endfacet
  facet normal -0.951053 -0.309028 0
    outer loop
      vertex -3.87433 24.0052 6
      vertex -3.71911 23.5275 0
      vertex -3.71911 23.5275 6
    endloop
  endfacet
  facet normal -0.982291 -0.187362 0
    outer loop
      vertex -3.87433 24.0052 0
      vertex -3.96846 24.4987 6
      vertex -3.96846 24.4987 0
    endloop
  endfacet
  facet normal -0.982291 -0.187362 0
    outer loop
      vertex -3.96846 24.4987 6
      vertex -3.87433 24.0052 0
      vertex -3.87433 24.0052 6
    endloop
  endfacet
  facet normal -0.481759 -0.876304 0
    outer loop
      vertex -2.14331 21.6227 0
      vertex -1.70312 21.3807 6
      vertex -2.14331 21.6227 6
    endloop
  endfacet
  facet normal -0.481759 -0.876304 -0
    outer loop
      vertex -1.70312 21.3807 6
      vertex -2.14331 21.6227 0
      vertex -1.70312 21.3807 0
    endloop
  endfacet
  facet normal -0.368093 -0.929789 0
    outer loop
      vertex -1.70312 21.3807 0
      vertex -1.23607 21.1958 6
      vertex -1.70312 21.3807 6
    endloop
  endfacet
  facet normal -0.368093 -0.929789 -0
    outer loop
      vertex -1.23607 21.1958 6
      vertex -1.70312 21.3807 0
      vertex -1.23607 21.1958 0
    endloop
  endfacet
  facet normal 0.707107 -0.707107 0
    outer loop
      vertex 45.5 0 6
      vertex 50 4.5 0
      vertex 50 4.5 6
    endloop
  endfacet
  facet normal 0.707107 -0.707107 0
    outer loop
      vertex 50 4.5 0
      vertex 45.5 0 6
      vertex 45.5 0 0
    endloop
  endfacet
  facet normal 0.707107 0.707107 0
    outer loop
      vertex 50 45.5 6
      vertex 45.5 50 0
      vertex 45.5 50 6
    endloop
  endfacet
  facet normal 0.707107 0.707107 0
    outer loop
      vertex 45.5 50 0
      vertex 50 45.5 6
      vertex 50 45.5 0
    endloop
  endfacet
  facet normal -1 0 0
    outer loop
      vertex 0 28.9921 0
      vertex 0 45.5 6
      vertex 0 45.5 0
    endloop
  endfacet
  facet normal -1 -0 0
    outer loop
      vertex 0 45.5 6
      vertex 0 28.9921 0
      vertex 0 28.9921 6
    endloop
  endfacet
  facet normal -1 0 0
    outer loop
      vertex 0 4.5 0
      vertex 0 21.0079 6
      vertex 0 21.0079 0
    endloop
  endfacet
  facet normal -1 -0 0
    outer loop
      vertex 0 21.0079 6
      vertex 0 4.5 0
      vertex 0 4.5 6
    endloop
  endfacet
  facet normal 1 -0 0
    outer loop
      vertex 50 28.9921 6
      vertex 50 45.5 0
      vertex 50 45.5 6
    endloop
  endfacet
  facet normal 1 0 0
    outer loop
      vertex 50 45.5 0
      vertex 50 28.9921 6
      vertex 50 28.9921 0
    endloop
  endfacet
  facet normal 1 -0 0
    outer loop
      vertex 50 4.5 6
      vertex 50 21.0079 0
      vertex 50 21.0079 6
    endloop
  endfacet
  facet normal 1 0 0
    outer loop
      vertex 50 21.0079 0
      vertex 50 4.5 6
      vertex 50 4.5 0
    endloop
  endfacet
  facet normal 0 1 -0
    outer loop
      vertex 45.5 50 0
      vertex 29 50 6
      vertex 45.5 50 6
    endloop
  endfacet
  facet normal 0 1 0
    outer loop
      vertex 29 50 6
      vertex 45.5 50 0
      vertex 29 50 0
    endloop
  endfacet
  facet normal 0 1 -0
    outer loop
      vertex 21 50 0
      vertex 4.5 50 6
      vertex 21 50 6
    endloop
  endfacet
  facet normal 0 1 0
    outer loop
      vertex 4.5 50 6
      vertex 21 50 0
      vertex 4.5 50 0
    endloop
  endfacet
  facet normal -0.707107 -0.707107 0
    outer loop
      vertex 4.5 0 0
      vertex 0 4.5 6
      vertex 0 4.5 0
    endloop
  endfacet
  facet normal -0.707107 -0.707107 0
    outer loop
      vertex 0 4.5 6
      vertex 4.5 0 0
      vertex 4.5 0 6
    endloop
  endfacet
  facet normal -0.707107 0.707107 0
    outer loop
      vertex 0 45.5 0
      vertex 4.5 50 6
      vertex 4.5 50 0
    endloop
  endfacet
  facet normal -0.707107 0.707107 0
    outer loop
      vertex 4.5 50 6
      vertex 0 45.5 0
      vertex 0 45.5 6
    endloop
  endfacet
  facet normal 0 -1 0
    outer loop
      vertex 29 0 0
      vertex 45.5 0 6
      vertex 29 0 6
    endloop
  endfacet
  facet normal 0 -1 -0
    outer loop
      vertex 45.5 0 6
      vertex 29 0 0
      vertex 45.5 0 0
    endloop
  endfacet
  facet normal 0 -1 0
    outer loop
      vertex 4.5 0 0
      vertex 21 0 6
      vertex 4.5 0 6
    endloop
  endfacet
  facet normal 0 -1 -0
    outer loop
      vertex 21 0 6
      vertex 4.5 0 0
      vertex 21 0 0
    endloop
  endfacet
  facet normal -0.998031 -0.0627192 0
    outer loop
      vertex 26.6 50 0
      vertex 26.5874 50.2005 6
      vertex 26.5874 50.2005 0
    endloop
  endfacet
  facet normal -0.998031 -0.0627192 0
    outer loop
      vertex 26.5874 50.2005 6
      vertex 26.6 50 0
      vertex 26.6 50 6
    endloop
  endfacet
  facet normal 0.124954 -0.992163 0
    outer loop
      vertex 24.7002 51.5717 0
      vertex 24.8995 51.5968 6
      vertex 24.7002 51.5717 6
    endloop
  endfacet
  facet normal 0.124954 -0.992163 0
    outer loop
      vertex 24.8995 51.5968 6
      vertex 24.7002 51.5717 0
      vertex 24.8995 51.5968 0
    endloop
  endfacet
  facet normal -0.124954 0.992163 0
    outer loop
      vertex 25.2998 48.4283 0
      vertex 25.1005 48.4032 6
      vertex 25.2998 48.4283 6
    endloop
  endfacet
  facet normal -0.124954 0.992163 0
    outer loop
      vertex 25.1005 48.4032 6
      vertex 25.2998 48.4283 0
      vertex 25.1005 48.4032 0
    endloop
  endfacet
  facet normal -0.587669 -0.809102 0
    outer loop
      vertex 25.8573 51.3509 0
      vertex 26.0199 51.2328 6
      vertex 25.8573 51.3509 6
    endloop
  endfacet
  facet normal -0.587669 -0.809102 -0
    outer loop
      vertex 26.0199 51.2328 6
      vertex 25.8573 51.3509 0
      vertex 26.0199 51.2328 0
    endloop
  endfacet
  facet normal 0.770664 -0.637242 0
    outer loop
      vertex 23.7056 50.9405 6
      vertex 23.8336 51.0953 0
      vertex 23.8336 51.0953 6
    endloop
  endfacet
  facet normal 0.770664 -0.637242 0
    outer loop
      vertex 23.8336 51.0953 0
      vertex 23.7056 50.9405 6
      vertex 23.7056 50.9405 0
    endloop
  endfacet
  facet normal 0.481709 -0.876331 0
    outer loop
      vertex 24.1427 51.3509 0
      vertex 24.3188 51.4477 6
      vertex 24.1427 51.3509 6
    endloop
  endfacet
  facet normal 0.481709 -0.876331 0
    outer loop
      vertex 24.3188 51.4477 6
      vertex 24.1427 51.3509 0
      vertex 24.3188 51.4477 0
    endloop
  endfacet
  facet normal -0.844316 -0.535845 0
    outer loop
      vertex 26.4021 50.7708 0
      vertex 26.2944 50.9405 6
      vertex 26.2944 50.9405 0
    endloop
  endfacet
  facet normal -0.844316 -0.535845 0
    outer loop
      vertex 26.2944 50.9405 6
      vertex 26.4021 50.7708 0
      vertex 26.4021 50.7708 6
    endloop
  endfacet
  facet normal -0.77042 -0.637537 0
    outer loop
      vertex 26.2944 50.9405 0
      vertex 26.1663 51.0953 6
      vertex 26.1663 51.0953 0
    endloop
  endfacet
  facet normal -0.77042 -0.637537 0
    outer loop
      vertex 26.1663 51.0953 6
      vertex 26.2944 50.9405 0
      vertex 26.2944 50.9405 6
    endloop
  endfacet
  facet normal -0.248854 -0.968541 0
    outer loop
      vertex 25.2998 51.5717 0
      vertex 25.4944 51.5217 6
      vertex 25.2998 51.5717 6
    endloop
  endfacet
  facet normal -0.248854 -0.968541 -0
    outer loop
      vertex 25.4944 51.5217 6
      vertex 25.2998 51.5717 0
      vertex 25.4944 51.5217 0
    endloop
  endfacet
  facet normal -0.124954 -0.992163 0
    outer loop
      vertex 25.1005 51.5968 0
      vertex 25.2998 51.5717 6
      vertex 25.1005 51.5968 6
    endloop
  endfacet
  facet normal -0.124954 -0.992163 -0
    outer loop
      vertex 25.2998 51.5717 6
      vertex 25.1005 51.5968 0
      vertex 25.2998 51.5717 0
    endloop
  endfacet
  facet normal -0.368299 -0.929707 0
    outer loop
      vertex 25.4944 51.5217 0
      vertex 25.6812 51.4477 6
      vertex 25.4944 51.5217 6
    endloop
  endfacet
  facet normal -0.368299 -0.929707 -0
    outer loop
      vertex 25.6812 51.4477 6
      vertex 25.4944 51.5217 0
      vertex 25.6812 51.4477 0
    endloop
  endfacet
  facet normal 0.951045 -0.309052 0
    outer loop
      vertex 23.4503 50.3979 6
      vertex 23.5124 50.589 0
      vertex 23.5124 50.589 6
    endloop
  endfacet
  facet normal 0.951045 -0.309052 0
    outer loop
      vertex 23.5124 50.589 0
      vertex 23.4503 50.3979 6
      vertex 23.4503 50.3979 0
    endloop
  endfacet
  facet normal 0.982247 -0.187592 0
    outer loop
      vertex 23.4126 50.2005 6
      vertex 23.4503 50.3979 0
      vertex 23.4503 50.3979 6
    endloop
  endfacet
  facet normal 0.982247 -0.187592 0
    outer loop
      vertex 23.4503 50.3979 0
      vertex 23.4126 50.2005 6
      vertex 23.4126 50.2005 0
    endloop
  endfacet
  facet normal 0.248854 -0.968541 0
    outer loop
      vertex 24.5056 51.5217 0
      vertex 24.7002 51.5717 6
      vertex 24.5056 51.5217 6
    endloop
  endfacet
  facet normal 0.248854 -0.968541 0
    outer loop
      vertex 24.7002 51.5717 6
      vertex 24.5056 51.5217 0
      vertex 24.7002 51.5717 0
    endloop
  endfacet
  facet normal -0.248854 0.968541 0
    outer loop
      vertex 25.4944 48.4783 0
      vertex 25.2998 48.4283 6
      vertex 25.4944 48.4783 6
    endloop
  endfacet
  facet normal -0.248854 0.968541 0
    outer loop
      vertex 25.2998 48.4283 6
      vertex 25.4944 48.4783 0
      vertex 25.2998 48.4283 0
    endloop
  endfacet
  facet normal -0.951045 -0.309052 0
    outer loop
      vertex 26.5497 50.3979 0
      vertex 26.4876 50.589 6
      vertex 26.4876 50.589 0
    endloop
  endfacet
  facet normal -0.951045 -0.309052 0
    outer loop
      vertex 26.4876 50.589 6
      vertex 26.5497 50.3979 0
      vertex 26.5497 50.3979 6
    endloop
  endfacet
  facet normal -0.982247 -0.187592 0
    outer loop
      vertex 26.5874 50.2005 0
      vertex 26.5497 50.3979 6
      vertex 26.5497 50.3979 0
    endloop
  endfacet
  facet normal -0.982247 -0.187592 0
    outer loop
      vertex 26.5497 50.3979 6
      vertex 26.5874 50.2005 0
      vertex 26.5874 50.2005 6
    endloop
  endfacet
  facet normal -0.90492 -0.425581 0
    outer loop
      vertex 26.4876 50.589 0
      vertex 26.4021 50.7708 6
      vertex 26.4021 50.7708 0
    endloop
  endfacet
  facet normal -0.90492 -0.425581 0
    outer loop
      vertex 26.4021 50.7708 6
      vertex 26.4876 50.589 0
      vertex 26.4876 50.589 6
    endloop
  endfacet
  facet normal -0.684603 -0.728916 0
    outer loop
      vertex 26.0199 51.2328 0
      vertex 26.1663 51.0953 6
      vertex 26.0199 51.2328 6
    endloop
  endfacet
  facet normal -0.684603 -0.728916 -0
    outer loop
      vertex 26.1663 51.0953 6
      vertex 26.0199 51.2328 0
      vertex 26.1663 51.0953 0
    endloop
  endfacet
  facet normal 0 -1 0
    outer loop
      vertex 24.8995 51.5968 0
      vertex 25.1005 51.5968 6
      vertex 24.8995 51.5968 6
    endloop
  endfacet
  facet normal 0 -1 -0
    outer loop
      vertex 25.1005 51.5968 6
      vertex 24.8995 51.5968 0
      vertex 25.1005 51.5968 0
    endloop
  endfacet
  facet normal -0.481709 -0.876331 0
    outer loop
      vertex 25.6812 51.4477 0
      vertex 25.8573 51.3509 6
      vertex 25.6812 51.4477 6
    endloop
  endfacet
  facet normal -0.481709 -0.876331 -0
    outer loop
      vertex 25.8573 51.3509 6
      vertex 25.6812 51.4477 0
      vertex 25.8573 51.3509 0
    endloop
  endfacet
  facet normal 0.90492 -0.425581 0
    outer loop
      vertex 23.5124 50.589 6
      vertex 23.5979 50.7708 0
      vertex 23.5979 50.7708 6
    endloop
  endfacet
  facet normal 0.90492 -0.425581 0
    outer loop
      vertex 23.5979 50.7708 0
      vertex 23.5124 50.589 6
      vertex 23.5124 50.589 0
    endloop
  endfacet
  facet normal 0.844316 -0.535845 0
    outer loop
      vertex 23.5979 50.7708 6
      vertex 23.7056 50.9405 0
      vertex 23.7056 50.9405 6
    endloop
  endfacet
  facet normal 0.844316 -0.535845 0
    outer loop
      vertex 23.7056 50.9405 0
      vertex 23.5979 50.7708 6
      vertex 23.5979 50.7708 0
    endloop
  endfacet
  facet normal 0.998031 -0.0627192 0
    outer loop
      vertex 23.4 50 6
      vertex 23.4126 50.2005 0
      vertex 23.4126 50.2005 6
    endloop
  endfacet
  facet normal 0.998031 -0.0627192 0
    outer loop
      vertex 23.4126 50.2005 0
      vertex 23.4 50 6
      vertex 23.4 50 0
    endloop
  endfacet
  facet normal 0.587669 -0.809102 0
    outer loop
      vertex 23.9801 51.2328 0
      vertex 24.1427 51.3509 6
      vertex 23.9801 51.2328 6
    endloop
  endfacet
  facet normal 0.587669 -0.809102 0
    outer loop
      vertex 24.1427 51.3509 6
      vertex 23.9801 51.2328 0
      vertex 24.1427 51.3509 0
    endloop
  endfacet
  facet normal 0.684355 -0.729149 0
    outer loop
      vertex 23.8336 51.0953 0
      vertex 23.9801 51.2328 6
      vertex 23.8336 51.0953 6
    endloop
  endfacet
  facet normal 0.684355 -0.729149 0
    outer loop
      vertex 23.9801 51.2328 6
      vertex 23.8336 51.0953 0
      vertex 23.9801 51.2328 0
    endloop
  endfacet
  facet normal 0.368299 -0.929707 0
    outer loop
      vertex 24.3188 51.4477 0
      vertex 24.5056 51.5217 6
      vertex 24.3188 51.4477 6
    endloop
  endfacet
  facet normal 0.368299 -0.929707 0
    outer loop
      vertex 24.5056 51.5217 6
      vertex 24.3188 51.4477 0
      vertex 24.5056 51.5217 0
    endloop
  endfacet
  facet normal -0.998031 0.0627192 0
    outer loop
      vertex 26.5874 49.7995 0
      vertex 26.6 50 6
      vertex 26.6 50 0
    endloop
  endfacet
  facet normal -0.998031 0.0627192 0
    outer loop
      vertex 26.6 50 6
      vertex 26.5874 49.7995 0
      vertex 26.5874 49.7995 6
    endloop
  endfacet
  facet normal -0.951045 0.309052 0
    outer loop
      vertex 26.4876 49.411 0
      vertex 26.5497 49.6021 6
      vertex 26.5497 49.6021 0
    endloop
  endfacet
  facet normal -0.951045 0.309052 0
    outer loop
      vertex 26.5497 49.6021 6
      vertex 26.4876 49.411 0
      vertex 26.4876 49.411 6
    endloop
  endfacet
  facet normal -0.982247 0.187592 0
    outer loop
      vertex 26.5497 49.6021 0
      vertex 26.5874 49.7995 6
      vertex 26.5874 49.7995 0
    endloop
  endfacet
  facet normal -0.982247 0.187592 0
    outer loop
      vertex 26.5874 49.7995 6
      vertex 26.5497 49.6021 0
      vertex 26.5497 49.6021 6
    endloop
  endfacet
  facet normal -0.587669 0.809102 0
    outer loop
      vertex 26.0199 48.7672 0
      vertex 25.8573 48.6491 6
      vertex 26.0199 48.7672 6
    endloop
  endfacet
  facet normal -0.587669 0.809102 0
    outer loop
      vertex 25.8573 48.6491 6
      vertex 26.0199 48.7672 0
      vertex 25.8573 48.6491 0
    endloop
  endfacet
  facet normal 0.998031 0.0627192 0
    outer loop
      vertex 23.4126 49.7995 6
      vertex 23.4 50 0
      vertex 23.4 50 6
    endloop
  endfacet
  facet normal 0.998031 0.0627192 0
    outer loop
      vertex 23.4 50 0
      vertex 23.4126 49.7995 6
      vertex 23.4126 49.7995 0
    endloop
  endfacet
  facet normal -0.844316 0.535845 0
    outer loop
      vertex 26.2944 49.0595 0
      vertex 26.4021 49.2292 6
      vertex 26.4021 49.2292 0
    endloop
  endfacet
  facet normal -0.844316 0.535845 0
    outer loop
      vertex 26.4021 49.2292 6
      vertex 26.2944 49.0595 0
      vertex 26.2944 49.0595 6
    endloop
  endfacet
  facet normal 0.684355 0.729149 -0
    outer loop
      vertex 23.9801 48.7672 0
      vertex 23.8336 48.9047 6
      vertex 23.9801 48.7672 6
    endloop
  endfacet
  facet normal 0.684355 0.729149 0
    outer loop
      vertex 23.8336 48.9047 6
      vertex 23.9801 48.7672 0
      vertex 23.8336 48.9047 0
    endloop
  endfacet
  facet normal 0.770664 0.637242 0
    outer loop
      vertex 23.8336 48.9047 6
      vertex 23.7056 49.0595 0
      vertex 23.7056 49.0595 6
    endloop
  endfacet
  facet normal 0.770664 0.637242 0
    outer loop
      vertex 23.7056 49.0595 0
      vertex 23.8336 48.9047 6
      vertex 23.8336 48.9047 0
    endloop
  endfacet
  facet normal 0.90492 0.425581 0
    outer loop
      vertex 23.5979 49.2292 6
      vertex 23.5124 49.411 0
      vertex 23.5124 49.411 6
    endloop
  endfacet
  facet normal 0.90492 0.425581 0
    outer loop
      vertex 23.5124 49.411 0
      vertex 23.5979 49.2292 6
      vertex 23.5979 49.2292 0
    endloop
  endfacet
  facet normal 0.982247 0.187592 0
    outer loop
      vertex 23.4503 49.6021 6
      vertex 23.4126 49.7995 0
      vertex 23.4126 49.7995 6
    endloop
  endfacet
  facet normal 0.982247 0.187592 0
    outer loop
      vertex 23.4126 49.7995 0
      vertex 23.4503 49.6021 6
      vertex 23.4503 49.6021 0
    endloop
  endfacet
  facet normal -0.77042 0.637537 0
    outer loop
      vertex 26.1663 48.9047 0
      vertex 26.2944 49.0595 6
      vertex 26.2944 49.0595 0
    endloop
  endfacet
  facet normal -0.77042 0.637537 0
    outer loop
      vertex 26.2944 49.0595 6
      vertex 26.1663 48.9047 0
      vertex 26.1663 48.9047 6
    endloop
  endfacet
  facet normal -0.481709 0.876331 0
    outer loop
      vertex 25.8573 48.6491 0
      vertex 25.6812 48.5523 6
      vertex 25.8573 48.6491 6
    endloop
  endfacet
  facet normal -0.481709 0.876331 0
    outer loop
      vertex 25.6812 48.5523 6
      vertex 25.8573 48.6491 0
      vertex 25.6812 48.5523 0
    endloop
  endfacet
  facet normal -0.368299 0.929707 0
    outer loop
      vertex 25.6812 48.5523 0
      vertex 25.4944 48.4783 6
      vertex 25.6812 48.5523 6
    endloop
  endfacet
  facet normal -0.368299 0.929707 0
    outer loop
      vertex 25.4944 48.4783 6
      vertex 25.6812 48.5523 0
      vertex 25.4944 48.4783 0
    endloop
  endfacet
  facet normal -0.90492 0.425581 0
    outer loop
      vertex 26.4021 49.2292 0
      vertex 26.4876 49.411 6
      vertex 26.4876 49.411 0
    endloop
  endfacet
  facet normal -0.90492 0.425581 0
    outer loop
      vertex 26.4876 49.411 6
      vertex 26.4021 49.2292 0
      vertex 26.4021 49.2292 6
    endloop
  endfacet
  facet normal 0 1 -0
    outer loop
      vertex 25.1005 48.4032 0
      vertex 24.8995 48.4032 6
      vertex 25.1005 48.4032 6
    endloop
  endfacet
  facet normal 0 1 0
    outer loop
      vertex 24.8995 48.4032 6
      vertex 25.1005 48.4032 0
      vertex 24.8995 48.4032 0
    endloop
  endfacet
  facet normal 0.248854 0.968541 -0
    outer loop
      vertex 24.7002 48.4283 0
      vertex 24.5056 48.4783 6
      vertex 24.7002 48.4283 6
    endloop
  endfacet
  facet normal 0.248854 0.968541 0
    outer loop
      vertex 24.5056 48.4783 6
      vertex 24.7002 48.4283 0
      vertex 24.5056 48.4783 0
    endloop
  endfacet
  facet normal 0.124954 0.992163 -0
    outer loop
      vertex 24.8995 48.4032 0
      vertex 24.7002 48.4283 6
      vertex 24.8995 48.4032 6
    endloop
  endfacet
  facet normal 0.124954 0.992163 0
    outer loop
      vertex 24.7002 48.4283 6
      vertex 24.8995 48.4032 0
      vertex 24.7002 48.4283 0
    endloop
  endfacet
  facet normal 0.587669 0.809102 -0
    outer loop
      vertex 24.1427 48.6491 0
      vertex 23.9801 48.7672 6
      vertex 24.1427 48.6491 6
    endloop
  endfacet
  facet normal 0.587669 0.809102 0
    outer loop
      vertex 23.9801 48.7672 6
      vertex 24.1427 48.6491 0
      vertex 23.9801 48.7672 0
    endloop
  endfacet
  facet normal 0.844316 0.535845 0
    outer loop
      vertex 23.7056 49.0595 6
      vertex 23.5979 49.2292 0
      vertex 23.5979 49.2292 6
    endloop
  endfacet
  facet normal 0.844316 0.535845 0
    outer loop
      vertex 23.5979 49.2292 0
      vertex 23.7056 49.0595 6
      vertex 23.7056 49.0595 0
    endloop
  endfacet
  facet normal 0.951045 0.309052 0
    outer loop
      vertex 23.5124 49.411 6
      vertex 23.4503 49.6021 0
      vertex 23.4503 49.6021 6
    endloop
  endfacet
  facet normal 0.951045 0.309052 0
    outer loop
      vertex 23.4503 49.6021 0
      vertex 23.5124 49.411 6
      vertex 23.5124 49.411 0
    endloop
  endfacet
  facet normal -0.684603 0.728916 0
    outer loop
      vertex 26.1663 48.9047 0
      vertex 26.0199 48.7672 6
      vertex 26.1663 48.9047 6
    endloop
  endfacet
  facet normal -0.684603 0.728916 0
    outer loop
      vertex 26.0199 48.7672 6
      vertex 26.1663 48.9047 0
      vertex 26.0199 48.7672 0
    endloop
  endfacet
  facet normal 0.481709 0.876331 -0
    outer loop
      vertex 24.3188 48.5523 0
      vertex 24.1427 48.6491 6
      vertex 24.3188 48.5523 6
    endloop
  endfacet
  facet normal 0.481709 0.876331 0
    outer loop
      vertex 24.1427 48.6491 6
      vertex 24.3188 48.5523 0
      vertex 24.1427 48.6491 0
    endloop
  endfacet
  facet normal 0.368299 0.929707 -0
    outer loop
      vertex 24.5056 48.4783 0
      vertex 24.3188 48.5523 6
      vertex 24.5056 48.4783 6
    endloop
  endfacet
  facet normal 0.368299 0.929707 0
    outer loop
      vertex 24.3188 48.5523 6
      vertex 24.5056 48.4783 0
      vertex 24.3188 48.5523 0
    endloop
  endfacet
  facet normal -0.998031 -0.0627192 0
    outer loop
      vertex 51.6 25 0
      vertex 51.5874 25.2005 6
      vertex 51.5874 25.2005 0
    endloop
  endfacet
  facet normal -0.998031 -0.0627192 0
    outer loop
      vertex 51.5874 25.2005 6
      vertex 51.6 25 0
      vertex 51.6 25 6
    endloop
  endfacet
  facet normal 0.124954 -0.992163 0
    outer loop
      vertex 49.7002 26.5717 0
      vertex 49.8995 26.5968 6
      vertex 49.7002 26.5717 6
    endloop
  endfacet
  facet normal 0.124954 -0.992163 0
    outer loop
      vertex 49.8995 26.5968 6
      vertex 49.7002 26.5717 0
      vertex 49.8995 26.5968 0
    endloop
  endfacet
  facet normal -0.124954 0.992163 0
    outer loop
      vertex 50.2998 23.4283 0
      vertex 50.1005 23.4032 6
      vertex 50.2998 23.4283 6
    endloop
  endfacet
  facet normal -0.124954 0.992163 0
    outer loop
      vertex 50.1005 23.4032 6
      vertex 50.2998 23.4283 0
      vertex 50.1005 23.4032 0
    endloop
  endfacet
  facet normal -0.587669 -0.809102 0
    outer loop
      vertex 50.8573 26.3509 0
      vertex 51.0199 26.2328 6
      vertex 50.8573 26.3509 6
    endloop
  endfacet
  facet normal -0.587669 -0.809102 -0
    outer loop
      vertex 51.0199 26.2328 6
      vertex 50.8573 26.3509 0
      vertex 51.0199 26.2328 0
    endloop
  endfacet
  facet normal 0.770664 -0.637242 0
    outer loop
      vertex 48.7056 25.9405 6
      vertex 48.8336 26.0953 0
      vertex 48.8336 26.0953 6
    endloop
  endfacet
  facet normal 0.770664 -0.637242 0
    outer loop
      vertex 48.8336 26.0953 0
      vertex 48.7056 25.9405 6
      vertex 48.7056 25.9405 0
    endloop
  endfacet
  facet normal 0.481709 -0.876331 0
    outer loop
      vertex 49.1427 26.3509 0
      vertex 49.3188 26.4477 6
      vertex 49.1427 26.3509 6
    endloop
  endfacet
  facet normal 0.481709 -0.876331 0
    outer loop
      vertex 49.3188 26.4477 6
      vertex 49.1427 26.3509 0
      vertex 49.3188 26.4477 0
    endloop
  endfacet
  facet normal -0.844316 -0.535845 0
    outer loop
      vertex 51.4021 25.7708 0
      vertex 51.2944 25.9405 6
      vertex 51.2944 25.9405 0
    endloop
  endfacet
  facet normal -0.844316 -0.535845 0
    outer loop
      vertex 51.2944 25.9405 6
      vertex 51.4021 25.7708 0
      vertex 51.4021 25.7708 6
    endloop
  endfacet
  facet normal -0.770664 -0.637242 0
    outer loop
      vertex 51.2944 25.9405 0
      vertex 51.1664 26.0953 6
      vertex 51.1664 26.0953 0
    endloop
  endfacet
  facet normal -0.770664 -0.637242 0
    outer loop
      vertex 51.1664 26.0953 6
      vertex 51.2944 25.9405 0
      vertex 51.2944 25.9405 6
    endloop
  endfacet
  facet normal -0.248854 -0.968541 0
    outer loop
      vertex 50.2998 26.5717 0
      vertex 50.4944 26.5217 6
      vertex 50.2998 26.5717 6
    endloop
  endfacet
  facet normal -0.248854 -0.968541 -0
    outer loop
      vertex 50.4944 26.5217 6
      vertex 50.2998 26.5717 0
      vertex 50.4944 26.5217 0
    endloop
  endfacet
  facet normal -0.124954 -0.992163 0
    outer loop
      vertex 50.1005 26.5968 0
      vertex 50.2998 26.5717 6
      vertex 50.1005 26.5968 6
    endloop
  endfacet
  facet normal -0.124954 -0.992163 -0
    outer loop
      vertex 50.2998 26.5717 6
      vertex 50.1005 26.5968 0
      vertex 50.2998 26.5717 0
    endloop
  endfacet
  facet normal -0.368299 -0.929707 0
    outer loop
      vertex 50.4944 26.5217 0
      vertex 50.6812 26.4477 6
      vertex 50.4944 26.5217 6
    endloop
  endfacet
  facet normal -0.368299 -0.929707 -0
    outer loop
      vertex 50.6812 26.4477 6
      vertex 50.4944 26.5217 0
      vertex 50.6812 26.4477 0
    endloop
  endfacet
  facet normal 0.951045 -0.309052 0
    outer loop
      vertex 48.4503 25.3979 6
      vertex 48.5124 25.589 0
      vertex 48.5124 25.589 6
    endloop
  endfacet
  facet normal 0.951045 -0.309052 0
    outer loop
      vertex 48.5124 25.589 0
      vertex 48.4503 25.3979 6
      vertex 48.4503 25.3979 0
    endloop
  endfacet
  facet normal 0.90492 -0.425581 0
    outer loop
      vertex 48.5124 25.589 6
      vertex 48.5979 25.7708 0
      vertex 48.5979 25.7708 6
    endloop
  endfacet
  facet normal 0.90492 -0.425581 0
    outer loop
      vertex 48.5979 25.7708 0
      vertex 48.5124 25.589 6
      vertex 48.5124 25.589 0
    endloop
  endfacet
  facet normal 0.982247 -0.187592 0
    outer loop
      vertex 48.4126 25.2005 6
      vertex 48.4503 25.3979 0
      vertex 48.4503 25.3979 6
    endloop
  endfacet
  facet normal 0.982247 -0.187592 0
    outer loop
      vertex 48.4503 25.3979 0
      vertex 48.4126 25.2005 6
      vertex 48.4126 25.2005 0
    endloop
  endfacet
  facet normal 0.684355 -0.729149 0
    outer loop
      vertex 48.8336 26.0953 0
      vertex 48.9801 26.2328 6
      vertex 48.8336 26.0953 6
    endloop
  endfacet
  facet normal 0.684355 -0.729149 0
    outer loop
      vertex 48.9801 26.2328 6
      vertex 48.8336 26.0953 0
      vertex 48.9801 26.2328 0
    endloop
  endfacet
  facet normal 0.248854 -0.968541 0
    outer loop
      vertex 49.5056 26.5217 0
      vertex 49.7002 26.5717 6
      vertex 49.5056 26.5217 6
    endloop
  endfacet
  facet normal 0.248854 -0.968541 0
    outer loop
      vertex 49.7002 26.5717 6
      vertex 49.5056 26.5217 0
      vertex 49.7002 26.5717 0
    endloop
  endfacet
  facet normal -0.248854 0.968541 0
    outer loop
      vertex 50.4944 23.4783 0
      vertex 50.2998 23.4283 6
      vertex 50.4944 23.4783 6
    endloop
  endfacet
  facet normal -0.248854 0.968541 0
    outer loop
      vertex 50.2998 23.4283 6
      vertex 50.4944 23.4783 0
      vertex 50.2998 23.4283 0
    endloop
  endfacet
  facet normal -0.951045 -0.309052 0
    outer loop
      vertex 51.5497 25.3979 0
      vertex 51.4876 25.589 6
      vertex 51.4876 25.589 0
    endloop
  endfacet
  facet normal -0.951045 -0.309052 0
    outer loop
      vertex 51.4876 25.589 6
      vertex 51.5497 25.3979 0
      vertex 51.5497 25.3979 6
    endloop
  endfacet
  facet normal -0.982247 -0.187592 0
    outer loop
      vertex 51.5874 25.2005 0
      vertex 51.5497 25.3979 6
      vertex 51.5497 25.3979 0
    endloop
  endfacet
  facet normal -0.982247 -0.187592 0
    outer loop
      vertex 51.5497 25.3979 6
      vertex 51.5874 25.2005 0
      vertex 51.5874 25.2005 6
    endloop
  endfacet
  facet normal -0.90492 -0.425581 0
    outer loop
      vertex 51.4876 25.589 0
      vertex 51.4021 25.7708 6
      vertex 51.4021 25.7708 0
    endloop
  endfacet
  facet normal -0.90492 -0.425581 0
    outer loop
      vertex 51.4021 25.7708 6
      vertex 51.4876 25.589 0
      vertex 51.4876 25.589 6
    endloop
  endfacet
  facet normal -0.684355 -0.729149 0
    outer loop
      vertex 51.0199 26.2328 0
      vertex 51.1664 26.0953 6
      vertex 51.0199 26.2328 6
    endloop
  endfacet
  facet normal -0.684355 -0.729149 -0
    outer loop
      vertex 51.1664 26.0953 6
      vertex 51.0199 26.2328 0
      vertex 51.1664 26.0953 0
    endloop
  endfacet
  facet normal 0 -1 0
    outer loop
      vertex 49.8995 26.5968 0
      vertex 50.1005 26.5968 6
      vertex 49.8995 26.5968 6
    endloop
  endfacet
  facet normal 0 -1 -0
    outer loop
      vertex 50.1005 26.5968 6
      vertex 49.8995 26.5968 0
      vertex 50.1005 26.5968 0
    endloop
  endfacet
  facet normal -0.481709 -0.876331 0
    outer loop
      vertex 50.6812 26.4477 0
      vertex 50.8573 26.3509 6
      vertex 50.6812 26.4477 6
    endloop
  endfacet
  facet normal -0.481709 -0.876331 -0
    outer loop
      vertex 50.8573 26.3509 6
      vertex 50.6812 26.4477 0
      vertex 50.8573 26.3509 0
    endloop
  endfacet
  facet normal 0.844316 -0.535845 0
    outer loop
      vertex 48.5979 25.7708 6
      vertex 48.7056 25.9405 0
      vertex 48.7056 25.9405 6
    endloop
  endfacet
  facet normal 0.844316 -0.535845 0
    outer loop
      vertex 48.7056 25.9405 0
      vertex 48.5979 25.7708 6
      vertex 48.5979 25.7708 0
    endloop
  endfacet
  facet normal 0.998031 -0.0627192 0
    outer loop
      vertex 48.4 25 6
      vertex 48.4126 25.2005 0
      vertex 48.4126 25.2005 6
    endloop
  endfacet
  facet normal 0.998031 -0.0627192 0
    outer loop
      vertex 48.4126 25.2005 0
      vertex 48.4 25 6
      vertex 48.4 25 0
    endloop
  endfacet
  facet normal -0.951045 0.309052 0
    outer loop
      vertex 51.4876 24.411 0
      vertex 51.5497 24.6021 6
      vertex 51.5497 24.6021 0
    endloop
  endfacet
  facet normal -0.951045 0.309052 0
    outer loop
      vertex 51.5497 24.6021 6
      vertex 51.4876 24.411 0
      vertex 51.4876 24.411 6
    endloop
  endfacet
  facet normal -0.982247 0.187592 0
    outer loop
      vertex 51.5497 24.6021 0
      vertex 51.5874 24.7995 6
      vertex 51.5874 24.7995 0
    endloop
  endfacet
  facet normal -0.982247 0.187592 0
    outer loop
      vertex 51.5874 24.7995 6
      vertex 51.5497 24.6021 0
      vertex 51.5497 24.6021 6
    endloop
  endfacet
  facet normal 0.770664 0.637242 0
    outer loop
      vertex 48.8336 23.9047 6
      vertex 48.7056 24.0595 0
      vertex 48.7056 24.0595 6
    endloop
  endfacet
  facet normal 0.770664 0.637242 0
    outer loop
      vertex 48.7056 24.0595 0
      vertex 48.8336 23.9047 6
      vertex 48.8336 23.9047 0
    endloop
  endfacet
  facet normal 0.844316 0.535845 0
    outer loop
      vertex 48.7056 24.0595 6
      vertex 48.5979 24.2292 0
      vertex 48.5979 24.2292 6
    endloop
  endfacet
  facet normal 0.844316 0.535845 0
    outer loop
      vertex 48.5979 24.2292 0
      vertex 48.7056 24.0595 6
      vertex 48.7056 24.0595 0
    endloop
  endfacet
  facet normal -0.684355 0.729149 0
    outer loop
      vertex 51.1664 23.9047 0
      vertex 51.0199 23.7672 6
      vertex 51.1664 23.9047 6
    endloop
  endfacet
  facet normal -0.684355 0.729149 0
    outer loop
      vertex 51.0199 23.7672 6
      vertex 51.1664 23.9047 0
      vertex 51.0199 23.7672 0
    endloop
  endfacet
  facet normal -0.481709 0.876331 0
    outer loop
      vertex 50.8573 23.6491 0
      vertex 50.6812 23.5523 6
      vertex 50.8573 23.6491 6
    endloop
  endfacet
  facet normal -0.481709 0.876331 0
    outer loop
      vertex 50.6812 23.5523 6
      vertex 50.8573 23.6491 0
      vertex 50.6812 23.5523 0
    endloop
  endfacet
  facet normal 0.998031 0.0627192 0
    outer loop
      vertex 48.4126 24.7995 6
      vertex 48.4 25 0
      vertex 48.4 25 6
    endloop
  endfacet
  facet normal 0.998031 0.0627192 0
    outer loop
      vertex 48.4 25 0
      vertex 48.4126 24.7995 6
      vertex 48.4126 24.7995 0
    endloop
  endfacet
  facet normal 0.587669 -0.809102 0
    outer loop
      vertex 48.9801 26.2328 0
      vertex 49.1427 26.3509 6
      vertex 48.9801 26.2328 6
    endloop
  endfacet
  facet normal 0.587669 -0.809102 0
    outer loop
      vertex 49.1427 26.3509 6
      vertex 48.9801 26.2328 0
      vertex 49.1427 26.3509 0
    endloop
  endfacet
  facet normal 0.368299 -0.929707 0
    outer loop
      vertex 49.3188 26.4477 0
      vertex 49.5056 26.5217 6
      vertex 49.3188 26.4477 6
    endloop
  endfacet
  facet normal 0.368299 -0.929707 0
    outer loop
      vertex 49.5056 26.5217 6
      vertex 49.3188 26.4477 0
      vertex 49.5056 26.5217 0
    endloop
  endfacet
  facet normal -0.844316 0.535845 0
    outer loop
      vertex 51.2944 24.0595 0
      vertex 51.4021 24.2292 6
      vertex 51.4021 24.2292 0
    endloop
  endfacet
  facet normal -0.844316 0.535845 0
    outer loop
      vertex 51.4021 24.2292 6
      vertex 51.2944 24.0595 0
      vertex 51.2944 24.0595 6
    endloop
  endfacet
  facet normal -0.998031 0.0627192 0
    outer loop
      vertex 51.5874 24.7995 0
      vertex 51.6 25 6
      vertex 51.6 25 0
    endloop
  endfacet
  facet normal -0.998031 0.0627192 0
    outer loop
      vertex 51.6 25 6
      vertex 51.5874 24.7995 0
      vertex 51.5874 24.7995 6
    endloop
  endfacet
  facet normal 0.248854 0.968541 -0
    outer loop
      vertex 49.7002 23.4283 0
      vertex 49.5056 23.4783 6
      vertex 49.7002 23.4283 6
    endloop
  endfacet
  facet normal 0.248854 0.968541 0
    outer loop
      vertex 49.5056 23.4783 6
      vertex 49.7002 23.4283 0
      vertex 49.5056 23.4783 0
    endloop
  endfacet
  facet normal 0.684355 0.729149 -0
    outer loop
      vertex 48.9801 23.7672 0
      vertex 48.8336 23.9047 6
      vertex 48.9801 23.7672 6
    endloop
  endfacet
  facet normal 0.684355 0.729149 0
    outer loop
      vertex 48.8336 23.9047 6
      vertex 48.9801 23.7672 0
      vertex 48.8336 23.9047 0
    endloop
  endfacet
  facet normal 0.90492 0.425581 0
    outer loop
      vertex 48.5979 24.2292 6
      vertex 48.5124 24.411 0
      vertex 48.5124 24.411 6
    endloop
  endfacet
  facet normal 0.90492 0.425581 0
    outer loop
      vertex 48.5124 24.411 0
      vertex 48.5979 24.2292 6
      vertex 48.5979 24.2292 0
    endloop
  endfacet
  facet normal 0.982247 0.187592 0
    outer loop
      vertex 48.4503 24.6021 6
      vertex 48.4126 24.7995 0
      vertex 48.4126 24.7995 6
    endloop
  endfacet
  facet normal 0.982247 0.187592 0
    outer loop
      vertex 48.4126 24.7995 0
      vertex 48.4503 24.6021 6
      vertex 48.4503 24.6021 0
    endloop
  endfacet
  facet normal -0.770664 0.637242 0
    outer loop
      vertex 51.1664 23.9047 0
      vertex 51.2944 24.0595 6
      vertex 51.2944 24.0595 0
    endloop
  endfacet
  facet normal -0.770664 0.637242 0
    outer loop
      vertex 51.2944 24.0595 6
      vertex 51.1664 23.9047 0
      vertex 51.1664 23.9047 6
    endloop
  endfacet
  facet normal -0.587669 0.809102 0
    outer loop
      vertex 51.0199 23.7672 0
      vertex 50.8573 23.6491 6
      vertex 51.0199 23.7672 6
    endloop
  endfacet
  facet normal -0.587669 0.809102 0
    outer loop
      vertex 50.8573 23.6491 6
      vertex 51.0199 23.7672 0
      vertex 50.8573 23.6491 0
    endloop
  endfacet
  facet normal -0.368299 0.929707 0
    outer loop
      vertex 50.6812 23.5523 0
      vertex 50.4944 23.4783 6
      vertex 50.6812 23.5523 6
    endloop
  endfacet
  facet normal -0.368299 0.929707 0
    outer loop
      vertex 50.4944 23.4783 6
      vertex 50.6812 23.5523 0
      vertex 50.4944 23.4783 0
    endloop
  endfacet
  facet normal -0.90492 0.425581 0
    outer loop
      vertex 51.4021 24.2292 0
      vertex 51.4876 24.411 6
      vertex 51.4876 24.411 0
    endloop
  endfacet
  facet normal -0.90492 0.425581 0
    outer loop
      vertex 51.4876 24.411 6
      vertex 51.4021 24.2292 0
      vertex 51.4021 24.2292 6
    endloop
  endfacet
  facet normal 0.481709 0.876331 -0
    outer loop
      vertex 49.3188 23.5523 0
      vertex 49.1427 23.6491 6
      vertex 49.3188 23.5523 6
    endloop
  endfacet
  facet normal 0.481709 0.876331 0
    outer loop
      vertex 49.1427 23.6491 6
      vertex 49.3188 23.5523 0
      vertex 49.1427 23.6491 0
    endloop
  endfacet
  facet normal 0.124954 0.992163 -0
    outer loop
      vertex 49.8995 23.4032 0
      vertex 49.7002 23.4283 6
      vertex 49.8995 23.4032 6
    endloop
  endfacet
  facet normal 0.124954 0.992163 0
    outer loop
      vertex 49.7002 23.4283 6
      vertex 49.8995 23.4032 0
      vertex 49.7002 23.4283 0
    endloop
  endfacet
  facet normal 0.587669 0.809102 -0
    outer loop
      vertex 49.1427 23.6491 0
      vertex 48.9801 23.7672 6
      vertex 49.1427 23.6491 6
    endloop
  endfacet
  facet normal 0.587669 0.809102 0
    outer loop
      vertex 48.9801 23.7672 6
      vertex 49.1427 23.6491 0
      vertex 48.9801 23.7672 0
    endloop
  endfacet
  facet normal 0.951045 0.309052 0
    outer loop
      vertex 48.5124 24.411 6
      vertex 48.4503 24.6021 0
      vertex 48.4503 24.6021 6
    endloop
  endfacet
  facet normal 0.951045 0.309052 0
    outer loop
      vertex 48.4503 24.6021 0
      vertex 48.5124 24.411 6
      vertex 48.5124 24.411 0
    endloop
  endfacet
  facet normal 0.368299 0.929707 -0
    outer loop
      vertex 49.5056 23.4783 0
      vertex 49.3188 23.5523 6
      vertex 49.5056 23.4783 6
    endloop
  endfacet
  facet normal 0.368299 0.929707 0
    outer loop
      vertex 49.3188 23.5523 6
      vertex 49.5056 23.4783 0
      vertex 49.3188 23.5523 0
    endloop
  endfacet
  facet normal 0 1 -0
    outer loop
      vertex 50.1005 23.4032 0
      vertex 49.8995 23.4032 6
      vertex 50.1005 23.4032 6
    endloop
  endfacet
  facet normal 0 1 0
    outer loop
      vertex 49.8995 23.4032 6
      vertex 50.1005 23.4032 0
      vertex 49.8995 23.4032 0
    endloop
  endfacet
  facet normal -0.998032 -0.0627089 0
    outer loop
      vertex 26.6 0 0
      vertex 26.5874 0.200533 6
      vertex 26.5874 0.200533 0
    endloop
  endfacet
  facet normal -0.998032 -0.0627089 0
    outer loop
      vertex 26.5874 0.200533 6
      vertex 26.6 0 0
      vertex 26.6 0 6
    endloop
  endfacet
  facet normal 0.998032 -0.0627089 0
    outer loop
      vertex 23.4 0 6
      vertex 23.4126 0.200533 0
      vertex 23.4126 0.200533 6
    endloop
  endfacet
  facet normal 0.998032 -0.0627089 0
    outer loop
      vertex 23.4126 0.200533 0
      vertex 23.4 0 6
      vertex 23.4 0 0
    endloop
  endfacet
  facet normal 0 -1 0
    outer loop
      vertex 24.8995 1.59684 0
      vertex 25.1005 1.59684 6
      vertex 24.8995 1.59684 6
    endloop
  endfacet
  facet normal 0 -1 -0
    outer loop
      vertex 25.1005 1.59684 6
      vertex 24.8995 1.59684 0
      vertex 25.1005 1.59684 0
    endloop
  endfacet
  facet normal 0 1 -0
    outer loop
      vertex 25.1005 -1.59684 0
      vertex 24.8995 -1.59684 6
      vertex 25.1005 -1.59684 6
    endloop
  endfacet
  facet normal 0 1 0
    outer loop
      vertex 24.8995 -1.59684 6
      vertex 25.1005 -1.59684 0
      vertex 24.8995 -1.59684 0
    endloop
  endfacet
  facet normal -0.684736 -0.728792 0
    outer loop
      vertex 26.0199 1.23282 0
      vertex 26.1663 1.09527 6
      vertex 26.0199 1.23282 6
    endloop
  endfacet
  facet normal -0.684736 -0.728792 -0
    outer loop
      vertex 26.1663 1.09527 6
      vertex 26.0199 1.23282 0
      vertex 26.1663 1.09527 0
    endloop
  endfacet
  facet normal 0.684487 -0.729025 0
    outer loop
      vertex 23.8336 1.09527 0
      vertex 23.9801 1.23282 6
      vertex 23.8336 1.09527 6
    endloop
  endfacet
  facet normal 0.684487 -0.729025 0
    outer loop
      vertex 23.9801 1.23282 6
      vertex 23.8336 1.09527 0
      vertex 23.9801 1.23282 0
    endloop
  endfacet
  facet normal 0.36817 -0.929758 0
    outer loop
      vertex 24.3188 1.44772 0
      vertex 24.5056 1.52169 6
      vertex 24.3188 1.44772 6
    endloop
  endfacet
  facet normal 0.36817 -0.929758 0
    outer loop
      vertex 24.5056 1.52169 6
      vertex 24.3188 1.44772 0
      vertex 24.5056 1.52169 0
    endloop
  endfacet
  facet normal -0.904926 -0.42557 0
    outer loop
      vertex 26.4876 0.588999 0
      vertex 26.4021 0.770805 6
      vertex 26.4021 0.770805 0
    endloop
  endfacet
  facet normal -0.904926 -0.42557 0
    outer loop
      vertex 26.4021 0.770805 6
      vertex 26.4876 0.588999 0
      vertex 26.4876 0.588999 6
    endloop
  endfacet
  facet normal -0.844246 -0.535955 0
    outer loop
      vertex 26.4021 0.770805 0
      vertex 26.2944 0.940456 6
      vertex 26.2944 0.940456 0
    endloop
  endfacet
  facet normal -0.844246 -0.535955 0
    outer loop
      vertex 26.2944 0.940456 6
      vertex 26.4021 0.770805 0
      vertex 26.4021 0.770805 6
    endloop
  endfacet
  facet normal -0.36817 -0.929758 0
    outer loop
      vertex 25.4944 1.52169 0
      vertex 25.6812 1.44772 6
      vertex 25.4944 1.52169 6
    endloop
  endfacet
  facet normal -0.36817 -0.929758 -0
    outer loop
      vertex 25.6812 1.44772 6
      vertex 25.4944 1.52169 0
      vertex 25.6812 1.44772 0
    endloop
  endfacet
  facet normal -0.248714 -0.968577 0
    outer loop
      vertex 25.2998 1.57166 0
      vertex 25.4944 1.52169 6
      vertex 25.2998 1.57166 6
    endloop
  endfacet
  facet normal -0.248714 -0.968577 -0
    outer loop
      vertex 25.4944 1.52169 6
      vertex 25.2998 1.57166 0
      vertex 25.4944 1.52169 0
    endloop
  endfacet
  facet normal -0.587669 -0.809102 0
    outer loop
      vertex 25.8573 1.35092 0
      vertex 26.0199 1.23282 6
      vertex 25.8573 1.35092 6
    endloop
  endfacet
  facet normal -0.587669 -0.809102 -0
    outer loop
      vertex 26.0199 1.23282 6
      vertex 25.8573 1.35092 0
      vertex 26.0199 1.23282 0
    endloop
  endfacet
  facet normal 0.904926 -0.42557 0
    outer loop
      vertex 23.5124 0.588999 6
      vertex 23.5979 0.770805 0
      vertex 23.5979 0.770805 6
    endloop
  endfacet
  facet normal 0.904926 -0.42557 0
    outer loop
      vertex 23.5979 0.770805 0
      vertex 23.5124 0.588999 6
      vertex 23.5124 0.588999 0
    endloop
  endfacet
  facet normal 0.770692 -0.637207 0
    outer loop
      vertex 23.7056 0.940456 6
      vertex 23.8336 1.09527 0
      vertex 23.8336 1.09527 6
    endloop
  endfacet
  facet normal 0.770692 -0.637207 0
    outer loop
      vertex 23.8336 1.09527 0
      vertex 23.7056 0.940456 6
      vertex 23.7056 0.940456 0
    endloop
  endfacet
  facet normal 0.481709 -0.876331 0
    outer loop
      vertex 24.1427 1.35092 0
      vertex 24.3188 1.44772 6
      vertex 24.1427 1.35092 6
    endloop
  endfacet
  facet normal 0.481709 -0.876331 0
    outer loop
      vertex 24.3188 1.44772 6
      vertex 24.1427 1.35092 0
      vertex 24.3188 1.44772 0
    endloop
  endfacet
  facet normal 0.248714 -0.968577 0
    outer loop
      vertex 24.5056 1.52169 0
      vertex 24.7002 1.57166 6
      vertex 24.5056 1.52169 6
    endloop
  endfacet
  facet normal 0.248714 -0.968577 0
    outer loop
      vertex 24.7002 1.57166 6
      vertex 24.5056 1.52169 0
      vertex 24.7002 1.57166 0
    endloop
  endfacet
  facet normal -0.36817 0.929758 0
    outer loop
      vertex 25.6812 -1.44772 0
      vertex 25.4944 -1.52169 6
      vertex 25.6812 -1.44772 6
    endloop
  endfacet
  facet normal -0.36817 0.929758 0
    outer loop
      vertex 25.4944 -1.52169 6
      vertex 25.6812 -1.44772 0
      vertex 25.4944 -1.52169 0
    endloop
  endfacet
  facet normal -0.951043 -0.309058 0
    outer loop
      vertex 26.5497 0.397903 0
      vertex 26.4876 0.588999 6
      vertex 26.4876 0.588999 0
    endloop
  endfacet
  facet normal -0.951043 -0.309058 0
    outer loop
      vertex 26.4876 0.588999 6
      vertex 26.5497 0.397903 0
      vertex 26.5497 0.397903 6
    endloop
  endfacet
  facet normal -0.982242 -0.18762 0
    outer loop
      vertex 26.5874 0.200533 0
      vertex 26.5497 0.397903 6
      vertex 26.5497 0.397903 0
    endloop
  endfacet
  facet normal -0.982242 -0.18762 0
    outer loop
      vertex 26.5497 0.397903 6
      vertex 26.5874 0.200533 0
      vertex 26.5874 0.200533 6
    endloop
  endfacet
  facet normal -0.770448 -0.637503 0
    outer loop
      vertex 26.2944 0.940456 0
      vertex 26.1663 1.09527 6
      vertex 26.1663 1.09527 0
    endloop
  endfacet
  facet normal -0.770448 -0.637503 0
    outer loop
      vertex 26.1663 1.09527 6
      vertex 26.2944 0.940456 0
      vertex 26.2944 0.940456 6
    endloop
  endfacet
  facet normal -0.125346 -0.992113 0
    outer loop
      vertex 25.1005 1.59684 0
      vertex 25.2998 1.57166 6
      vertex 25.1005 1.59684 6
    endloop
  endfacet
  facet normal -0.125346 -0.992113 -0
    outer loop
      vertex 25.2998 1.57166 6
      vertex 25.1005 1.59684 0
      vertex 25.2998 1.57166 0
    endloop
  endfacet
  facet normal -0.481709 -0.876331 0
    outer loop
      vertex 25.6812 1.44772 0
      vertex 25.8573 1.35092 6
      vertex 25.6812 1.44772 6
    endloop
  endfacet
  facet normal -0.481709 -0.876331 -0
    outer loop
      vertex 25.8573 1.35092 6
      vertex 25.6812 1.44772 0
      vertex 25.8573 1.35092 0
    endloop
  endfacet
  facet normal 0.844246 -0.535955 0
    outer loop
      vertex 23.5979 0.770805 6
      vertex 23.7056 0.940456 0
      vertex 23.7056 0.940456 6
    endloop
  endfacet
  facet normal 0.844246 -0.535955 0
    outer loop
      vertex 23.7056 0.940456 0
      vertex 23.5979 0.770805 6
      vertex 23.5979 0.770805 0
    endloop
  endfacet
  facet normal 0.951043 -0.309058 0
    outer loop
      vertex 23.4503 0.397903 6
      vertex 23.5124 0.588999 0
      vertex 23.5124 0.588999 6
    endloop
  endfacet
  facet normal 0.951043 -0.309058 0
    outer loop
      vertex 23.5124 0.588999 0
      vertex 23.4503 0.397903 6
      vertex 23.4503 0.397903 0
    endloop
  endfacet
  facet normal 0.982242 -0.18762 0
    outer loop
      vertex 23.4126 0.200533 6
      vertex 23.4503 0.397903 0
      vertex 23.4503 0.397903 6
    endloop
  endfacet
  facet normal 0.982242 -0.18762 0
    outer loop
      vertex 23.4503 0.397903 0
      vertex 23.4126 0.200533 6
      vertex 23.4126 0.200533 0
    endloop
  endfacet
  facet normal 0.587669 -0.809102 0
    outer loop
      vertex 23.9801 1.23282 0
      vertex 24.1427 1.35092 6
      vertex 23.9801 1.23282 6
    endloop
  endfacet
  facet normal 0.587669 -0.809102 0
    outer loop
      vertex 24.1427 1.35092 6
      vertex 23.9801 1.23282 0
      vertex 24.1427 1.35092 0
    endloop
  endfacet
  facet normal 0.125346 -0.992113 0
    outer loop
      vertex 24.7002 1.57166 0
      vertex 24.8995 1.59684 6
      vertex 24.7002 1.57166 6
    endloop
  endfacet
  facet normal 0.125346 -0.992113 0
    outer loop
      vertex 24.8995 1.59684 6
      vertex 24.7002 1.57166 0
      vertex 24.8995 1.59684 0
    endloop
  endfacet
  facet normal -0.951043 0.309058 0
    outer loop
      vertex 26.4876 -0.588999 0
      vertex 26.5497 -0.397903 6
      vertex 26.5497 -0.397903 0
    endloop
  endfacet
  facet normal -0.951043 0.309058 0
    outer loop
      vertex 26.5497 -0.397903 6
      vertex 26.4876 -0.588999 0
      vertex 26.4876 -0.588999 6
    endloop
  endfacet
  facet normal -0.982242 0.18762 0
    outer loop
      vertex 26.5497 -0.397903 0
      vertex 26.5874 -0.200533 6
      vertex 26.5874 -0.200533 0
    endloop
  endfacet
  facet normal -0.982242 0.18762 0
    outer loop
      vertex 26.5874 -0.200533 6
      vertex 26.5497 -0.397903 0
      vertex 26.5497 -0.397903 6
    endloop
  endfacet
  facet normal 0.904926 0.42557 0
    outer loop
      vertex 23.5979 -0.770805 6
      vertex 23.5124 -0.588999 0
      vertex 23.5124 -0.588999 6
    endloop
  endfacet
  facet normal 0.904926 0.42557 0
    outer loop
      vertex 23.5124 -0.588999 0
      vertex 23.5979 -0.770805 6
      vertex 23.5979 -0.770805 0
    endloop
  endfacet
  facet normal 0.770692 0.637207 0
    outer loop
      vertex 23.8336 -1.09527 6
      vertex 23.7056 -0.940456 0
      vertex 23.7056 -0.940456 6
    endloop
  endfacet
  facet normal 0.770692 0.637207 0
    outer loop
      vertex 23.7056 -0.940456 0
      vertex 23.8336 -1.09527 6
      vertex 23.8336 -1.09527 0
    endloop
  endfacet
  facet normal -0.587669 0.809102 0
    outer loop
      vertex 26.0199 -1.23282 0
      vertex 25.8573 -1.35092 6
      vertex 26.0199 -1.23282 6
    endloop
  endfacet
  facet normal -0.587669 0.809102 0
    outer loop
      vertex 25.8573 -1.35092 6
      vertex 26.0199 -1.23282 0
      vertex 25.8573 -1.35092 0
    endloop
  endfacet
  facet normal -0.844246 0.535955 0
    outer loop
      vertex 26.2944 -0.940456 0
      vertex 26.4021 -0.770805 6
      vertex 26.4021 -0.770805 0
    endloop
  endfacet
  facet normal -0.844246 0.535955 0
    outer loop
      vertex 26.4021 -0.770805 6
      vertex 26.2944 -0.940456 0
      vertex 26.2944 -0.940456 6
    endloop
  endfacet
  facet normal -0.998032 0.0627089 0
    outer loop
      vertex 26.5874 -0.200533 0
      vertex 26.6 0 6
      vertex 26.6 0 0
    endloop
  endfacet
  facet normal -0.998032 0.0627089 0
    outer loop
      vertex 26.6 0 6
      vertex 26.5874 -0.200533 0
      vertex 26.5874 -0.200533 6
    endloop
  endfacet
  facet normal 0.248714 0.968577 -0
    outer loop
      vertex 24.7002 -1.57166 0
      vertex 24.5056 -1.52169 6
      vertex 24.7002 -1.57166 6
    endloop
  endfacet
  facet normal 0.248714 0.968577 0
    outer loop
      vertex 24.5056 -1.52169 6
      vertex 24.7002 -1.57166 0
      vertex 24.5056 -1.52169 0
    endloop
  endfacet
  facet normal 0.982242 0.18762 0
    outer loop
      vertex 23.4503 -0.397903 6
      vertex 23.4126 -0.200533 0
      vertex 23.4126 -0.200533 6
    endloop
  endfacet
  facet normal 0.982242 0.18762 0
    outer loop
      vertex 23.4126 -0.200533 0
      vertex 23.4503 -0.397903 6
      vertex 23.4503 -0.397903 0
    endloop
  endfacet
  facet normal 0.998032 0.0627089 0
    outer loop
      vertex 23.4126 -0.200533 6
      vertex 23.4 0 0
      vertex 23.4 0 6
    endloop
  endfacet
  facet normal 0.998032 0.0627089 0
    outer loop
      vertex 23.4 0 0
      vertex 23.4126 -0.200533 6
      vertex 23.4126 -0.200533 0
    endloop
  endfacet
  facet normal 0.951043 0.309058 0
    outer loop
      vertex 23.5124 -0.588999 6
      vertex 23.4503 -0.397903 0
      vertex 23.4503 -0.397903 6
    endloop
  endfacet
  facet normal 0.951043 0.309058 0
    outer loop
      vertex 23.4503 -0.397903 0
      vertex 23.5124 -0.588999 6
      vertex 23.5124 -0.588999 0
    endloop
  endfacet
  facet normal -0.770448 0.637503 0
    outer loop
      vertex 26.1663 -1.09527 0
      vertex 26.2944 -0.940456 6
      vertex 26.2944 -0.940456 0
    endloop
  endfacet
  facet normal -0.770448 0.637503 0
    outer loop
      vertex 26.2944 -0.940456 6
      vertex 26.1663 -1.09527 0
      vertex 26.1663 -1.09527 6
    endloop
  endfacet
  facet normal -0.481709 0.876331 0
    outer loop
      vertex 25.8573 -1.35092 0
      vertex 25.6812 -1.44772 6
      vertex 25.8573 -1.35092 6
    endloop
  endfacet
  facet normal -0.481709 0.876331 0
    outer loop
      vertex 25.6812 -1.44772 6
      vertex 25.8573 -1.35092 0
      vertex 25.6812 -1.44772 0
    endloop
  endfacet
  facet normal -0.904926 0.42557 0
    outer loop
      vertex 26.4021 -0.770805 0
      vertex 26.4876 -0.588999 6
      vertex 26.4876 -0.588999 0
    endloop
  endfacet
  facet normal -0.904926 0.42557 0
    outer loop
      vertex 26.4876 -0.588999 6
      vertex 26.4021 -0.770805 0
      vertex 26.4021 -0.770805 6
    endloop
  endfacet
  facet normal 0.125346 0.992113 -0
    outer loop
      vertex 24.8995 -1.59684 0
      vertex 24.7002 -1.57166 6
      vertex 24.8995 -1.59684 6
    endloop
  endfacet
  facet normal 0.125346 0.992113 0
    outer loop
      vertex 24.7002 -1.57166 6
      vertex 24.8995 -1.59684 0
      vertex 24.7002 -1.57166 0
    endloop
  endfacet
  facet normal 0.844246 0.535955 0
    outer loop
      vertex 23.7056 -0.940456 6
      vertex 23.5979 -0.770805 0
      vertex 23.5979 -0.770805 6
    endloop
  endfacet
  facet normal 0.844246 0.535955 0
    outer loop
      vertex 23.5979 -0.770805 0
      vertex 23.7056 -0.940456 6
      vertex 23.7056 -0.940456 0
    endloop
  endfacet
  facet normal -0.684736 0.728792 0
    outer loop
      vertex 26.1663 -1.09527 0
      vertex 26.0199 -1.23282 6
      vertex 26.1663 -1.09527 6
    endloop
  endfacet
  facet normal -0.684736 0.728792 0
    outer loop
      vertex 26.0199 -1.23282 6
      vertex 26.1663 -1.09527 0
      vertex 26.0199 -1.23282 0
    endloop
  endfacet
  facet normal -0.248714 0.968577 0
    outer loop
      vertex 25.4944 -1.52169 0
      vertex 25.2998 -1.57166 6
      vertex 25.4944 -1.52169 6
    endloop
  endfacet
  facet normal -0.248714 0.968577 0
    outer loop
      vertex 25.2998 -1.57166 6
      vertex 25.4944 -1.52169 0
      vertex 25.2998 -1.57166 0
    endloop
  endfacet
  facet normal -0.125346 0.992113 0
    outer loop
      vertex 25.2998 -1.57166 0
      vertex 25.1005 -1.59684 6
      vertex 25.2998 -1.57166 6
    endloop
  endfacet
  facet normal -0.125346 0.992113 0
    outer loop
      vertex 25.1005 -1.59684 6
      vertex 25.2998 -1.57166 0
      vertex 25.1005 -1.59684 0
    endloop
  endfacet
  facet normal 0.684487 0.729025 -0
    outer loop
      vertex 23.9801 -1.23282 0
      vertex 23.8336 -1.09527 6
      vertex 23.9801 -1.23282 6
    endloop
  endfacet
  facet normal 0.684487 0.729025 0
    outer loop
      vertex 23.8336 -1.09527 6
      vertex 23.9801 -1.23282 0
      vertex 23.8336 -1.09527 0
    endloop
  endfacet
  facet normal 0.587669 0.809102 -0
    outer loop
      vertex 24.1427 -1.35092 0
      vertex 23.9801 -1.23282 6
      vertex 24.1427 -1.35092 6
    endloop
  endfacet
  facet normal 0.587669 0.809102 0
    outer loop
      vertex 23.9801 -1.23282 6
      vertex 24.1427 -1.35092 0
      vertex 23.9801 -1.23282 0
    endloop
  endfacet
  facet normal 0.36817 0.929758 -0
    outer loop
      vertex 24.5056 -1.52169 0
      vertex 24.3188 -1.44772 6
      vertex 24.5056 -1.52169 6
    endloop
  endfacet
  facet normal 0.36817 0.929758 0
    outer loop
      vertex 24.3188 -1.44772 6
      vertex 24.5056 -1.52169 0
      vertex 24.3188 -1.44772 0
    endloop
  endfacet
  facet normal 0.481709 0.876331 -0
    outer loop
      vertex 24.3188 -1.44772 0
      vertex 24.1427 -1.35092 6
      vertex 24.3188 -1.44772 6
    endloop
  endfacet
  facet normal 0.481709 0.876331 0
    outer loop
      vertex 24.1427 -1.35092 6
      vertex 24.3188 -1.44772 0
      vertex 24.1427 -1.35092 0
    endloop
  endfacet
  facet normal -0.998025 -0.0628183 0
    outer loop
      vertex 1.6 25 0
      vertex 1.58738 25.2005 6
      vertex 1.58738 25.2005 0
    endloop
  endfacet
  facet normal -0.998025 -0.0628183 0
    outer loop
      vertex 1.58738 25.2005 6
      vertex 1.6 25 0
      vertex 1.6 25 6
    endloop
  endfacet
  facet normal 0.124927 -0.992166 0
    outer loop
      vertex -0.299809 26.5717 0
      vertex -0.100465 26.5968 6
      vertex -0.299809 26.5717 6
    endloop
  endfacet
  facet normal 0.124927 -0.992166 0
    outer loop
      vertex -0.100465 26.5968 6
      vertex -0.299809 26.5717 0
      vertex -0.100465 26.5968 0
    endloop
  endfacet
  facet normal -0.124927 0.992166 0
    outer loop
      vertex 0.299809 23.4283 0
      vertex 0.100465 23.4032 6
      vertex 0.299809 23.4283 6
    endloop
  endfacet
  facet normal -0.124927 0.992166 0
    outer loop
      vertex 0.100465 23.4032 6
      vertex 0.299809 23.4283 0
      vertex 0.100465 23.4032 0
    endloop
  endfacet
  facet normal -0.58777 -0.809028 0
    outer loop
      vertex 0.857323 26.3509 0
      vertex 1.01988 26.2328 6
      vertex 0.857323 26.3509 6
    endloop
  endfacet
  facet normal -0.58777 -0.809028 -0
    outer loop
      vertex 1.01988 26.2328 6
      vertex 0.857323 26.3509 0
      vertex 1.01988 26.2328 0
    endloop
  endfacet
  facet normal 0.770468 -0.637478 0
    outer loop
      vertex -1.29443 25.9405 6
      vertex -1.16635 26.0953 0
      vertex -1.16635 26.0953 6
    endloop
  endfacet
  facet normal 0.770468 -0.637478 0
    outer loop
      vertex -1.16635 26.0953 0
      vertex -1.29443 25.9405 6
      vertex -1.29443 25.9405 0
    endloop
  endfacet
  facet normal 0.481759 -0.876304 0
    outer loop
      vertex -0.857323 26.3509 0
      vertex -0.681247 26.4477 6
      vertex -0.857323 26.3509 6
    endloop
  endfacet
  facet normal 0.481759 -0.876304 0
    outer loop
      vertex -0.681247 26.4477 6
      vertex -0.857323 26.3509 0
      vertex -0.681247 26.4477 0
    endloop
  endfacet
  facet normal -0.844406 -0.535703 0
    outer loop
      vertex 1.40209 25.7708 0
      vertex 1.29443 25.9405 6
      vertex 1.29443 25.9405 0
    endloop
  endfacet
  facet normal -0.844406 -0.535703 0
    outer loop
      vertex 1.29443 25.9405 6
      vertex 1.40209 25.7708 0
      vertex 1.40209 25.7708 6
    endloop
  endfacet
  facet normal -0.770468 -0.637478 0
    outer loop
      vertex 1.29443 25.9405 0
      vertex 1.16635 26.0953 6
      vertex 1.16635 26.0953 0
    endloop
  endfacet
  facet normal -0.770468 -0.637478 0
    outer loop
      vertex 1.16635 26.0953 6
      vertex 1.29443 25.9405 0
      vertex 1.29443 25.9405 6
    endloop
  endfacet
  facet normal -0.248833 -0.968546 0
    outer loop
      vertex 0.299809 26.5717 0
      vertex 0.494427 26.5217 6
      vertex 0.299809 26.5717 6
    endloop
  endfacet
  facet normal -0.248833 -0.968546 -0
    outer loop
      vertex 0.494427 26.5217 6
      vertex 0.299809 26.5717 0
      vertex 0.494427 26.5217 0
    endloop
  endfacet
  facet normal -0.124927 -0.992166 0
    outer loop
      vertex 0.100465 26.5968 0
      vertex 0.299809 26.5717 6
      vertex 0.100465 26.5968 6
    endloop
  endfacet
  facet normal -0.124927 -0.992166 -0
    outer loop
      vertex 0.299809 26.5717 6
      vertex 0.100465 26.5968 0
      vertex 0.299809 26.5717 0
    endloop
  endfacet
  facet normal -0.368265 -0.929721 0
    outer loop
      vertex 0.494427 26.5217 0
      vertex 0.681247 26.4477 6
      vertex 0.494427 26.5217 6
    endloop
  endfacet
  facet normal -0.368265 -0.929721 -0
    outer loop
      vertex 0.681247 26.4477 6
      vertex 0.494427 26.5217 0
      vertex 0.681247 26.4477 0
    endloop
  endfacet
  facet normal 0.95106 -0.309007 0
    outer loop
      vertex -1.54973 25.3979 6
      vertex -1.48764 25.589 0
      vertex -1.48764 25.589 6
    endloop
  endfacet
  facet normal 0.95106 -0.309007 0
    outer loop
      vertex -1.48764 25.589 0
      vertex -1.54973 25.3979 6
      vertex -1.54973 25.3979 0
    endloop
  endfacet
  facet normal 0.982293 -0.187352 0
    outer loop
      vertex -1.58738 25.2005 6
      vertex -1.54973 25.3979 0
      vertex -1.54973 25.3979 6
    endloop
  endfacet
  facet normal 0.982293 -0.187352 0
    outer loop
      vertex -1.54973 25.3979 0
      vertex -1.58738 25.2005 6
      vertex -1.58738 25.2005 0
    endloop
  endfacet
  facet normal 0.248833 -0.968546 0
    outer loop
      vertex -0.494427 26.5217 0
      vertex -0.299809 26.5717 6
      vertex -0.494427 26.5217 6
    endloop
  endfacet
  facet normal 0.248833 -0.968546 0
    outer loop
      vertex -0.299809 26.5717 6
      vertex -0.494427 26.5217 0
      vertex -0.299809 26.5717 0
    endloop
  endfacet
  facet normal -0.248833 0.968546 0
    outer loop
      vertex 0.494427 23.4783 0
      vertex 0.299809 23.4283 6
      vertex 0.494427 23.4783 6
    endloop
  endfacet
  facet normal -0.248833 0.968546 0
    outer loop
      vertex 0.299809 23.4283 6
      vertex 0.494427 23.4783 0
      vertex 0.299809 23.4283 0
    endloop
  endfacet
  facet normal -0.95106 -0.309007 0
    outer loop
      vertex 1.54973 25.3979 0
      vertex 1.48764 25.589 6
      vertex 1.48764 25.589 0
    endloop
  endfacet
  facet normal -0.95106 -0.309007 0
    outer loop
      vertex 1.48764 25.589 6
      vertex 1.54973 25.3979 0
      vertex 1.54973 25.3979 6
    endloop
  endfacet
  facet normal -0.982293 -0.187352 0
    outer loop
      vertex 1.58738 25.2005 0
      vertex 1.54973 25.3979 6
      vertex 1.54973 25.3979 0
    endloop
  endfacet
  facet normal -0.982293 -0.187352 0
    outer loop
      vertex 1.54973 25.3979 6
      vertex 1.58738 25.2005 0
      vertex 1.58738 25.2005 6
    endloop
  endfacet
  facet normal -0.904824 -0.425785 0
    outer loop
      vertex 1.48764 25.589 0
      vertex 1.40209 25.7708 6
      vertex 1.40209 25.7708 0
    endloop
  endfacet
  facet normal -0.904824 -0.425785 0
    outer loop
      vertex 1.40209 25.7708 6
      vertex 1.48764 25.589 0
      vertex 1.48764 25.589 6
    endloop
  endfacet
  facet normal -0.684429 -0.729079 0
    outer loop
      vertex 1.01988 26.2328 0
      vertex 1.16635 26.0953 6
      vertex 1.01988 26.2328 6
    endloop
  endfacet
  facet normal -0.684429 -0.729079 -0
    outer loop
      vertex 1.16635 26.0953 6
      vertex 1.01988 26.2328 0
      vertex 1.16635 26.0953 0
    endloop
  endfacet
  facet normal 0 -1 0
    outer loop
      vertex -0.100465 26.5968 0
      vertex 0.100465 26.5968 6
      vertex -0.100465 26.5968 6
    endloop
  endfacet
  facet normal 0 -1 -0
    outer loop
      vertex 0.100465 26.5968 6
      vertex -0.100465 26.5968 0
      vertex 0.100465 26.5968 0
    endloop
  endfacet
  facet normal -0.481759 -0.876304 0
    outer loop
      vertex 0.681247 26.4477 0
      vertex 0.857323 26.3509 6
      vertex 0.681247 26.4477 6
    endloop
  endfacet
  facet normal -0.481759 -0.876304 -0
    outer loop
      vertex 0.857323 26.3509 6
      vertex 0.681247 26.4477 0
      vertex 0.857323 26.3509 0
    endloop
  endfacet
  facet normal 0.904824 -0.425785 0
    outer loop
      vertex -1.48764 25.589 6
      vertex -1.40209 25.7708 0
      vertex -1.40209 25.7708 6
    endloop
  endfacet
  facet normal 0.904824 -0.425785 0
    outer loop
      vertex -1.40209 25.7708 0
      vertex -1.48764 25.589 6
      vertex -1.48764 25.589 0
    endloop
  endfacet
  facet normal 0.844406 -0.535703 0
    outer loop
      vertex -1.40209 25.7708 6
      vertex -1.29443 25.9405 0
      vertex -1.29443 25.9405 6
    endloop
  endfacet
  facet normal 0.844406 -0.535703 0
    outer loop
      vertex -1.29443 25.9405 0
      vertex -1.40209 25.7708 6
      vertex -1.40209 25.7708 0
    endloop
  endfacet
  facet normal 0.998025 -0.0628183 0
    outer loop
      vertex -1.6 25 6
      vertex -1.58738 25.2005 0
      vertex -1.58738 25.2005 6
    endloop
  endfacet
  facet normal 0.998025 -0.0628183 0
    outer loop
      vertex -1.58738 25.2005 0
      vertex -1.6 25 6
      vertex -1.6 25 0
    endloop
  endfacet
  facet normal 0.58777 -0.809028 0
    outer loop
      vertex -1.01988 26.2328 0
      vertex -0.857323 26.3509 6
      vertex -1.01988 26.2328 6
    endloop
  endfacet
  facet normal 0.58777 -0.809028 0
    outer loop
      vertex -0.857323 26.3509 6
      vertex -1.01988 26.2328 0
      vertex -0.857323 26.3509 0
    endloop
  endfacet
  facet normal 0.684429 -0.729079 0
    outer loop
      vertex -1.16635 26.0953 0
      vertex -1.01988 26.2328 6
      vertex -1.16635 26.0953 6
    endloop
  endfacet
  facet normal 0.684429 -0.729079 0
    outer loop
      vertex -1.01988 26.2328 6
      vertex -1.16635 26.0953 0
      vertex -1.01988 26.2328 0
    endloop
  endfacet
  facet normal 0.368265 -0.929721 0
    outer loop
      vertex -0.681247 26.4477 0
      vertex -0.494427 26.5217 6
      vertex -0.681247 26.4477 6
    endloop
  endfacet
  facet normal 0.368265 -0.929721 0
    outer loop
      vertex -0.494427 26.5217 6
      vertex -0.681247 26.4477 0
      vertex -0.494427 26.5217 0
    endloop
  endfacet
  facet normal -0.95106 0.309007 0
    outer loop
      vertex 1.48764 24.411 0
      vertex 1.54973 24.6021 6
      vertex 1.54973 24.6021 0
    endloop
  endfacet
  facet normal -0.95106 0.309007 0
    outer loop
      vertex 1.54973 24.6021 6
      vertex 1.48764 24.411 0
      vertex 1.48764 24.411 6
    endloop
  endfacet
  facet normal -0.982293 0.187352 0
    outer loop
      vertex 1.54973 24.6021 0
      vertex 1.58738 24.7995 6
      vertex 1.58738 24.7995 0
    endloop
  endfacet
  facet normal -0.982293 0.187352 0
    outer loop
      vertex 1.58738 24.7995 6
      vertex 1.54973 24.6021 0
      vertex 1.54973 24.6021 6
    endloop
  endfacet
  facet normal -0.58777 0.809028 0
    outer loop
      vertex 1.01988 23.7672 0
      vertex 0.857323 23.6491 6
      vertex 1.01988 23.7672 6
    endloop
  endfacet
  facet normal -0.58777 0.809028 0
    outer loop
      vertex 0.857323 23.6491 6
      vertex 1.01988 23.7672 0
      vertex 0.857323 23.6491 0
    endloop
  endfacet
  facet normal 0.998025 0.0628183 0
    outer loop
      vertex -1.58738 24.7995 6
      vertex -1.6 25 0
      vertex -1.6 25 6
    endloop
  endfacet
  facet normal 0.998025 0.0628183 0
    outer loop
      vertex -1.6 25 0
      vertex -1.58738 24.7995 6
      vertex -1.58738 24.7995 0
    endloop
  endfacet
  facet normal -0.998025 0.0628183 0
    outer loop
      vertex 1.58738 24.7995 0
      vertex 1.6 25 6
      vertex 1.6 25 0
    endloop
  endfacet
  facet normal -0.998025 0.0628183 0
    outer loop
      vertex 1.6 25 6
      vertex 1.58738 24.7995 0
      vertex 1.58738 24.7995 6
    endloop
  endfacet
  facet normal 0.684429 0.729079 -0
    outer loop
      vertex -1.01988 23.7672 0
      vertex -1.16635 23.9047 6
      vertex -1.01988 23.7672 6
    endloop
  endfacet
  facet normal 0.684429 0.729079 0
    outer loop
      vertex -1.16635 23.9047 6
      vertex -1.01988 23.7672 0
      vertex -1.16635 23.9047 0
    endloop
  endfacet
  facet normal 0.770468 0.637478 0
    outer loop
      vertex -1.16635 23.9047 6
      vertex -1.29443 24.0595 0
      vertex -1.29443 24.0595 6
    endloop
  endfacet
  facet normal 0.770468 0.637478 0
    outer loop
      vertex -1.29443 24.0595 0
      vertex -1.16635 23.9047 6
      vertex -1.16635 23.9047 0
    endloop
  endfacet
  facet normal 0.904824 0.425785 0
    outer loop
      vertex -1.40209 24.2292 6
      vertex -1.48764 24.411 0
      vertex -1.48764 24.411 6
    endloop
  endfacet
  facet normal 0.904824 0.425785 0
    outer loop
      vertex -1.48764 24.411 0
      vertex -1.40209 24.2292 6
      vertex -1.40209 24.2292 0
    endloop
  endfacet
  facet normal -0.770468 0.637478 0
    outer loop
      vertex 1.16635 23.9047 0
      vertex 1.29443 24.0595 6
      vertex 1.29443 24.0595 0
    endloop
  endfacet
  facet normal -0.770468 0.637478 0
    outer loop
      vertex 1.29443 24.0595 6
      vertex 1.16635 23.9047 0
      vertex 1.16635 23.9047 6
    endloop
  endfacet
  facet normal -0.481759 0.876304 0
    outer loop
      vertex 0.857323 23.6491 0
      vertex 0.681247 23.5523 6
      vertex 0.857323 23.6491 6
    endloop
  endfacet
  facet normal -0.481759 0.876304 0
    outer loop
      vertex 0.681247 23.5523 6
      vertex 0.857323 23.6491 0
      vertex 0.681247 23.5523 0
    endloop
  endfacet
  facet normal -0.368265 0.929721 0
    outer loop
      vertex 0.681247 23.5523 0
      vertex 0.494427 23.4783 6
      vertex 0.681247 23.5523 6
    endloop
  endfacet
  facet normal -0.368265 0.929721 0
    outer loop
      vertex 0.494427 23.4783 6
      vertex 0.681247 23.5523 0
      vertex 0.494427 23.4783 0
    endloop
  endfacet
  facet normal -0.904824 0.425785 0
    outer loop
      vertex 1.40209 24.2292 0
      vertex 1.48764 24.411 6
      vertex 1.48764 24.411 0
    endloop
  endfacet
  facet normal -0.904824 0.425785 0
    outer loop
      vertex 1.48764 24.411 6
      vertex 1.40209 24.2292 0
      vertex 1.40209 24.2292 6
    endloop
  endfacet
  facet normal -0.844406 0.535703 0
    outer loop
      vertex 1.29443 24.0595 0
      vertex 1.40209 24.2292 6
      vertex 1.40209 24.2292 0
    endloop
  endfacet
  facet normal -0.844406 0.535703 0
    outer loop
      vertex 1.40209 24.2292 6
      vertex 1.29443 24.0595 0
      vertex 1.29443 24.0595 6
    endloop
  endfacet
  facet normal 0.248833 0.968546 -0
    outer loop
      vertex -0.299809 23.4283 0
      vertex -0.494427 23.4783 6
      vertex -0.299809 23.4283 6
    endloop
  endfacet
  facet normal 0.248833 0.968546 0
    outer loop
      vertex -0.494427 23.4783 6
      vertex -0.299809 23.4283 0
      vertex -0.494427 23.4783 0
    endloop
  endfacet
  facet normal 0.124927 0.992166 -0
    outer loop
      vertex -0.100465 23.4032 0
      vertex -0.299809 23.4283 6
      vertex -0.100465 23.4032 6
    endloop
  endfacet
  facet normal 0.124927 0.992166 0
    outer loop
      vertex -0.299809 23.4283 6
      vertex -0.100465 23.4032 0
      vertex -0.299809 23.4283 0
    endloop
  endfacet
  facet normal 0.58777 0.809028 -0
    outer loop
      vertex -0.857323 23.6491 0
      vertex -1.01988 23.7672 6
      vertex -0.857323 23.6491 6
    endloop
  endfacet
  facet normal 0.58777 0.809028 0
    outer loop
      vertex -1.01988 23.7672 6
      vertex -0.857323 23.6491 0
      vertex -1.01988 23.7672 0
    endloop
  endfacet
  facet normal 0.844406 0.535703 0
    outer loop
      vertex -1.29443 24.0595 6
      vertex -1.40209 24.2292 0
      vertex -1.40209 24.2292 6
    endloop
  endfacet
  facet normal 0.844406 0.535703 0
    outer loop
      vertex -1.40209 24.2292 0
      vertex -1.29443 24.0595 6
      vertex -1.29443 24.0595 0
    endloop
  endfacet
  facet normal 0.95106 0.309007 0
    outer loop
      vertex -1.48764 24.411 6
      vertex -1.54973 24.6021 0
      vertex -1.54973 24.6021 6
    endloop
  endfacet
  facet normal 0.95106 0.309007 0
    outer loop
      vertex -1.54973 24.6021 0
      vertex -1.48764 24.411 6
      vertex -1.48764 24.411 0
    endloop
  endfacet
  facet normal 0.982293 0.187352 0
    outer loop
      vertex -1.54973 24.6021 6
      vertex -1.58738 24.7995 0
      vertex -1.58738 24.7995 6
    endloop
  endfacet
  facet normal 0.982293 0.187352 0
    outer loop
      vertex -1.58738 24.7995 0
      vertex -1.54973 24.6021 6
      vertex -1.54973 24.6021 0
    endloop
  endfacet
  facet normal -0.684429 0.729079 0
    outer loop
      vertex 1.16635 23.9047 0
      vertex 1.01988 23.7672 6
      vertex 1.16635 23.9047 6
    endloop
  endfacet
  facet normal -0.684429 0.729079 0
    outer loop
      vertex 1.01988 23.7672 6
      vertex 1.16635 23.9047 0
      vertex 1.01988 23.7672 0
    endloop
  endfacet
  facet normal 0.481759 0.876304 -0
    outer loop
      vertex -0.681247 23.5523 0
      vertex -0.857323 23.6491 6
      vertex -0.681247 23.5523 6
    endloop
  endfacet
  facet normal 0.481759 0.876304 0
    outer loop
      vertex -0.857323 23.6491 6
      vertex -0.681247 23.5523 0
      vertex -0.857323 23.6491 0
    endloop
  endfacet
  facet normal 0.368265 0.929721 -0
    outer loop
      vertex -0.494427 23.4783 0
      vertex -0.681247 23.5523 6
      vertex -0.494427 23.4783 6
    endloop
  endfacet
  facet normal 0.368265 0.929721 0
    outer loop
      vertex -0.681247 23.5523 6
      vertex -0.494427 23.4783 0
      vertex -0.681247 23.5523 0
    endloop
  endfacet
  facet normal 0 1 -0
    outer loop
      vertex 0.100465 23.4032 0
      vertex -0.100465 23.4032 6
      vertex 0.100465 23.4032 6
    endloop
  endfacet
  facet normal 0 1 0
    outer loop
      vertex -0.100465 23.4032 6
      vertex 0.100465 23.4032 0
      vertex -0.100465 23.4032 0
    endloop
  endfacet
  facet normal 1 -0 0
    outer loop
      vertex 20 20 6
      vertex 20 30 0
      vertex 20 30 6
    endloop
  endfacet
  facet normal 1 0 0
    outer loop
      vertex 20 30 0
      vertex 20 20 6
      vertex 20 20 0
    endloop
  endfacet
  facet normal -1 0 0
    outer loop
      vertex 30 20 0
      vertex 30 30 6
      vertex 30 30 0
    endloop
  endfacet
  facet normal -1 -0 0
    outer loop
      vertex 30 30 6
      vertex 30 20 0
      vertex 30 20 6
    endloop
  endfacet
  facet normal 0 1 -0
    outer loop
      vertex 30 20 0
      vertex 20 20 6
      vertex 30 20 6
    endloop
  endfacet
  facet normal 0 1 0
    outer loop
      vertex 20 20 6
      vertex 30 20 0
      vertex 20 20 0
    endloop
  endfacet
  facet normal 0 -1 0
    outer loop
      vertex 20 30 0
      vertex 30 30 6
      vertex 20 30 6
    endloop
  endfacet
  facet normal 0 -1 -0
    outer loop
      vertex 30 30 6
      vertex 20 30 0
      vertex 30 30 0
    endloop
  endfacet
  facet normal 1 -0 0
    outer loop
      vertex 21 32 6
      vertex 21 46 0
      vertex 21 46 6
    endloop
  endfacet
  facet normal 1 0 0
    outer loop
      vertex 21 46 0
      vertex 21 32 6
      vertex 21 32 0
    endloop
  endfacet
  facet normal -1 0 0
    outer loop
      vertex 46 32 0
      vertex 46 46 6
      vertex 46 46 0
    endloop
  endfacet
  facet normal -1 -0 0
    outer loop
      vertex 46 46 6
      vertex 46 32 0
      vertex 46 32 6
    endloop
  endfacet
  facet normal 0 1 -0
    outer loop
      vertex 46 32 0
      vertex 21 32 6
      vertex 46 32 6
    endloop
  endfacet
  facet normal 0 1 0
    outer loop
      vertex 21 32 6
      vertex 46 32 0
      vertex 21 32 0
    endloop
  endfacet
  facet normal 0 -1 0
    outer loop
      vertex 21 46 0
      vertex 46 46 6
      vertex 21 46 6
    endloop
  endfacet
  facet normal 0 -1 -0
    outer loop
      vertex 46 46 6
      vertex 21 46 0
      vertex 46 46 0
    endloop
  endfacet
  facet normal 1 -0 0
    outer loop
      vertex 32 4 6
      vertex 32 29 0
      vertex 32 29 6
    endloop
  endfacet
  facet normal 1 0 0
    outer loop
      vertex 32 29 0
      vertex 32 4 6
      vertex 32 4 0
    endloop
  endfacet
  facet normal -1 0 0
    outer loop
      vertex 46 4 0
      vertex 46 29 6
      vertex 46 29 0
    endloop
  endfacet
  facet normal -1 -0 0
    outer loop
      vertex 46 29 6
      vertex 46 4 0
      vertex 46 4 6
    endloop
  endfacet
  facet normal 0 1 -0
    outer loop
      vertex 46 4 0
      vertex 32 4 6
      vertex 46 4 6
    endloop
  endfacet
  facet normal 0 1 0
    outer loop
      vertex 32 4 6
      vertex 46 4 0
      vertex 32 4 0
    endloop
  endfacet
  facet normal 0 -1 0
    outer loop
      vertex 32 29 0
      vertex 46 29 6
      vertex 32 29 6
    endloop
  endfacet
  facet normal 0 -1 -0
    outer loop
      vertex 46 29 6
      vertex 32 29 0
      vertex 46 29 0
    endloop
  endfacet
  facet normal 1 -0 0
    outer loop
      vertex 4 4 6
      vertex 4 18 0
      vertex 4 18 6
    endloop
  endfacet
  facet normal 1 0 0
    outer loop
      vertex 4 18 0
      vertex 4 4 6
      vertex 4 4 0
    endloop
  endfacet
  facet normal -1 0 0
    outer loop
      vertex 29 4 0
      vertex 29 18 6
      vertex 29 18 0
    endloop
  endfacet
  facet normal -1 -0 0
    outer loop
      vertex 29 18 6
      vertex 29 4 0
      vertex 29 4 6
    endloop
  endfacet
  facet normal 0 -1 0
    outer loop
      vertex 4 18 0
      vertex 29 18 6
      vertex 4 18 6
    endloop
  endfacet
  facet normal 0 -1 -0
    outer loop
      vertex 29 18 6
      vertex 4 18 0
      vertex 29 18 0
    endloop
  endfacet
  facet normal 0 1 -0
    outer loop
      vertex 29 4 0
      vertex 4 4 6
      vertex 29 4 6
    endloop
  endfacet
  facet normal 0 1 0
    outer loop
      vertex 4 4 6
      vertex 29 4 0
      vertex 4 4 0
    endloop
  endfacet
  facet normal 1 -0 0
    outer loop
      vertex 4 21 6
      vertex 4 46 0
      vertex 4 46 6
    endloop
  endfacet
  facet normal 1 0 0
    outer loop
      vertex 4 46 0
      vertex 4 21 6
      vertex 4 21 0
    endloop
  endfacet
  facet normal -1 0 0
    outer loop
      vertex 18 21 0
      vertex 18 46 6
      vertex 18 46 0
    endloop
  endfacet
  facet normal -1 -0 0
    outer loop
      vertex 18 46 6
      vertex 18 21 0
      vertex 18 21 6
    endloop
  endfacet
  facet normal 0 1 -0
    outer loop
      vertex 18 21 0
      vertex 4 21 6
      vertex 18 21 6
    endloop
  endfacet
  facet normal 0 1 0
    outer loop
      vertex 4 21 6
      vertex 18 21 0
      vertex 4 21 0
    endloop
  endfacet
  facet normal 0 -1 0
    outer loop
      vertex 4 46 0
      vertex 18 46 6
      vertex 4 46 6
    endloop
  endfacet
  facet normal 0 -1 -0
    outer loop
      vertex 18 46 6
      vertex 4 46 0
      vertex 18 46 0
    endloop
  endfacet
endsolid OpenSCAD_Model
