solid OpenSCAD_Model
  facet normal 0.707107 -0.707107 0
    outer loop
      vertex 24.8 -41.2 0
      vertex 22 -44 0
      vertex 24.8 -41.2 -0.0999994
    endloop
  endfacet
  facet normal 0.707107 -0.707107 0
    outer loop
      vertex 34.2 -31.8 -0.0999994
      vertex 37 -29 0
      vertex 34.2 -31.8 0
    endloop
  endfacet
  facet normal 0.707107 -0.707107 0
    outer loop
      vertex 37 -29 0
      vertex 34.2 -31.8 -0.0999994
      vertex 37 -29 -3
    endloop
  endfacet
  facet normal 0.707107 -0.707107 -7.37241e-16
    outer loop
      vertex 24.8 -41.2 -0.0999994
      vertex 37 -29 -3
      vertex 34.2 -31.8 -0.0999994
    endloop
  endfacet
  facet normal 0.707107 -0.707107 0
    outer loop
      vertex 22 -44 -3
      vertex 24.8 -41.2 -0.0999994
      vertex 22 -44 0
    endloop
  endfacet
  facet normal 0.707107 -0.707107 -9.24008e-16
    outer loop
      vertex 24.8 -41.2 -0.0999994
      vertex 22 -44 -3
      vertex 37 -29 -3
    endloop
  endfacet
  facet normal 0 -1 0
    outer loop
      vertex -22 -44 -3
      vertex 22 -44 0
      vertex -22 -44 0
    endloop
  endfacet
  facet normal 0 -1 -0
    outer loop
      vertex 22 -44 0
      vertex -22 -44 -3
      vertex 22 -44 -3
    endloop
  endfacet
  facet normal -0.707107 -0.707107 0
    outer loop
      vertex -37 -29 -3
      vertex -34.2 -31.8 -0.0999994
      vertex -37 -29 0
    endloop
  endfacet
  facet normal -0.707107 -0.707107 -7.37241e-16
    outer loop
      vertex -37 -29 -3
      vertex -24.8 -41.2 -0.0999994
      vertex -34.2 -31.8 -0.0999994
    endloop
  endfacet
  facet normal -0.707107 -0.707107 -9.24008e-16
    outer loop
      vertex -22 -44 -3
      vertex -24.8 -41.2 -0.0999994
      vertex -37 -29 -3
    endloop
  endfacet
  facet normal -0.707107 -0.707107 -0
    outer loop
      vertex -22 -44 0
      vertex -24.8 -41.2 -0.0999994
      vertex -22 -44 -3
    endloop
  endfacet
  facet normal -0.707107 -0.707107 0
    outer loop
      vertex -24.8 -41.2 -0.0999994
      vertex -22 -44 0
      vertex -24.8 -41.2 0
    endloop
  endfacet
  facet normal -0.707107 -0.707107 0
    outer loop
      vertex -37 -29 0
      vertex -34.2 -31.8 -0.0999994
      vertex -34.2 -31.8 0
    endloop
  endfacet
  facet normal 0.707107 0.707107 0
    outer loop
      vertex 34.2 31.8 0
      vertex 37 29 0
      vertex 34.2 31.8 -0.0999994
    endloop
  endfacet
  facet normal 0.707107 0.707107 -0
    outer loop
      vertex 24.8 41.2 -0.0999994
      vertex 22 44 0
      vertex 24.8 41.2 0
    endloop
  endfacet
  facet normal 0.707107 0.707107 0
    outer loop
      vertex 22 44 0
      vertex 24.8 41.2 -0.0999994
      vertex 22 44 -3
    endloop
  endfacet
  facet normal 0.707107 0.707107 -7.37241e-16
    outer loop
      vertex 34.2 31.8 -0.0999994
      vertex 22 44 -3
      vertex 24.8 41.2 -0.0999994
    endloop
  endfacet
  facet normal 0.707107 0.707107 -0
    outer loop
      vertex 37 29 -3
      vertex 34.2 31.8 -0.0999994
      vertex 37 29 0
    endloop
  endfacet
  facet normal 0.707107 0.707107 -9.24008e-16
    outer loop
      vertex 34.2 31.8 -0.0999994
      vertex 37 29 -3
      vertex 22 44 -3
    endloop
  endfacet
  facet normal 1 -0 0
    outer loop
      vertex 37 -29 0
      vertex 37 29 -3
      vertex 37 29 0
    endloop
  endfacet
  facet normal 1 0 0
    outer loop
      vertex 37 29 -3
      vertex 37 -29 0
      vertex 37 -29 -3
    endloop
  endfacet
  facet normal -1 0 0
    outer loop
      vertex -37 -29 -3
      vertex -37 29 0
      vertex -37 29 -3
    endloop
  endfacet
  facet normal -1 -0 0
    outer loop
      vertex -37 29 0
      vertex -37 -29 -3
      vertex -37 -29 0
    endloop
  endfacet
  facet normal -0.707107 0.707107 0
    outer loop
      vertex -22 44 -3
      vertex -24.8 41.2 -0.0999994
      vertex -22 44 0
    endloop
  endfacet
  facet normal -0.707107 0.707107 -7.37241e-16
    outer loop
      vertex -22 44 -3
      vertex -34.2 31.8 -0.0999994
      vertex -24.8 41.2 -0.0999994
    endloop
  endfacet
  facet normal -0.707107 0.707107 -9.24008e-16
    outer loop
      vertex -37 29 -3
      vertex -34.2 31.8 -0.0999994
      vertex -22 44 -3
    endloop
  endfacet
  facet normal -0.707107 0.707107 0
    outer loop
      vertex -37 29 0
      vertex -34.2 31.8 -0.0999994
      vertex -37 29 -3
    endloop
  endfacet
  facet normal -0.707107 0.707107 0
    outer loop
      vertex -34.2 31.8 -0.0999994
      vertex -37 29 0
      vertex -34.2 31.8 0
    endloop
  endfacet
  facet normal -0.707107 0.707107 0
    outer loop
      vertex -22 44 0
      vertex -24.8 41.2 -0.0999994
      vertex -24.8 41.2 0
    endloop
  endfacet
  facet normal 0 1 -0
    outer loop
      vertex 22 44 -3
      vertex -22 44 0
      vertex 22 44 0
    endloop
  endfacet
  facet normal 0 1 0
    outer loop
      vertex -22 44 0
      vertex 22 44 -3
      vertex -22 44 -3
    endloop
  endfacet
  facet normal 0 0 -1
    outer loop
      vertex -28.1177 -17.8588 -3
      vertex -19 -16 -3
      vertex -27.9974 -18.2291 -3
    endloop
  endfacet
  facet normal 0 0 -1
    outer loop
      vertex -19 16 -3
      vertex -27.9244 18.6115 -3
      vertex -27.9 19 -3
    endloop
  endfacet
  facet normal 0 0 -1
    outer loop
      vertex -28.2835 -17.5066 -3
      vertex -19 -16 -3
      vertex -28.1177 -17.8588 -3
    endloop
  endfacet
  facet normal 0 0 -1
    outer loop
      vertex -19 16 -3
      vertex -27.9974 18.2291 -3
      vertex -27.9244 18.6115 -3
    endloop
  endfacet
  facet normal 0 0 -1
    outer loop
      vertex -28.492 -17.1779 -3
      vertex -19 -16 -3
      vertex -28.2835 -17.5066 -3
    endloop
  endfacet
  facet normal 0 0 -1
    outer loop
      vertex -19 16 -3
      vertex -28.1177 17.8588 -3
      vertex -27.9974 18.2291 -3
    endloop
  endfacet
  facet normal 0 0 -1
    outer loop
      vertex -28.7402 -16.8779 -3
      vertex -19 -16 -3
      vertex -28.492 -17.1779 -3
    endloop
  endfacet
  facet normal 0 0 -1
    outer loop
      vertex -19 16 -3
      vertex -28.2835 17.5066 -3
      vertex -28.1177 17.8588 -3
    endloop
  endfacet
  facet normal 0 0 -1
    outer loop
      vertex -29.024 -16.6114 -3
      vertex -19 -16 -3
      vertex -28.7402 -16.8779 -3
    endloop
  endfacet
  facet normal 0 0 -1
    outer loop
      vertex -19 16 -3
      vertex -28.492 17.1779 -3
      vertex -28.2835 17.5066 -3
    endloop
  endfacet
  facet normal 0 0 -1
    outer loop
      vertex -29.3389 -16.3826 -3
      vertex -19 -16 -3
      vertex -29.024 -16.6114 -3
    endloop
  endfacet
  facet normal 0 0 -1
    outer loop
      vertex -19 16 -3
      vertex -28.7402 16.8779 -3
      vertex -28.492 17.1779 -3
    endloop
  endfacet
  facet normal 0 0 -1
    outer loop
      vertex -29.6801 -16.195 -3
      vertex -19 -16 -3
      vertex -29.3389 -16.3826 -3
    endloop
  endfacet
  facet normal 0 0 -1
    outer loop
      vertex -19 16 -3
      vertex -29.024 16.6114 -3
      vertex -28.7402 16.8779 -3
    endloop
  endfacet
  facet normal 0 0 -1
    outer loop
      vertex -30.042 -16.0517 -3
      vertex -19 -16 -3
      vertex -29.6801 -16.195 -3
    endloop
  endfacet
  facet normal 0 0 -1
    outer loop
      vertex -19 16 -3
      vertex -29.3389 16.3826 -3
      vertex -29.024 16.6114 -3
    endloop
  endfacet
  facet normal -0 0 -1
    outer loop
      vertex -19 -16 -3
      vertex -30.042 -16.0517 -3
      vertex -19 16 -3
    endloop
  endfacet
  facet normal 0 0 -1
    outer loop
      vertex -19 16 -3
      vertex -29.6801 16.195 -3
      vertex -29.3389 16.3826 -3
    endloop
  endfacet
  facet normal 0 0 -1
    outer loop
      vertex -30.042 16.0517 -3
      vertex -19 16 -3
      vertex -30.042 -16.0517 -3
    endloop
  endfacet
  facet normal 0 0 -1
    outer loop
      vertex -19 16 -3
      vertex -30.042 16.0517 -3
      vertex -29.6801 16.195 -3
    endloop
  endfacet
  facet normal 0 0 -1
    outer loop
      vertex -30.4191 -15.9549 -3
      vertex -30.042 16.0517 -3
      vertex -30.042 -16.0517 -3
    endloop
  endfacet
  facet normal 0 0 -1
    outer loop
      vertex -30.4191 -15.9549 -3
      vertex -30.4191 15.9549 -3
      vertex -30.042 16.0517 -3
    endloop
  endfacet
  facet normal 0 0 -1
    outer loop
      vertex -30.8054 -15.9061 -3
      vertex -30.4191 15.9549 -3
      vertex -30.4191 -15.9549 -3
    endloop
  endfacet
  facet normal 0 0 -1
    outer loop
      vertex -30.8054 -15.9061 -3
      vertex -30.8054 15.9061 -3
      vertex -30.4191 15.9549 -3
    endloop
  endfacet
  facet normal 0 0 -1
    outer loop
      vertex -31.1946 -15.9061 -3
      vertex -30.8054 15.9061 -3
      vertex -30.8054 -15.9061 -3
    endloop
  endfacet
  facet normal 0 0 -1
    outer loop
      vertex -31.1946 -15.9061 -3
      vertex -31.1946 15.9061 -3
      vertex -30.8054 15.9061 -3
    endloop
  endfacet
  facet normal 0 0 -1
    outer loop
      vertex -31.5809 -15.9549 -3
      vertex -31.1946 15.9061 -3
      vertex -31.1946 -15.9061 -3
    endloop
  endfacet
  facet normal 0 0 -1
    outer loop
      vertex -31.5809 -15.9549 -3
      vertex -31.5809 15.9549 -3
      vertex -31.1946 15.9061 -3
    endloop
  endfacet
  facet normal 0 0 -1
    outer loop
      vertex -31.958 -16.0517 -3
      vertex -31.5809 15.9549 -3
      vertex -31.5809 -15.9549 -3
    endloop
  endfacet
  facet normal 0 0 -1
    outer loop
      vertex -31.958 -16.0517 -3
      vertex -31.958 16.0517 -3
      vertex -31.5809 15.9549 -3
    endloop
  endfacet
  facet normal 0 0 -1
    outer loop
      vertex -32.3199 -16.195 -3
      vertex -31.958 16.0517 -3
      vertex -31.958 -16.0517 -3
    endloop
  endfacet
  facet normal 0 0 -1
    outer loop
      vertex -32.3199 -16.195 -3
      vertex -32.3199 16.195 -3
      vertex -31.958 16.0517 -3
    endloop
  endfacet
  facet normal 0 0 -1
    outer loop
      vertex -32.6611 -16.3826 -3
      vertex -32.3199 16.195 -3
      vertex -32.3199 -16.195 -3
    endloop
  endfacet
  facet normal 0 0 -1
    outer loop
      vertex -32.6611 -16.3826 -3
      vertex -32.6611 16.3826 -3
      vertex -32.3199 16.195 -3
    endloop
  endfacet
  facet normal 0 0 -1
    outer loop
      vertex -32.976 -16.6114 -3
      vertex -32.6611 16.3826 -3
      vertex -32.6611 -16.3826 -3
    endloop
  endfacet
  facet normal 0 0 -1
    outer loop
      vertex -32.976 -16.6114 -3
      vertex -32.976 16.6114 -3
      vertex -32.6611 16.3826 -3
    endloop
  endfacet
  facet normal 0 0 -1
    outer loop
      vertex -33.2598 -16.8779 -3
      vertex -32.976 16.6114 -3
      vertex -32.976 -16.6114 -3
    endloop
  endfacet
  facet normal 0 0 -1
    outer loop
      vertex -33.2598 -16.8779 -3
      vertex -33.2598 16.8779 -3
      vertex -32.976 16.6114 -3
    endloop
  endfacet
  facet normal 0 0 -1
    outer loop
      vertex -33.5079 -17.1779 -3
      vertex -33.2598 16.8779 -3
      vertex -33.2598 -16.8779 -3
    endloop
  endfacet
  facet normal 0 0 -1
    outer loop
      vertex -33.5079 -17.1779 -3
      vertex -33.5079 17.1779 -3
      vertex -33.2598 16.8779 -3
    endloop
  endfacet
  facet normal 0 0 -1
    outer loop
      vertex -33.7165 -17.5066 -3
      vertex -33.5079 17.1779 -3
      vertex -33.5079 -17.1779 -3
    endloop
  endfacet
  facet normal 0 0 -1
    outer loop
      vertex -33.7165 -17.5066 -3
      vertex -33.7165 17.5066 -3
      vertex -33.5079 17.1779 -3
    endloop
  endfacet
  facet normal 0 0 -1
    outer loop
      vertex -33.8823 -17.8588 -3
      vertex -33.7165 17.5066 -3
      vertex -33.7165 -17.5066 -3
    endloop
  endfacet
  facet normal 0 0 -1
    outer loop
      vertex -33.8823 -17.8588 -3
      vertex -33.8823 17.8588 -3
      vertex -33.7165 17.5066 -3
    endloop
  endfacet
  facet normal 0 0 -1
    outer loop
      vertex -34.0026 -18.2291 -3
      vertex -33.8823 17.8588 -3
      vertex -33.8823 -17.8588 -3
    endloop
  endfacet
  facet normal 0 0 -1
    outer loop
      vertex -34.0026 -18.2291 -3
      vertex -34.0026 18.2291 -3
      vertex -33.8823 17.8588 -3
    endloop
  endfacet
  facet normal 0 0 -1
    outer loop
      vertex -37 -29 -3
      vertex -34.0026 -18.2291 -3
      vertex -34.0756 -18.6115 -3
    endloop
  endfacet
  facet normal -0 0 -1
    outer loop
      vertex -34.0026 -18.2291 -3
      vertex -37 -29 -3
      vertex -34.0026 18.2291 -3
    endloop
  endfacet
  facet normal 0 0 -1
    outer loop
      vertex -37 -29 -3
      vertex -34.0756 -18.6115 -3
      vertex -34.1 -19 -3
    endloop
  endfacet
  facet normal 0 0 -1
    outer loop
      vertex -37 29 -3
      vertex -34.0026 18.2291 -3
      vertex -37 -29 -3
    endloop
  endfacet
  facet normal 0 0 -1
    outer loop
      vertex -27.9974 19.7709 -3
      vertex -19 16 -3
      vertex -27.9244 19.3885 -3
    endloop
  endfacet
  facet normal 0 0 -1
    outer loop
      vertex -28.1177 20.1412 -3
      vertex -19 16 -3
      vertex -27.9974 19.7709 -3
    endloop
  endfacet
  facet normal 0 0 -1
    outer loop
      vertex -28.2835 20.4934 -3
      vertex -19 16 -3
      vertex -28.1177 20.1412 -3
    endloop
  endfacet
  facet normal 0 0 -1
    outer loop
      vertex -19 16 -3
      vertex -28.2835 20.4934 -3
      vertex -11 24 -3
    endloop
  endfacet
  facet normal 0 0 -1
    outer loop
      vertex -28.492 20.8221 -3
      vertex -11 24 -3
      vertex -28.2835 20.4934 -3
    endloop
  endfacet
  facet normal 0 0 -1
    outer loop
      vertex -28.7402 21.1221 -3
      vertex -11 24 -3
      vertex -28.492 20.8221 -3
    endloop
  endfacet
  facet normal 0 0 -1
    outer loop
      vertex -29.024 21.3886 -3
      vertex -11 24 -3
      vertex -28.7402 21.1221 -3
    endloop
  endfacet
  facet normal -0 0 -1
    outer loop
      vertex -11 24 -3
      vertex -29.024 21.3886 -3
      vertex -22 44 -3
    endloop
  endfacet
  facet normal 0 0 -1
    outer loop
      vertex -29.3389 21.6174 -3
      vertex -22 44 -3
      vertex -29.024 21.3886 -3
    endloop
  endfacet
  facet normal 0 0 -1
    outer loop
      vertex -29.6801 21.805 -3
      vertex -22 44 -3
      vertex -29.3389 21.6174 -3
    endloop
  endfacet
  facet normal 0 0 -1
    outer loop
      vertex -30.042 21.9483 -3
      vertex -22 44 -3
      vertex -29.6801 21.805 -3
    endloop
  endfacet
  facet normal 0 0 -1
    outer loop
      vertex -37 29 -3
      vertex -30.042 21.9483 -3
      vertex -30.4191 22.0451 -3
    endloop
  endfacet
  facet normal 0 0 -1
    outer loop
      vertex -37 29 -3
      vertex -30.4191 22.0451 -3
      vertex -30.8054 22.0939 -3
    endloop
  endfacet
  facet normal 0 0 -1
    outer loop
      vertex -37 29 -3
      vertex -30.8054 22.0939 -3
      vertex -31.1946 22.0939 -3
    endloop
  endfacet
  facet normal 0 0 -1
    outer loop
      vertex -37 29 -3
      vertex -31.1946 22.0939 -3
      vertex -31.5809 22.0451 -3
    endloop
  endfacet
  facet normal 0 0 -1
    outer loop
      vertex -37 29 -3
      vertex -31.5809 22.0451 -3
      vertex -31.958 21.9483 -3
    endloop
  endfacet
  facet normal 0 0 -1
    outer loop
      vertex -37 29 -3
      vertex -31.958 21.9483 -3
      vertex -32.3199 21.805 -3
    endloop
  endfacet
  facet normal 0 0 -1
    outer loop
      vertex -37 29 -3
      vertex -32.3199 21.805 -3
      vertex -32.6611 21.6174 -3
    endloop
  endfacet
  facet normal 0 0 -1
    outer loop
      vertex -37 29 -3
      vertex -32.6611 21.6174 -3
      vertex -32.976 21.3886 -3
    endloop
  endfacet
  facet normal 0 0 -1
    outer loop
      vertex -37 29 -3
      vertex -32.976 21.3886 -3
      vertex -33.2598 21.1221 -3
    endloop
  endfacet
  facet normal 0 0 -1
    outer loop
      vertex -37 29 -3
      vertex -33.2598 21.1221 -3
      vertex -33.5079 20.8221 -3
    endloop
  endfacet
  facet normal 0 0 -1
    outer loop
      vertex -37 29 -3
      vertex -33.5079 20.8221 -3
      vertex -33.7165 20.4934 -3
    endloop
  endfacet
  facet normal 0 0 -1
    outer loop
      vertex -30.042 21.9483 -3
      vertex -37 29 -3
      vertex -22 44 -3
    endloop
  endfacet
  facet normal 0 0 -1
    outer loop
      vertex -33.8823 20.1412 -3
      vertex -37 29 -3
      vertex -33.7165 20.4934 -3
    endloop
  endfacet
  facet normal 0 0 -1
    outer loop
      vertex -34.0026 19.7709 -3
      vertex -37 29 -3
      vertex -33.8823 20.1412 -3
    endloop
  endfacet
  facet normal 0 0 -1
    outer loop
      vertex -34.0756 19.3885 -3
      vertex -37 29 -3
      vertex -34.0026 19.7709 -3
    endloop
  endfacet
  facet normal 0 0 -1
    outer loop
      vertex -34.1 19 -3
      vertex -37 29 -3
      vertex -34.0756 19.3885 -3
    endloop
  endfacet
  facet normal 0 0 -1
    outer loop
      vertex -34.0756 18.6115 -3
      vertex -37 29 -3
      vertex -34.1 19 -3
    endloop
  endfacet
  facet normal 0 0 -1
    outer loop
      vertex 28.492 20.8221 -3
      vertex 11 24 -3
      vertex 28.7402 21.1221 -3
    endloop
  endfacet
  facet normal 0 0 -1
    outer loop
      vertex 28.7402 21.1221 -3
      vertex 11 24 -3
      vertex 22 44 -3
    endloop
  endfacet
  facet normal 0 0 -1
    outer loop
      vertex -11 24 -3
      vertex 22 44 -3
      vertex 11 24 -3
    endloop
  endfacet
  facet normal 0 0 -1
    outer loop
      vertex -11 24 -3
      vertex -22 44 -3
      vertex 22 44 -3
    endloop
  endfacet
  facet normal 0 0 -1
    outer loop
      vertex -27.9244 19.3885 -3
      vertex -19 16 -3
      vertex -27.9 19 -3
    endloop
  endfacet
  facet normal 0 0 -1
    outer loop
      vertex -27.9244 -18.6115 -3
      vertex -19 -16 -3
      vertex -27.9 -19 -3
    endloop
  endfacet
  facet normal 0 0 -1
    outer loop
      vertex -27.9974 -18.2291 -3
      vertex -19 -16 -3
      vertex -27.9244 -18.6115 -3
    endloop
  endfacet
  facet normal 0 0 -1
    outer loop
      vertex -22 -44 -3
      vertex -27.9244 -19.3885 -3
      vertex -27.9 -19 -3
    endloop
  endfacet
  facet normal 0 0 -1
    outer loop
      vertex -22 -44 -3
      vertex -27.9974 -19.7709 -3
      vertex -27.9244 -19.3885 -3
    endloop
  endfacet
  facet normal 0 0 -1
    outer loop
      vertex -22 -44 -3
      vertex -28.1177 -20.1412 -3
      vertex -27.9974 -19.7709 -3
    endloop
  endfacet
  facet normal 0 0 -1
    outer loop
      vertex -22 -44 -3
      vertex -28.2835 -20.4934 -3
      vertex -28.1177 -20.1412 -3
    endloop
  endfacet
  facet normal 0 0 -1
    outer loop
      vertex -22 -44 -3
      vertex -28.492 -20.8221 -3
      vertex -28.2835 -20.4934 -3
    endloop
  endfacet
  facet normal 0 0 -1
    outer loop
      vertex -22 -44 -3
      vertex -28.7402 -21.1221 -3
      vertex -28.492 -20.8221 -3
    endloop
  endfacet
  facet normal 0 0 -1
    outer loop
      vertex -22 -44 -3
      vertex -29.024 -21.3886 -3
      vertex -28.7402 -21.1221 -3
    endloop
  endfacet
  facet normal 0 0 -1
    outer loop
      vertex -22 -44 -3
      vertex -29.3389 -21.6174 -3
      vertex -29.024 -21.3886 -3
    endloop
  endfacet
  facet normal 0 0 -1
    outer loop
      vertex -22 -44 -3
      vertex -29.6801 -21.805 -3
      vertex -29.3389 -21.6174 -3
    endloop
  endfacet
  facet normal 0 0 -1
    outer loop
      vertex -22 -44 -3
      vertex -30.042 -21.9483 -3
      vertex -29.6801 -21.805 -3
    endloop
  endfacet
  facet normal 0 0 -1
    outer loop
      vertex -37 -29 -3
      vertex -30.042 -21.9483 -3
      vertex -22 -44 -3
    endloop
  endfacet
  facet normal 0 0 -1
    outer loop
      vertex -30.042 -21.9483 -3
      vertex -37 -29 -3
      vertex -30.4191 -22.0451 -3
    endloop
  endfacet
  facet normal 0 0 -1
    outer loop
      vertex -30.4191 -22.0451 -3
      vertex -37 -29 -3
      vertex -30.8054 -22.0939 -3
    endloop
  endfacet
  facet normal -0 0 -1
    outer loop
      vertex -30.8054 -22.0939 -3
      vertex -37 -29 -3
      vertex -31.1946 -22.0939 -3
    endloop
  endfacet
  facet normal -0 0 -1
    outer loop
      vertex -31.1946 -22.0939 -3
      vertex -37 -29 -3
      vertex -31.5809 -22.0451 -3
    endloop
  endfacet
  facet normal -0 0 -1
    outer loop
      vertex -31.5809 -22.0451 -3
      vertex -37 -29 -3
      vertex -31.958 -21.9483 -3
    endloop
  endfacet
  facet normal -0 0 -1
    outer loop
      vertex -31.958 -21.9483 -3
      vertex -37 -29 -3
      vertex -32.3199 -21.805 -3
    endloop
  endfacet
  facet normal -0 0 -1
    outer loop
      vertex -32.3199 -21.805 -3
      vertex -37 -29 -3
      vertex -32.6611 -21.6174 -3
    endloop
  endfacet
  facet normal -0 0 -1
    outer loop
      vertex -32.6611 -21.6174 -3
      vertex -37 -29 -3
      vertex -32.976 -21.3886 -3
    endloop
  endfacet
  facet normal -0 0 -1
    outer loop
      vertex -32.976 -21.3886 -3
      vertex -37 -29 -3
      vertex -33.2598 -21.1221 -3
    endloop
  endfacet
  facet normal -0 0 -1
    outer loop
      vertex -33.2598 -21.1221 -3
      vertex -37 -29 -3
      vertex -33.5079 -20.8221 -3
    endloop
  endfacet
  facet normal 0 0 -1
    outer loop
      vertex -34.0026 18.2291 -3
      vertex -37 29 -3
      vertex -34.0756 18.6115 -3
    endloop
  endfacet
  facet normal -0 0 -1
    outer loop
      vertex -34.0756 -19.3885 -3
      vertex -37 -29 -3
      vertex -34.1 -19 -3
    endloop
  endfacet
  facet normal -0 0 -1
    outer loop
      vertex -34.0026 -19.7709 -3
      vertex -37 -29 -3
      vertex -34.0756 -19.3885 -3
    endloop
  endfacet
  facet normal -0 0 -1
    outer loop
      vertex -33.8823 -20.1412 -3
      vertex -37 -29 -3
      vertex -34.0026 -19.7709 -3
    endloop
  endfacet
  facet normal -0 0 -1
    outer loop
      vertex -33.7165 -20.4934 -3
      vertex -37 -29 -3
      vertex -33.8823 -20.1412 -3
    endloop
  endfacet
  facet normal -0 0 -1
    outer loop
      vertex -33.5079 -20.8221 -3
      vertex -37 -29 -3
      vertex -33.7165 -20.4934 -3
    endloop
  endfacet
  facet normal 0 0 -1
    outer loop
      vertex 37 -29 -3
      vertex 34.0026 -18.2291 -3
      vertex 37 29 -3
    endloop
  endfacet
  facet normal 0 0 -1
    outer loop
      vertex 37 29 -3
      vertex 34.0756 18.6115 -3
      vertex 34.1 19 -3
    endloop
  endfacet
  facet normal 0 0 -1
    outer loop
      vertex 34.0026 18.2291 -3
      vertex 37 29 -3
      vertex 34.0026 -18.2291 -3
    endloop
  endfacet
  facet normal 0 0 -1
    outer loop
      vertex 37 29 -3
      vertex 34.0026 18.2291 -3
      vertex 34.0756 18.6115 -3
    endloop
  endfacet
  facet normal 0 0 -1
    outer loop
      vertex 33.8823 -17.8588 -3
      vertex 34.0026 18.2291 -3
      vertex 34.0026 -18.2291 -3
    endloop
  endfacet
  facet normal 0 0 -1
    outer loop
      vertex 33.8823 -17.8588 -3
      vertex 33.8823 17.8588 -3
      vertex 34.0026 18.2291 -3
    endloop
  endfacet
  facet normal 0 0 -1
    outer loop
      vertex 33.7165 -17.5066 -3
      vertex 33.8823 17.8588 -3
      vertex 33.8823 -17.8588 -3
    endloop
  endfacet
  facet normal 0 0 -1
    outer loop
      vertex 33.7165 -17.5066 -3
      vertex 33.7165 17.5066 -3
      vertex 33.8823 17.8588 -3
    endloop
  endfacet
  facet normal 0 0 -1
    outer loop
      vertex 33.5079 -17.1779 -3
      vertex 33.7165 17.5066 -3
      vertex 33.7165 -17.5066 -3
    endloop
  endfacet
  facet normal 0 0 -1
    outer loop
      vertex 33.5079 -17.1779 -3
      vertex 33.5079 17.1779 -3
      vertex 33.7165 17.5066 -3
    endloop
  endfacet
  facet normal 0 0 -1
    outer loop
      vertex 33.2598 -16.8779 -3
      vertex 33.5079 17.1779 -3
      vertex 33.5079 -17.1779 -3
    endloop
  endfacet
  facet normal 0 0 -1
    outer loop
      vertex 33.2598 -16.8779 -3
      vertex 33.2598 16.8779 -3
      vertex 33.5079 17.1779 -3
    endloop
  endfacet
  facet normal 0 0 -1
    outer loop
      vertex 32.976 -16.6114 -3
      vertex 33.2598 16.8779 -3
      vertex 33.2598 -16.8779 -3
    endloop
  endfacet
  facet normal 0 0 -1
    outer loop
      vertex 32.976 -16.6114 -3
      vertex 32.976 16.6114 -3
      vertex 33.2598 16.8779 -3
    endloop
  endfacet
  facet normal 0 0 -1
    outer loop
      vertex 32.6611 -16.3826 -3
      vertex 32.976 16.6114 -3
      vertex 32.976 -16.6114 -3
    endloop
  endfacet
  facet normal 0 0 -1
    outer loop
      vertex 32.6611 -16.3826 -3
      vertex 32.6611 16.3826 -3
      vertex 32.976 16.6114 -3
    endloop
  endfacet
  facet normal 0 0 -1
    outer loop
      vertex 32.3199 -16.195 -3
      vertex 32.6611 16.3826 -3
      vertex 32.6611 -16.3826 -3
    endloop
  endfacet
  facet normal 0 0 -1
    outer loop
      vertex 32.3199 -16.195 -3
      vertex 32.3199 16.195 -3
      vertex 32.6611 16.3826 -3
    endloop
  endfacet
  facet normal 0 0 -1
    outer loop
      vertex 31.958 -16.0517 -3
      vertex 32.3199 16.195 -3
      vertex 32.3199 -16.195 -3
    endloop
  endfacet
  facet normal 0 0 -1
    outer loop
      vertex 31.958 -16.0517 -3
      vertex 31.958 16.0517 -3
      vertex 32.3199 16.195 -3
    endloop
  endfacet
  facet normal 0 0 -1
    outer loop
      vertex 31.5809 -15.9549 -3
      vertex 31.958 16.0517 -3
      vertex 31.958 -16.0517 -3
    endloop
  endfacet
  facet normal 0 0 -1
    outer loop
      vertex 31.5809 -15.9549 -3
      vertex 31.5809 15.9549 -3
      vertex 31.958 16.0517 -3
    endloop
  endfacet
  facet normal 0 0 -1
    outer loop
      vertex 31.1946 -15.9061 -3
      vertex 31.5809 15.9549 -3
      vertex 31.5809 -15.9549 -3
    endloop
  endfacet
  facet normal 0 0 -1
    outer loop
      vertex 31.1946 -15.9061 -3
      vertex 31.1946 15.9061 -3
      vertex 31.5809 15.9549 -3
    endloop
  endfacet
  facet normal 0 0 -1
    outer loop
      vertex 30.8054 -15.9061 -3
      vertex 31.1946 15.9061 -3
      vertex 31.1946 -15.9061 -3
    endloop
  endfacet
  facet normal 0 0 -1
    outer loop
      vertex 30.8054 -15.9061 -3
      vertex 30.8054 15.9061 -3
      vertex 31.1946 15.9061 -3
    endloop
  endfacet
  facet normal 0 0 -1
    outer loop
      vertex 30.4191 -15.9549 -3
      vertex 30.8054 15.9061 -3
      vertex 30.8054 -15.9061 -3
    endloop
  endfacet
  facet normal 0 0 -1
    outer loop
      vertex 30.4191 -15.9549 -3
      vertex 30.4191 15.9549 -3
      vertex 30.8054 15.9061 -3
    endloop
  endfacet
  facet normal 0 0 -1
    outer loop
      vertex 30.042 -16.0517 -3
      vertex 30.4191 15.9549 -3
      vertex 30.4191 -15.9549 -3
    endloop
  endfacet
  facet normal 0 0 -1
    outer loop
      vertex 30.042 -16.0517 -3
      vertex 30.042 16.0517 -3
      vertex 30.4191 15.9549 -3
    endloop
  endfacet
  facet normal 0 0 -1
    outer loop
      vertex 19 -16 -3
      vertex 30.042 -16.0517 -3
      vertex 29.6801 -16.195 -3
    endloop
  endfacet
  facet normal 0 0 -1
    outer loop
      vertex 30.042 -16.0517 -3
      vertex 19 -16 -3
      vertex 30.042 16.0517 -3
    endloop
  endfacet
  facet normal 0 0 -1
    outer loop
      vertex 19 -16 -3
      vertex 29.6801 -16.195 -3
      vertex 29.3389 -16.3826 -3
    endloop
  endfacet
  facet normal 0 0 -1
    outer loop
      vertex 19 16 -3
      vertex 30.042 16.0517 -3
      vertex 19 -16 -3
    endloop
  endfacet
  facet normal 0 0 -1
    outer loop
      vertex 19 -16 -3
      vertex 29.3389 -16.3826 -3
      vertex 29.024 -16.6114 -3
    endloop
  endfacet
  facet normal -0 0 -1
    outer loop
      vertex 30.042 16.0517 -3
      vertex 19 16 -3
      vertex 29.6801 16.195 -3
    endloop
  endfacet
  facet normal 0 0 -1
    outer loop
      vertex 19 -16 -3
      vertex 29.024 -16.6114 -3
      vertex 28.7402 -16.8779 -3
    endloop
  endfacet
  facet normal -0 0 -1
    outer loop
      vertex 29.6801 16.195 -3
      vertex 19 16 -3
      vertex 29.3389 16.3826 -3
    endloop
  endfacet
  facet normal 0 0 -1
    outer loop
      vertex 19 -16 -3
      vertex 28.7402 -16.8779 -3
      vertex 28.492 -17.1779 -3
    endloop
  endfacet
  facet normal -0 0 -1
    outer loop
      vertex 29.3389 16.3826 -3
      vertex 19 16 -3
      vertex 29.024 16.6114 -3
    endloop
  endfacet
  facet normal 0 0 -1
    outer loop
      vertex 19 -16 -3
      vertex 28.492 -17.1779 -3
      vertex 28.2835 -17.5066 -3
    endloop
  endfacet
  facet normal -0 0 -1
    outer loop
      vertex 29.024 16.6114 -3
      vertex 19 16 -3
      vertex 28.7402 16.8779 -3
    endloop
  endfacet
  facet normal 0 0 -1
    outer loop
      vertex 19 -16 -3
      vertex 28.2835 -17.5066 -3
      vertex 28.1177 -17.8588 -3
    endloop
  endfacet
  facet normal -0 0 -1
    outer loop
      vertex 28.7402 16.8779 -3
      vertex 19 16 -3
      vertex 28.492 17.1779 -3
    endloop
  endfacet
  facet normal 0 0 -1
    outer loop
      vertex 19 -16 -3
      vertex 28.1177 -17.8588 -3
      vertex 27.9974 -18.2291 -3
    endloop
  endfacet
  facet normal -0 0 -1
    outer loop
      vertex 28.492 17.1779 -3
      vertex 19 16 -3
      vertex 28.2835 17.5066 -3
    endloop
  endfacet
  facet normal 0 0 -1
    outer loop
      vertex 19 -16 -3
      vertex 27.9974 -18.2291 -3
      vertex 27.9244 -18.6115 -3
    endloop
  endfacet
  facet normal -0 0 -1
    outer loop
      vertex 28.2835 17.5066 -3
      vertex 19 16 -3
      vertex 28.1177 17.8588 -3
    endloop
  endfacet
  facet normal 0 0 -1
    outer loop
      vertex 19 -16 -3
      vertex 27.9244 -18.6115 -3
      vertex 27.9 -19 -3
    endloop
  endfacet
  facet normal -0 0 -1
    outer loop
      vertex 28.1177 17.8588 -3
      vertex 19 16 -3
      vertex 27.9974 18.2291 -3
    endloop
  endfacet
  facet normal 0 0 -1
    outer loop
      vertex 34.0756 -18.6115 -3
      vertex 37 -29 -3
      vertex 34.1 -19 -3
    endloop
  endfacet
  facet normal 0 0 -1
    outer loop
      vertex 37 -29 -3
      vertex 34.0756 -19.3885 -3
      vertex 34.1 -19 -3
    endloop
  endfacet
  facet normal 0 0 -1
    outer loop
      vertex 37 -29 -3
      vertex 34.0026 -19.7709 -3
      vertex 34.0756 -19.3885 -3
    endloop
  endfacet
  facet normal 0 0 -1
    outer loop
      vertex 37 -29 -3
      vertex 33.8823 -20.1412 -3
      vertex 34.0026 -19.7709 -3
    endloop
  endfacet
  facet normal 0 0 -1
    outer loop
      vertex 37 -29 -3
      vertex 33.7165 -20.4934 -3
      vertex 33.8823 -20.1412 -3
    endloop
  endfacet
  facet normal 0 0 -1
    outer loop
      vertex 37 -29 -3
      vertex 33.5079 -20.8221 -3
      vertex 33.7165 -20.4934 -3
    endloop
  endfacet
  facet normal 0 0 -1
    outer loop
      vertex 37 -29 -3
      vertex 33.2598 -21.1221 -3
      vertex 33.5079 -20.8221 -3
    endloop
  endfacet
  facet normal 0 0 -1
    outer loop
      vertex 37 -29 -3
      vertex 32.976 -21.3886 -3
      vertex 33.2598 -21.1221 -3
    endloop
  endfacet
  facet normal 0 0 -1
    outer loop
      vertex 37 -29 -3
      vertex 32.6611 -21.6174 -3
      vertex 32.976 -21.3886 -3
    endloop
  endfacet
  facet normal 0 0 -1
    outer loop
      vertex 37 -29 -3
      vertex 32.3199 -21.805 -3
      vertex 32.6611 -21.6174 -3
    endloop
  endfacet
  facet normal 0 0 -1
    outer loop
      vertex 37 -29 -3
      vertex 31.958 -21.9483 -3
      vertex 32.3199 -21.805 -3
    endloop
  endfacet
  facet normal 0 0 -1
    outer loop
      vertex 37 -29 -3
      vertex 31.5809 -22.0451 -3
      vertex 31.958 -21.9483 -3
    endloop
  endfacet
  facet normal 0 0 -1
    outer loop
      vertex 37 -29 -3
      vertex 31.1946 -22.0939 -3
      vertex 31.5809 -22.0451 -3
    endloop
  endfacet
  facet normal 0 0 -1
    outer loop
      vertex 37 -29 -3
      vertex 30.8054 -22.0939 -3
      vertex 31.1946 -22.0939 -3
    endloop
  endfacet
  facet normal 0 0 -1
    outer loop
      vertex 37 -29 -3
      vertex 30.4191 -22.0451 -3
      vertex 30.8054 -22.0939 -3
    endloop
  endfacet
  facet normal 0 0 -1
    outer loop
      vertex 37 -29 -3
      vertex 30.042 -21.9483 -3
      vertex 30.4191 -22.0451 -3
    endloop
  endfacet
  facet normal 0 0 -1
    outer loop
      vertex 22 -44 -3
      vertex 30.042 -21.9483 -3
      vertex 37 -29 -3
    endloop
  endfacet
  facet normal -0 0 -1
    outer loop
      vertex 30.042 -21.9483 -3
      vertex 22 -44 -3
      vertex 29.6801 -21.805 -3
    endloop
  endfacet
  facet normal -0 0 -1
    outer loop
      vertex 29.6801 -21.805 -3
      vertex 22 -44 -3
      vertex 29.3389 -21.6174 -3
    endloop
  endfacet
  facet normal -0 0 -1
    outer loop
      vertex 29.3389 -21.6174 -3
      vertex 22 -44 -3
      vertex 29.024 -21.3886 -3
    endloop
  endfacet
  facet normal 0 0 -1
    outer loop
      vertex 27.9974 -19.7709 -3
      vertex 19 -16 -3
      vertex 27.9244 -19.3885 -3
    endloop
  endfacet
  facet normal 0 0 -1
    outer loop
      vertex 28.1177 -20.1412 -3
      vertex 19 -16 -3
      vertex 27.9974 -19.7709 -3
    endloop
  endfacet
  facet normal 0 0 -1
    outer loop
      vertex 28.2835 -20.4934 -3
      vertex 19 -16 -3
      vertex 28.1177 -20.1412 -3
    endloop
  endfacet
  facet normal 0 -0 -1
    outer loop
      vertex 19 -16 -3
      vertex 28.2835 -20.4934 -3
      vertex 11 -24 -3
    endloop
  endfacet
  facet normal -0 0 -1
    outer loop
      vertex 28.492 -20.8221 -3
      vertex 11 -24 -3
      vertex 28.2835 -20.4934 -3
    endloop
  endfacet
  facet normal -0 0 -1
    outer loop
      vertex 28.7402 -21.1221 -3
      vertex 11 -24 -3
      vertex 28.492 -20.8221 -3
    endloop
  endfacet
  facet normal -0 0 -1
    outer loop
      vertex 29.024 -21.3886 -3
      vertex 11 -24 -3
      vertex 28.7402 -21.1221 -3
    endloop
  endfacet
  facet normal 0 0 -1
    outer loop
      vertex 11 -24 -3
      vertex 29.024 -21.3886 -3
      vertex 22 -44 -3
    endloop
  endfacet
  facet normal 0 0 -1
    outer loop
      vertex 34.0026 -18.2291 -3
      vertex 37 -29 -3
      vertex 34.0756 -18.6115 -3
    endloop
  endfacet
  facet normal 0 0 -1
    outer loop
      vertex 34.0756 19.3885 -3
      vertex 37 29 -3
      vertex 34.1 19 -3
    endloop
  endfacet
  facet normal 0 0 -1
    outer loop
      vertex 34.0026 19.7709 -3
      vertex 37 29 -3
      vertex 34.0756 19.3885 -3
    endloop
  endfacet
  facet normal 0 0 -1
    outer loop
      vertex 33.8823 20.1412 -3
      vertex 37 29 -3
      vertex 34.0026 19.7709 -3
    endloop
  endfacet
  facet normal 0 0 -1
    outer loop
      vertex 33.7165 20.4934 -3
      vertex 37 29 -3
      vertex 33.8823 20.1412 -3
    endloop
  endfacet
  facet normal 0 0 -1
    outer loop
      vertex 33.5079 20.8221 -3
      vertex 37 29 -3
      vertex 33.7165 20.4934 -3
    endloop
  endfacet
  facet normal 0 0 -1
    outer loop
      vertex 33.2598 21.1221 -3
      vertex 37 29 -3
      vertex 33.5079 20.8221 -3
    endloop
  endfacet
  facet normal 0 0 -1
    outer loop
      vertex 32.976 21.3886 -3
      vertex 37 29 -3
      vertex 33.2598 21.1221 -3
    endloop
  endfacet
  facet normal 0 0 -1
    outer loop
      vertex 32.6611 21.6174 -3
      vertex 37 29 -3
      vertex 32.976 21.3886 -3
    endloop
  endfacet
  facet normal 0 0 -1
    outer loop
      vertex 32.3199 21.805 -3
      vertex 37 29 -3
      vertex 32.6611 21.6174 -3
    endloop
  endfacet
  facet normal 0 0 -1
    outer loop
      vertex 31.958 21.9483 -3
      vertex 37 29 -3
      vertex 32.3199 21.805 -3
    endloop
  endfacet
  facet normal 0 0 -1
    outer loop
      vertex 31.5809 22.0451 -3
      vertex 37 29 -3
      vertex 31.958 21.9483 -3
    endloop
  endfacet
  facet normal 0 0 -1
    outer loop
      vertex 31.1946 22.0939 -3
      vertex 37 29 -3
      vertex 31.5809 22.0451 -3
    endloop
  endfacet
  facet normal 0 0 -1
    outer loop
      vertex 30.8054 22.0939 -3
      vertex 37 29 -3
      vertex 31.1946 22.0939 -3
    endloop
  endfacet
  facet normal 0 0 -1
    outer loop
      vertex 30.4191 22.0451 -3
      vertex 37 29 -3
      vertex 30.8054 22.0939 -3
    endloop
  endfacet
  facet normal 0 0 -1
    outer loop
      vertex 30.042 21.9483 -3
      vertex 37 29 -3
      vertex 30.4191 22.0451 -3
    endloop
  endfacet
  facet normal 0 0 -1
    outer loop
      vertex 22 44 -3
      vertex 30.042 21.9483 -3
      vertex 29.6801 21.805 -3
    endloop
  endfacet
  facet normal 0 0 -1
    outer loop
      vertex 22 44 -3
      vertex 29.6801 21.805 -3
      vertex 29.3389 21.6174 -3
    endloop
  endfacet
  facet normal 0 0 -1
    outer loop
      vertex 22 44 -3
      vertex 29.3389 21.6174 -3
      vertex 29.024 21.3886 -3
    endloop
  endfacet
  facet normal 0 0 -1
    outer loop
      vertex 22 44 -3
      vertex 29.024 21.3886 -3
      vertex 28.7402 21.1221 -3
    endloop
  endfacet
  facet normal -0 0 -1
    outer loop
      vertex 27.9974 18.2291 -3
      vertex 19 16 -3
      vertex 27.9244 18.6115 -3
    endloop
  endfacet
  facet normal 0 0 -1
    outer loop
      vertex 30.042 21.9483 -3
      vertex 22 44 -3
      vertex 37 29 -3
    endloop
  endfacet
  facet normal 0 0 -1
    outer loop
      vertex 28.2835 20.4934 -3
      vertex 11 24 -3
      vertex 28.492 20.8221 -3
    endloop
  endfacet
  facet normal 0 0 -1
    outer loop
      vertex 11 24 -3
      vertex 28.2835 20.4934 -3
      vertex 19 16 -3
    endloop
  endfacet
  facet normal 0 0 -1
    outer loop
      vertex 19 16 -3
      vertex 28.2835 20.4934 -3
      vertex 28.1177 20.1412 -3
    endloop
  endfacet
  facet normal 0 0 -1
    outer loop
      vertex 19 16 -3
      vertex 28.1177 20.1412 -3
      vertex 27.9974 19.7709 -3
    endloop
  endfacet
  facet normal 0 0 -1
    outer loop
      vertex 19 16 -3
      vertex 27.9974 19.7709 -3
      vertex 27.9244 19.3885 -3
    endloop
  endfacet
  facet normal -0 0 -1
    outer loop
      vertex 27.9244 18.6115 -3
      vertex 19 16 -3
      vertex 27.9 19 -3
    endloop
  endfacet
  facet normal 0 0 -1
    outer loop
      vertex 19 16 -3
      vertex 27.9244 19.3885 -3
      vertex 27.9 19 -3
    endloop
  endfacet
  facet normal 0 0 -1
    outer loop
      vertex 27.9244 -19.3885 -3
      vertex 19 -16 -3
      vertex 27.9 -19 -3
    endloop
  endfacet
  facet normal 0 0 -1
    outer loop
      vertex 22 -44 -3
      vertex -11 -24 -3
      vertex 11 -24 -3
    endloop
  endfacet
  facet normal 0 0 -1
    outer loop
      vertex -11 -24 -3
      vertex -27.9 -19 -3
      vertex -19 -16 -3
    endloop
  endfacet
  facet normal 0 0 -1
    outer loop
      vertex -27.9 -19 -3
      vertex -11 -24 -3
      vertex -22 -44 -3
    endloop
  endfacet
  facet normal 0 0 -1
    outer loop
      vertex -22 -44 -3
      vertex -11 -24 -3
      vertex 22 -44 -3
    endloop
  endfacet
  facet normal 0 0 1
    outer loop
      vertex 24.8 -41.2 0
      vertex -22 -44 0
      vertex 22 -44 0
    endloop
  endfacet
  facet normal 0 -0 1
    outer loop
      vertex -22 -44 0
      vertex 24.8 -41.2 0
      vertex -24.8 -41.2 0
    endloop
  endfacet
  facet normal 0 0 1
    outer loop
      vertex 34.2 31.8 0
      vertex 37 -29 0
      vertex 37 29 0
    endloop
  endfacet
  facet normal 0 0 1
    outer loop
      vertex 37 -29 0
      vertex 34.2 31.8 0
      vertex 34.2 -31.8 0
    endloop
  endfacet
  facet normal -0 0 1
    outer loop
      vertex -37 29 0
      vertex -34.2 -31.8 0
      vertex -34.2 31.8 0
    endloop
  endfacet
  facet normal 0 0 1
    outer loop
      vertex -34.2 -31.8 0
      vertex -37 29 0
      vertex -37 -29 0
    endloop
  endfacet
  facet normal -0 0 1
    outer loop
      vertex -22 44 0
      vertex 24.8 41.2 0
      vertex 22 44 0
    endloop
  endfacet
  facet normal 0 0 1
    outer loop
      vertex 24.8 41.2 0
      vertex -22 44 0
      vertex -24.8 41.2 0
    endloop
  endfacet
  facet normal 0.707107 -0.707107 0
    outer loop
      vertex 28 -41.2 2.5
      vertex 34.2 -35 -0.0999994
      vertex 34.2 -35 2.5
    endloop
  endfacet
  facet normal 0.707107 -0.707107 0
    outer loop
      vertex 34.2 -35 -0.0999994
      vertex 28 -41.2 2.5
      vertex 28 -41.2 -0.0999994
    endloop
  endfacet
  facet normal 0 -1 0
    outer loop
      vertex -28 -41.2 2.5
      vertex -24.8 -41.2 0
      vertex 28 -41.2 2.5
    endloop
  endfacet
  facet normal 0 -1 0
    outer loop
      vertex -28 -41.2 -0.0999994
      vertex -24.8 -41.2 0
      vertex -28 -41.2 2.5
    endloop
  endfacet
  facet normal 0 -1 -0
    outer loop
      vertex -24.8 -41.2 0
      vertex -28 -41.2 -0.0999994
      vertex -24.8 -41.2 -0.0999994
    endloop
  endfacet
  facet normal 0 -1 0
    outer loop
      vertex 24.8 -41.2 0
      vertex 28 -41.2 2.5
      vertex -24.8 -41.2 0
    endloop
  endfacet
  facet normal 0 -1 0
    outer loop
      vertex 28 -41.2 -0.0999994
      vertex 24.8 -41.2 0
      vertex 24.8 -41.2 -0.0999994
    endloop
  endfacet
  facet normal 0 -1 0
    outer loop
      vertex 24.8 -41.2 0
      vertex 28 -41.2 -0.0999994
      vertex 28 -41.2 2.5
    endloop
  endfacet
  facet normal -0.707107 -0.707107 0
    outer loop
      vertex -28 -41.2 -0.0999994
      vertex -34.2 -35 2.5
      vertex -34.2 -35 -0.0999994
    endloop
  endfacet
  facet normal -0.707107 -0.707107 0
    outer loop
      vertex -34.2 -35 2.5
      vertex -28 -41.2 -0.0999994
      vertex -28 -41.2 2.5
    endloop
  endfacet
  facet normal 0 0 1
    outer loop
      vertex -29.5124 18.411 2.5
      vertex -16.25 29.5 2.5
      vertex -29.4503 18.6021 2.5
    endloop
  endfacet
  facet normal 0 0 1
    outer loop
      vertex -16.25 -29.5 2.5
      vertex -29.4126 -18.7995 2.5
      vertex -29.4 -19 2.5
    endloop
  endfacet
  facet normal 0 0 1
    outer loop
      vertex -29.5979 18.2292 2.5
      vertex -16.25 29.5 2.5
      vertex -29.5124 18.411 2.5
    endloop
  endfacet
  facet normal 0 0 1
    outer loop
      vertex -16.25 -29.5 2.5
      vertex -29.4503 -18.6021 2.5
      vertex -29.4126 -18.7995 2.5
    endloop
  endfacet
  facet normal 0 0 1
    outer loop
      vertex -29.7056 18.0595 2.5
      vertex -16.25 29.5 2.5
      vertex -29.5979 18.2292 2.5
    endloop
  endfacet
  facet normal 0 0 1
    outer loop
      vertex -16.25 -29.5 2.5
      vertex -29.5124 -18.411 2.5
      vertex -29.4503 -18.6021 2.5
    endloop
  endfacet
  facet normal 0 0 1
    outer loop
      vertex -16.25 29.5 2.5
      vertex -29.7056 18.0595 2.5
      vertex -16.25 -29.5 2.5
    endloop
  endfacet
  facet normal 0 0 1
    outer loop
      vertex -16.25 -29.5 2.5
      vertex -29.5979 -18.2292 2.5
      vertex -29.5124 -18.411 2.5
    endloop
  endfacet
  facet normal -0 0 1
    outer loop
      vertex -29.7056 -18.0595 2.5
      vertex -16.25 -29.5 2.5
      vertex -29.7056 18.0595 2.5
    endloop
  endfacet
  facet normal 0 0 1
    outer loop
      vertex -16.25 -29.5 2.5
      vertex -29.7056 -18.0595 2.5
      vertex -29.5979 -18.2292 2.5
    endloop
  endfacet
  facet normal -0 0 1
    outer loop
      vertex -29.8337 17.9047 2.5
      vertex -29.7056 -18.0595 2.5
      vertex -29.7056 18.0595 2.5
    endloop
  endfacet
  facet normal 0 0 1
    outer loop
      vertex -29.8337 17.9047 2.5
      vertex -29.8337 -17.9047 2.5
      vertex -29.7056 -18.0595 2.5
    endloop
  endfacet
  facet normal -0 0 1
    outer loop
      vertex -29.9801 17.7672 2.5
      vertex -29.8337 -17.9047 2.5
      vertex -29.8337 17.9047 2.5
    endloop
  endfacet
  facet normal 0 0 1
    outer loop
      vertex -29.9801 17.7672 2.5
      vertex -29.9801 -17.7672 2.5
      vertex -29.8337 -17.9047 2.5
    endloop
  endfacet
  facet normal -0 0 1
    outer loop
      vertex -30.1427 17.6491 2.5
      vertex -29.9801 -17.7672 2.5
      vertex -29.9801 17.7672 2.5
    endloop
  endfacet
  facet normal 0 0 1
    outer loop
      vertex -30.1427 17.6491 2.5
      vertex -30.1427 -17.6491 2.5
      vertex -29.9801 -17.7672 2.5
    endloop
  endfacet
  facet normal -0 0 1
    outer loop
      vertex -30.3188 17.5523 2.5
      vertex -30.1427 -17.6491 2.5
      vertex -30.1427 17.6491 2.5
    endloop
  endfacet
  facet normal 0 0 1
    outer loop
      vertex -30.3188 17.5523 2.5
      vertex -30.3188 -17.5523 2.5
      vertex -30.1427 -17.6491 2.5
    endloop
  endfacet
  facet normal -0 0 1
    outer loop
      vertex -30.5056 17.4783 2.5
      vertex -30.3188 -17.5523 2.5
      vertex -30.3188 17.5523 2.5
    endloop
  endfacet
  facet normal 0 0 1
    outer loop
      vertex -30.5056 17.4783 2.5
      vertex -30.5056 -17.4783 2.5
      vertex -30.3188 -17.5523 2.5
    endloop
  endfacet
  facet normal -0 0 1
    outer loop
      vertex -30.7002 17.4283 2.5
      vertex -30.5056 -17.4783 2.5
      vertex -30.5056 17.4783 2.5
    endloop
  endfacet
  facet normal 0 0 1
    outer loop
      vertex -30.7002 17.4283 2.5
      vertex -30.7002 -17.4283 2.5
      vertex -30.5056 -17.4783 2.5
    endloop
  endfacet
  facet normal -0 0 1
    outer loop
      vertex -30.8995 17.4032 2.5
      vertex -30.7002 -17.4283 2.5
      vertex -30.7002 17.4283 2.5
    endloop
  endfacet
  facet normal 0 0 1
    outer loop
      vertex -30.8995 17.4032 2.5
      vertex -30.8995 -17.4032 2.5
      vertex -30.7002 -17.4283 2.5
    endloop
  endfacet
  facet normal -0 0 1
    outer loop
      vertex -31.1005 17.4032 2.5
      vertex -30.8995 -17.4032 2.5
      vertex -30.8995 17.4032 2.5
    endloop
  endfacet
  facet normal 0 0 1
    outer loop
      vertex -31.1005 17.4032 2.5
      vertex -31.1005 -17.4032 2.5
      vertex -30.8995 -17.4032 2.5
    endloop
  endfacet
  facet normal 0 0 1
    outer loop
      vertex -31.2998 17.4283 2.5
      vertex -31.1005 -17.4032 2.5
      vertex -31.1005 17.4032 2.5
    endloop
  endfacet
  facet normal 0 0 1
    outer loop
      vertex -31.2998 17.4283 2.5
      vertex -31.2998 -17.4283 2.5
      vertex -31.1005 -17.4032 2.5
    endloop
  endfacet
  facet normal 0 0 1
    outer loop
      vertex -31.4944 17.4783 2.5
      vertex -31.2998 -17.4283 2.5
      vertex -31.2998 17.4283 2.5
    endloop
  endfacet
  facet normal 0 0 1
    outer loop
      vertex -31.4944 17.4783 2.5
      vertex -31.4944 -17.4783 2.5
      vertex -31.2998 -17.4283 2.5
    endloop
  endfacet
  facet normal 0 0 1
    outer loop
      vertex -31.6812 17.5523 2.5
      vertex -31.4944 -17.4783 2.5
      vertex -31.4944 17.4783 2.5
    endloop
  endfacet
  facet normal 0 0 1
    outer loop
      vertex -31.6812 17.5523 2.5
      vertex -31.6812 -17.5523 2.5
      vertex -31.4944 -17.4783 2.5
    endloop
  endfacet
  facet normal 0 0 1
    outer loop
      vertex -31.8573 17.6491 2.5
      vertex -31.6812 -17.5523 2.5
      vertex -31.6812 17.5523 2.5
    endloop
  endfacet
  facet normal 0 0 1
    outer loop
      vertex -31.8573 17.6491 2.5
      vertex -31.8573 -17.6491 2.5
      vertex -31.6812 -17.5523 2.5
    endloop
  endfacet
  facet normal 0 0 1
    outer loop
      vertex -32.0199 17.7672 2.5
      vertex -31.8573 -17.6491 2.5
      vertex -31.8573 17.6491 2.5
    endloop
  endfacet
  facet normal 0 0 1
    outer loop
      vertex -32.0199 17.7672 2.5
      vertex -32.0199 -17.7672 2.5
      vertex -31.8573 -17.6491 2.5
    endloop
  endfacet
  facet normal 0 0 1
    outer loop
      vertex -32.1664 17.9047 2.5
      vertex -32.0199 -17.7672 2.5
      vertex -32.0199 17.7672 2.5
    endloop
  endfacet
  facet normal 0 0 1
    outer loop
      vertex -32.1664 17.9047 2.5
      vertex -32.1664 -17.9047 2.5
      vertex -32.0199 -17.7672 2.5
    endloop
  endfacet
  facet normal 0 0 1
    outer loop
      vertex -32.2944 18.0595 2.5
      vertex -32.1664 -17.9047 2.5
      vertex -32.1664 17.9047 2.5
    endloop
  endfacet
  facet normal 0 0 1
    outer loop
      vertex -32.2944 18.0595 2.5
      vertex -32.2944 -18.0595 2.5
      vertex -32.1664 -17.9047 2.5
    endloop
  endfacet
  facet normal 0 0 1
    outer loop
      vertex -32.4021 18.2292 2.5
      vertex -32.2944 -18.0595 2.5
      vertex -32.2944 18.0595 2.5
    endloop
  endfacet
  facet normal 0 0 1
    outer loop
      vertex -32.4021 18.2292 2.5
      vertex -32.4021 -18.2292 2.5
      vertex -32.2944 -18.0595 2.5
    endloop
  endfacet
  facet normal 0 0 1
    outer loop
      vertex -32.4876 18.411 2.5
      vertex -32.4021 -18.2292 2.5
      vertex -32.4021 18.2292 2.5
    endloop
  endfacet
  facet normal 0 0 1
    outer loop
      vertex -32.4876 18.411 2.5
      vertex -32.4876 -18.411 2.5
      vertex -32.4021 -18.2292 2.5
    endloop
  endfacet
  facet normal 0 0 1
    outer loop
      vertex -32.5497 18.6021 2.5
      vertex -32.4876 -18.411 2.5
      vertex -32.4876 18.411 2.5
    endloop
  endfacet
  facet normal 0 0 1
    outer loop
      vertex -32.5497 18.6021 2.5
      vertex -32.5497 -18.6021 2.5
      vertex -32.4876 -18.411 2.5
    endloop
  endfacet
  facet normal 0 0 1
    outer loop
      vertex -32.5874 18.7995 2.5
      vertex -32.5497 -18.6021 2.5
      vertex -32.5497 18.6021 2.5
    endloop
  endfacet
  facet normal 0 0 1
    outer loop
      vertex -32.5874 18.7995 2.5
      vertex -32.5874 -18.7995 2.5
      vertex -32.5497 -18.6021 2.5
    endloop
  endfacet
  facet normal 0 0 1
    outer loop
      vertex -32.6 19 2.5
      vertex -32.5874 -18.7995 2.5
      vertex -32.5874 18.7995 2.5
    endloop
  endfacet
  facet normal 0 0 1
    outer loop
      vertex -32.5874 -18.7995 2.5
      vertex -32.6 19 2.5
      vertex -32.6 -19 2.5
    endloop
  endfacet
  facet normal -0 0 1
    outer loop
      vertex -29.4126 -19.2005 2.5
      vertex -16.25 -29.5 2.5
      vertex -29.4 -19 2.5
    endloop
  endfacet
  facet normal -0 0 1
    outer loop
      vertex -29.4503 -19.3979 2.5
      vertex -16.25 -29.5 2.5
      vertex -29.4126 -19.2005 2.5
    endloop
  endfacet
  facet normal -0 0 1
    outer loop
      vertex -29.5124 -19.589 2.5
      vertex -16.25 -29.5 2.5
      vertex -29.4503 -19.3979 2.5
    endloop
  endfacet
  facet normal -0 0 1
    outer loop
      vertex -29.5979 -19.7708 2.5
      vertex -16.25 -29.5 2.5
      vertex -29.5124 -19.589 2.5
    endloop
  endfacet
  facet normal -0 0 1
    outer loop
      vertex -29.7056 -19.9405 2.5
      vertex -16.25 -29.5 2.5
      vertex -29.5979 -19.7708 2.5
    endloop
  endfacet
  facet normal -0 0 1
    outer loop
      vertex -29.8337 -20.0953 2.5
      vertex -16.25 -29.5 2.5
      vertex -29.7056 -19.9405 2.5
    endloop
  endfacet
  facet normal -0 0 1
    outer loop
      vertex -29.9801 -20.2328 2.5
      vertex -16.25 -29.5 2.5
      vertex -29.8337 -20.0953 2.5
    endloop
  endfacet
  facet normal -0 0 1
    outer loop
      vertex -30.1427 -20.3509 2.5
      vertex -16.25 -29.5 2.5
      vertex -29.9801 -20.2328 2.5
    endloop
  endfacet
  facet normal -0 0 1
    outer loop
      vertex -30.3188 -20.4477 2.5
      vertex -16.25 -29.5 2.5
      vertex -30.1427 -20.3509 2.5
    endloop
  endfacet
  facet normal 0 0 1
    outer loop
      vertex -16.25 -29.5 2.5
      vertex -30.3188 -20.4477 2.5
      vertex -34.2 -35 2.5
    endloop
  endfacet
  facet normal 0 0 1
    outer loop
      vertex -34.2 -35 2.5
      vertex -30.3188 -20.4477 2.5
      vertex -30.5056 -20.5217 2.5
    endloop
  endfacet
  facet normal 0 0 1
    outer loop
      vertex -34.2 -35 2.5
      vertex -30.5056 -20.5217 2.5
      vertex -30.7002 -20.5717 2.5
    endloop
  endfacet
  facet normal 0 0 1
    outer loop
      vertex -34.2 -35 2.5
      vertex -30.7002 -20.5717 2.5
      vertex -30.8995 -20.5968 2.5
    endloop
  endfacet
  facet normal 0 0 1
    outer loop
      vertex -34.2 -35 2.5
      vertex -30.8995 -20.5968 2.5
      vertex -31.1005 -20.5968 2.5
    endloop
  endfacet
  facet normal 0 0 1
    outer loop
      vertex -34.2 -35 2.5
      vertex -31.1005 -20.5968 2.5
      vertex -31.2998 -20.5717 2.5
    endloop
  endfacet
  facet normal 0 0 1
    outer loop
      vertex -34.2 -35 2.5
      vertex -31.2998 -20.5717 2.5
      vertex -31.4944 -20.5217 2.5
    endloop
  endfacet
  facet normal 0 0 1
    outer loop
      vertex -34.2 -35 2.5
      vertex -31.4944 -20.5217 2.5
      vertex -31.6812 -20.4477 2.5
    endloop
  endfacet
  facet normal 0 0 1
    outer loop
      vertex -34.2 -35 2.5
      vertex -31.6812 -20.4477 2.5
      vertex -31.8573 -20.3509 2.5
    endloop
  endfacet
  facet normal 0 0 1
    outer loop
      vertex -34.2 -35 2.5
      vertex -31.8573 -20.3509 2.5
      vertex -32.0199 -20.2328 2.5
    endloop
  endfacet
  facet normal 0 0 1
    outer loop
      vertex -34.2 -35 2.5
      vertex -32.0199 -20.2328 2.5
      vertex -32.1664 -20.0953 2.5
    endloop
  endfacet
  facet normal 0 0 1
    outer loop
      vertex -34.2 -35 2.5
      vertex -32.1664 -20.0953 2.5
      vertex -32.2944 -19.9405 2.5
    endloop
  endfacet
  facet normal 0 0 1
    outer loop
      vertex -34.2 -35 2.5
      vertex -32.2944 -19.9405 2.5
      vertex -32.4021 -19.7708 2.5
    endloop
  endfacet
  facet normal 0 0 1
    outer loop
      vertex -34.2 -35 2.5
      vertex -32.4021 -19.7708 2.5
      vertex -32.4876 -19.589 2.5
    endloop
  endfacet
  facet normal 0 0 1
    outer loop
      vertex -34.2 -35 2.5
      vertex -32.4876 -19.589 2.5
      vertex -32.5497 -19.3979 2.5
    endloop
  endfacet
  facet normal 0 0 1
    outer loop
      vertex -16.25 -29.5 2.5
      vertex -34.2 -35 2.5
      vertex -28 -41.2 2.5
    endloop
  endfacet
  facet normal 0 0 1
    outer loop
      vertex -32.5874 -19.2005 2.5
      vertex -34.2 -35 2.5
      vertex -32.5497 -19.3979 2.5
    endloop
  endfacet
  facet normal 0 0 1
    outer loop
      vertex -32.6 -19 2.5
      vertex -34.2 -35 2.5
      vertex -32.5874 -19.2005 2.5
    endloop
  endfacet
  facet normal 0 0 1
    outer loop
      vertex -34.2 -35 2.5
      vertex -32.6 -19 2.5
      vertex -34.2 35 2.5
    endloop
  endfacet
  facet normal 0 0 1
    outer loop
      vertex 34.2 -35 2.5
      vertex 16.25 -29.5 2.5
      vertex 28 -41.2 2.5
    endloop
  endfacet
  facet normal -0 0 1
    outer loop
      vertex -16.25 -29.5 2.5
      vertex 28 -41.2 2.5
      vertex 16.25 -29.5 2.5
    endloop
  endfacet
  facet normal 0 0 1
    outer loop
      vertex -16.25 -29.5 2.5
      vertex -28 -41.2 2.5
      vertex 28 -41.2 2.5
    endloop
  endfacet
  facet normal 0 0 1
    outer loop
      vertex -29.4126 18.7995 2.5
      vertex -16.25 29.5 2.5
      vertex -29.4 19 2.5
    endloop
  endfacet
  facet normal 0 0 1
    outer loop
      vertex -29.4503 18.6021 2.5
      vertex -16.25 29.5 2.5
      vertex -29.4126 18.7995 2.5
    endloop
  endfacet
  facet normal 0 0 1
    outer loop
      vertex -28 41.2 2.5
      vertex -29.4126 19.2005 2.5
      vertex -29.4 19 2.5
    endloop
  endfacet
  facet normal 0 0 1
    outer loop
      vertex -28 41.2 2.5
      vertex -29.4503 19.3979 2.5
      vertex -29.4126 19.2005 2.5
    endloop
  endfacet
  facet normal 0 0 1
    outer loop
      vertex -28 41.2 2.5
      vertex -29.5124 19.589 2.5
      vertex -29.4503 19.3979 2.5
    endloop
  endfacet
  facet normal 0 0 1
    outer loop
      vertex -28 41.2 2.5
      vertex -29.5979 19.7708 2.5
      vertex -29.5124 19.589 2.5
    endloop
  endfacet
  facet normal 0 0 1
    outer loop
      vertex -28 41.2 2.5
      vertex -29.7056 19.9405 2.5
      vertex -29.5979 19.7708 2.5
    endloop
  endfacet
  facet normal 0 0 1
    outer loop
      vertex -28 41.2 2.5
      vertex -29.8337 20.0953 2.5
      vertex -29.7056 19.9405 2.5
    endloop
  endfacet
  facet normal 0 0 1
    outer loop
      vertex -28 41.2 2.5
      vertex -29.9801 20.2328 2.5
      vertex -29.8337 20.0953 2.5
    endloop
  endfacet
  facet normal 0 0 1
    outer loop
      vertex -28 41.2 2.5
      vertex -30.1427 20.3509 2.5
      vertex -29.9801 20.2328 2.5
    endloop
  endfacet
  facet normal -0 0 1
    outer loop
      vertex -34.2 35 2.5
      vertex -30.1427 20.3509 2.5
      vertex -28 41.2 2.5
    endloop
  endfacet
  facet normal 0 0 1
    outer loop
      vertex -30.1427 20.3509 2.5
      vertex -34.2 35 2.5
      vertex -30.3188 20.4477 2.5
    endloop
  endfacet
  facet normal 0 0 1
    outer loop
      vertex -30.3188 20.4477 2.5
      vertex -34.2 35 2.5
      vertex -30.5056 20.5217 2.5
    endloop
  endfacet
  facet normal 0 0 1
    outer loop
      vertex -30.5056 20.5217 2.5
      vertex -34.2 35 2.5
      vertex -30.7002 20.5717 2.5
    endloop
  endfacet
  facet normal 0 0 1
    outer loop
      vertex -30.7002 20.5717 2.5
      vertex -34.2 35 2.5
      vertex -30.8995 20.5968 2.5
    endloop
  endfacet
  facet normal 0 0 1
    outer loop
      vertex -30.8995 20.5968 2.5
      vertex -34.2 35 2.5
      vertex -31.1005 20.5968 2.5
    endloop
  endfacet
  facet normal 0 0 1
    outer loop
      vertex -31.1005 20.5968 2.5
      vertex -34.2 35 2.5
      vertex -31.2998 20.5717 2.5
    endloop
  endfacet
  facet normal 0 0 1
    outer loop
      vertex -31.2998 20.5717 2.5
      vertex -34.2 35 2.5
      vertex -31.4944 20.5217 2.5
    endloop
  endfacet
  facet normal 0 0 1
    outer loop
      vertex -31.4944 20.5217 2.5
      vertex -34.2 35 2.5
      vertex -31.6812 20.4477 2.5
    endloop
  endfacet
  facet normal 0 0 1
    outer loop
      vertex -31.6812 20.4477 2.5
      vertex -34.2 35 2.5
      vertex -31.8573 20.3509 2.5
    endloop
  endfacet
  facet normal 0 0 1
    outer loop
      vertex -31.8573 20.3509 2.5
      vertex -34.2 35 2.5
      vertex -32.0199 20.2328 2.5
    endloop
  endfacet
  facet normal 0 0 1
    outer loop
      vertex -32.0199 20.2328 2.5
      vertex -34.2 35 2.5
      vertex -32.1664 20.0953 2.5
    endloop
  endfacet
  facet normal 0 0 1
    outer loop
      vertex -32.1664 20.0953 2.5
      vertex -34.2 35 2.5
      vertex -32.2944 19.9405 2.5
    endloop
  endfacet
  facet normal 0 0 1
    outer loop
      vertex -32.2944 19.9405 2.5
      vertex -34.2 35 2.5
      vertex -32.4021 19.7708 2.5
    endloop
  endfacet
  facet normal 0 0 1
    outer loop
      vertex -32.4021 19.7708 2.5
      vertex -34.2 35 2.5
      vertex -32.4876 19.589 2.5
    endloop
  endfacet
  facet normal 0 0 1
    outer loop
      vertex -32.6 19 2.5
      vertex -34.2 35 2.5
      vertex -32.6 -19 2.5
    endloop
  endfacet
  facet normal 0 0 1
    outer loop
      vertex -32.5874 19.2005 2.5
      vertex -34.2 35 2.5
      vertex -32.6 19 2.5
    endloop
  endfacet
  facet normal 0 0 1
    outer loop
      vertex -32.5497 19.3979 2.5
      vertex -34.2 35 2.5
      vertex -32.5874 19.2005 2.5
    endloop
  endfacet
  facet normal 0 0 1
    outer loop
      vertex -32.4876 19.589 2.5
      vertex -34.2 35 2.5
      vertex -32.5497 19.3979 2.5
    endloop
  endfacet
  facet normal -0 0 1
    outer loop
      vertex 32.5874 18.7995 2.5
      vertex 32.6 -19 2.5
      vertex 32.6 19 2.5
    endloop
  endfacet
  facet normal 0 0 1
    outer loop
      vertex 32.5874 18.7995 2.5
      vertex 32.5874 -18.7995 2.5
      vertex 32.6 -19 2.5
    endloop
  endfacet
  facet normal -0 0 1
    outer loop
      vertex 32.5497 18.6021 2.5
      vertex 32.5874 -18.7995 2.5
      vertex 32.5874 18.7995 2.5
    endloop
  endfacet
  facet normal 0 0 1
    outer loop
      vertex 32.5497 18.6021 2.5
      vertex 32.5497 -18.6021 2.5
      vertex 32.5874 -18.7995 2.5
    endloop
  endfacet
  facet normal -0 0 1
    outer loop
      vertex 32.4876 18.411 2.5
      vertex 32.5497 -18.6021 2.5
      vertex 32.5497 18.6021 2.5
    endloop
  endfacet
  facet normal 0 0 1
    outer loop
      vertex 32.4876 18.411 2.5
      vertex 32.4876 -18.411 2.5
      vertex 32.5497 -18.6021 2.5
    endloop
  endfacet
  facet normal -0 0 1
    outer loop
      vertex 32.4021 18.2292 2.5
      vertex 32.4876 -18.411 2.5
      vertex 32.4876 18.411 2.5
    endloop
  endfacet
  facet normal 0 0 1
    outer loop
      vertex 32.4021 18.2292 2.5
      vertex 32.4021 -18.2292 2.5
      vertex 32.4876 -18.411 2.5
    endloop
  endfacet
  facet normal -0 0 1
    outer loop
      vertex 32.2944 18.0595 2.5
      vertex 32.4021 -18.2292 2.5
      vertex 32.4021 18.2292 2.5
    endloop
  endfacet
  facet normal 0 0 1
    outer loop
      vertex 32.2944 18.0595 2.5
      vertex 32.2944 -18.0595 2.5
      vertex 32.4021 -18.2292 2.5
    endloop
  endfacet
  facet normal -0 0 1
    outer loop
      vertex 32.1664 17.9047 2.5
      vertex 32.2944 -18.0595 2.5
      vertex 32.2944 18.0595 2.5
    endloop
  endfacet
  facet normal 0 0 1
    outer loop
      vertex 32.1664 17.9047 2.5
      vertex 32.1664 -17.9047 2.5
      vertex 32.2944 -18.0595 2.5
    endloop
  endfacet
  facet normal -0 0 1
    outer loop
      vertex 32.0199 17.7672 2.5
      vertex 32.1664 -17.9047 2.5
      vertex 32.1664 17.9047 2.5
    endloop
  endfacet
  facet normal 0 0 1
    outer loop
      vertex 32.0199 17.7672 2.5
      vertex 32.0199 -17.7672 2.5
      vertex 32.1664 -17.9047 2.5
    endloop
  endfacet
  facet normal -0 0 1
    outer loop
      vertex 31.8573 17.6491 2.5
      vertex 32.0199 -17.7672 2.5
      vertex 32.0199 17.7672 2.5
    endloop
  endfacet
  facet normal 0 0 1
    outer loop
      vertex 31.8573 17.6491 2.5
      vertex 31.8573 -17.6491 2.5
      vertex 32.0199 -17.7672 2.5
    endloop
  endfacet
  facet normal -0 0 1
    outer loop
      vertex 31.6812 17.5523 2.5
      vertex 31.8573 -17.6491 2.5
      vertex 31.8573 17.6491 2.5
    endloop
  endfacet
  facet normal 0 0 1
    outer loop
      vertex 31.6812 17.5523 2.5
      vertex 31.6812 -17.5523 2.5
      vertex 31.8573 -17.6491 2.5
    endloop
  endfacet
  facet normal -0 0 1
    outer loop
      vertex 31.4944 17.4783 2.5
      vertex 31.6812 -17.5523 2.5
      vertex 31.6812 17.5523 2.5
    endloop
  endfacet
  facet normal 0 0 1
    outer loop
      vertex 31.4944 17.4783 2.5
      vertex 31.4944 -17.4783 2.5
      vertex 31.6812 -17.5523 2.5
    endloop
  endfacet
  facet normal -0 0 1
    outer loop
      vertex 31.2998 17.4283 2.5
      vertex 31.4944 -17.4783 2.5
      vertex 31.4944 17.4783 2.5
    endloop
  endfacet
  facet normal 0 0 1
    outer loop
      vertex 31.2998 17.4283 2.5
      vertex 31.2998 -17.4283 2.5
      vertex 31.4944 -17.4783 2.5
    endloop
  endfacet
  facet normal -0 0 1
    outer loop
      vertex 31.1005 17.4032 2.5
      vertex 31.2998 -17.4283 2.5
      vertex 31.2998 17.4283 2.5
    endloop
  endfacet
  facet normal 0 0 1
    outer loop
      vertex 31.1005 17.4032 2.5
      vertex 31.1005 -17.4032 2.5
      vertex 31.2998 -17.4283 2.5
    endloop
  endfacet
  facet normal -0 0 1
    outer loop
      vertex 30.8995 17.4032 2.5
      vertex 31.1005 -17.4032 2.5
      vertex 31.1005 17.4032 2.5
    endloop
  endfacet
  facet normal 0 0 1
    outer loop
      vertex 30.8995 17.4032 2.5
      vertex 30.8995 -17.4032 2.5
      vertex 31.1005 -17.4032 2.5
    endloop
  endfacet
  facet normal 0 0 1
    outer loop
      vertex 30.7002 17.4283 2.5
      vertex 30.8995 -17.4032 2.5
      vertex 30.8995 17.4032 2.5
    endloop
  endfacet
  facet normal 0 0 1
    outer loop
      vertex 30.7002 17.4283 2.5
      vertex 30.7002 -17.4283 2.5
      vertex 30.8995 -17.4032 2.5
    endloop
  endfacet
  facet normal 0 0 1
    outer loop
      vertex 30.5056 17.4783 2.5
      vertex 30.7002 -17.4283 2.5
      vertex 30.7002 17.4283 2.5
    endloop
  endfacet
  facet normal 0 0 1
    outer loop
      vertex 30.5056 17.4783 2.5
      vertex 30.5056 -17.4783 2.5
      vertex 30.7002 -17.4283 2.5
    endloop
  endfacet
  facet normal 0 0 1
    outer loop
      vertex 30.3188 17.5523 2.5
      vertex 30.5056 -17.4783 2.5
      vertex 30.5056 17.4783 2.5
    endloop
  endfacet
  facet normal 0 0 1
    outer loop
      vertex 30.3188 17.5523 2.5
      vertex 30.3188 -17.5523 2.5
      vertex 30.5056 -17.4783 2.5
    endloop
  endfacet
  facet normal 0 0 1
    outer loop
      vertex 30.1427 17.6491 2.5
      vertex 30.3188 -17.5523 2.5
      vertex 30.3188 17.5523 2.5
    endloop
  endfacet
  facet normal 0 0 1
    outer loop
      vertex 30.1427 17.6491 2.5
      vertex 30.1427 -17.6491 2.5
      vertex 30.3188 -17.5523 2.5
    endloop
  endfacet
  facet normal 0 0 1
    outer loop
      vertex 29.9801 17.7672 2.5
      vertex 30.1427 -17.6491 2.5
      vertex 30.1427 17.6491 2.5
    endloop
  endfacet
  facet normal 0 0 1
    outer loop
      vertex 29.9801 17.7672 2.5
      vertex 29.9801 -17.7672 2.5
      vertex 30.1427 -17.6491 2.5
    endloop
  endfacet
  facet normal 0 0 1
    outer loop
      vertex 29.8337 17.9047 2.5
      vertex 29.9801 -17.7672 2.5
      vertex 29.9801 17.7672 2.5
    endloop
  endfacet
  facet normal 0 0 1
    outer loop
      vertex 29.8337 17.9047 2.5
      vertex 29.8337 -17.9047 2.5
      vertex 29.9801 -17.7672 2.5
    endloop
  endfacet
  facet normal 0 0 1
    outer loop
      vertex 29.7056 18.0595 2.5
      vertex 29.8337 -17.9047 2.5
      vertex 29.8337 17.9047 2.5
    endloop
  endfacet
  facet normal 0 0 1
    outer loop
      vertex 29.7056 18.0595 2.5
      vertex 29.7056 -18.0595 2.5
      vertex 29.8337 -17.9047 2.5
    endloop
  endfacet
  facet normal 0 0 1
    outer loop
      vertex 16.25 29.5 2.5
      vertex 29.7056 18.0595 2.5
      vertex 29.5979 18.2292 2.5
    endloop
  endfacet
  facet normal 0 0 1
    outer loop
      vertex 29.7056 18.0595 2.5
      vertex 16.25 29.5 2.5
      vertex 29.7056 -18.0595 2.5
    endloop
  endfacet
  facet normal 0 0 1
    outer loop
      vertex 16.25 29.5 2.5
      vertex 29.5979 18.2292 2.5
      vertex 29.5124 18.411 2.5
    endloop
  endfacet
  facet normal 0 0 1
    outer loop
      vertex 16.25 -29.5 2.5
      vertex 29.7056 -18.0595 2.5
      vertex 16.25 29.5 2.5
    endloop
  endfacet
  facet normal 0 0 1
    outer loop
      vertex 16.25 29.5 2.5
      vertex 29.5124 18.411 2.5
      vertex 29.4503 18.6021 2.5
    endloop
  endfacet
  facet normal 0 0 1
    outer loop
      vertex 29.7056 -18.0595 2.5
      vertex 16.25 -29.5 2.5
      vertex 29.5979 -18.2292 2.5
    endloop
  endfacet
  facet normal 0 0 1
    outer loop
      vertex 16.25 29.5 2.5
      vertex 29.4503 18.6021 2.5
      vertex 29.4126 18.7995 2.5
    endloop
  endfacet
  facet normal 0 0 1
    outer loop
      vertex 29.5979 -18.2292 2.5
      vertex 16.25 -29.5 2.5
      vertex 29.5124 -18.411 2.5
    endloop
  endfacet
  facet normal 0 0 1
    outer loop
      vertex 16.25 29.5 2.5
      vertex 29.4126 18.7995 2.5
      vertex 29.4 19 2.5
    endloop
  endfacet
  facet normal 0 0 1
    outer loop
      vertex 29.5124 -18.411 2.5
      vertex 16.25 -29.5 2.5
      vertex 29.4503 -18.6021 2.5
    endloop
  endfacet
  facet normal 0 0 1
    outer loop
      vertex 34.2 35 2.5
      vertex 32.6 19 2.5
      vertex 34.2 -35 2.5
    endloop
  endfacet
  facet normal 0 0 1
    outer loop
      vertex 34.2 35 2.5
      vertex 32.5874 19.2005 2.5
      vertex 32.6 19 2.5
    endloop
  endfacet
  facet normal 0 0 1
    outer loop
      vertex 34.2 35 2.5
      vertex 32.5497 19.3979 2.5
      vertex 32.5874 19.2005 2.5
    endloop
  endfacet
  facet normal 0 0 1
    outer loop
      vertex 34.2 35 2.5
      vertex 32.4876 19.589 2.5
      vertex 32.5497 19.3979 2.5
    endloop
  endfacet
  facet normal 0 0 1
    outer loop
      vertex 34.2 35 2.5
      vertex 32.4021 19.7708 2.5
      vertex 32.4876 19.589 2.5
    endloop
  endfacet
  facet normal 0 0 1
    outer loop
      vertex 34.2 35 2.5
      vertex 32.2944 19.9405 2.5
      vertex 32.4021 19.7708 2.5
    endloop
  endfacet
  facet normal 0 0 1
    outer loop
      vertex 34.2 35 2.5
      vertex 32.1664 20.0953 2.5
      vertex 32.2944 19.9405 2.5
    endloop
  endfacet
  facet normal 0 0 1
    outer loop
      vertex 34.2 35 2.5
      vertex 32.0199 20.2328 2.5
      vertex 32.1664 20.0953 2.5
    endloop
  endfacet
  facet normal 0 0 1
    outer loop
      vertex 34.2 35 2.5
      vertex 31.8573 20.3509 2.5
      vertex 32.0199 20.2328 2.5
    endloop
  endfacet
  facet normal 0 0 1
    outer loop
      vertex 34.2 35 2.5
      vertex 31.6812 20.4477 2.5
      vertex 31.8573 20.3509 2.5
    endloop
  endfacet
  facet normal 0 0 1
    outer loop
      vertex 34.2 35 2.5
      vertex 31.4944 20.5217 2.5
      vertex 31.6812 20.4477 2.5
    endloop
  endfacet
  facet normal 0 0 1
    outer loop
      vertex 34.2 35 2.5
      vertex 31.2998 20.5717 2.5
      vertex 31.4944 20.5217 2.5
    endloop
  endfacet
  facet normal 0 0 1
    outer loop
      vertex 34.2 35 2.5
      vertex 31.1005 20.5968 2.5
      vertex 31.2998 20.5717 2.5
    endloop
  endfacet
  facet normal 0 0 1
    outer loop
      vertex 34.2 35 2.5
      vertex 30.8995 20.5968 2.5
      vertex 31.1005 20.5968 2.5
    endloop
  endfacet
  facet normal 0 0 1
    outer loop
      vertex 34.2 35 2.5
      vertex 30.7002 20.5717 2.5
      vertex 30.8995 20.5968 2.5
    endloop
  endfacet
  facet normal 0 0 1
    outer loop
      vertex 34.2 35 2.5
      vertex 30.5056 20.5217 2.5
      vertex 30.7002 20.5717 2.5
    endloop
  endfacet
  facet normal 0 0 1
    outer loop
      vertex 34.2 35 2.5
      vertex 30.3188 20.4477 2.5
      vertex 30.5056 20.5217 2.5
    endloop
  endfacet
  facet normal -0 0 1
    outer loop
      vertex 16.25 29.5 2.5
      vertex 30.3188 20.4477 2.5
      vertex 34.2 35 2.5
    endloop
  endfacet
  facet normal 0 0 1
    outer loop
      vertex 30.3188 20.4477 2.5
      vertex 16.25 29.5 2.5
      vertex 30.1427 20.3509 2.5
    endloop
  endfacet
  facet normal 0 0 1
    outer loop
      vertex 30.1427 20.3509 2.5
      vertex 16.25 29.5 2.5
      vertex 29.9801 20.2328 2.5
    endloop
  endfacet
  facet normal 0 0 1
    outer loop
      vertex 29.9801 20.2328 2.5
      vertex 16.25 29.5 2.5
      vertex 29.8337 20.0953 2.5
    endloop
  endfacet
  facet normal 0 0 1
    outer loop
      vertex 29.8337 20.0953 2.5
      vertex 16.25 29.5 2.5
      vertex 29.7056 19.9405 2.5
    endloop
  endfacet
  facet normal 0 0 1
    outer loop
      vertex 29.7056 19.9405 2.5
      vertex 16.25 29.5 2.5
      vertex 29.5979 19.7708 2.5
    endloop
  endfacet
  facet normal 0 0 1
    outer loop
      vertex 29.5979 19.7708 2.5
      vertex 16.25 29.5 2.5
      vertex 29.5124 19.589 2.5
    endloop
  endfacet
  facet normal 0 0 1
    outer loop
      vertex 29.4126 19.2005 2.5
      vertex 16.25 29.5 2.5
      vertex 29.4 19 2.5
    endloop
  endfacet
  facet normal 0 0 1
    outer loop
      vertex 29.4503 19.3979 2.5
      vertex 16.25 29.5 2.5
      vertex 29.4126 19.2005 2.5
    endloop
  endfacet
  facet normal 0 0 1
    outer loop
      vertex 29.5124 19.589 2.5
      vertex 16.25 29.5 2.5
      vertex 29.4503 19.3979 2.5
    endloop
  endfacet
  facet normal 0 0 1
    outer loop
      vertex 16.25 29.5 2.5
      vertex 34.2 35 2.5
      vertex 28 41.2 2.5
    endloop
  endfacet
  facet normal -0 0 1
    outer loop
      vertex 32.6 -19 2.5
      vertex 34.2 -35 2.5
      vertex 32.6 19 2.5
    endloop
  endfacet
  facet normal -0 0 1
    outer loop
      vertex 32.5874 -19.2005 2.5
      vertex 34.2 -35 2.5
      vertex 32.6 -19 2.5
    endloop
  endfacet
  facet normal -0 0 1
    outer loop
      vertex 32.5497 -19.3979 2.5
      vertex 34.2 -35 2.5
      vertex 32.5874 -19.2005 2.5
    endloop
  endfacet
  facet normal -0 0 1
    outer loop
      vertex 32.4876 -19.589 2.5
      vertex 34.2 -35 2.5
      vertex 32.5497 -19.3979 2.5
    endloop
  endfacet
  facet normal -0 0 1
    outer loop
      vertex 32.4021 -19.7708 2.5
      vertex 34.2 -35 2.5
      vertex 32.4876 -19.589 2.5
    endloop
  endfacet
  facet normal -0 0 1
    outer loop
      vertex 32.2944 -19.9405 2.5
      vertex 34.2 -35 2.5
      vertex 32.4021 -19.7708 2.5
    endloop
  endfacet
  facet normal -0 0 1
    outer loop
      vertex 32.1664 -20.0953 2.5
      vertex 34.2 -35 2.5
      vertex 32.2944 -19.9405 2.5
    endloop
  endfacet
  facet normal -0 0 1
    outer loop
      vertex 32.0199 -20.2328 2.5
      vertex 34.2 -35 2.5
      vertex 32.1664 -20.0953 2.5
    endloop
  endfacet
  facet normal -0 0 1
    outer loop
      vertex 31.8573 -20.3509 2.5
      vertex 34.2 -35 2.5
      vertex 32.0199 -20.2328 2.5
    endloop
  endfacet
  facet normal -0 0 1
    outer loop
      vertex 31.6812 -20.4477 2.5
      vertex 34.2 -35 2.5
      vertex 31.8573 -20.3509 2.5
    endloop
  endfacet
  facet normal -0 0 1
    outer loop
      vertex 31.4944 -20.5217 2.5
      vertex 34.2 -35 2.5
      vertex 31.6812 -20.4477 2.5
    endloop
  endfacet
  facet normal -0 0 1
    outer loop
      vertex 31.2998 -20.5717 2.5
      vertex 34.2 -35 2.5
      vertex 31.4944 -20.5217 2.5
    endloop
  endfacet
  facet normal -0 0 1
    outer loop
      vertex 31.1005 -20.5968 2.5
      vertex 34.2 -35 2.5
      vertex 31.2998 -20.5717 2.5
    endloop
  endfacet
  facet normal -0 0 1
    outer loop
      vertex 30.8995 -20.5968 2.5
      vertex 34.2 -35 2.5
      vertex 31.1005 -20.5968 2.5
    endloop
  endfacet
  facet normal 0 0 1
    outer loop
      vertex 30.7002 -20.5717 2.5
      vertex 34.2 -35 2.5
      vertex 30.8995 -20.5968 2.5
    endloop
  endfacet
  facet normal 0 0 1
    outer loop
      vertex 30.5056 -20.5217 2.5
      vertex 34.2 -35 2.5
      vertex 30.7002 -20.5717 2.5
    endloop
  endfacet
  facet normal 0 0 1
    outer loop
      vertex 30.3188 -20.4477 2.5
      vertex 34.2 -35 2.5
      vertex 30.5056 -20.5217 2.5
    endloop
  endfacet
  facet normal 0 0 1
    outer loop
      vertex 16.25 -29.5 2.5
      vertex 30.3188 -20.4477 2.5
      vertex 30.1427 -20.3509 2.5
    endloop
  endfacet
  facet normal 0 0 1
    outer loop
      vertex 16.25 -29.5 2.5
      vertex 30.1427 -20.3509 2.5
      vertex 29.9801 -20.2328 2.5
    endloop
  endfacet
  facet normal 0 0 1
    outer loop
      vertex 16.25 -29.5 2.5
      vertex 29.9801 -20.2328 2.5
      vertex 29.8337 -20.0953 2.5
    endloop
  endfacet
  facet normal 0 0 1
    outer loop
      vertex 16.25 -29.5 2.5
      vertex 29.8337 -20.0953 2.5
      vertex 29.7056 -19.9405 2.5
    endloop
  endfacet
  facet normal 0 0 1
    outer loop
      vertex 16.25 -29.5 2.5
      vertex 29.7056 -19.9405 2.5
      vertex 29.5979 -19.7708 2.5
    endloop
  endfacet
  facet normal 0 0 1
    outer loop
      vertex 16.25 -29.5 2.5
      vertex 29.5979 -19.7708 2.5
      vertex 29.5124 -19.589 2.5
    endloop
  endfacet
  facet normal 0 0 1
    outer loop
      vertex 16.25 -29.5 2.5
      vertex 29.5124 -19.589 2.5
      vertex 29.4503 -19.3979 2.5
    endloop
  endfacet
  facet normal 0 0 1
    outer loop
      vertex 30.3188 -20.4477 2.5
      vertex 16.25 -29.5 2.5
      vertex 34.2 -35 2.5
    endloop
  endfacet
  facet normal 0 0 1
    outer loop
      vertex 16.25 -29.5 2.5
      vertex 29.4503 -19.3979 2.5
      vertex 29.4126 -19.2005 2.5
    endloop
  endfacet
  facet normal 0 0 1
    outer loop
      vertex 16.25 -29.5 2.5
      vertex 29.4126 -19.2005 2.5
      vertex 29.4 -19 2.5
    endloop
  endfacet
  facet normal 0 0 1
    outer loop
      vertex 29.4503 -18.6021 2.5
      vertex 16.25 -29.5 2.5
      vertex 29.4126 -18.7995 2.5
    endloop
  endfacet
  facet normal 0 0 1
    outer loop
      vertex 29.4126 -18.7995 2.5
      vertex 16.25 -29.5 2.5
      vertex 29.4 -19 2.5
    endloop
  endfacet
  facet normal 0 0 1
    outer loop
      vertex 28 41.2 2.5
      vertex -16.25 29.5 2.5
      vertex 16.25 29.5 2.5
    endloop
  endfacet
  facet normal 0 0 1
    outer loop
      vertex -29.4 19 2.5
      vertex -16.25 29.5 2.5
      vertex -28 41.2 2.5
    endloop
  endfacet
  facet normal -0 0 1
    outer loop
      vertex -28 41.2 2.5
      vertex -16.25 29.5 2.5
      vertex 28 41.2 2.5
    endloop
  endfacet
  facet normal 0.707107 0.707107 0
    outer loop
      vertex 34.2 35 2.5
      vertex 28 41.2 -0.0999994
      vertex 28 41.2 2.5
    endloop
  endfacet
  facet normal 0.707107 0.707107 0
    outer loop
      vertex 28 41.2 -0.0999994
      vertex 34.2 35 2.5
      vertex 34.2 35 -0.0999994
    endloop
  endfacet
  facet normal 1 0 0
    outer loop
      vertex 34.2 35 2.5
      vertex 34.2 31.8 0
      vertex 34.2 35 -0.0999994
    endloop
  endfacet
  facet normal 1 0 0
    outer loop
      vertex 34.2 35 2.5
      vertex 34.2 -31.8 0
      vertex 34.2 31.8 0
    endloop
  endfacet
  facet normal 1 -0 0
    outer loop
      vertex 34.2 -35 2.5
      vertex 34.2 -31.8 0
      vertex 34.2 35 2.5
    endloop
  endfacet
  facet normal 1 0 0
    outer loop
      vertex 34.2 -35 -0.0999994
      vertex 34.2 -31.8 0
      vertex 34.2 -35 2.5
    endloop
  endfacet
  facet normal 1 0 0
    outer loop
      vertex 34.2 -31.8 0
      vertex 34.2 -35 -0.0999994
      vertex 34.2 -31.8 -0.0999994
    endloop
  endfacet
  facet normal 1 0 0
    outer loop
      vertex 34.2 35 -0.0999994
      vertex 34.2 31.8 0
      vertex 34.2 31.8 -0.0999994
    endloop
  endfacet
  facet normal -1 0 0
    outer loop
      vertex -34.2 -31.8 -0.0999994
      vertex -34.2 -35 -0.0999994
      vertex -34.2 -31.8 0
    endloop
  endfacet
  facet normal -1 0 0
    outer loop
      vertex -34.2 31.8 0
      vertex -34.2 35 -0.0999994
      vertex -34.2 31.8 -0.0999994
    endloop
  endfacet
  facet normal -1 0 0
    outer loop
      vertex -34.2 35 -0.0999994
      vertex -34.2 31.8 0
      vertex -34.2 35 2.5
    endloop
  endfacet
  facet normal -1 0 0
    outer loop
      vertex -34.2 -31.8 0
      vertex -34.2 35 2.5
      vertex -34.2 31.8 0
    endloop
  endfacet
  facet normal -1 0 0
    outer loop
      vertex -34.2 -35 2.5
      vertex -34.2 -31.8 0
      vertex -34.2 -35 -0.0999994
    endloop
  endfacet
  facet normal -1 0 0
    outer loop
      vertex -34.2 -31.8 0
      vertex -34.2 -35 2.5
      vertex -34.2 35 2.5
    endloop
  endfacet
  facet normal -0.707107 0.707107 0
    outer loop
      vertex -34.2 35 -0.0999994
      vertex -28 41.2 2.5
      vertex -28 41.2 -0.0999994
    endloop
  endfacet
  facet normal -0.707107 0.707107 0
    outer loop
      vertex -28 41.2 2.5
      vertex -34.2 35 -0.0999994
      vertex -34.2 35 2.5
    endloop
  endfacet
  facet normal 0 1 0
    outer loop
      vertex 28 41.2 2.5
      vertex 24.8 41.2 0
      vertex -28 41.2 2.5
    endloop
  endfacet
  facet normal 0 1 -0
    outer loop
      vertex 28 41.2 -0.0999994
      vertex 24.8 41.2 0
      vertex 28 41.2 2.5
    endloop
  endfacet
  facet normal 0 1 0
    outer loop
      vertex 24.8 41.2 0
      vertex 28 41.2 -0.0999994
      vertex 24.8 41.2 -0.0999994
    endloop
  endfacet
  facet normal 0 1 -0
    outer loop
      vertex -24.8 41.2 0
      vertex -28 41.2 2.5
      vertex 24.8 41.2 0
    endloop
  endfacet
  facet normal 0 1 0
    outer loop
      vertex -28 41.2 -0.0999994
      vertex -24.8 41.2 0
      vertex -24.8 41.2 -0.0999994
    endloop
  endfacet
  facet normal 0 1 0
    outer loop
      vertex -24.8 41.2 0
      vertex -28 41.2 -0.0999994
      vertex -28 41.2 2.5
    endloop
  endfacet
  facet normal 0 0 -1
    outer loop
      vertex -34.2 -35 -0.0999994
      vertex -24.8 -41.2 -0.0999994
      vertex -28 -41.2 -0.0999994
    endloop
  endfacet
  facet normal 0 0 -1
    outer loop
      vertex -24.8 -41.2 -0.0999994
      vertex -34.2 -35 -0.0999994
      vertex -34.2 -31.8 -0.0999994
    endloop
  endfacet
  facet normal 0 0 -1
    outer loop
      vertex 28 -41.2 -0.0999994
      vertex 34.2 -31.8 -0.0999994
      vertex 34.2 -35 -0.0999994
    endloop
  endfacet
  facet normal 0 0 -1
    outer loop
      vertex 34.2 -31.8 -0.0999994
      vertex 28 -41.2 -0.0999994
      vertex 24.8 -41.2 -0.0999994
    endloop
  endfacet
  facet normal 0 0 -1
    outer loop
      vertex -34.2 31.8 -0.0999994
      vertex -28 41.2 -0.0999994
      vertex -24.8 41.2 -0.0999994
    endloop
  endfacet
  facet normal 0 0 -1
    outer loop
      vertex -28 41.2 -0.0999994
      vertex -34.2 31.8 -0.0999994
      vertex -34.2 35 -0.0999994
    endloop
  endfacet
  facet normal 0 0 -1
    outer loop
      vertex 34.2 31.8 -0.0999994
      vertex 28 41.2 -0.0999994
      vertex 34.2 35 -0.0999994
    endloop
  endfacet
  facet normal -0 -0 -1
    outer loop
      vertex 28 41.2 -0.0999994
      vertex 34.2 31.8 -0.0999994
      vertex 24.8 41.2 -0.0999994
    endloop
  endfacet
  facet normal 0.707107 -0.707107 0
    outer loop
      vertex 11 -24 -3
      vertex 19 -16 -5.2
      vertex 19 -16 -3
    endloop
  endfacet
  facet normal 0.707107 -0.707107 0
    outer loop
      vertex 19 -16 -5.2
      vertex 11 -24 -3
      vertex 11 -24 -5.2
    endloop
  endfacet
  facet normal 0 -1 0
    outer loop
      vertex -11 -24 -5.2
      vertex 11 -24 -3
      vertex -11 -24 -3
    endloop
  endfacet
  facet normal 0 -1 -0
    outer loop
      vertex 11 -24 -3
      vertex -11 -24 -5.2
      vertex 11 -24 -5.2
    endloop
  endfacet
  facet normal -0.707107 -0.707107 0
    outer loop
      vertex -11 -24 -5.2
      vertex -19 -16 -3
      vertex -19 -16 -5.2
    endloop
  endfacet
  facet normal -0.707107 -0.707107 0
    outer loop
      vertex -19 -16 -3
      vertex -11 -24 -5.2
      vertex -11 -24 -3
    endloop
  endfacet
  facet normal 0.707107 0.707107 0
    outer loop
      vertex 19 16 -3
      vertex 11 24 -5.2
      vertex 11 24 -3
    endloop
  endfacet
  facet normal 0.707107 0.707107 0
    outer loop
      vertex 11 24 -5.2
      vertex 19 16 -3
      vertex 19 16 -5.2
    endloop
  endfacet
  facet normal 1 -0 0
    outer loop
      vertex 19 -16 -3
      vertex 19 16 -5.2
      vertex 19 16 -3
    endloop
  endfacet
  facet normal 1 0 0
    outer loop
      vertex 19 16 -5.2
      vertex 19 -16 -3
      vertex 19 -16 -5.2
    endloop
  endfacet
  facet normal -1 0 0
    outer loop
      vertex -19 -16 -5.2
      vertex -19 16 -3
      vertex -19 16 -5.2
    endloop
  endfacet
  facet normal -1 -0 0
    outer loop
      vertex -19 16 -3
      vertex -19 -16 -5.2
      vertex -19 -16 -3
    endloop
  endfacet
  facet normal -0.707107 0.707107 0
    outer loop
      vertex -19 16 -5.2
      vertex -11 24 -3
      vertex -11 24 -5.2
    endloop
  endfacet
  facet normal -0.707107 0.707107 0
    outer loop
      vertex -11 24 -3
      vertex -19 16 -5.2
      vertex -19 16 -3
    endloop
  endfacet
  facet normal 0 1 -0
    outer loop
      vertex 11 24 -5.2
      vertex -11 24 -3
      vertex 11 24 -3
    endloop
  endfacet
  facet normal 0 1 0
    outer loop
      vertex -11 24 -3
      vertex 11 24 -5.2
      vertex -11 24 -5.2
    endloop
  endfacet
  facet normal -0 0 -1
    outer loop
      vertex 19 -16 -5.2
      vertex 15 -17 -5.2
      vertex 19 16 -5.2
    endloop
  endfacet
  facet normal 0 0 -1
    outer loop
      vertex 11 -24 -5.2
      vertex 15 -17 -5.2
      vertex 19 -16 -5.2
    endloop
  endfacet
  facet normal 0 0 -1
    outer loop
      vertex -11 -24 -5.2
      vertex 15 -17 -5.2
      vertex 11 -24 -5.2
    endloop
  endfacet
  facet normal 0 0 -1
    outer loop
      vertex -11 -24 -5.2
      vertex -15 -17 -5.2
      vertex 15 -17 -5.2
    endloop
  endfacet
  facet normal 0 0 -1
    outer loop
      vertex -15 -17 -5.2
      vertex -19 -16 -5.2
      vertex -15 17 -5.2
    endloop
  endfacet
  facet normal 0 0 -1
    outer loop
      vertex -19 -16 -5.2
      vertex -15 -17 -5.2
      vertex -11 -24 -5.2
    endloop
  endfacet
  facet normal 0 0 -1
    outer loop
      vertex 15 17 -5.2
      vertex 19 16 -5.2
      vertex 15 -17 -5.2
    endloop
  endfacet
  facet normal 0 0 -1
    outer loop
      vertex 15 17 -5.2
      vertex 11 24 -5.2
      vertex 19 16 -5.2
    endloop
  endfacet
  facet normal 0 0 -1
    outer loop
      vertex 15 17 -5.2
      vertex -11 24 -5.2
      vertex 11 24 -5.2
    endloop
  endfacet
  facet normal 0 0 -1
    outer loop
      vertex -15 17 -5.2
      vertex -11 24 -5.2
      vertex 15 17 -5.2
    endloop
  endfacet
  facet normal -0 0 -1
    outer loop
      vertex -15 17 -5.2
      vertex -19 16 -5.2
      vertex -11 24 -5.2
    endloop
  endfacet
  facet normal 0 0 -1
    outer loop
      vertex -19 16 -5.2
      vertex -15 17 -5.2
      vertex -19 -16 -5.2
    endloop
  endfacet
  facet normal -0.998031 0.0627192 0
    outer loop
      vertex 32.5874 -19.2005 -0.4
      vertex 32.6 -19 2.5
      vertex 32.6 -19 -0.4
    endloop
  endfacet
  facet normal -0.998031 0.0627192 0
    outer loop
      vertex 32.6 -19 2.5
      vertex 32.5874 -19.2005 -0.4
      vertex 32.5874 -19.2005 2.5
    endloop
  endfacet
  facet normal 0.998031 0.0627192 0
    outer loop
      vertex 29.4126 -19.2005 2.5
      vertex 29.4 -19 -0.4
      vertex 29.4 -19 2.5
    endloop
  endfacet
  facet normal 0.998031 0.0627192 0
    outer loop
      vertex 29.4 -19 -0.4
      vertex 29.4126 -19.2005 2.5
      vertex 29.4126 -19.2005 -0.4
    endloop
  endfacet
  facet normal 0 1 -0
    outer loop
      vertex 31.1005 -20.5968 -0.4
      vertex 30.8995 -20.5968 2.5
      vertex 31.1005 -20.5968 2.5
    endloop
  endfacet
  facet normal 0 1 0
    outer loop
      vertex 30.8995 -20.5968 2.5
      vertex 31.1005 -20.5968 -0.4
      vertex 30.8995 -20.5968 -0.4
    endloop
  endfacet
  facet normal 0 -1 0
    outer loop
      vertex 30.8995 -17.4032 -0.4
      vertex 31.1005 -17.4032 2.5
      vertex 30.8995 -17.4032 2.5
    endloop
  endfacet
  facet normal 0 -1 -0
    outer loop
      vertex 31.1005 -17.4032 2.5
      vertex 30.8995 -17.4032 -0.4
      vertex 31.1005 -17.4032 -0.4
    endloop
  endfacet
  facet normal -0.684355 0.729149 0
    outer loop
      vertex 32.1664 -20.0953 -0.4
      vertex 32.0199 -20.2328 2.5
      vertex 32.1664 -20.0953 2.5
    endloop
  endfacet
  facet normal -0.684355 0.729149 0
    outer loop
      vertex 32.0199 -20.2328 2.5
      vertex 32.1664 -20.0953 -0.4
      vertex 32.0199 -20.2328 -0.4
    endloop
  endfacet
  facet normal 0.684603 0.728916 -0
    outer loop
      vertex 29.9801 -20.2328 -0.4
      vertex 29.8337 -20.0953 2.5
      vertex 29.9801 -20.2328 2.5
    endloop
  endfacet
  facet normal 0.684603 0.728916 0
    outer loop
      vertex 29.8337 -20.0953 2.5
      vertex 29.9801 -20.2328 -0.4
      vertex 29.8337 -20.0953 -0.4
    endloop
  endfacet
  facet normal 0.368299 0.929707 -0
    outer loop
      vertex 30.5056 -20.5217 -0.4
      vertex 30.3188 -20.4477 2.5
      vertex 30.5056 -20.5217 2.5
    endloop
  endfacet
  facet normal 0.368299 0.929707 0
    outer loop
      vertex 30.3188 -20.4477 2.5
      vertex 30.5056 -20.5217 -0.4
      vertex 30.3188 -20.4477 -0.4
    endloop
  endfacet
  facet normal -0.90492 0.425581 0
    outer loop
      vertex 32.4021 -19.7708 -0.4
      vertex 32.4876 -19.589 2.5
      vertex 32.4876 -19.589 -0.4
    endloop
  endfacet
  facet normal -0.90492 0.425581 0
    outer loop
      vertex 32.4876 -19.589 2.5
      vertex 32.4021 -19.7708 -0.4
      vertex 32.4021 -19.7708 2.5
    endloop
  endfacet
  facet normal -0.844316 0.535845 0
    outer loop
      vertex 32.2944 -19.9405 -0.4
      vertex 32.4021 -19.7708 2.5
      vertex 32.4021 -19.7708 -0.4
    endloop
  endfacet
  facet normal -0.844316 0.535845 0
    outer loop
      vertex 32.4021 -19.7708 2.5
      vertex 32.2944 -19.9405 -0.4
      vertex 32.2944 -19.9405 2.5
    endloop
  endfacet
  facet normal -0.368299 0.929707 0
    outer loop
      vertex 31.6812 -20.4477 -0.4
      vertex 31.4944 -20.5217 2.5
      vertex 31.6812 -20.4477 2.5
    endloop
  endfacet
  facet normal -0.368299 0.929707 0
    outer loop
      vertex 31.4944 -20.5217 2.5
      vertex 31.6812 -20.4477 -0.4
      vertex 31.4944 -20.5217 -0.4
    endloop
  endfacet
  facet normal -0.248854 0.968541 0
    outer loop
      vertex 31.4944 -20.5217 -0.4
      vertex 31.2998 -20.5717 2.5
      vertex 31.4944 -20.5217 2.5
    endloop
  endfacet
  facet normal -0.248854 0.968541 0
    outer loop
      vertex 31.2998 -20.5717 2.5
      vertex 31.4944 -20.5217 -0.4
      vertex 31.2998 -20.5717 -0.4
    endloop
  endfacet
  facet normal -0.587669 0.809102 0
    outer loop
      vertex 32.0199 -20.2328 -0.4
      vertex 31.8573 -20.3509 2.5
      vertex 32.0199 -20.2328 2.5
    endloop
  endfacet
  facet normal -0.587669 0.809102 0
    outer loop
      vertex 31.8573 -20.3509 2.5
      vertex 32.0199 -20.2328 -0.4
      vertex 31.8573 -20.3509 -0.4
    endloop
  endfacet
  facet normal 0.90492 0.425581 0
    outer loop
      vertex 29.5979 -19.7708 2.5
      vertex 29.5124 -19.589 -0.4
      vertex 29.5124 -19.589 2.5
    endloop
  endfacet
  facet normal 0.90492 0.425581 0
    outer loop
      vertex 29.5124 -19.589 -0.4
      vertex 29.5979 -19.7708 2.5
      vertex 29.5979 -19.7708 -0.4
    endloop
  endfacet
  facet normal 0.77042 0.637537 0
    outer loop
      vertex 29.8337 -20.0953 2.5
      vertex 29.7056 -19.9405 -0.4
      vertex 29.7056 -19.9405 2.5
    endloop
  endfacet
  facet normal 0.77042 0.637537 0
    outer loop
      vertex 29.7056 -19.9405 -0.4
      vertex 29.8337 -20.0953 2.5
      vertex 29.8337 -20.0953 -0.4
    endloop
  endfacet
  facet normal 0.481709 0.876331 -0
    outer loop
      vertex 30.3188 -20.4477 -0.4
      vertex 30.1427 -20.3509 2.5
      vertex 30.3188 -20.4477 2.5
    endloop
  endfacet
  facet normal 0.481709 0.876331 0
    outer loop
      vertex 30.1427 -20.3509 2.5
      vertex 30.3188 -20.4477 -0.4
      vertex 30.1427 -20.3509 -0.4
    endloop
  endfacet
  facet normal 0.248854 0.968541 -0
    outer loop
      vertex 30.7002 -20.5717 -0.4
      vertex 30.5056 -20.5217 2.5
      vertex 30.7002 -20.5717 2.5
    endloop
  endfacet
  facet normal 0.248854 0.968541 0
    outer loop
      vertex 30.5056 -20.5217 2.5
      vertex 30.7002 -20.5717 -0.4
      vertex 30.5056 -20.5217 -0.4
    endloop
  endfacet
  facet normal -0.368299 -0.929707 0
    outer loop
      vertex 31.4944 -17.4783 -0.4
      vertex 31.6812 -17.5523 2.5
      vertex 31.4944 -17.4783 2.5
    endloop
  endfacet
  facet normal -0.368299 -0.929707 -0
    outer loop
      vertex 31.6812 -17.5523 2.5
      vertex 31.4944 -17.4783 -0.4
      vertex 31.6812 -17.5523 -0.4
    endloop
  endfacet
  facet normal -0.951045 0.309052 0
    outer loop
      vertex 32.4876 -19.589 -0.4
      vertex 32.5497 -19.3979 2.5
      vertex 32.5497 -19.3979 -0.4
    endloop
  endfacet
  facet normal -0.951045 0.309052 0
    outer loop
      vertex 32.5497 -19.3979 2.5
      vertex 32.4876 -19.589 -0.4
      vertex 32.4876 -19.589 2.5
    endloop
  endfacet
  facet normal -0.982247 0.187592 0
    outer loop
      vertex 32.5497 -19.3979 -0.4
      vertex 32.5874 -19.2005 2.5
      vertex 32.5874 -19.2005 -0.4
    endloop
  endfacet
  facet normal -0.982247 0.187592 0
    outer loop
      vertex 32.5874 -19.2005 2.5
      vertex 32.5497 -19.3979 -0.4
      vertex 32.5497 -19.3979 2.5
    endloop
  endfacet
  facet normal -0.770664 0.637242 0
    outer loop
      vertex 32.1664 -20.0953 -0.4
      vertex 32.2944 -19.9405 2.5
      vertex 32.2944 -19.9405 -0.4
    endloop
  endfacet
  facet normal -0.770664 0.637242 0
    outer loop
      vertex 32.2944 -19.9405 2.5
      vertex 32.1664 -20.0953 -0.4
      vertex 32.1664 -20.0953 2.5
    endloop
  endfacet
  facet normal -0.124954 0.992163 0
    outer loop
      vertex 31.2998 -20.5717 -0.4
      vertex 31.1005 -20.5968 2.5
      vertex 31.2998 -20.5717 2.5
    endloop
  endfacet
  facet normal -0.124954 0.992163 0
    outer loop
      vertex 31.1005 -20.5968 2.5
      vertex 31.2998 -20.5717 -0.4
      vertex 31.1005 -20.5968 -0.4
    endloop
  endfacet
  facet normal -0.481709 0.876331 0
    outer loop
      vertex 31.8573 -20.3509 -0.4
      vertex 31.6812 -20.4477 2.5
      vertex 31.8573 -20.3509 2.5
    endloop
  endfacet
  facet normal -0.481709 0.876331 0
    outer loop
      vertex 31.6812 -20.4477 2.5
      vertex 31.8573 -20.3509 -0.4
      vertex 31.6812 -20.4477 -0.4
    endloop
  endfacet
  facet normal 0.844316 0.535845 0
    outer loop
      vertex 29.7056 -19.9405 2.5
      vertex 29.5979 -19.7708 -0.4
      vertex 29.5979 -19.7708 2.5
    endloop
  endfacet
  facet normal 0.844316 0.535845 0
    outer loop
      vertex 29.5979 -19.7708 -0.4
      vertex 29.7056 -19.9405 2.5
      vertex 29.7056 -19.9405 -0.4
    endloop
  endfacet
  facet normal 0.951045 0.309052 0
    outer loop
      vertex 29.5124 -19.589 2.5
      vertex 29.4503 -19.3979 -0.4
      vertex 29.4503 -19.3979 2.5
    endloop
  endfacet
  facet normal 0.951045 0.309052 0
    outer loop
      vertex 29.4503 -19.3979 -0.4
      vertex 29.5124 -19.589 2.5
      vertex 29.5124 -19.589 -0.4
    endloop
  endfacet
  facet normal 0.982247 0.187592 0
    outer loop
      vertex 29.4503 -19.3979 2.5
      vertex 29.4126 -19.2005 -0.4
      vertex 29.4126 -19.2005 2.5
    endloop
  endfacet
  facet normal 0.982247 0.187592 0
    outer loop
      vertex 29.4126 -19.2005 -0.4
      vertex 29.4503 -19.3979 2.5
      vertex 29.4503 -19.3979 -0.4
    endloop
  endfacet
  facet normal 0.587669 0.809102 -0
    outer loop
      vertex 30.1427 -20.3509 -0.4
      vertex 29.9801 -20.2328 2.5
      vertex 30.1427 -20.3509 2.5
    endloop
  endfacet
  facet normal 0.587669 0.809102 0
    outer loop
      vertex 29.9801 -20.2328 2.5
      vertex 30.1427 -20.3509 -0.4
      vertex 29.9801 -20.2328 -0.4
    endloop
  endfacet
  facet normal 0.124954 0.992163 -0
    outer loop
      vertex 30.8995 -20.5968 -0.4
      vertex 30.7002 -20.5717 2.5
      vertex 30.8995 -20.5968 2.5
    endloop
  endfacet
  facet normal 0.124954 0.992163 0
    outer loop
      vertex 30.7002 -20.5717 2.5
      vertex 30.8995 -20.5968 -0.4
      vertex 30.7002 -20.5717 -0.4
    endloop
  endfacet
  facet normal -0.998031 -0.0627192 0
    outer loop
      vertex 32.6 -19 -0.4
      vertex 32.5874 -18.7995 2.5
      vertex 32.5874 -18.7995 -0.4
    endloop
  endfacet
  facet normal -0.998031 -0.0627192 0
    outer loop
      vertex 32.5874 -18.7995 2.5
      vertex 32.6 -19 -0.4
      vertex 32.6 -19 2.5
    endloop
  endfacet
  facet normal -0.951045 -0.309052 0
    outer loop
      vertex 32.5497 -18.6021 -0.4
      vertex 32.4876 -18.411 2.5
      vertex 32.4876 -18.411 -0.4
    endloop
  endfacet
  facet normal -0.951045 -0.309052 0
    outer loop
      vertex 32.4876 -18.411 2.5
      vertex 32.5497 -18.6021 -0.4
      vertex 32.5497 -18.6021 2.5
    endloop
  endfacet
  facet normal -0.982247 -0.187592 0
    outer loop
      vertex 32.5874 -18.7995 -0.4
      vertex 32.5497 -18.6021 2.5
      vertex 32.5497 -18.6021 -0.4
    endloop
  endfacet
  facet normal -0.982247 -0.187592 0
    outer loop
      vertex 32.5497 -18.6021 2.5
      vertex 32.5874 -18.7995 -0.4
      vertex 32.5874 -18.7995 2.5
    endloop
  endfacet
  facet normal 0.90492 -0.425581 0
    outer loop
      vertex 29.5124 -18.411 2.5
      vertex 29.5979 -18.2292 -0.4
      vertex 29.5979 -18.2292 2.5
    endloop
  endfacet
  facet normal 0.90492 -0.425581 0
    outer loop
      vertex 29.5979 -18.2292 -0.4
      vertex 29.5124 -18.411 2.5
      vertex 29.5124 -18.411 -0.4
    endloop
  endfacet
  facet normal 0.77042 -0.637537 0
    outer loop
      vertex 29.7056 -18.0595 2.5
      vertex 29.8337 -17.9047 -0.4
      vertex 29.8337 -17.9047 2.5
    endloop
  endfacet
  facet normal 0.77042 -0.637537 0
    outer loop
      vertex 29.8337 -17.9047 -0.4
      vertex 29.7056 -18.0595 2.5
      vertex 29.7056 -18.0595 -0.4
    endloop
  endfacet
  facet normal -0.587669 -0.809102 0
    outer loop
      vertex 31.8573 -17.6491 -0.4
      vertex 32.0199 -17.7672 2.5
      vertex 31.8573 -17.6491 2.5
    endloop
  endfacet
  facet normal -0.587669 -0.809102 -0
    outer loop
      vertex 32.0199 -17.7672 2.5
      vertex 31.8573 -17.6491 -0.4
      vertex 32.0199 -17.7672 -0.4
    endloop
  endfacet
  facet normal 0.248854 -0.968541 0
    outer loop
      vertex 30.5056 -17.4783 -0.4
      vertex 30.7002 -17.4283 2.5
      vertex 30.5056 -17.4783 2.5
    endloop
  endfacet
  facet normal 0.248854 -0.968541 0
    outer loop
      vertex 30.7002 -17.4283 2.5
      vertex 30.5056 -17.4783 -0.4
      vertex 30.7002 -17.4283 -0.4
    endloop
  endfacet
  facet normal 0.982247 -0.187592 0
    outer loop
      vertex 29.4126 -18.7995 2.5
      vertex 29.4503 -18.6021 -0.4
      vertex 29.4503 -18.6021 2.5
    endloop
  endfacet
  facet normal 0.982247 -0.187592 0
    outer loop
      vertex 29.4503 -18.6021 -0.4
      vertex 29.4126 -18.7995 2.5
      vertex 29.4126 -18.7995 -0.4
    endloop
  endfacet
  facet normal 0.998031 -0.0627192 0
    outer loop
      vertex 29.4 -19 2.5
      vertex 29.4126 -18.7995 -0.4
      vertex 29.4126 -18.7995 2.5
    endloop
  endfacet
  facet normal 0.998031 -0.0627192 0
    outer loop
      vertex 29.4126 -18.7995 -0.4
      vertex 29.4 -19 2.5
      vertex 29.4 -19 -0.4
    endloop
  endfacet
  facet normal 0.951045 -0.309052 0
    outer loop
      vertex 29.4503 -18.6021 2.5
      vertex 29.5124 -18.411 -0.4
      vertex 29.5124 -18.411 2.5
    endloop
  endfacet
  facet normal 0.951045 -0.309052 0
    outer loop
      vertex 29.5124 -18.411 -0.4
      vertex 29.4503 -18.6021 2.5
      vertex 29.4503 -18.6021 -0.4
    endloop
  endfacet
  facet normal -0.770664 -0.637242 0
    outer loop
      vertex 32.2944 -18.0595 -0.4
      vertex 32.1664 -17.9047 2.5
      vertex 32.1664 -17.9047 -0.4
    endloop
  endfacet
  facet normal -0.770664 -0.637242 0
    outer loop
      vertex 32.1664 -17.9047 2.5
      vertex 32.2944 -18.0595 -0.4
      vertex 32.2944 -18.0595 2.5
    endloop
  endfacet
  facet normal -0.481709 -0.876331 0
    outer loop
      vertex 31.6812 -17.5523 -0.4
      vertex 31.8573 -17.6491 2.5
      vertex 31.6812 -17.5523 2.5
    endloop
  endfacet
  facet normal -0.481709 -0.876331 -0
    outer loop
      vertex 31.8573 -17.6491 2.5
      vertex 31.6812 -17.5523 -0.4
      vertex 31.8573 -17.6491 -0.4
    endloop
  endfacet
  facet normal -0.90492 -0.425581 0
    outer loop
      vertex 32.4876 -18.411 -0.4
      vertex 32.4021 -18.2292 2.5
      vertex 32.4021 -18.2292 -0.4
    endloop
  endfacet
  facet normal -0.90492 -0.425581 0
    outer loop
      vertex 32.4021 -18.2292 2.5
      vertex 32.4876 -18.411 -0.4
      vertex 32.4876 -18.411 2.5
    endloop
  endfacet
  facet normal -0.844316 -0.535845 0
    outer loop
      vertex 32.4021 -18.2292 -0.4
      vertex 32.2944 -18.0595 2.5
      vertex 32.2944 -18.0595 -0.4
    endloop
  endfacet
  facet normal -0.844316 -0.535845 0
    outer loop
      vertex 32.2944 -18.0595 2.5
      vertex 32.4021 -18.2292 -0.4
      vertex 32.4021 -18.2292 2.5
    endloop
  endfacet
  facet normal 0.124954 -0.992163 0
    outer loop
      vertex 30.7002 -17.4283 -0.4
      vertex 30.8995 -17.4032 2.5
      vertex 30.7002 -17.4283 2.5
    endloop
  endfacet
  facet normal 0.124954 -0.992163 0
    outer loop
      vertex 30.8995 -17.4032 2.5
      vertex 30.7002 -17.4283 -0.4
      vertex 30.8995 -17.4032 -0.4
    endloop
  endfacet
  facet normal 0.368299 -0.929707 0
    outer loop
      vertex 30.3188 -17.5523 -0.4
      vertex 30.5056 -17.4783 2.5
      vertex 30.3188 -17.5523 2.5
    endloop
  endfacet
  facet normal 0.368299 -0.929707 0
    outer loop
      vertex 30.5056 -17.4783 2.5
      vertex 30.3188 -17.5523 -0.4
      vertex 30.5056 -17.4783 -0.4
    endloop
  endfacet
  facet normal 0.844316 -0.535845 0
    outer loop
      vertex 29.5979 -18.2292 2.5
      vertex 29.7056 -18.0595 -0.4
      vertex 29.7056 -18.0595 2.5
    endloop
  endfacet
  facet normal 0.844316 -0.535845 0
    outer loop
      vertex 29.7056 -18.0595 -0.4
      vertex 29.5979 -18.2292 2.5
      vertex 29.5979 -18.2292 -0.4
    endloop
  endfacet
  facet normal -0.684355 -0.729149 0
    outer loop
      vertex 32.0199 -17.7672 -0.4
      vertex 32.1664 -17.9047 2.5
      vertex 32.0199 -17.7672 2.5
    endloop
  endfacet
  facet normal -0.684355 -0.729149 -0
    outer loop
      vertex 32.1664 -17.9047 2.5
      vertex 32.0199 -17.7672 -0.4
      vertex 32.1664 -17.9047 -0.4
    endloop
  endfacet
  facet normal -0.248854 -0.968541 0
    outer loop
      vertex 31.2998 -17.4283 -0.4
      vertex 31.4944 -17.4783 2.5
      vertex 31.2998 -17.4283 2.5
    endloop
  endfacet
  facet normal -0.248854 -0.968541 -0
    outer loop
      vertex 31.4944 -17.4783 2.5
      vertex 31.2998 -17.4283 -0.4
      vertex 31.4944 -17.4783 -0.4
    endloop
  endfacet
  facet normal -0.124954 -0.992163 0
    outer loop
      vertex 31.1005 -17.4032 -0.4
      vertex 31.2998 -17.4283 2.5
      vertex 31.1005 -17.4032 2.5
    endloop
  endfacet
  facet normal -0.124954 -0.992163 -0
    outer loop
      vertex 31.2998 -17.4283 2.5
      vertex 31.1005 -17.4032 -0.4
      vertex 31.2998 -17.4283 -0.4
    endloop
  endfacet
  facet normal 0.481709 -0.876331 0
    outer loop
      vertex 30.1427 -17.6491 -0.4
      vertex 30.3188 -17.5523 2.5
      vertex 30.1427 -17.6491 2.5
    endloop
  endfacet
  facet normal 0.481709 -0.876331 0
    outer loop
      vertex 30.3188 -17.5523 2.5
      vertex 30.1427 -17.6491 -0.4
      vertex 30.3188 -17.5523 -0.4
    endloop
  endfacet
  facet normal 0.587669 -0.809102 0
    outer loop
      vertex 29.9801 -17.7672 -0.4
      vertex 30.1427 -17.6491 2.5
      vertex 29.9801 -17.7672 2.5
    endloop
  endfacet
  facet normal 0.587669 -0.809102 0
    outer loop
      vertex 30.1427 -17.6491 2.5
      vertex 29.9801 -17.7672 -0.4
      vertex 30.1427 -17.6491 -0.4
    endloop
  endfacet
  facet normal 0.684603 -0.728916 0
    outer loop
      vertex 29.8337 -17.9047 -0.4
      vertex 29.9801 -17.7672 2.5
      vertex 29.8337 -17.9047 2.5
    endloop
  endfacet
  facet normal 0.684603 -0.728916 0
    outer loop
      vertex 29.9801 -17.7672 2.5
      vertex 29.8337 -17.9047 -0.4
      vertex 29.9801 -17.7672 -0.4
    endloop
  endfacet
  facet normal -0.998034 0.0626822 0
    outer loop
      vertex 34.0756 -19.3885 -3
      vertex 34.1 -19 -0.4
      vertex 34.1 -19 -3
    endloop
  endfacet
  facet normal -0.998034 0.0626822 0
    outer loop
      vertex 34.1 -19 -0.4
      vertex 34.0756 -19.3885 -3
      vertex 34.0756 -19.3885 -0.4
    endloop
  endfacet
  facet normal 0.998034 0.0626822 0
    outer loop
      vertex 27.9244 -19.3885 -0.4
      vertex 27.9 -19 -3
      vertex 27.9 -19 -0.4
    endloop
  endfacet
  facet normal 0.998034 0.0626822 0
    outer loop
      vertex 27.9 -19 -3
      vertex 27.9244 -19.3885 -0.4
      vertex 27.9244 -19.3885 -3
    endloop
  endfacet
  facet normal 0 1 -0
    outer loop
      vertex 31.1946 -22.0939 -3
      vertex 30.8054 -22.0939 -0.4
      vertex 31.1946 -22.0939 -0.4
    endloop
  endfacet
  facet normal 0 1 0
    outer loop
      vertex 30.8054 -22.0939 -0.4
      vertex 31.1946 -22.0939 -3
      vertex 30.8054 -22.0939 -3
    endloop
  endfacet
  facet normal 0 -1 0
    outer loop
      vertex 30.8054 -15.9061 -3
      vertex 31.1946 -15.9061 -0.4
      vertex 30.8054 -15.9061 -0.4
    endloop
  endfacet
  facet normal 0 -1 -0
    outer loop
      vertex 31.1946 -15.9061 -0.4
      vertex 30.8054 -15.9061 -3
      vertex 31.1946 -15.9061 -3
    endloop
  endfacet
  facet normal -0.770616 -0.6373 0
    outer loop
      vertex 33.5079 -17.1779 -3
      vertex 33.2598 -16.8779 -0.4
      vertex 33.2598 -16.8779 -3
    endloop
  endfacet
  facet normal -0.770616 -0.6373 0
    outer loop
      vertex 33.2598 -16.8779 -0.4
      vertex 33.5079 -17.1779 -3
      vertex 33.5079 -17.1779 -0.4
    endloop
  endfacet
  facet normal -0.684539 0.728976 0
    outer loop
      vertex 33.2598 -21.1221 -3
      vertex 32.976 -21.3886 -0.4
      vertex 33.2598 -21.1221 -0.4
    endloop
  endfacet
  facet normal -0.684539 0.728976 0
    outer loop
      vertex 32.976 -21.3886 -0.4
      vertex 33.2598 -21.1221 -3
      vertex 32.976 -21.3886 -3
    endloop
  endfacet
  facet normal 0.684539 0.728976 -0
    outer loop
      vertex 29.024 -21.3886 -3
      vertex 28.7402 -21.1221 -0.4
      vertex 29.024 -21.3886 -0.4
    endloop
  endfacet
  facet normal 0.684539 0.728976 0
    outer loop
      vertex 28.7402 -21.1221 -0.4
      vertex 29.024 -21.3886 -3
      vertex 28.7402 -21.1221 -3
    endloop
  endfacet
  facet normal 0.368155 0.929764 -0
    outer loop
      vertex 30.042 -21.9483 -3
      vertex 29.6801 -21.805 -0.4
      vertex 30.042 -21.9483 -0.4
    endloop
  endfacet
  facet normal 0.368155 0.929764 0
    outer loop
      vertex 29.6801 -21.805 -0.4
      vertex 30.042 -21.9483 -3
      vertex 29.6801 -21.805 -3
    endloop
  endfacet
  facet normal -0.90476 0.425921 0
    outer loop
      vertex 33.7165 -20.4934 -3
      vertex 33.8823 -20.1412 -0.4
      vertex 33.8823 -20.1412 -3
    endloop
  endfacet
  facet normal -0.90476 0.425921 0
    outer loop
      vertex 33.8823 -20.1412 -0.4
      vertex 33.7165 -20.4934 -3
      vertex 33.7165 -20.4934 -0.4
    endloop
  endfacet
  facet normal -0.844327 0.535828 0
    outer loop
      vertex 33.5079 -20.8221 -3
      vertex 33.7165 -20.4934 -0.4
      vertex 33.7165 -20.4934 -3
    endloop
  endfacet
  facet normal -0.844327 0.535828 0
    outer loop
      vertex 33.7165 -20.4934 -0.4
      vertex 33.5079 -20.8221 -3
      vertex 33.5079 -20.8221 -0.4
    endloop
  endfacet
  facet normal -0.368155 0.929764 0
    outer loop
      vertex 32.3199 -21.805 -3
      vertex 31.958 -21.9483 -0.4
      vertex 32.3199 -21.805 -0.4
    endloop
  endfacet
  facet normal -0.368155 0.929764 0
    outer loop
      vertex 31.958 -21.9483 -0.4
      vertex 32.3199 -21.805 -3
      vertex 31.958 -21.9483 -3
    endloop
  endfacet
  facet normal -0.587805 0.809003 0
    outer loop
      vertex 32.976 -21.3886 -3
      vertex 32.6611 -21.6174 -0.4
      vertex 32.976 -21.3886 -0.4
    endloop
  endfacet
  facet normal -0.587805 0.809003 0
    outer loop
      vertex 32.6611 -21.6174 -0.4
      vertex 32.976 -21.3886 -3
      vertex 32.6611 -21.6174 -3
    endloop
  endfacet
  facet normal 0.844443 0.535645 0
    outer loop
      vertex 28.492 -20.8221 -0.4
      vertex 28.2835 -20.4934 -3
      vertex 28.2835 -20.4934 -0.4
    endloop
  endfacet
  facet normal 0.844443 0.535645 0
    outer loop
      vertex 28.2835 -20.4934 -3
      vertex 28.492 -20.8221 -0.4
      vertex 28.492 -20.8221 -3
    endloop
  endfacet
  facet normal 0.77049 0.637452 0
    outer loop
      vertex 28.7402 -21.1221 -0.4
      vertex 28.492 -20.8221 -3
      vertex 28.492 -20.8221 -0.4
    endloop
  endfacet
  facet normal 0.77049 0.637452 0
    outer loop
      vertex 28.492 -20.8221 -3
      vertex 28.7402 -21.1221 -0.4
      vertex 28.7402 -21.1221 -3
    endloop
  endfacet
  facet normal 0.95107 0.308976 0
    outer loop
      vertex 28.1177 -20.1412 -0.4
      vertex 27.9974 -19.7709 -3
      vertex 27.9974 -19.7709 -0.4
    endloop
  endfacet
  facet normal 0.95107 0.308976 0
    outer loop
      vertex 27.9974 -19.7709 -3
      vertex 28.1177 -20.1412 -0.4
      vertex 28.1177 -20.1412 -3
    endloop
  endfacet
  facet normal 0.587805 0.809003 -0
    outer loop
      vertex 29.3389 -21.6174 -3
      vertex 29.024 -21.3886 -0.4
      vertex 29.3389 -21.6174 -0.4
    endloop
  endfacet
  facet normal 0.587805 0.809003 0
    outer loop
      vertex 29.024 -21.3886 -0.4
      vertex 29.3389 -21.6174 -3
      vertex 29.024 -21.3886 -3
    endloop
  endfacet
  facet normal 0.248635 0.968597 -0
    outer loop
      vertex 30.4191 -22.0451 -3
      vertex 30.042 -21.9483 -0.4
      vertex 30.4191 -22.0451 -0.4
    endloop
  endfacet
  facet normal 0.248635 0.968597 0
    outer loop
      vertex 30.042 -21.9483 -0.4
      vertex 30.4191 -22.0451 -3
      vertex 30.042 -21.9483 -3
    endloop
  endfacet
  facet normal -0.368155 -0.929764 0
    outer loop
      vertex 31.958 -16.0517 -3
      vertex 32.3199 -16.195 -0.4
      vertex 31.958 -16.0517 -0.4
    endloop
  endfacet
  facet normal -0.368155 -0.929764 -0
    outer loop
      vertex 32.3199 -16.195 -0.4
      vertex 31.958 -16.0517 -3
      vertex 32.3199 -16.195 -3
    endloop
  endfacet
  facet normal -0.95107 0.308976 0
    outer loop
      vertex 33.8823 -20.1412 -3
      vertex 34.0026 -19.7709 -0.4
      vertex 34.0026 -19.7709 -3
    endloop
  endfacet
  facet normal -0.95107 0.308976 0
    outer loop
      vertex 34.0026 -19.7709 -0.4
      vertex 33.8823 -20.1412 -3
      vertex 33.8823 -20.1412 -0.4
    endloop
  endfacet
  facet normal -0.982262 0.187513 0
    outer loop
      vertex 34.0026 -19.7709 -3
      vertex 34.0756 -19.3885 -0.4
      vertex 34.0756 -19.3885 -3
    endloop
  endfacet
  facet normal -0.982262 0.187513 0
    outer loop
      vertex 34.0756 -19.3885 -0.4
      vertex 34.0026 -19.7709 -3
      vertex 34.0026 -19.7709 -0.4
    endloop
  endfacet
  facet normal -0.770616 0.6373 0
    outer loop
      vertex 33.2598 -21.1221 -3
      vertex 33.5079 -20.8221 -0.4
      vertex 33.5079 -20.8221 -3
    endloop
  endfacet
  facet normal -0.770616 0.6373 0
    outer loop
      vertex 33.5079 -20.8221 -0.4
      vertex 33.2598 -21.1221 -3
      vertex 33.2598 -21.1221 -0.4
    endloop
  endfacet
  facet normal -0.248635 0.968597 0
    outer loop
      vertex 31.958 -21.9483 -3
      vertex 31.5809 -22.0451 -0.4
      vertex 31.958 -21.9483 -0.4
    endloop
  endfacet
  facet normal -0.248635 0.968597 0
    outer loop
      vertex 31.5809 -22.0451 -0.4
      vertex 31.958 -21.9483 -3
      vertex 31.5809 -22.0451 -3
    endloop
  endfacet
  facet normal -0.125331 0.992115 0
    outer loop
      vertex 31.5809 -22.0451 -3
      vertex 31.1946 -22.0939 -0.4
      vertex 31.5809 -22.0451 -0.4
    endloop
  endfacet
  facet normal -0.125331 0.992115 0
    outer loop
      vertex 31.1946 -22.0939 -0.4
      vertex 31.5809 -22.0451 -3
      vertex 31.1946 -22.0939 -3
    endloop
  endfacet
  facet normal -0.4818 0.876281 0
    outer loop
      vertex 32.6611 -21.6174 -3
      vertex 32.3199 -21.805 -0.4
      vertex 32.6611 -21.6174 -0.4
    endloop
  endfacet
  facet normal -0.4818 0.876281 0
    outer loop
      vertex 32.3199 -21.805 -0.4
      vertex 32.6611 -21.6174 -3
      vertex 32.3199 -21.805 -3
    endloop
  endfacet
  facet normal 0.90476 0.425921 0
    outer loop
      vertex 28.2835 -20.4934 -0.4
      vertex 28.1177 -20.1412 -3
      vertex 28.1177 -20.1412 -0.4
    endloop
  endfacet
  facet normal 0.90476 0.425921 0
    outer loop
      vertex 28.1177 -20.1412 -3
      vertex 28.2835 -20.4934 -0.4
      vertex 28.2835 -20.4934 -3
    endloop
  endfacet
  facet normal 0.982262 0.187513 0
    outer loop
      vertex 27.9974 -19.7709 -0.4
      vertex 27.9244 -19.3885 -3
      vertex 27.9244 -19.3885 -0.4
    endloop
  endfacet
  facet normal 0.982262 0.187513 0
    outer loop
      vertex 27.9244 -19.3885 -3
      vertex 27.9974 -19.7709 -0.4
      vertex 27.9974 -19.7709 -3
    endloop
  endfacet
  facet normal 0.4818 0.876281 -0
    outer loop
      vertex 29.6801 -21.805 -3
      vertex 29.3389 -21.6174 -0.4
      vertex 29.6801 -21.805 -0.4
    endloop
  endfacet
  facet normal 0.4818 0.876281 0
    outer loop
      vertex 29.3389 -21.6174 -0.4
      vertex 29.6801 -21.805 -3
      vertex 29.3389 -21.6174 -3
    endloop
  endfacet
  facet normal 0.125331 0.992115 -0
    outer loop
      vertex 30.8054 -22.0939 -3
      vertex 30.4191 -22.0451 -0.4
      vertex 30.8054 -22.0939 -0.4
    endloop
  endfacet
  facet normal 0.125331 0.992115 0
    outer loop
      vertex 30.4191 -22.0451 -0.4
      vertex 30.8054 -22.0939 -3
      vertex 30.4191 -22.0451 -3
    endloop
  endfacet
  facet normal -0.95107 -0.308976 0
    outer loop
      vertex 34.0026 -18.2291 -3
      vertex 33.8823 -17.8588 -0.4
      vertex 33.8823 -17.8588 -3
    endloop
  endfacet
  facet normal -0.95107 -0.308976 0
    outer loop
      vertex 33.8823 -17.8588 -0.4
      vertex 34.0026 -18.2291 -3
      vertex 34.0026 -18.2291 -0.4
    endloop
  endfacet
  facet normal -0.982262 -0.187513 0
    outer loop
      vertex 34.0756 -18.6115 -3
      vertex 34.0026 -18.2291 -0.4
      vertex 34.0026 -18.2291 -3
    endloop
  endfacet
  facet normal -0.982262 -0.187513 0
    outer loop
      vertex 34.0026 -18.2291 -0.4
      vertex 34.0756 -18.6115 -3
      vertex 34.0756 -18.6115 -0.4
    endloop
  endfacet
  facet normal 0 0 -1
    outer loop
      vertex 32.6 -19 -0.4
      vertex 34.1 -19 -0.4
      vertex 34.0756 -19.3885 -0.4
    endloop
  endfacet
  facet normal 0 0 -1
    outer loop
      vertex 32.5874 -19.2005 -0.4
      vertex 34.0756 -19.3885 -0.4
      vertex 34.0026 -19.7709 -0.4
    endloop
  endfacet
  facet normal 0 0 -1
    outer loop
      vertex 34.1 -19 -0.4
      vertex 32.6 -19 -0.4
      vertex 34.0756 -18.6115 -0.4
    endloop
  endfacet
  facet normal 0 0 -1
    outer loop
      vertex 32.5497 -19.3979 -0.4
      vertex 34.0026 -19.7709 -0.4
      vertex 33.8823 -20.1412 -0.4
    endloop
  endfacet
  facet normal 0 0 -1
    outer loop
      vertex 32.5874 -18.7995 -0.4
      vertex 34.0756 -18.6115 -0.4
      vertex 32.6 -19 -0.4
    endloop
  endfacet
  facet normal 0 0 -1
    outer loop
      vertex 32.4876 -19.589 -0.4
      vertex 33.8823 -20.1412 -0.4
      vertex 33.7165 -20.4934 -0.4
    endloop
  endfacet
  facet normal -0 0 -1
    outer loop
      vertex 34.0756 -18.6115 -0.4
      vertex 32.5874 -18.7995 -0.4
      vertex 34.0026 -18.2291 -0.4
    endloop
  endfacet
  facet normal 0 0 -1
    outer loop
      vertex 32.4021 -19.7708 -0.4
      vertex 33.7165 -20.4934 -0.4
      vertex 33.5079 -20.8221 -0.4
    endloop
  endfacet
  facet normal 0 0 -1
    outer loop
      vertex 32.5497 -18.6021 -0.4
      vertex 34.0026 -18.2291 -0.4
      vertex 32.5874 -18.7995 -0.4
    endloop
  endfacet
  facet normal 0 0 -1
    outer loop
      vertex 32.2944 -19.9405 -0.4
      vertex 33.5079 -20.8221 -0.4
      vertex 33.2598 -21.1221 -0.4
    endloop
  endfacet
  facet normal -0 0 -1
    outer loop
      vertex 34.0026 -18.2291 -0.4
      vertex 32.5497 -18.6021 -0.4
      vertex 33.8823 -17.8588 -0.4
    endloop
  endfacet
  facet normal 0 0 -1
    outer loop
      vertex 32.1664 -20.0953 -0.4
      vertex 33.2598 -21.1221 -0.4
      vertex 32.976 -21.3886 -0.4
    endloop
  endfacet
  facet normal 0 0 -1
    outer loop
      vertex 32.4876 -18.411 -0.4
      vertex 33.8823 -17.8588 -0.4
      vertex 32.5497 -18.6021 -0.4
    endloop
  endfacet
  facet normal 0 0 -1
    outer loop
      vertex 32.0199 -20.2328 -0.4
      vertex 32.976 -21.3886 -0.4
      vertex 32.6611 -21.6174 -0.4
    endloop
  endfacet
  facet normal -0 0 -1
    outer loop
      vertex 33.8823 -17.8588 -0.4
      vertex 32.4876 -18.411 -0.4
      vertex 33.7165 -17.5066 -0.4
    endloop
  endfacet
  facet normal 0 0 -1
    outer loop
      vertex 32.4021 -18.2292 -0.4
      vertex 33.7165 -17.5066 -0.4
      vertex 32.4876 -18.411 -0.4
    endloop
  endfacet
  facet normal 0 0 -1
    outer loop
      vertex 34.0756 -19.3885 -0.4
      vertex 32.5874 -19.2005 -0.4
      vertex 32.6 -19 -0.4
    endloop
  endfacet
  facet normal 0 0 -1
    outer loop
      vertex 34.0026 -19.7709 -0.4
      vertex 32.5497 -19.3979 -0.4
      vertex 32.5874 -19.2005 -0.4
    endloop
  endfacet
  facet normal 0 0 -1
    outer loop
      vertex 33.8823 -20.1412 -0.4
      vertex 32.4876 -19.589 -0.4
      vertex 32.5497 -19.3979 -0.4
    endloop
  endfacet
  facet normal 0 0 -1
    outer loop
      vertex 33.7165 -20.4934 -0.4
      vertex 32.4021 -19.7708 -0.4
      vertex 32.4876 -19.589 -0.4
    endloop
  endfacet
  facet normal 0 0 -1
    outer loop
      vertex 31.8573 -20.3509 -0.4
      vertex 32.6611 -21.6174 -0.4
      vertex 32.3199 -21.805 -0.4
    endloop
  endfacet
  facet normal 0 0 -1
    outer loop
      vertex 33.5079 -20.8221 -0.4
      vertex 32.2944 -19.9405 -0.4
      vertex 32.4021 -19.7708 -0.4
    endloop
  endfacet
  facet normal 0 0 -1
    outer loop
      vertex 33.2598 -21.1221 -0.4
      vertex 32.1664 -20.0953 -0.4
      vertex 32.2944 -19.9405 -0.4
    endloop
  endfacet
  facet normal 0 0 -1
    outer loop
      vertex 32.976 -21.3886 -0.4
      vertex 32.0199 -20.2328 -0.4
      vertex 32.1664 -20.0953 -0.4
    endloop
  endfacet
  facet normal 0 0 -1
    outer loop
      vertex 31.6812 -20.4477 -0.4
      vertex 32.3199 -21.805 -0.4
      vertex 31.958 -21.9483 -0.4
    endloop
  endfacet
  facet normal 0 0 -1
    outer loop
      vertex 32.6611 -21.6174 -0.4
      vertex 31.8573 -20.3509 -0.4
      vertex 32.0199 -20.2328 -0.4
    endloop
  endfacet
  facet normal 0 0 -1
    outer loop
      vertex 32.3199 -21.805 -0.4
      vertex 31.6812 -20.4477 -0.4
      vertex 31.8573 -20.3509 -0.4
    endloop
  endfacet
  facet normal 0 0 -1
    outer loop
      vertex 31.4944 -20.5217 -0.4
      vertex 31.958 -21.9483 -0.4
      vertex 31.5809 -22.0451 -0.4
    endloop
  endfacet
  facet normal 0 0 -1
    outer loop
      vertex 31.958 -21.9483 -0.4
      vertex 31.4944 -20.5217 -0.4
      vertex 31.6812 -20.4477 -0.4
    endloop
  endfacet
  facet normal 0 0 -1
    outer loop
      vertex 31.5809 -22.0451 -0.4
      vertex 31.2998 -20.5717 -0.4
      vertex 31.4944 -20.5217 -0.4
    endloop
  endfacet
  facet normal 0 0 -1
    outer loop
      vertex 31.1946 -22.0939 -0.4
      vertex 31.2998 -20.5717 -0.4
      vertex 31.5809 -22.0451 -0.4
    endloop
  endfacet
  facet normal 0 0 -1
    outer loop
      vertex 31.1946 -22.0939 -0.4
      vertex 31.1005 -20.5968 -0.4
      vertex 31.2998 -20.5717 -0.4
    endloop
  endfacet
  facet normal 0 0 -1
    outer loop
      vertex 31.1946 -22.0939 -0.4
      vertex 30.8995 -20.5968 -0.4
      vertex 31.1005 -20.5968 -0.4
    endloop
  endfacet
  facet normal 0 0 -1
    outer loop
      vertex 30.8054 -22.0939 -0.4
      vertex 30.8995 -20.5968 -0.4
      vertex 31.1946 -22.0939 -0.4
    endloop
  endfacet
  facet normal 0 0 -1
    outer loop
      vertex 30.8054 -22.0939 -0.4
      vertex 30.7002 -20.5717 -0.4
      vertex 30.8995 -20.5968 -0.4
    endloop
  endfacet
  facet normal 0 0 -1
    outer loop
      vertex 30.4191 -22.0451 -0.4
      vertex 30.7002 -20.5717 -0.4
      vertex 30.8054 -22.0939 -0.4
    endloop
  endfacet
  facet normal -0 0 -1
    outer loop
      vertex 30.7002 -20.5717 -0.4
      vertex 30.4191 -22.0451 -0.4
      vertex 30.5056 -20.5217 -0.4
    endloop
  endfacet
  facet normal 0 0 -1
    outer loop
      vertex 30.042 -21.9483 -0.4
      vertex 30.5056 -20.5217 -0.4
      vertex 30.4191 -22.0451 -0.4
    endloop
  endfacet
  facet normal -0 0 -1
    outer loop
      vertex 30.5056 -20.5217 -0.4
      vertex 30.042 -21.9483 -0.4
      vertex 30.3188 -20.4477 -0.4
    endloop
  endfacet
  facet normal 0 0 -1
    outer loop
      vertex 29.6801 -21.805 -0.4
      vertex 30.3188 -20.4477 -0.4
      vertex 30.042 -21.9483 -0.4
    endloop
  endfacet
  facet normal -0 0 -1
    outer loop
      vertex 30.3188 -20.4477 -0.4
      vertex 29.6801 -21.805 -0.4
      vertex 30.1427 -20.3509 -0.4
    endloop
  endfacet
  facet normal 0 0 -1
    outer loop
      vertex 29.3389 -21.6174 -0.4
      vertex 30.1427 -20.3509 -0.4
      vertex 29.6801 -21.805 -0.4
    endloop
  endfacet
  facet normal -0 0 -1
    outer loop
      vertex 30.1427 -20.3509 -0.4
      vertex 29.3389 -21.6174 -0.4
      vertex 29.9801 -20.2328 -0.4
    endloop
  endfacet
  facet normal 0 0 -1
    outer loop
      vertex 29.024 -21.3886 -0.4
      vertex 29.9801 -20.2328 -0.4
      vertex 29.3389 -21.6174 -0.4
    endloop
  endfacet
  facet normal -0 0 -1
    outer loop
      vertex 29.9801 -20.2328 -0.4
      vertex 29.024 -21.3886 -0.4
      vertex 29.8337 -20.0953 -0.4
    endloop
  endfacet
  facet normal 0 0 -1
    outer loop
      vertex 28.7402 -21.1221 -0.4
      vertex 29.8337 -20.0953 -0.4
      vertex 29.024 -21.3886 -0.4
    endloop
  endfacet
  facet normal -0 0 -1
    outer loop
      vertex 29.8337 -20.0953 -0.4
      vertex 28.7402 -21.1221 -0.4
      vertex 29.7056 -19.9405 -0.4
    endloop
  endfacet
  facet normal 0 0 -1
    outer loop
      vertex 28.492 -20.8221 -0.4
      vertex 29.7056 -19.9405 -0.4
      vertex 28.7402 -21.1221 -0.4
    endloop
  endfacet
  facet normal 0 0 -1
    outer loop
      vertex 28.2835 -20.4934 -0.4
      vertex 29.5979 -19.7708 -0.4
      vertex 28.492 -20.8221 -0.4
    endloop
  endfacet
  facet normal -0 0 -1
    outer loop
      vertex 29.7056 -19.9405 -0.4
      vertex 28.492 -20.8221 -0.4
      vertex 29.5979 -19.7708 -0.4
    endloop
  endfacet
  facet normal -0 0 -1
    outer loop
      vertex 33.7165 -17.5066 -0.4
      vertex 32.4021 -18.2292 -0.4
      vertex 33.5079 -17.1779 -0.4
    endloop
  endfacet
  facet normal 0 0 -1
    outer loop
      vertex 32.2944 -18.0595 -0.4
      vertex 33.5079 -17.1779 -0.4
      vertex 32.4021 -18.2292 -0.4
    endloop
  endfacet
  facet normal -0 0 -1
    outer loop
      vertex 33.5079 -17.1779 -0.4
      vertex 32.2944 -18.0595 -0.4
      vertex 33.2598 -16.8779 -0.4
    endloop
  endfacet
  facet normal 0 0 -1
    outer loop
      vertex 32.1664 -17.9047 -0.4
      vertex 33.2598 -16.8779 -0.4
      vertex 32.2944 -18.0595 -0.4
    endloop
  endfacet
  facet normal -0 0 -1
    outer loop
      vertex 33.2598 -16.8779 -0.4
      vertex 32.1664 -17.9047 -0.4
      vertex 32.976 -16.6114 -0.4
    endloop
  endfacet
  facet normal 0 0 -1
    outer loop
      vertex 32.0199 -17.7672 -0.4
      vertex 32.976 -16.6114 -0.4
      vertex 32.1664 -17.9047 -0.4
    endloop
  endfacet
  facet normal -0 0 -1
    outer loop
      vertex 32.976 -16.6114 -0.4
      vertex 32.0199 -17.7672 -0.4
      vertex 32.6611 -16.3826 -0.4
    endloop
  endfacet
  facet normal 0 0 -1
    outer loop
      vertex 31.8573 -17.6491 -0.4
      vertex 32.6611 -16.3826 -0.4
      vertex 32.0199 -17.7672 -0.4
    endloop
  endfacet
  facet normal -0 0 -1
    outer loop
      vertex 32.6611 -16.3826 -0.4
      vertex 31.8573 -17.6491 -0.4
      vertex 32.3199 -16.195 -0.4
    endloop
  endfacet
  facet normal 0 0 -1
    outer loop
      vertex 31.6812 -17.5523 -0.4
      vertex 32.3199 -16.195 -0.4
      vertex 31.8573 -17.6491 -0.4
    endloop
  endfacet
  facet normal -0 0 -1
    outer loop
      vertex 32.3199 -16.195 -0.4
      vertex 31.6812 -17.5523 -0.4
      vertex 31.958 -16.0517 -0.4
    endloop
  endfacet
  facet normal 0 0 -1
    outer loop
      vertex 31.4944 -17.4783 -0.4
      vertex 31.958 -16.0517 -0.4
      vertex 31.6812 -17.5523 -0.4
    endloop
  endfacet
  facet normal -0 0 -1
    outer loop
      vertex 31.958 -16.0517 -0.4
      vertex 31.4944 -17.4783 -0.4
      vertex 31.5809 -15.9549 -0.4
    endloop
  endfacet
  facet normal 0 0 -1
    outer loop
      vertex 31.2998 -17.4283 -0.4
      vertex 31.5809 -15.9549 -0.4
      vertex 31.4944 -17.4783 -0.4
    endloop
  endfacet
  facet normal 0 0 -1
    outer loop
      vertex 31.2998 -17.4283 -0.4
      vertex 31.1946 -15.9061 -0.4
      vertex 31.5809 -15.9549 -0.4
    endloop
  endfacet
  facet normal 0 0 -1
    outer loop
      vertex 31.1005 -17.4032 -0.4
      vertex 31.1946 -15.9061 -0.4
      vertex 31.2998 -17.4283 -0.4
    endloop
  endfacet
  facet normal 0 0 -1
    outer loop
      vertex 30.8995 -17.4032 -0.4
      vertex 31.1946 -15.9061 -0.4
      vertex 31.1005 -17.4032 -0.4
    endloop
  endfacet
  facet normal 0 0 -1
    outer loop
      vertex 30.8995 -17.4032 -0.4
      vertex 30.8054 -15.9061 -0.4
      vertex 31.1946 -15.9061 -0.4
    endloop
  endfacet
  facet normal 0 0 -1
    outer loop
      vertex 30.7002 -17.4283 -0.4
      vertex 30.8054 -15.9061 -0.4
      vertex 30.8995 -17.4032 -0.4
    endloop
  endfacet
  facet normal 0 0 -1
    outer loop
      vertex 30.4191 -15.9549 -0.4
      vertex 30.7002 -17.4283 -0.4
      vertex 30.5056 -17.4783 -0.4
    endloop
  endfacet
  facet normal 0 0 -1
    outer loop
      vertex 30.7002 -17.4283 -0.4
      vertex 30.4191 -15.9549 -0.4
      vertex 30.8054 -15.9061 -0.4
    endloop
  endfacet
  facet normal 0 0 -1
    outer loop
      vertex 30.042 -16.0517 -0.4
      vertex 30.5056 -17.4783 -0.4
      vertex 30.3188 -17.5523 -0.4
    endloop
  endfacet
  facet normal 0 0 -1
    outer loop
      vertex 29.6801 -16.195 -0.4
      vertex 30.3188 -17.5523 -0.4
      vertex 30.1427 -17.6491 -0.4
    endloop
  endfacet
  facet normal 0 0 -1
    outer loop
      vertex 30.5056 -17.4783 -0.4
      vertex 30.042 -16.0517 -0.4
      vertex 30.4191 -15.9549 -0.4
    endloop
  endfacet
  facet normal 0 0 -1
    outer loop
      vertex 29.3389 -16.3826 -0.4
      vertex 30.1427 -17.6491 -0.4
      vertex 29.9801 -17.7672 -0.4
    endloop
  endfacet
  facet normal 0 0 -1
    outer loop
      vertex 29.024 -16.6114 -0.4
      vertex 29.9801 -17.7672 -0.4
      vertex 29.8337 -17.9047 -0.4
    endloop
  endfacet
  facet normal 0 0 -1
    outer loop
      vertex 28.7402 -16.8779 -0.4
      vertex 29.8337 -17.9047 -0.4
      vertex 29.7056 -18.0595 -0.4
    endloop
  endfacet
  facet normal 0 0 -1
    outer loop
      vertex 30.3188 -17.5523 -0.4
      vertex 29.6801 -16.195 -0.4
      vertex 30.042 -16.0517 -0.4
    endloop
  endfacet
  facet normal 0 0 -1
    outer loop
      vertex 28.492 -17.1779 -0.4
      vertex 29.7056 -18.0595 -0.4
      vertex 29.5979 -18.2292 -0.4
    endloop
  endfacet
  facet normal 0 0 -1
    outer loop
      vertex 28.2835 -17.5066 -0.4
      vertex 29.5979 -18.2292 -0.4
      vertex 29.5124 -18.411 -0.4
    endloop
  endfacet
  facet normal 0 0 -1
    outer loop
      vertex 28.1177 -17.8588 -0.4
      vertex 29.5124 -18.411 -0.4
      vertex 29.4503 -18.6021 -0.4
    endloop
  endfacet
  facet normal 0 0 -1
    outer loop
      vertex 27.9974 -18.2291 -0.4
      vertex 29.4503 -18.6021 -0.4
      vertex 29.4126 -18.7995 -0.4
    endloop
  endfacet
  facet normal 0 0 -1
    outer loop
      vertex 30.1427 -17.6491 -0.4
      vertex 29.3389 -16.3826 -0.4
      vertex 29.6801 -16.195 -0.4
    endloop
  endfacet
  facet normal 0 0 -1
    outer loop
      vertex 27.9244 -18.6115 -0.4
      vertex 29.4126 -18.7995 -0.4
      vertex 29.4 -19 -0.4
    endloop
  endfacet
  facet normal -0 0 -1
    outer loop
      vertex 29.5979 -19.7708 -0.4
      vertex 28.2835 -20.4934 -0.4
      vertex 29.5124 -19.589 -0.4
    endloop
  endfacet
  facet normal 0 0 -1
    outer loop
      vertex 28.1177 -20.1412 -0.4
      vertex 29.5124 -19.589 -0.4
      vertex 28.2835 -20.4934 -0.4
    endloop
  endfacet
  facet normal 0 0 -1
    outer loop
      vertex 29.9801 -17.7672 -0.4
      vertex 29.024 -16.6114 -0.4
      vertex 29.3389 -16.3826 -0.4
    endloop
  endfacet
  facet normal -0 0 -1
    outer loop
      vertex 29.5124 -19.589 -0.4
      vertex 28.1177 -20.1412 -0.4
      vertex 29.4503 -19.3979 -0.4
    endloop
  endfacet
  facet normal 0 0 -1
    outer loop
      vertex 29.8337 -17.9047 -0.4
      vertex 28.7402 -16.8779 -0.4
      vertex 29.024 -16.6114 -0.4
    endloop
  endfacet
  facet normal 0 0 -1
    outer loop
      vertex 27.9974 -19.7709 -0.4
      vertex 29.4503 -19.3979 -0.4
      vertex 28.1177 -20.1412 -0.4
    endloop
  endfacet
  facet normal 0 0 -1
    outer loop
      vertex 29.7056 -18.0595 -0.4
      vertex 28.492 -17.1779 -0.4
      vertex 28.7402 -16.8779 -0.4
    endloop
  endfacet
  facet normal -0 0 -1
    outer loop
      vertex 29.4503 -19.3979 -0.4
      vertex 27.9974 -19.7709 -0.4
      vertex 29.4126 -19.2005 -0.4
    endloop
  endfacet
  facet normal 0 0 -1
    outer loop
      vertex 29.5979 -18.2292 -0.4
      vertex 28.2835 -17.5066 -0.4
      vertex 28.492 -17.1779 -0.4
    endloop
  endfacet
  facet normal 0 0 -1
    outer loop
      vertex 27.9244 -19.3885 -0.4
      vertex 29.4126 -19.2005 -0.4
      vertex 27.9974 -19.7709 -0.4
    endloop
  endfacet
  facet normal 0 0 -1
    outer loop
      vertex 29.5124 -18.411 -0.4
      vertex 28.1177 -17.8588 -0.4
      vertex 28.2835 -17.5066 -0.4
    endloop
  endfacet
  facet normal -0 0 -1
    outer loop
      vertex 29.4126 -19.2005 -0.4
      vertex 27.9244 -19.3885 -0.4
      vertex 29.4 -19 -0.4
    endloop
  endfacet
  facet normal 0 0 -1
    outer loop
      vertex 29.4503 -18.6021 -0.4
      vertex 27.9974 -18.2291 -0.4
      vertex 28.1177 -17.8588 -0.4
    endloop
  endfacet
  facet normal 0 0 -1
    outer loop
      vertex 27.9 -19 -0.4
      vertex 29.4 -19 -0.4
      vertex 27.9244 -19.3885 -0.4
    endloop
  endfacet
  facet normal 0 0 -1
    outer loop
      vertex 29.4126 -18.7995 -0.4
      vertex 27.9244 -18.6115 -0.4
      vertex 27.9974 -18.2291 -0.4
    endloop
  endfacet
  facet normal 0 0 -1
    outer loop
      vertex 29.4 -19 -0.4
      vertex 27.9 -19 -0.4
      vertex 27.9244 -18.6115 -0.4
    endloop
  endfacet
  facet normal -0.587805 -0.809003 0
    outer loop
      vertex 32.6611 -16.3826 -3
      vertex 32.976 -16.6114 -0.4
      vertex 32.6611 -16.3826 -0.4
    endloop
  endfacet
  facet normal -0.587805 -0.809003 -0
    outer loop
      vertex 32.976 -16.6114 -0.4
      vertex 32.6611 -16.3826 -3
      vertex 32.976 -16.6114 -3
    endloop
  endfacet
  facet normal -0.4818 -0.876281 0
    outer loop
      vertex 32.3199 -16.195 -3
      vertex 32.6611 -16.3826 -0.4
      vertex 32.3199 -16.195 -0.4
    endloop
  endfacet
  facet normal -0.4818 -0.876281 -0
    outer loop
      vertex 32.6611 -16.3826 -0.4
      vertex 32.3199 -16.195 -3
      vertex 32.6611 -16.3826 -3
    endloop
  endfacet
  facet normal -0.844327 -0.535828 0
    outer loop
      vertex 33.7165 -17.5066 -3
      vertex 33.5079 -17.1779 -0.4
      vertex 33.5079 -17.1779 -3
    endloop
  endfacet
  facet normal -0.844327 -0.535828 0
    outer loop
      vertex 33.5079 -17.1779 -0.4
      vertex 33.7165 -17.5066 -3
      vertex 33.7165 -17.5066 -0.4
    endloop
  endfacet
  facet normal -0.998034 -0.0626822 0
    outer loop
      vertex 34.1 -19 -3
      vertex 34.0756 -18.6115 -0.4
      vertex 34.0756 -18.6115 -3
    endloop
  endfacet
  facet normal -0.998034 -0.0626822 0
    outer loop
      vertex 34.0756 -18.6115 -0.4
      vertex 34.1 -19 -3
      vertex 34.1 -19 -0.4
    endloop
  endfacet
  facet normal 0.368155 -0.929764 0
    outer loop
      vertex 29.6801 -16.195 -3
      vertex 30.042 -16.0517 -0.4
      vertex 29.6801 -16.195 -0.4
    endloop
  endfacet
  facet normal 0.368155 -0.929764 0
    outer loop
      vertex 30.042 -16.0517 -0.4
      vertex 29.6801 -16.195 -3
      vertex 30.042 -16.0517 -3
    endloop
  endfacet
  facet normal 0.77049 -0.637452 0
    outer loop
      vertex 28.492 -17.1779 -0.4
      vertex 28.7402 -16.8779 -3
      vertex 28.7402 -16.8779 -0.4
    endloop
  endfacet
  facet normal 0.77049 -0.637452 0
    outer loop
      vertex 28.7402 -16.8779 -3
      vertex 28.492 -17.1779 -0.4
      vertex 28.492 -17.1779 -3
    endloop
  endfacet
  facet normal 0.95107 -0.308976 0
    outer loop
      vertex 27.9974 -18.2291 -0.4
      vertex 28.1177 -17.8588 -3
      vertex 28.1177 -17.8588 -0.4
    endloop
  endfacet
  facet normal 0.95107 -0.308976 0
    outer loop
      vertex 28.1177 -17.8588 -3
      vertex 27.9974 -18.2291 -0.4
      vertex 27.9974 -18.2291 -3
    endloop
  endfacet
  facet normal 0.998034 -0.0626822 0
    outer loop
      vertex 27.9 -19 -0.4
      vertex 27.9244 -18.6115 -3
      vertex 27.9244 -18.6115 -0.4
    endloop
  endfacet
  facet normal 0.998034 -0.0626822 0
    outer loop
      vertex 27.9244 -18.6115 -3
      vertex 27.9 -19 -0.4
      vertex 27.9 -19 -3
    endloop
  endfacet
  facet normal -0.125331 -0.992115 0
    outer loop
      vertex 31.1946 -15.9061 -3
      vertex 31.5809 -15.9549 -0.4
      vertex 31.1946 -15.9061 -0.4
    endloop
  endfacet
  facet normal -0.125331 -0.992115 -0
    outer loop
      vertex 31.5809 -15.9549 -0.4
      vertex 31.1946 -15.9061 -3
      vertex 31.5809 -15.9549 -3
    endloop
  endfacet
  facet normal -0.684539 -0.728976 0
    outer loop
      vertex 32.976 -16.6114 -3
      vertex 33.2598 -16.8779 -0.4
      vertex 32.976 -16.6114 -0.4
    endloop
  endfacet
  facet normal -0.684539 -0.728976 -0
    outer loop
      vertex 33.2598 -16.8779 -0.4
      vertex 32.976 -16.6114 -3
      vertex 33.2598 -16.8779 -3
    endloop
  endfacet
  facet normal -0.90476 -0.425921 0
    outer loop
      vertex 33.8823 -17.8588 -3
      vertex 33.7165 -17.5066 -0.4
      vertex 33.7165 -17.5066 -3
    endloop
  endfacet
  facet normal -0.90476 -0.425921 0
    outer loop
      vertex 33.7165 -17.5066 -0.4
      vertex 33.8823 -17.8588 -3
      vertex 33.8823 -17.8588 -0.4
    endloop
  endfacet
  facet normal 0.587805 -0.809003 0
    outer loop
      vertex 29.024 -16.6114 -3
      vertex 29.3389 -16.3826 -0.4
      vertex 29.024 -16.6114 -0.4
    endloop
  endfacet
  facet normal 0.587805 -0.809003 0
    outer loop
      vertex 29.3389 -16.3826 -0.4
      vertex 29.024 -16.6114 -3
      vertex 29.3389 -16.3826 -3
    endloop
  endfacet
  facet normal 0.248635 -0.968597 0
    outer loop
      vertex 30.042 -16.0517 -3
      vertex 30.4191 -15.9549 -0.4
      vertex 30.042 -16.0517 -0.4
    endloop
  endfacet
  facet normal 0.248635 -0.968597 0
    outer loop
      vertex 30.4191 -15.9549 -0.4
      vertex 30.042 -16.0517 -3
      vertex 30.4191 -15.9549 -3
    endloop
  endfacet
  facet normal 0.684539 -0.728976 0
    outer loop
      vertex 28.7402 -16.8779 -3
      vertex 29.024 -16.6114 -0.4
      vertex 28.7402 -16.8779 -0.4
    endloop
  endfacet
  facet normal 0.684539 -0.728976 0
    outer loop
      vertex 29.024 -16.6114 -0.4
      vertex 28.7402 -16.8779 -3
      vertex 29.024 -16.6114 -3
    endloop
  endfacet
  facet normal 0.90476 -0.425921 0
    outer loop
      vertex 28.1177 -17.8588 -0.4
      vertex 28.2835 -17.5066 -3
      vertex 28.2835 -17.5066 -0.4
    endloop
  endfacet
  facet normal 0.90476 -0.425921 0
    outer loop
      vertex 28.2835 -17.5066 -3
      vertex 28.1177 -17.8588 -0.4
      vertex 28.1177 -17.8588 -3
    endloop
  endfacet
  facet normal 0.982262 -0.187513 0
    outer loop
      vertex 27.9244 -18.6115 -0.4
      vertex 27.9974 -18.2291 -3
      vertex 27.9974 -18.2291 -0.4
    endloop
  endfacet
  facet normal 0.982262 -0.187513 0
    outer loop
      vertex 27.9974 -18.2291 -3
      vertex 27.9244 -18.6115 -0.4
      vertex 27.9244 -18.6115 -3
    endloop
  endfacet
  facet normal -0.248635 -0.968597 0
    outer loop
      vertex 31.5809 -15.9549 -3
      vertex 31.958 -16.0517 -0.4
      vertex 31.5809 -15.9549 -0.4
    endloop
  endfacet
  facet normal -0.248635 -0.968597 -0
    outer loop
      vertex 31.958 -16.0517 -0.4
      vertex 31.5809 -15.9549 -3
      vertex 31.958 -16.0517 -3
    endloop
  endfacet
  facet normal 0.4818 -0.876281 0
    outer loop
      vertex 29.3389 -16.3826 -3
      vertex 29.6801 -16.195 -0.4
      vertex 29.3389 -16.3826 -0.4
    endloop
  endfacet
  facet normal 0.4818 -0.876281 0
    outer loop
      vertex 29.6801 -16.195 -0.4
      vertex 29.3389 -16.3826 -3
      vertex 29.6801 -16.195 -3
    endloop
  endfacet
  facet normal 0.125331 -0.992115 0
    outer loop
      vertex 30.4191 -15.9549 -3
      vertex 30.8054 -15.9061 -0.4
      vertex 30.4191 -15.9549 -0.4
    endloop
  endfacet
  facet normal 0.125331 -0.992115 0
    outer loop
      vertex 30.8054 -15.9061 -0.4
      vertex 30.4191 -15.9549 -3
      vertex 30.8054 -15.9061 -3
    endloop
  endfacet
  facet normal 0.844443 -0.535645 0
    outer loop
      vertex 28.2835 -17.5066 -0.4
      vertex 28.492 -17.1779 -3
      vertex 28.492 -17.1779 -0.4
    endloop
  endfacet
  facet normal 0.844443 -0.535645 0
    outer loop
      vertex 28.492 -17.1779 -3
      vertex 28.2835 -17.5066 -0.4
      vertex 28.2835 -17.5066 -3
    endloop
  endfacet
  facet normal -0.998031 0.0627192 0
    outer loop
      vertex -29.4126 -19.2005 -0.4
      vertex -29.4 -19 2.5
      vertex -29.4 -19 -0.4
    endloop
  endfacet
  facet normal -0.998031 0.0627192 0
    outer loop
      vertex -29.4 -19 2.5
      vertex -29.4126 -19.2005 -0.4
      vertex -29.4126 -19.2005 2.5
    endloop
  endfacet
  facet normal 0.998031 0.0627192 0
    outer loop
      vertex -32.5874 -19.2005 2.5
      vertex -32.6 -19 -0.4
      vertex -32.6 -19 2.5
    endloop
  endfacet
  facet normal 0.998031 0.0627192 0
    outer loop
      vertex -32.6 -19 -0.4
      vertex -32.5874 -19.2005 2.5
      vertex -32.5874 -19.2005 -0.4
    endloop
  endfacet
  facet normal 0 1 -0
    outer loop
      vertex -30.8995 -20.5968 -0.4
      vertex -31.1005 -20.5968 2.5
      vertex -30.8995 -20.5968 2.5
    endloop
  endfacet
  facet normal 0 1 0
    outer loop
      vertex -31.1005 -20.5968 2.5
      vertex -30.8995 -20.5968 -0.4
      vertex -31.1005 -20.5968 -0.4
    endloop
  endfacet
  facet normal 0 -1 0
    outer loop
      vertex -31.1005 -17.4032 -0.4
      vertex -30.8995 -17.4032 2.5
      vertex -31.1005 -17.4032 2.5
    endloop
  endfacet
  facet normal 0 -1 -0
    outer loop
      vertex -30.8995 -17.4032 2.5
      vertex -31.1005 -17.4032 -0.4
      vertex -30.8995 -17.4032 -0.4
    endloop
  endfacet
  facet normal -0.684603 0.728916 0
    outer loop
      vertex -29.8337 -20.0953 -0.4
      vertex -29.9801 -20.2328 2.5
      vertex -29.8337 -20.0953 2.5
    endloop
  endfacet
  facet normal -0.684603 0.728916 0
    outer loop
      vertex -29.9801 -20.2328 2.5
      vertex -29.8337 -20.0953 -0.4
      vertex -29.9801 -20.2328 -0.4
    endloop
  endfacet
  facet normal 0.684355 0.729149 -0
    outer loop
      vertex -32.0199 -20.2328 -0.4
      vertex -32.1664 -20.0953 2.5
      vertex -32.0199 -20.2328 2.5
    endloop
  endfacet
  facet normal 0.684355 0.729149 0
    outer loop
      vertex -32.1664 -20.0953 2.5
      vertex -32.0199 -20.2328 -0.4
      vertex -32.1664 -20.0953 -0.4
    endloop
  endfacet
  facet normal 0.368299 0.929707 -0
    outer loop
      vertex -31.4944 -20.5217 -0.4
      vertex -31.6812 -20.4477 2.5
      vertex -31.4944 -20.5217 2.5
    endloop
  endfacet
  facet normal 0.368299 0.929707 0
    outer loop
      vertex -31.6812 -20.4477 2.5
      vertex -31.4944 -20.5217 -0.4
      vertex -31.6812 -20.4477 -0.4
    endloop
  endfacet
  facet normal -0.90492 0.425581 0
    outer loop
      vertex -29.5979 -19.7708 -0.4
      vertex -29.5124 -19.589 2.5
      vertex -29.5124 -19.589 -0.4
    endloop
  endfacet
  facet normal -0.90492 0.425581 0
    outer loop
      vertex -29.5124 -19.589 2.5
      vertex -29.5979 -19.7708 -0.4
      vertex -29.5979 -19.7708 2.5
    endloop
  endfacet
  facet normal -0.844316 0.535845 0
    outer loop
      vertex -29.7056 -19.9405 -0.4
      vertex -29.5979 -19.7708 2.5
      vertex -29.5979 -19.7708 -0.4
    endloop
  endfacet
  facet normal -0.844316 0.535845 0
    outer loop
      vertex -29.5979 -19.7708 2.5
      vertex -29.7056 -19.9405 -0.4
      vertex -29.7056 -19.9405 2.5
    endloop
  endfacet
  facet normal -0.368299 0.929707 0
    outer loop
      vertex -30.3188 -20.4477 -0.4
      vertex -30.5056 -20.5217 2.5
      vertex -30.3188 -20.4477 2.5
    endloop
  endfacet
  facet normal -0.368299 0.929707 0
    outer loop
      vertex -30.5056 -20.5217 2.5
      vertex -30.3188 -20.4477 -0.4
      vertex -30.5056 -20.5217 -0.4
    endloop
  endfacet
  facet normal -0.248854 0.968541 0
    outer loop
      vertex -30.5056 -20.5217 -0.4
      vertex -30.7002 -20.5717 2.5
      vertex -30.5056 -20.5217 2.5
    endloop
  endfacet
  facet normal -0.248854 0.968541 0
    outer loop
      vertex -30.7002 -20.5717 2.5
      vertex -30.5056 -20.5217 -0.4
      vertex -30.7002 -20.5717 -0.4
    endloop
  endfacet
  facet normal -0.587669 0.809102 0
    outer loop
      vertex -29.9801 -20.2328 -0.4
      vertex -30.1427 -20.3509 2.5
      vertex -29.9801 -20.2328 2.5
    endloop
  endfacet
  facet normal -0.587669 0.809102 0
    outer loop
      vertex -30.1427 -20.3509 2.5
      vertex -29.9801 -20.2328 -0.4
      vertex -30.1427 -20.3509 -0.4
    endloop
  endfacet
  facet normal 0.90492 0.425581 0
    outer loop
      vertex -32.4021 -19.7708 2.5
      vertex -32.4876 -19.589 -0.4
      vertex -32.4876 -19.589 2.5
    endloop
  endfacet
  facet normal 0.90492 0.425581 0
    outer loop
      vertex -32.4876 -19.589 -0.4
      vertex -32.4021 -19.7708 2.5
      vertex -32.4021 -19.7708 -0.4
    endloop
  endfacet
  facet normal 0.770664 0.637242 0
    outer loop
      vertex -32.1664 -20.0953 2.5
      vertex -32.2944 -19.9405 -0.4
      vertex -32.2944 -19.9405 2.5
    endloop
  endfacet
  facet normal 0.770664 0.637242 0
    outer loop
      vertex -32.2944 -19.9405 -0.4
      vertex -32.1664 -20.0953 2.5
      vertex -32.1664 -20.0953 -0.4
    endloop
  endfacet
  facet normal 0.481709 0.876331 -0
    outer loop
      vertex -31.6812 -20.4477 -0.4
      vertex -31.8573 -20.3509 2.5
      vertex -31.6812 -20.4477 2.5
    endloop
  endfacet
  facet normal 0.481709 0.876331 0
    outer loop
      vertex -31.8573 -20.3509 2.5
      vertex -31.6812 -20.4477 -0.4
      vertex -31.8573 -20.3509 -0.4
    endloop
  endfacet
  facet normal 0.248854 0.968541 -0
    outer loop
      vertex -31.2998 -20.5717 -0.4
      vertex -31.4944 -20.5217 2.5
      vertex -31.2998 -20.5717 2.5
    endloop
  endfacet
  facet normal 0.248854 0.968541 0
    outer loop
      vertex -31.4944 -20.5217 2.5
      vertex -31.2998 -20.5717 -0.4
      vertex -31.4944 -20.5217 -0.4
    endloop
  endfacet
  facet normal -0.368299 -0.929707 0
    outer loop
      vertex -30.5056 -17.4783 -0.4
      vertex -30.3188 -17.5523 2.5
      vertex -30.5056 -17.4783 2.5
    endloop
  endfacet
  facet normal -0.368299 -0.929707 -0
    outer loop
      vertex -30.3188 -17.5523 2.5
      vertex -30.5056 -17.4783 -0.4
      vertex -30.3188 -17.5523 -0.4
    endloop
  endfacet
  facet normal -0.951045 0.309052 0
    outer loop
      vertex -29.5124 -19.589 -0.4
      vertex -29.4503 -19.3979 2.5
      vertex -29.4503 -19.3979 -0.4
    endloop
  endfacet
  facet normal -0.951045 0.309052 0
    outer loop
      vertex -29.4503 -19.3979 2.5
      vertex -29.5124 -19.589 -0.4
      vertex -29.5124 -19.589 2.5
    endloop
  endfacet
  facet normal -0.982247 0.187592 0
    outer loop
      vertex -29.4503 -19.3979 -0.4
      vertex -29.4126 -19.2005 2.5
      vertex -29.4126 -19.2005 -0.4
    endloop
  endfacet
  facet normal -0.982247 0.187592 0
    outer loop
      vertex -29.4126 -19.2005 2.5
      vertex -29.4503 -19.3979 -0.4
      vertex -29.4503 -19.3979 2.5
    endloop
  endfacet
  facet normal -0.77042 0.637537 0
    outer loop
      vertex -29.8337 -20.0953 -0.4
      vertex -29.7056 -19.9405 2.5
      vertex -29.7056 -19.9405 -0.4
    endloop
  endfacet
  facet normal -0.77042 0.637537 0
    outer loop
      vertex -29.7056 -19.9405 2.5
      vertex -29.8337 -20.0953 -0.4
      vertex -29.8337 -20.0953 2.5
    endloop
  endfacet
  facet normal -0.124954 0.992163 0
    outer loop
      vertex -30.7002 -20.5717 -0.4
      vertex -30.8995 -20.5968 2.5
      vertex -30.7002 -20.5717 2.5
    endloop
  endfacet
  facet normal -0.124954 0.992163 0
    outer loop
      vertex -30.8995 -20.5968 2.5
      vertex -30.7002 -20.5717 -0.4
      vertex -30.8995 -20.5968 -0.4
    endloop
  endfacet
  facet normal -0.481709 0.876331 0
    outer loop
      vertex -30.1427 -20.3509 -0.4
      vertex -30.3188 -20.4477 2.5
      vertex -30.1427 -20.3509 2.5
    endloop
  endfacet
  facet normal -0.481709 0.876331 0
    outer loop
      vertex -30.3188 -20.4477 2.5
      vertex -30.1427 -20.3509 -0.4
      vertex -30.3188 -20.4477 -0.4
    endloop
  endfacet
  facet normal 0.844316 0.535845 0
    outer loop
      vertex -32.2944 -19.9405 2.5
      vertex -32.4021 -19.7708 -0.4
      vertex -32.4021 -19.7708 2.5
    endloop
  endfacet
  facet normal 0.844316 0.535845 0
    outer loop
      vertex -32.4021 -19.7708 -0.4
      vertex -32.2944 -19.9405 2.5
      vertex -32.2944 -19.9405 -0.4
    endloop
  endfacet
  facet normal 0.951045 0.309052 0
    outer loop
      vertex -32.4876 -19.589 2.5
      vertex -32.5497 -19.3979 -0.4
      vertex -32.5497 -19.3979 2.5
    endloop
  endfacet
  facet normal 0.951045 0.309052 0
    outer loop
      vertex -32.5497 -19.3979 -0.4
      vertex -32.4876 -19.589 2.5
      vertex -32.4876 -19.589 -0.4
    endloop
  endfacet
  facet normal 0.982247 0.187592 0
    outer loop
      vertex -32.5497 -19.3979 2.5
      vertex -32.5874 -19.2005 -0.4
      vertex -32.5874 -19.2005 2.5
    endloop
  endfacet
  facet normal 0.982247 0.187592 0
    outer loop
      vertex -32.5874 -19.2005 -0.4
      vertex -32.5497 -19.3979 2.5
      vertex -32.5497 -19.3979 -0.4
    endloop
  endfacet
  facet normal 0.587669 0.809102 -0
    outer loop
      vertex -31.8573 -20.3509 -0.4
      vertex -32.0199 -20.2328 2.5
      vertex -31.8573 -20.3509 2.5
    endloop
  endfacet
  facet normal 0.587669 0.809102 0
    outer loop
      vertex -32.0199 -20.2328 2.5
      vertex -31.8573 -20.3509 -0.4
      vertex -32.0199 -20.2328 -0.4
    endloop
  endfacet
  facet normal 0.124954 0.992163 -0
    outer loop
      vertex -31.1005 -20.5968 -0.4
      vertex -31.2998 -20.5717 2.5
      vertex -31.1005 -20.5968 2.5
    endloop
  endfacet
  facet normal 0.124954 0.992163 0
    outer loop
      vertex -31.2998 -20.5717 2.5
      vertex -31.1005 -20.5968 -0.4
      vertex -31.2998 -20.5717 -0.4
    endloop
  endfacet
  facet normal -0.998031 -0.0627192 0
    outer loop
      vertex -29.4 -19 -0.4
      vertex -29.4126 -18.7995 2.5
      vertex -29.4126 -18.7995 -0.4
    endloop
  endfacet
  facet normal -0.998031 -0.0627192 0
    outer loop
      vertex -29.4126 -18.7995 2.5
      vertex -29.4 -19 -0.4
      vertex -29.4 -19 2.5
    endloop
  endfacet
  facet normal -0.951045 -0.309052 0
    outer loop
      vertex -29.4503 -18.6021 -0.4
      vertex -29.5124 -18.411 2.5
      vertex -29.5124 -18.411 -0.4
    endloop
  endfacet
  facet normal -0.951045 -0.309052 0
    outer loop
      vertex -29.5124 -18.411 2.5
      vertex -29.4503 -18.6021 -0.4
      vertex -29.4503 -18.6021 2.5
    endloop
  endfacet
  facet normal -0.982247 -0.187592 0
    outer loop
      vertex -29.4126 -18.7995 -0.4
      vertex -29.4503 -18.6021 2.5
      vertex -29.4503 -18.6021 -0.4
    endloop
  endfacet
  facet normal -0.982247 -0.187592 0
    outer loop
      vertex -29.4503 -18.6021 2.5
      vertex -29.4126 -18.7995 -0.4
      vertex -29.4126 -18.7995 2.5
    endloop
  endfacet
  facet normal 0.90492 -0.425581 0
    outer loop
      vertex -32.4876 -18.411 2.5
      vertex -32.4021 -18.2292 -0.4
      vertex -32.4021 -18.2292 2.5
    endloop
  endfacet
  facet normal 0.90492 -0.425581 0
    outer loop
      vertex -32.4021 -18.2292 -0.4
      vertex -32.4876 -18.411 2.5
      vertex -32.4876 -18.411 -0.4
    endloop
  endfacet
  facet normal 0.770664 -0.637242 0
    outer loop
      vertex -32.2944 -18.0595 2.5
      vertex -32.1664 -17.9047 -0.4
      vertex -32.1664 -17.9047 2.5
    endloop
  endfacet
  facet normal 0.770664 -0.637242 0
    outer loop
      vertex -32.1664 -17.9047 -0.4
      vertex -32.2944 -18.0595 2.5
      vertex -32.2944 -18.0595 -0.4
    endloop
  endfacet
  facet normal 0.998031 -0.0627192 0
    outer loop
      vertex -32.6 -19 2.5
      vertex -32.5874 -18.7995 -0.4
      vertex -32.5874 -18.7995 2.5
    endloop
  endfacet
  facet normal 0.998031 -0.0627192 0
    outer loop
      vertex -32.5874 -18.7995 -0.4
      vertex -32.6 -19 2.5
      vertex -32.6 -19 -0.4
    endloop
  endfacet
  facet normal -0.124954 -0.992163 0
    outer loop
      vertex -30.8995 -17.4032 -0.4
      vertex -30.7002 -17.4283 2.5
      vertex -30.8995 -17.4032 2.5
    endloop
  endfacet
  facet normal -0.124954 -0.992163 -0
    outer loop
      vertex -30.7002 -17.4283 2.5
      vertex -30.8995 -17.4032 -0.4
      vertex -30.7002 -17.4283 -0.4
    endloop
  endfacet
  facet normal -0.587669 -0.809102 0
    outer loop
      vertex -30.1427 -17.6491 -0.4
      vertex -29.9801 -17.7672 2.5
      vertex -30.1427 -17.6491 2.5
    endloop
  endfacet
  facet normal -0.587669 -0.809102 -0
    outer loop
      vertex -29.9801 -17.7672 2.5
      vertex -30.1427 -17.6491 -0.4
      vertex -29.9801 -17.7672 -0.4
    endloop
  endfacet
  facet normal -0.844316 -0.535845 0
    outer loop
      vertex -29.5979 -18.2292 -0.4
      vertex -29.7056 -18.0595 2.5
      vertex -29.7056 -18.0595 -0.4
    endloop
  endfacet
  facet normal -0.844316 -0.535845 0
    outer loop
      vertex -29.7056 -18.0595 2.5
      vertex -29.5979 -18.2292 -0.4
      vertex -29.5979 -18.2292 2.5
    endloop
  endfacet
  facet normal 0.248854 -0.968541 0
    outer loop
      vertex -31.4944 -17.4783 -0.4
      vertex -31.2998 -17.4283 2.5
      vertex -31.4944 -17.4783 2.5
    endloop
  endfacet
  facet normal 0.248854 -0.968541 0
    outer loop
      vertex -31.2998 -17.4283 2.5
      vertex -31.4944 -17.4783 -0.4
      vertex -31.2998 -17.4283 -0.4
    endloop
  endfacet
  facet normal 0.982247 -0.187592 0
    outer loop
      vertex -32.5874 -18.7995 2.5
      vertex -32.5497 -18.6021 -0.4
      vertex -32.5497 -18.6021 2.5
    endloop
  endfacet
  facet normal 0.982247 -0.187592 0
    outer loop
      vertex -32.5497 -18.6021 -0.4
      vertex -32.5874 -18.7995 2.5
      vertex -32.5874 -18.7995 -0.4
    endloop
  endfacet
  facet normal 0.951045 -0.309052 0
    outer loop
      vertex -32.5497 -18.6021 2.5
      vertex -32.4876 -18.411 -0.4
      vertex -32.4876 -18.411 2.5
    endloop
  endfacet
  facet normal 0.951045 -0.309052 0
    outer loop
      vertex -32.4876 -18.411 -0.4
      vertex -32.5497 -18.6021 2.5
      vertex -32.5497 -18.6021 -0.4
    endloop
  endfacet
  facet normal -0.77042 -0.637537 0
    outer loop
      vertex -29.7056 -18.0595 -0.4
      vertex -29.8337 -17.9047 2.5
      vertex -29.8337 -17.9047 -0.4
    endloop
  endfacet
  facet normal -0.77042 -0.637537 0
    outer loop
      vertex -29.8337 -17.9047 2.5
      vertex -29.7056 -18.0595 -0.4
      vertex -29.7056 -18.0595 2.5
    endloop
  endfacet
  facet normal -0.481709 -0.876331 0
    outer loop
      vertex -30.3188 -17.5523 -0.4
      vertex -30.1427 -17.6491 2.5
      vertex -30.3188 -17.5523 2.5
    endloop
  endfacet
  facet normal -0.481709 -0.876331 -0
    outer loop
      vertex -30.1427 -17.6491 2.5
      vertex -30.3188 -17.5523 -0.4
      vertex -30.1427 -17.6491 -0.4
    endloop
  endfacet
  facet normal -0.90492 -0.425581 0
    outer loop
      vertex -29.5124 -18.411 -0.4
      vertex -29.5979 -18.2292 2.5
      vertex -29.5979 -18.2292 -0.4
    endloop
  endfacet
  facet normal -0.90492 -0.425581 0
    outer loop
      vertex -29.5979 -18.2292 2.5
      vertex -29.5124 -18.411 -0.4
      vertex -29.5124 -18.411 2.5
    endloop
  endfacet
  facet normal 0.124954 -0.992163 0
    outer loop
      vertex -31.2998 -17.4283 -0.4
      vertex -31.1005 -17.4032 2.5
      vertex -31.2998 -17.4283 2.5
    endloop
  endfacet
  facet normal 0.124954 -0.992163 0
    outer loop
      vertex -31.1005 -17.4032 2.5
      vertex -31.2998 -17.4283 -0.4
      vertex -31.1005 -17.4032 -0.4
    endloop
  endfacet
  facet normal 0.844316 -0.535845 0
    outer loop
      vertex -32.4021 -18.2292 2.5
      vertex -32.2944 -18.0595 -0.4
      vertex -32.2944 -18.0595 2.5
    endloop
  endfacet
  facet normal 0.844316 -0.535845 0
    outer loop
      vertex -32.2944 -18.0595 -0.4
      vertex -32.4021 -18.2292 2.5
      vertex -32.4021 -18.2292 -0.4
    endloop
  endfacet
  facet normal -0.684603 -0.728916 0
    outer loop
      vertex -29.9801 -17.7672 -0.4
      vertex -29.8337 -17.9047 2.5
      vertex -29.9801 -17.7672 2.5
    endloop
  endfacet
  facet normal -0.684603 -0.728916 -0
    outer loop
      vertex -29.8337 -17.9047 2.5
      vertex -29.9801 -17.7672 -0.4
      vertex -29.8337 -17.9047 -0.4
    endloop
  endfacet
  facet normal -0.248854 -0.968541 0
    outer loop
      vertex -30.7002 -17.4283 -0.4
      vertex -30.5056 -17.4783 2.5
      vertex -30.7002 -17.4283 2.5
    endloop
  endfacet
  facet normal -0.248854 -0.968541 -0
    outer loop
      vertex -30.5056 -17.4783 2.5
      vertex -30.7002 -17.4283 -0.4
      vertex -30.5056 -17.4783 -0.4
    endloop
  endfacet
  facet normal 0.481709 -0.876331 0
    outer loop
      vertex -31.8573 -17.6491 -0.4
      vertex -31.6812 -17.5523 2.5
      vertex -31.8573 -17.6491 2.5
    endloop
  endfacet
  facet normal 0.481709 -0.876331 0
    outer loop
      vertex -31.6812 -17.5523 2.5
      vertex -31.8573 -17.6491 -0.4
      vertex -31.6812 -17.5523 -0.4
    endloop
  endfacet
  facet normal 0.368299 -0.929707 0
    outer loop
      vertex -31.6812 -17.5523 -0.4
      vertex -31.4944 -17.4783 2.5
      vertex -31.6812 -17.5523 2.5
    endloop
  endfacet
  facet normal 0.368299 -0.929707 0
    outer loop
      vertex -31.4944 -17.4783 2.5
      vertex -31.6812 -17.5523 -0.4
      vertex -31.4944 -17.4783 -0.4
    endloop
  endfacet
  facet normal 0.587669 -0.809102 0
    outer loop
      vertex -32.0199 -17.7672 -0.4
      vertex -31.8573 -17.6491 2.5
      vertex -32.0199 -17.7672 2.5
    endloop
  endfacet
  facet normal 0.587669 -0.809102 0
    outer loop
      vertex -31.8573 -17.6491 2.5
      vertex -32.0199 -17.7672 -0.4
      vertex -31.8573 -17.6491 -0.4
    endloop
  endfacet
  facet normal 0.684355 -0.729149 0
    outer loop
      vertex -32.1664 -17.9047 -0.4
      vertex -32.0199 -17.7672 2.5
      vertex -32.1664 -17.9047 2.5
    endloop
  endfacet
  facet normal 0.684355 -0.729149 0
    outer loop
      vertex -32.0199 -17.7672 2.5
      vertex -32.1664 -17.9047 -0.4
      vertex -32.0199 -17.7672 -0.4
    endloop
  endfacet
  facet normal -0.90476 0.425921 0
    outer loop
      vertex -28.2835 -20.4934 -3
      vertex -28.1177 -20.1412 -0.4
      vertex -28.1177 -20.1412 -3
    endloop
  endfacet
  facet normal -0.90476 0.425921 0
    outer loop
      vertex -28.1177 -20.1412 -0.4
      vertex -28.2835 -20.4934 -3
      vertex -28.2835 -20.4934 -0.4
    endloop
  endfacet
  facet normal -0.844443 0.535645 0
    outer loop
      vertex -28.492 -20.8221 -3
      vertex -28.2835 -20.4934 -0.4
      vertex -28.2835 -20.4934 -3
    endloop
  endfacet
  facet normal -0.844443 0.535645 0
    outer loop
      vertex -28.2835 -20.4934 -0.4
      vertex -28.492 -20.8221 -3
      vertex -28.492 -20.8221 -0.4
    endloop
  endfacet
  facet normal -0.368155 0.929764 0
    outer loop
      vertex -29.6801 -21.805 -3
      vertex -30.042 -21.9483 -0.4
      vertex -29.6801 -21.805 -0.4
    endloop
  endfacet
  facet normal -0.368155 0.929764 0
    outer loop
      vertex -30.042 -21.9483 -0.4
      vertex -29.6801 -21.805 -3
      vertex -30.042 -21.9483 -3
    endloop
  endfacet
  facet normal 0.368155 0.929764 -0
    outer loop
      vertex -31.958 -21.9483 -3
      vertex -32.3199 -21.805 -0.4
      vertex -31.958 -21.9483 -0.4
    endloop
  endfacet
  facet normal 0.368155 0.929764 0
    outer loop
      vertex -32.3199 -21.805 -0.4
      vertex -31.958 -21.9483 -3
      vertex -32.3199 -21.805 -3
    endloop
  endfacet
  facet normal 0.90476 0.425921 0
    outer loop
      vertex -33.7165 -20.4934 -0.4
      vertex -33.8823 -20.1412 -3
      vertex -33.8823 -20.1412 -0.4
    endloop
  endfacet
  facet normal 0.90476 0.425921 0
    outer loop
      vertex -33.8823 -20.1412 -3
      vertex -33.7165 -20.4934 -0.4
      vertex -33.7165 -20.4934 -3
    endloop
  endfacet
  facet normal -0.982262 -0.187513 0
    outer loop
      vertex -27.9244 -18.6115 -3
      vertex -27.9974 -18.2291 -0.4
      vertex -27.9974 -18.2291 -3
    endloop
  endfacet
  facet normal -0.982262 -0.187513 0
    outer loop
      vertex -27.9974 -18.2291 -0.4
      vertex -27.9244 -18.6115 -3
      vertex -27.9244 -18.6115 -0.4
    endloop
  endfacet
  facet normal 0 1 -0
    outer loop
      vertex -30.8054 -22.0939 -3
      vertex -31.1946 -22.0939 -0.4
      vertex -30.8054 -22.0939 -0.4
    endloop
  endfacet
  facet normal 0 1 0
    outer loop
      vertex -31.1946 -22.0939 -0.4
      vertex -30.8054 -22.0939 -3
      vertex -31.1946 -22.0939 -3
    endloop
  endfacet
  facet normal -0.587805 0.809003 0
    outer loop
      vertex -29.024 -21.3886 -3
      vertex -29.3389 -21.6174 -0.4
      vertex -29.024 -21.3886 -0.4
    endloop
  endfacet
  facet normal -0.587805 0.809003 0
    outer loop
      vertex -29.3389 -21.6174 -0.4
      vertex -29.024 -21.3886 -3
      vertex -29.3389 -21.6174 -3
    endloop
  endfacet
  facet normal 0.982262 0.187513 0
    outer loop
      vertex -34.0026 -19.7709 -0.4
      vertex -34.0756 -19.3885 -3
      vertex -34.0756 -19.3885 -0.4
    endloop
  endfacet
  facet normal 0.982262 0.187513 0
    outer loop
      vertex -34.0756 -19.3885 -3
      vertex -34.0026 -19.7709 -0.4
      vertex -34.0026 -19.7709 -3
    endloop
  endfacet
  facet normal 0.770616 0.6373 0
    outer loop
      vertex -33.2598 -21.1221 -0.4
      vertex -33.5079 -20.8221 -3
      vertex -33.5079 -20.8221 -0.4
    endloop
  endfacet
  facet normal 0.770616 0.6373 0
    outer loop
      vertex -33.5079 -20.8221 -3
      vertex -33.2598 -21.1221 -0.4
      vertex -33.2598 -21.1221 -3
    endloop
  endfacet
  facet normal 0.248635 0.968597 -0
    outer loop
      vertex -31.5809 -22.0451 -3
      vertex -31.958 -21.9483 -0.4
      vertex -31.5809 -22.0451 -0.4
    endloop
  endfacet
  facet normal 0.248635 0.968597 0
    outer loop
      vertex -31.958 -21.9483 -0.4
      vertex -31.5809 -22.0451 -3
      vertex -31.958 -21.9483 -3
    endloop
  endfacet
  facet normal 0.684539 0.728976 -0
    outer loop
      vertex -32.976 -21.3886 -3
      vertex -33.2598 -21.1221 -0.4
      vertex -32.976 -21.3886 -0.4
    endloop
  endfacet
  facet normal 0.684539 0.728976 0
    outer loop
      vertex -33.2598 -21.1221 -0.4
      vertex -32.976 -21.3886 -3
      vertex -33.2598 -21.1221 -3
    endloop
  endfacet
  facet normal -0.998034 0.0626822 0
    outer loop
      vertex -27.9244 -19.3885 -3
      vertex -27.9 -19 -0.4
      vertex -27.9 -19 -3
    endloop
  endfacet
  facet normal -0.998034 0.0626822 0
    outer loop
      vertex -27.9 -19 -0.4
      vertex -27.9244 -19.3885 -3
      vertex -27.9244 -19.3885 -0.4
    endloop
  endfacet
  facet normal -0.95107 -0.308976 0
    outer loop
      vertex -27.9974 -18.2291 -3
      vertex -28.1177 -17.8588 -0.4
      vertex -28.1177 -17.8588 -3
    endloop
  endfacet
  facet normal -0.95107 -0.308976 0
    outer loop
      vertex -28.1177 -17.8588 -0.4
      vertex -27.9974 -18.2291 -3
      vertex -27.9974 -18.2291 -0.4
    endloop
  endfacet
  facet normal -0.587805 -0.809003 0
    outer loop
      vertex -29.3389 -16.3826 -3
      vertex -29.024 -16.6114 -0.4
      vertex -29.3389 -16.3826 -0.4
    endloop
  endfacet
  facet normal -0.587805 -0.809003 -0
    outer loop
      vertex -29.024 -16.6114 -0.4
      vertex -29.3389 -16.3826 -3
      vertex -29.024 -16.6114 -3
    endloop
  endfacet
  facet normal -0.982262 0.187513 0
    outer loop
      vertex -27.9974 -19.7709 -3
      vertex -27.9244 -19.3885 -0.4
      vertex -27.9244 -19.3885 -3
    endloop
  endfacet
  facet normal -0.982262 0.187513 0
    outer loop
      vertex -27.9244 -19.3885 -0.4
      vertex -27.9974 -19.7709 -3
      vertex -27.9974 -19.7709 -0.4
    endloop
  endfacet
  facet normal -0.95107 0.308976 0
    outer loop
      vertex -28.1177 -20.1412 -3
      vertex -27.9974 -19.7709 -0.4
      vertex -27.9974 -19.7709 -3
    endloop
  endfacet
  facet normal -0.95107 0.308976 0
    outer loop
      vertex -27.9974 -19.7709 -0.4
      vertex -28.1177 -20.1412 -3
      vertex -28.1177 -20.1412 -0.4
    endloop
  endfacet
  facet normal -0.684539 0.728976 0
    outer loop
      vertex -28.7402 -21.1221 -3
      vertex -29.024 -21.3886 -0.4
      vertex -28.7402 -21.1221 -0.4
    endloop
  endfacet
  facet normal -0.684539 0.728976 0
    outer loop
      vertex -29.024 -21.3886 -0.4
      vertex -28.7402 -21.1221 -3
      vertex -29.024 -21.3886 -3
    endloop
  endfacet
  facet normal -0.77049 0.637452 0
    outer loop
      vertex -28.7402 -21.1221 -3
      vertex -28.492 -20.8221 -0.4
      vertex -28.492 -20.8221 -3
    endloop
  endfacet
  facet normal -0.77049 0.637452 0
    outer loop
      vertex -28.492 -20.8221 -0.4
      vertex -28.7402 -21.1221 -3
      vertex -28.7402 -21.1221 -0.4
    endloop
  endfacet
  facet normal -0.248635 0.968597 0
    outer loop
      vertex -30.042 -21.9483 -3
      vertex -30.4191 -22.0451 -0.4
      vertex -30.042 -21.9483 -0.4
    endloop
  endfacet
  facet normal -0.248635 0.968597 0
    outer loop
      vertex -30.4191 -22.0451 -0.4
      vertex -30.042 -21.9483 -3
      vertex -30.4191 -22.0451 -3
    endloop
  endfacet
  facet normal -0.125331 0.992115 0
    outer loop
      vertex -30.4191 -22.0451 -3
      vertex -30.8054 -22.0939 -0.4
      vertex -30.4191 -22.0451 -0.4
    endloop
  endfacet
  facet normal -0.125331 0.992115 0
    outer loop
      vertex -30.8054 -22.0939 -0.4
      vertex -30.4191 -22.0451 -3
      vertex -30.8054 -22.0939 -3
    endloop
  endfacet
  facet normal -0.4818 0.876281 0
    outer loop
      vertex -29.3389 -21.6174 -3
      vertex -29.6801 -21.805 -0.4
      vertex -29.3389 -21.6174 -0.4
    endloop
  endfacet
  facet normal -0.4818 0.876281 0
    outer loop
      vertex -29.6801 -21.805 -0.4
      vertex -29.3389 -21.6174 -3
      vertex -29.6801 -21.805 -3
    endloop
  endfacet
  facet normal 0.998034 0.0626822 0
    outer loop
      vertex -34.0756 -19.3885 -0.4
      vertex -34.1 -19 -3
      vertex -34.1 -19 -0.4
    endloop
  endfacet
  facet normal 0.998034 0.0626822 0
    outer loop
      vertex -34.1 -19 -3
      vertex -34.0756 -19.3885 -0.4
      vertex -34.0756 -19.3885 -3
    endloop
  endfacet
  facet normal 0.95107 0.308976 0
    outer loop
      vertex -33.8823 -20.1412 -0.4
      vertex -34.0026 -19.7709 -3
      vertex -34.0026 -19.7709 -0.4
    endloop
  endfacet
  facet normal 0.95107 0.308976 0
    outer loop
      vertex -34.0026 -19.7709 -3
      vertex -33.8823 -20.1412 -0.4
      vertex -33.8823 -20.1412 -3
    endloop
  endfacet
  facet normal 0.844327 0.535828 0
    outer loop
      vertex -33.5079 -20.8221 -0.4
      vertex -33.7165 -20.4934 -3
      vertex -33.7165 -20.4934 -0.4
    endloop
  endfacet
  facet normal 0.844327 0.535828 0
    outer loop
      vertex -33.7165 -20.4934 -3
      vertex -33.5079 -20.8221 -0.4
      vertex -33.5079 -20.8221 -3
    endloop
  endfacet
  facet normal 0.125331 0.992115 -0
    outer loop
      vertex -31.1946 -22.0939 -3
      vertex -31.5809 -22.0451 -0.4
      vertex -31.1946 -22.0939 -0.4
    endloop
  endfacet
  facet normal 0.125331 0.992115 0
    outer loop
      vertex -31.5809 -22.0451 -0.4
      vertex -31.1946 -22.0939 -3
      vertex -31.5809 -22.0451 -3
    endloop
  endfacet
  facet normal 0.587805 0.809003 -0
    outer loop
      vertex -32.6611 -21.6174 -3
      vertex -32.976 -21.3886 -0.4
      vertex -32.6611 -21.6174 -0.4
    endloop
  endfacet
  facet normal 0.587805 0.809003 0
    outer loop
      vertex -32.976 -21.3886 -0.4
      vertex -32.6611 -21.6174 -3
      vertex -32.976 -21.3886 -3
    endloop
  endfacet
  facet normal 0.4818 0.876281 -0
    outer loop
      vertex -32.3199 -21.805 -3
      vertex -32.6611 -21.6174 -0.4
      vertex -32.3199 -21.805 -0.4
    endloop
  endfacet
  facet normal 0.4818 0.876281 0
    outer loop
      vertex -32.6611 -21.6174 -0.4
      vertex -32.3199 -21.805 -3
      vertex -32.6611 -21.6174 -3
    endloop
  endfacet
  facet normal -0.998034 -0.0626822 0
    outer loop
      vertex -27.9 -19 -3
      vertex -27.9244 -18.6115 -0.4
      vertex -27.9244 -18.6115 -3
    endloop
  endfacet
  facet normal -0.998034 -0.0626822 0
    outer loop
      vertex -27.9244 -18.6115 -0.4
      vertex -27.9 -19 -3
      vertex -27.9 -19 -0.4
    endloop
  endfacet
  facet normal -0.844443 -0.535645 0
    outer loop
      vertex -28.2835 -17.5066 -3
      vertex -28.492 -17.1779 -0.4
      vertex -28.492 -17.1779 -3
    endloop
  endfacet
  facet normal -0.844443 -0.535645 0
    outer loop
      vertex -28.492 -17.1779 -0.4
      vertex -28.2835 -17.5066 -3
      vertex -28.2835 -17.5066 -0.4
    endloop
  endfacet
  facet normal -0.684539 -0.728976 0
    outer loop
      vertex -29.024 -16.6114 -3
      vertex -28.7402 -16.8779 -0.4
      vertex -29.024 -16.6114 -0.4
    endloop
  endfacet
  facet normal -0.684539 -0.728976 -0
    outer loop
      vertex -28.7402 -16.8779 -0.4
      vertex -29.024 -16.6114 -3
      vertex -28.7402 -16.8779 -3
    endloop
  endfacet
  facet normal -0.90476 -0.425921 0
    outer loop
      vertex -28.1177 -17.8588 -3
      vertex -28.2835 -17.5066 -0.4
      vertex -28.2835 -17.5066 -3
    endloop
  endfacet
  facet normal -0.90476 -0.425921 0
    outer loop
      vertex -28.2835 -17.5066 -0.4
      vertex -28.1177 -17.8588 -3
      vertex -28.1177 -17.8588 -0.4
    endloop
  endfacet
  facet normal 0 -1 0
    outer loop
      vertex -31.1946 -15.9061 -3
      vertex -30.8054 -15.9061 -0.4
      vertex -31.1946 -15.9061 -0.4
    endloop
  endfacet
  facet normal 0 -1 -0
    outer loop
      vertex -30.8054 -15.9061 -0.4
      vertex -31.1946 -15.9061 -3
      vertex -30.8054 -15.9061 -3
    endloop
  endfacet
  facet normal 0.998034 -0.0626822 0
    outer loop
      vertex -34.1 -19 -0.4
      vertex -34.0756 -18.6115 -3
      vertex -34.0756 -18.6115 -0.4
    endloop
  endfacet
  facet normal 0.998034 -0.0626822 0
    outer loop
      vertex -34.0756 -18.6115 -3
      vertex -34.1 -19 -0.4
      vertex -34.1 -19 -3
    endloop
  endfacet
  facet normal 0.95107 -0.308976 0
    outer loop
      vertex -34.0026 -18.2291 -0.4
      vertex -33.8823 -17.8588 -3
      vertex -33.8823 -17.8588 -0.4
    endloop
  endfacet
  facet normal 0.95107 -0.308976 0
    outer loop
      vertex -33.8823 -17.8588 -3
      vertex -34.0026 -18.2291 -0.4
      vertex -34.0026 -18.2291 -3
    endloop
  endfacet
  facet normal -0.125331 -0.992115 0
    outer loop
      vertex -30.8054 -15.9061 -3
      vertex -30.4191 -15.9549 -0.4
      vertex -30.8054 -15.9061 -0.4
    endloop
  endfacet
  facet normal -0.125331 -0.992115 -0
    outer loop
      vertex -30.4191 -15.9549 -0.4
      vertex -30.8054 -15.9061 -3
      vertex -30.4191 -15.9549 -3
    endloop
  endfacet
  facet normal -0.4818 -0.876281 0
    outer loop
      vertex -29.6801 -16.195 -3
      vertex -29.3389 -16.3826 -0.4
      vertex -29.6801 -16.195 -0.4
    endloop
  endfacet
  facet normal -0.4818 -0.876281 -0
    outer loop
      vertex -29.3389 -16.3826 -0.4
      vertex -29.6801 -16.195 -3
      vertex -29.3389 -16.3826 -3
    endloop
  endfacet
  facet normal -0.368155 -0.929764 0
    outer loop
      vertex -30.042 -16.0517 -3
      vertex -29.6801 -16.195 -0.4
      vertex -30.042 -16.0517 -0.4
    endloop
  endfacet
  facet normal -0.368155 -0.929764 -0
    outer loop
      vertex -29.6801 -16.195 -0.4
      vertex -30.042 -16.0517 -3
      vertex -29.6801 -16.195 -3
    endloop
  endfacet
  facet normal 0.587805 -0.809003 0
    outer loop
      vertex -32.976 -16.6114 -3
      vertex -32.6611 -16.3826 -0.4
      vertex -32.976 -16.6114 -0.4
    endloop
  endfacet
  facet normal 0.587805 -0.809003 0
    outer loop
      vertex -32.6611 -16.3826 -0.4
      vertex -32.976 -16.6114 -3
      vertex -32.6611 -16.3826 -3
    endloop
  endfacet
  facet normal 0.368155 -0.929764 0
    outer loop
      vertex -32.3199 -16.195 -3
      vertex -31.958 -16.0517 -0.4
      vertex -32.3199 -16.195 -0.4
    endloop
  endfacet
  facet normal 0.368155 -0.929764 0
    outer loop
      vertex -31.958 -16.0517 -0.4
      vertex -32.3199 -16.195 -3
      vertex -31.958 -16.0517 -3
    endloop
  endfacet
  facet normal 0.248635 -0.968597 0
    outer loop
      vertex -31.958 -16.0517 -3
      vertex -31.5809 -15.9549 -0.4
      vertex -31.958 -16.0517 -0.4
    endloop
  endfacet
  facet normal 0.248635 -0.968597 0
    outer loop
      vertex -31.5809 -15.9549 -0.4
      vertex -31.958 -16.0517 -3
      vertex -31.5809 -15.9549 -3
    endloop
  endfacet
  facet normal 0.90476 -0.425921 0
    outer loop
      vertex -33.8823 -17.8588 -0.4
      vertex -33.7165 -17.5066 -3
      vertex -33.7165 -17.5066 -0.4
    endloop
  endfacet
  facet normal 0.90476 -0.425921 0
    outer loop
      vertex -33.7165 -17.5066 -3
      vertex -33.8823 -17.8588 -0.4
      vertex -33.8823 -17.8588 -3
    endloop
  endfacet
  facet normal 0.770616 -0.6373 0
    outer loop
      vertex -33.5079 -17.1779 -0.4
      vertex -33.2598 -16.8779 -3
      vertex -33.2598 -16.8779 -0.4
    endloop
  endfacet
  facet normal 0.770616 -0.6373 0
    outer loop
      vertex -33.2598 -16.8779 -3
      vertex -33.5079 -17.1779 -0.4
      vertex -33.5079 -17.1779 -3
    endloop
  endfacet
  facet normal 0.684539 -0.728976 0
    outer loop
      vertex -33.2598 -16.8779 -3
      vertex -32.976 -16.6114 -0.4
      vertex -33.2598 -16.8779 -0.4
    endloop
  endfacet
  facet normal 0.684539 -0.728976 0
    outer loop
      vertex -32.976 -16.6114 -0.4
      vertex -33.2598 -16.8779 -3
      vertex -32.976 -16.6114 -3
    endloop
  endfacet
  facet normal 0 0 -1
    outer loop
      vertex -29.4 -19 -0.4
      vertex -27.9 -19 -0.4
      vertex -27.9244 -19.3885 -0.4
    endloop
  endfacet
  facet normal 0 0 -1
    outer loop
      vertex -29.4126 -19.2005 -0.4
      vertex -27.9244 -19.3885 -0.4
      vertex -27.9974 -19.7709 -0.4
    endloop
  endfacet
  facet normal 0 0 -1
    outer loop
      vertex -27.9 -19 -0.4
      vertex -29.4 -19 -0.4
      vertex -27.9244 -18.6115 -0.4
    endloop
  endfacet
  facet normal 0 0 -1
    outer loop
      vertex -29.4503 -19.3979 -0.4
      vertex -27.9974 -19.7709 -0.4
      vertex -28.1177 -20.1412 -0.4
    endloop
  endfacet
  facet normal 0 0 -1
    outer loop
      vertex -29.4126 -18.7995 -0.4
      vertex -27.9244 -18.6115 -0.4
      vertex -29.4 -19 -0.4
    endloop
  endfacet
  facet normal 0 0 -1
    outer loop
      vertex -29.5124 -19.589 -0.4
      vertex -28.1177 -20.1412 -0.4
      vertex -28.2835 -20.4934 -0.4
    endloop
  endfacet
  facet normal -0 0 -1
    outer loop
      vertex -27.9244 -18.6115 -0.4
      vertex -29.4126 -18.7995 -0.4
      vertex -27.9974 -18.2291 -0.4
    endloop
  endfacet
  facet normal 0 0 -1
    outer loop
      vertex -29.5979 -19.7708 -0.4
      vertex -28.2835 -20.4934 -0.4
      vertex -28.492 -20.8221 -0.4
    endloop
  endfacet
  facet normal 0 0 -1
    outer loop
      vertex -29.4503 -18.6021 -0.4
      vertex -27.9974 -18.2291 -0.4
      vertex -29.4126 -18.7995 -0.4
    endloop
  endfacet
  facet normal 0 0 -1
    outer loop
      vertex -29.7056 -19.9405 -0.4
      vertex -28.492 -20.8221 -0.4
      vertex -28.7402 -21.1221 -0.4
    endloop
  endfacet
  facet normal -0 0 -1
    outer loop
      vertex -27.9974 -18.2291 -0.4
      vertex -29.4503 -18.6021 -0.4
      vertex -28.1177 -17.8588 -0.4
    endloop
  endfacet
  facet normal 0 0 -1
    outer loop
      vertex -29.8337 -20.0953 -0.4
      vertex -28.7402 -21.1221 -0.4
      vertex -29.024 -21.3886 -0.4
    endloop
  endfacet
  facet normal 0 0 -1
    outer loop
      vertex -29.5124 -18.411 -0.4
      vertex -28.1177 -17.8588 -0.4
      vertex -29.4503 -18.6021 -0.4
    endloop
  endfacet
  facet normal 0 0 -1
    outer loop
      vertex -29.9801 -20.2328 -0.4
      vertex -29.024 -21.3886 -0.4
      vertex -29.3389 -21.6174 -0.4
    endloop
  endfacet
  facet normal -0 0 -1
    outer loop
      vertex -28.1177 -17.8588 -0.4
      vertex -29.5124 -18.411 -0.4
      vertex -28.2835 -17.5066 -0.4
    endloop
  endfacet
  facet normal 0 0 -1
    outer loop
      vertex -29.5979 -18.2292 -0.4
      vertex -28.2835 -17.5066 -0.4
      vertex -29.5124 -18.411 -0.4
    endloop
  endfacet
  facet normal 0 0 -1
    outer loop
      vertex -27.9244 -19.3885 -0.4
      vertex -29.4126 -19.2005 -0.4
      vertex -29.4 -19 -0.4
    endloop
  endfacet
  facet normal 0 0 -1
    outer loop
      vertex -27.9974 -19.7709 -0.4
      vertex -29.4503 -19.3979 -0.4
      vertex -29.4126 -19.2005 -0.4
    endloop
  endfacet
  facet normal 0 0 -1
    outer loop
      vertex -28.1177 -20.1412 -0.4
      vertex -29.5124 -19.589 -0.4
      vertex -29.4503 -19.3979 -0.4
    endloop
  endfacet
  facet normal 0 0 -1
    outer loop
      vertex -28.2835 -20.4934 -0.4
      vertex -29.5979 -19.7708 -0.4
      vertex -29.5124 -19.589 -0.4
    endloop
  endfacet
  facet normal 0 0 -1
    outer loop
      vertex -30.1427 -20.3509 -0.4
      vertex -29.3389 -21.6174 -0.4
      vertex -29.6801 -21.805 -0.4
    endloop
  endfacet
  facet normal 0 0 -1
    outer loop
      vertex -28.492 -20.8221 -0.4
      vertex -29.7056 -19.9405 -0.4
      vertex -29.5979 -19.7708 -0.4
    endloop
  endfacet
  facet normal 0 0 -1
    outer loop
      vertex -28.7402 -21.1221 -0.4
      vertex -29.8337 -20.0953 -0.4
      vertex -29.7056 -19.9405 -0.4
    endloop
  endfacet
  facet normal 0 0 -1
    outer loop
      vertex -29.024 -21.3886 -0.4
      vertex -29.9801 -20.2328 -0.4
      vertex -29.8337 -20.0953 -0.4
    endloop
  endfacet
  facet normal 0 0 -1
    outer loop
      vertex -30.3188 -20.4477 -0.4
      vertex -29.6801 -21.805 -0.4
      vertex -30.042 -21.9483 -0.4
    endloop
  endfacet
  facet normal 0 0 -1
    outer loop
      vertex -29.3389 -21.6174 -0.4
      vertex -30.1427 -20.3509 -0.4
      vertex -29.9801 -20.2328 -0.4
    endloop
  endfacet
  facet normal 0 0 -1
    outer loop
      vertex -29.6801 -21.805 -0.4
      vertex -30.3188 -20.4477 -0.4
      vertex -30.1427 -20.3509 -0.4
    endloop
  endfacet
  facet normal 0 0 -1
    outer loop
      vertex -30.5056 -20.5217 -0.4
      vertex -30.042 -21.9483 -0.4
      vertex -30.4191 -22.0451 -0.4
    endloop
  endfacet
  facet normal 0 0 -1
    outer loop
      vertex -30.042 -21.9483 -0.4
      vertex -30.5056 -20.5217 -0.4
      vertex -30.3188 -20.4477 -0.4
    endloop
  endfacet
  facet normal 0 0 -1
    outer loop
      vertex -30.4191 -22.0451 -0.4
      vertex -30.7002 -20.5717 -0.4
      vertex -30.5056 -20.5217 -0.4
    endloop
  endfacet
  facet normal 0 0 -1
    outer loop
      vertex -30.8054 -22.0939 -0.4
      vertex -30.7002 -20.5717 -0.4
      vertex -30.4191 -22.0451 -0.4
    endloop
  endfacet
  facet normal 0 0 -1
    outer loop
      vertex -30.8054 -22.0939 -0.4
      vertex -30.8995 -20.5968 -0.4
      vertex -30.7002 -20.5717 -0.4
    endloop
  endfacet
  facet normal 0 0 -1
    outer loop
      vertex -30.8054 -22.0939 -0.4
      vertex -31.1005 -20.5968 -0.4
      vertex -30.8995 -20.5968 -0.4
    endloop
  endfacet
  facet normal 0 0 -1
    outer loop
      vertex -31.1946 -22.0939 -0.4
      vertex -31.1005 -20.5968 -0.4
      vertex -30.8054 -22.0939 -0.4
    endloop
  endfacet
  facet normal 0 0 -1
    outer loop
      vertex -31.1946 -22.0939 -0.4
      vertex -31.2998 -20.5717 -0.4
      vertex -31.1005 -20.5968 -0.4
    endloop
  endfacet
  facet normal 0 0 -1
    outer loop
      vertex -31.5809 -22.0451 -0.4
      vertex -31.2998 -20.5717 -0.4
      vertex -31.1946 -22.0939 -0.4
    endloop
  endfacet
  facet normal -0 0 -1
    outer loop
      vertex -31.2998 -20.5717 -0.4
      vertex -31.5809 -22.0451 -0.4
      vertex -31.4944 -20.5217 -0.4
    endloop
  endfacet
  facet normal 0 0 -1
    outer loop
      vertex -31.958 -21.9483 -0.4
      vertex -31.4944 -20.5217 -0.4
      vertex -31.5809 -22.0451 -0.4
    endloop
  endfacet
  facet normal -0 0 -1
    outer loop
      vertex -31.4944 -20.5217 -0.4
      vertex -31.958 -21.9483 -0.4
      vertex -31.6812 -20.4477 -0.4
    endloop
  endfacet
  facet normal 0 0 -1
    outer loop
      vertex -32.3199 -21.805 -0.4
      vertex -31.6812 -20.4477 -0.4
      vertex -31.958 -21.9483 -0.4
    endloop
  endfacet
  facet normal -0 0 -1
    outer loop
      vertex -31.6812 -20.4477 -0.4
      vertex -32.3199 -21.805 -0.4
      vertex -31.8573 -20.3509 -0.4
    endloop
  endfacet
  facet normal 0 0 -1
    outer loop
      vertex -32.6611 -21.6174 -0.4
      vertex -31.8573 -20.3509 -0.4
      vertex -32.3199 -21.805 -0.4
    endloop
  endfacet
  facet normal -0 0 -1
    outer loop
      vertex -31.8573 -20.3509 -0.4
      vertex -32.6611 -21.6174 -0.4
      vertex -32.0199 -20.2328 -0.4
    endloop
  endfacet
  facet normal 0 0 -1
    outer loop
      vertex -32.976 -21.3886 -0.4
      vertex -32.0199 -20.2328 -0.4
      vertex -32.6611 -21.6174 -0.4
    endloop
  endfacet
  facet normal -0 0 -1
    outer loop
      vertex -32.0199 -20.2328 -0.4
      vertex -32.976 -21.3886 -0.4
      vertex -32.1664 -20.0953 -0.4
    endloop
  endfacet
  facet normal 0 0 -1
    outer loop
      vertex -33.2598 -21.1221 -0.4
      vertex -32.1664 -20.0953 -0.4
      vertex -32.976 -21.3886 -0.4
    endloop
  endfacet
  facet normal -0 0 -1
    outer loop
      vertex -32.1664 -20.0953 -0.4
      vertex -33.2598 -21.1221 -0.4
      vertex -32.2944 -19.9405 -0.4
    endloop
  endfacet
  facet normal 0 0 -1
    outer loop
      vertex -33.5079 -20.8221 -0.4
      vertex -32.2944 -19.9405 -0.4
      vertex -33.2598 -21.1221 -0.4
    endloop
  endfacet
  facet normal 0 0 -1
    outer loop
      vertex -33.7165 -20.4934 -0.4
      vertex -32.4021 -19.7708 -0.4
      vertex -33.5079 -20.8221 -0.4
    endloop
  endfacet
  facet normal -0 0 -1
    outer loop
      vertex -32.2944 -19.9405 -0.4
      vertex -33.5079 -20.8221 -0.4
      vertex -32.4021 -19.7708 -0.4
    endloop
  endfacet
  facet normal -0 0 -1
    outer loop
      vertex -28.2835 -17.5066 -0.4
      vertex -29.5979 -18.2292 -0.4
      vertex -28.492 -17.1779 -0.4
    endloop
  endfacet
  facet normal 0 0 -1
    outer loop
      vertex -29.7056 -18.0595 -0.4
      vertex -28.492 -17.1779 -0.4
      vertex -29.5979 -18.2292 -0.4
    endloop
  endfacet
  facet normal -0 0 -1
    outer loop
      vertex -28.492 -17.1779 -0.4
      vertex -29.7056 -18.0595 -0.4
      vertex -28.7402 -16.8779 -0.4
    endloop
  endfacet
  facet normal 0 0 -1
    outer loop
      vertex -29.8337 -17.9047 -0.4
      vertex -28.7402 -16.8779 -0.4
      vertex -29.7056 -18.0595 -0.4
    endloop
  endfacet
  facet normal -0 0 -1
    outer loop
      vertex -28.7402 -16.8779 -0.4
      vertex -29.8337 -17.9047 -0.4
      vertex -29.024 -16.6114 -0.4
    endloop
  endfacet
  facet normal 0 0 -1
    outer loop
      vertex -29.9801 -17.7672 -0.4
      vertex -29.024 -16.6114 -0.4
      vertex -29.8337 -17.9047 -0.4
    endloop
  endfacet
  facet normal -0 0 -1
    outer loop
      vertex -29.024 -16.6114 -0.4
      vertex -29.9801 -17.7672 -0.4
      vertex -29.3389 -16.3826 -0.4
    endloop
  endfacet
  facet normal 0 0 -1
    outer loop
      vertex -30.1427 -17.6491 -0.4
      vertex -29.3389 -16.3826 -0.4
      vertex -29.9801 -17.7672 -0.4
    endloop
  endfacet
  facet normal -0 0 -1
    outer loop
      vertex -29.3389 -16.3826 -0.4
      vertex -30.1427 -17.6491 -0.4
      vertex -29.6801 -16.195 -0.4
    endloop
  endfacet
  facet normal 0 0 -1
    outer loop
      vertex -30.3188 -17.5523 -0.4
      vertex -29.6801 -16.195 -0.4
      vertex -30.1427 -17.6491 -0.4
    endloop
  endfacet
  facet normal -0 0 -1
    outer loop
      vertex -29.6801 -16.195 -0.4
      vertex -30.3188 -17.5523 -0.4
      vertex -30.042 -16.0517 -0.4
    endloop
  endfacet
  facet normal 0 0 -1
    outer loop
      vertex -30.5056 -17.4783 -0.4
      vertex -30.042 -16.0517 -0.4
      vertex -30.3188 -17.5523 -0.4
    endloop
  endfacet
  facet normal -0 0 -1
    outer loop
      vertex -30.042 -16.0517 -0.4
      vertex -30.5056 -17.4783 -0.4
      vertex -30.4191 -15.9549 -0.4
    endloop
  endfacet
  facet normal 0 0 -1
    outer loop
      vertex -30.7002 -17.4283 -0.4
      vertex -30.4191 -15.9549 -0.4
      vertex -30.5056 -17.4783 -0.4
    endloop
  endfacet
  facet normal 0 0 -1
    outer loop
      vertex -30.7002 -17.4283 -0.4
      vertex -30.8054 -15.9061 -0.4
      vertex -30.4191 -15.9549 -0.4
    endloop
  endfacet
  facet normal 0 0 -1
    outer loop
      vertex -30.8995 -17.4032 -0.4
      vertex -30.8054 -15.9061 -0.4
      vertex -30.7002 -17.4283 -0.4
    endloop
  endfacet
  facet normal 0 0 -1
    outer loop
      vertex -31.1005 -17.4032 -0.4
      vertex -30.8054 -15.9061 -0.4
      vertex -30.8995 -17.4032 -0.4
    endloop
  endfacet
  facet normal 0 0 -1
    outer loop
      vertex -31.1005 -17.4032 -0.4
      vertex -31.1946 -15.9061 -0.4
      vertex -30.8054 -15.9061 -0.4
    endloop
  endfacet
  facet normal 0 0 -1
    outer loop
      vertex -31.2998 -17.4283 -0.4
      vertex -31.1946 -15.9061 -0.4
      vertex -31.1005 -17.4032 -0.4
    endloop
  endfacet
  facet normal 0 0 -1
    outer loop
      vertex -31.5809 -15.9549 -0.4
      vertex -31.2998 -17.4283 -0.4
      vertex -31.4944 -17.4783 -0.4
    endloop
  endfacet
  facet normal 0 0 -1
    outer loop
      vertex -31.2998 -17.4283 -0.4
      vertex -31.5809 -15.9549 -0.4
      vertex -31.1946 -15.9061 -0.4
    endloop
  endfacet
  facet normal 0 0 -1
    outer loop
      vertex -31.958 -16.0517 -0.4
      vertex -31.4944 -17.4783 -0.4
      vertex -31.6812 -17.5523 -0.4
    endloop
  endfacet
  facet normal 0 0 -1
    outer loop
      vertex -32.3199 -16.195 -0.4
      vertex -31.6812 -17.5523 -0.4
      vertex -31.8573 -17.6491 -0.4
    endloop
  endfacet
  facet normal 0 0 -1
    outer loop
      vertex -31.4944 -17.4783 -0.4
      vertex -31.958 -16.0517 -0.4
      vertex -31.5809 -15.9549 -0.4
    endloop
  endfacet
  facet normal 0 0 -1
    outer loop
      vertex -32.6611 -16.3826 -0.4
      vertex -31.8573 -17.6491 -0.4
      vertex -32.0199 -17.7672 -0.4
    endloop
  endfacet
  facet normal 0 0 -1
    outer loop
      vertex -32.976 -16.6114 -0.4
      vertex -32.0199 -17.7672 -0.4
      vertex -32.1664 -17.9047 -0.4
    endloop
  endfacet
  facet normal 0 0 -1
    outer loop
      vertex -33.2598 -16.8779 -0.4
      vertex -32.1664 -17.9047 -0.4
      vertex -32.2944 -18.0595 -0.4
    endloop
  endfacet
  facet normal 0 0 -1
    outer loop
      vertex -31.6812 -17.5523 -0.4
      vertex -32.3199 -16.195 -0.4
      vertex -31.958 -16.0517 -0.4
    endloop
  endfacet
  facet normal 0 0 -1
    outer loop
      vertex -33.5079 -17.1779 -0.4
      vertex -32.2944 -18.0595 -0.4
      vertex -32.4021 -18.2292 -0.4
    endloop
  endfacet
  facet normal 0 0 -1
    outer loop
      vertex -33.7165 -17.5066 -0.4
      vertex -32.4021 -18.2292 -0.4
      vertex -32.4876 -18.411 -0.4
    endloop
  endfacet
  facet normal 0 0 -1
    outer loop
      vertex -33.8823 -17.8588 -0.4
      vertex -32.4876 -18.411 -0.4
      vertex -32.5497 -18.6021 -0.4
    endloop
  endfacet
  facet normal 0 0 -1
    outer loop
      vertex -34.0026 -18.2291 -0.4
      vertex -32.5497 -18.6021 -0.4
      vertex -32.5874 -18.7995 -0.4
    endloop
  endfacet
  facet normal 0 0 -1
    outer loop
      vertex -31.8573 -17.6491 -0.4
      vertex -32.6611 -16.3826 -0.4
      vertex -32.3199 -16.195 -0.4
    endloop
  endfacet
  facet normal 0 0 -1
    outer loop
      vertex -34.0756 -18.6115 -0.4
      vertex -32.5874 -18.7995 -0.4
      vertex -32.6 -19 -0.4
    endloop
  endfacet
  facet normal -0 0 -1
    outer loop
      vertex -32.4021 -19.7708 -0.4
      vertex -33.7165 -20.4934 -0.4
      vertex -32.4876 -19.589 -0.4
    endloop
  endfacet
  facet normal 0 0 -1
    outer loop
      vertex -33.8823 -20.1412 -0.4
      vertex -32.4876 -19.589 -0.4
      vertex -33.7165 -20.4934 -0.4
    endloop
  endfacet
  facet normal 0 0 -1
    outer loop
      vertex -32.0199 -17.7672 -0.4
      vertex -32.976 -16.6114 -0.4
      vertex -32.6611 -16.3826 -0.4
    endloop
  endfacet
  facet normal -0 0 -1
    outer loop
      vertex -32.4876 -19.589 -0.4
      vertex -33.8823 -20.1412 -0.4
      vertex -32.5497 -19.3979 -0.4
    endloop
  endfacet
  facet normal 0 0 -1
    outer loop
      vertex -32.1664 -17.9047 -0.4
      vertex -33.2598 -16.8779 -0.4
      vertex -32.976 -16.6114 -0.4
    endloop
  endfacet
  facet normal 0 0 -1
    outer loop
      vertex -34.0026 -19.7709 -0.4
      vertex -32.5497 -19.3979 -0.4
      vertex -33.8823 -20.1412 -0.4
    endloop
  endfacet
  facet normal 0 0 -1
    outer loop
      vertex -32.2944 -18.0595 -0.4
      vertex -33.5079 -17.1779 -0.4
      vertex -33.2598 -16.8779 -0.4
    endloop
  endfacet
  facet normal -0 0 -1
    outer loop
      vertex -32.5497 -19.3979 -0.4
      vertex -34.0026 -19.7709 -0.4
      vertex -32.5874 -19.2005 -0.4
    endloop
  endfacet
  facet normal 0 0 -1
    outer loop
      vertex -32.4021 -18.2292 -0.4
      vertex -33.7165 -17.5066 -0.4
      vertex -33.5079 -17.1779 -0.4
    endloop
  endfacet
  facet normal 0 0 -1
    outer loop
      vertex -34.0756 -19.3885 -0.4
      vertex -32.5874 -19.2005 -0.4
      vertex -34.0026 -19.7709 -0.4
    endloop
  endfacet
  facet normal 0 0 -1
    outer loop
      vertex -32.4876 -18.411 -0.4
      vertex -33.8823 -17.8588 -0.4
      vertex -33.7165 -17.5066 -0.4
    endloop
  endfacet
  facet normal -0 0 -1
    outer loop
      vertex -32.5874 -19.2005 -0.4
      vertex -34.0756 -19.3885 -0.4
      vertex -32.6 -19 -0.4
    endloop
  endfacet
  facet normal 0 0 -1
    outer loop
      vertex -32.5497 -18.6021 -0.4
      vertex -34.0026 -18.2291 -0.4
      vertex -33.8823 -17.8588 -0.4
    endloop
  endfacet
  facet normal 0 0 -1
    outer loop
      vertex -34.1 -19 -0.4
      vertex -32.6 -19 -0.4
      vertex -34.0756 -19.3885 -0.4
    endloop
  endfacet
  facet normal 0 0 -1
    outer loop
      vertex -32.5874 -18.7995 -0.4
      vertex -34.0756 -18.6115 -0.4
      vertex -34.0026 -18.2291 -0.4
    endloop
  endfacet
  facet normal 0 0 -1
    outer loop
      vertex -32.6 -19 -0.4
      vertex -34.1 -19 -0.4
      vertex -34.0756 -18.6115 -0.4
    endloop
  endfacet
  facet normal 0.982262 -0.187513 0
    outer loop
      vertex -34.0756 -18.6115 -0.4
      vertex -34.0026 -18.2291 -3
      vertex -34.0026 -18.2291 -0.4
    endloop
  endfacet
  facet normal 0.982262 -0.187513 0
    outer loop
      vertex -34.0026 -18.2291 -3
      vertex -34.0756 -18.6115 -0.4
      vertex -34.0756 -18.6115 -3
    endloop
  endfacet
  facet normal -0.248635 -0.968597 0
    outer loop
      vertex -30.4191 -15.9549 -3
      vertex -30.042 -16.0517 -0.4
      vertex -30.4191 -15.9549 -0.4
    endloop
  endfacet
  facet normal -0.248635 -0.968597 -0
    outer loop
      vertex -30.042 -16.0517 -0.4
      vertex -30.4191 -15.9549 -3
      vertex -30.042 -16.0517 -3
    endloop
  endfacet
  facet normal -0.77049 -0.637452 0
    outer loop
      vertex -28.492 -17.1779 -3
      vertex -28.7402 -16.8779 -0.4
      vertex -28.7402 -16.8779 -3
    endloop
  endfacet
  facet normal -0.77049 -0.637452 0
    outer loop
      vertex -28.7402 -16.8779 -0.4
      vertex -28.492 -17.1779 -3
      vertex -28.492 -17.1779 -0.4
    endloop
  endfacet
  facet normal 0.4818 -0.876281 0
    outer loop
      vertex -32.6611 -16.3826 -3
      vertex -32.3199 -16.195 -0.4
      vertex -32.6611 -16.3826 -0.4
    endloop
  endfacet
  facet normal 0.4818 -0.876281 0
    outer loop
      vertex -32.3199 -16.195 -0.4
      vertex -32.6611 -16.3826 -3
      vertex -32.3199 -16.195 -3
    endloop
  endfacet
  facet normal 0.125331 -0.992115 0
    outer loop
      vertex -31.5809 -15.9549 -3
      vertex -31.1946 -15.9061 -0.4
      vertex -31.5809 -15.9549 -0.4
    endloop
  endfacet
  facet normal 0.125331 -0.992115 0
    outer loop
      vertex -31.1946 -15.9061 -0.4
      vertex -31.5809 -15.9549 -3
      vertex -31.1946 -15.9061 -3
    endloop
  endfacet
  facet normal 0.844327 -0.535828 0
    outer loop
      vertex -33.7165 -17.5066 -0.4
      vertex -33.5079 -17.1779 -3
      vertex -33.5079 -17.1779 -0.4
    endloop
  endfacet
  facet normal 0.844327 -0.535828 0
    outer loop
      vertex -33.5079 -17.1779 -3
      vertex -33.7165 -17.5066 -0.4
      vertex -33.7165 -17.5066 -3
    endloop
  endfacet
  facet normal -0.90492 0.425581 0
    outer loop
      vertex 32.4021 18.2292 -0.4
      vertex 32.4876 18.411 2.5
      vertex 32.4876 18.411 -0.4
    endloop
  endfacet
  facet normal -0.90492 0.425581 0
    outer loop
      vertex 32.4876 18.411 2.5
      vertex 32.4021 18.2292 -0.4
      vertex 32.4021 18.2292 2.5
    endloop
  endfacet
  facet normal -0.844316 0.535845 0
    outer loop
      vertex 32.2944 18.0595 -0.4
      vertex 32.4021 18.2292 2.5
      vertex 32.4021 18.2292 -0.4
    endloop
  endfacet
  facet normal -0.844316 0.535845 0
    outer loop
      vertex 32.4021 18.2292 2.5
      vertex 32.2944 18.0595 -0.4
      vertex 32.2944 18.0595 2.5
    endloop
  endfacet
  facet normal -0.368299 0.929707 0
    outer loop
      vertex 31.6812 17.5523 -0.4
      vertex 31.4944 17.4783 2.5
      vertex 31.6812 17.5523 2.5
    endloop
  endfacet
  facet normal -0.368299 0.929707 0
    outer loop
      vertex 31.4944 17.4783 2.5
      vertex 31.6812 17.5523 -0.4
      vertex 31.4944 17.4783 -0.4
    endloop
  endfacet
  facet normal 0.368299 0.929707 -0
    outer loop
      vertex 30.5056 17.4783 -0.4
      vertex 30.3188 17.5523 2.5
      vertex 30.5056 17.4783 2.5
    endloop
  endfacet
  facet normal 0.368299 0.929707 0
    outer loop
      vertex 30.3188 17.5523 2.5
      vertex 30.5056 17.4783 -0.4
      vertex 30.3188 17.5523 -0.4
    endloop
  endfacet
  facet normal 0.90492 0.425581 0
    outer loop
      vertex 29.5979 18.2292 2.5
      vertex 29.5124 18.411 -0.4
      vertex 29.5124 18.411 2.5
    endloop
  endfacet
  facet normal 0.90492 0.425581 0
    outer loop
      vertex 29.5124 18.411 -0.4
      vertex 29.5979 18.2292 2.5
      vertex 29.5979 18.2292 -0.4
    endloop
  endfacet
  facet normal -0.982247 -0.187592 0
    outer loop
      vertex 32.5874 19.2005 -0.4
      vertex 32.5497 19.3979 2.5
      vertex 32.5497 19.3979 -0.4
    endloop
  endfacet
  facet normal -0.982247 -0.187592 0
    outer loop
      vertex 32.5497 19.3979 2.5
      vertex 32.5874 19.2005 -0.4
      vertex 32.5874 19.2005 2.5
    endloop
  endfacet
  facet normal -0.124954 0.992163 0
    outer loop
      vertex 31.2998 17.4283 -0.4
      vertex 31.1005 17.4032 2.5
      vertex 31.2998 17.4283 2.5
    endloop
  endfacet
  facet normal -0.124954 0.992163 0
    outer loop
      vertex 31.1005 17.4032 2.5
      vertex 31.2998 17.4283 -0.4
      vertex 31.1005 17.4032 -0.4
    endloop
  endfacet
  facet normal -0.587669 0.809102 0
    outer loop
      vertex 32.0199 17.7672 -0.4
      vertex 31.8573 17.6491 2.5
      vertex 32.0199 17.7672 2.5
    endloop
  endfacet
  facet normal -0.587669 0.809102 0
    outer loop
      vertex 31.8573 17.6491 2.5
      vertex 32.0199 17.7672 -0.4
      vertex 31.8573 17.6491 -0.4
    endloop
  endfacet
  facet normal 0.998031 0.0627192 0
    outer loop
      vertex 29.4126 18.7995 2.5
      vertex 29.4 19 -0.4
      vertex 29.4 19 2.5
    endloop
  endfacet
  facet normal 0.998031 0.0627192 0
    outer loop
      vertex 29.4 19 -0.4
      vertex 29.4126 18.7995 2.5
      vertex 29.4126 18.7995 -0.4
    endloop
  endfacet
  facet normal 0.77042 0.637537 0
    outer loop
      vertex 29.8337 17.9047 2.5
      vertex 29.7056 18.0595 -0.4
      vertex 29.7056 18.0595 2.5
    endloop
  endfacet
  facet normal 0.77042 0.637537 0
    outer loop
      vertex 29.7056 18.0595 -0.4
      vertex 29.8337 17.9047 2.5
      vertex 29.8337 17.9047 -0.4
    endloop
  endfacet
  facet normal 0.481709 0.876331 -0
    outer loop
      vertex 30.3188 17.5523 -0.4
      vertex 30.1427 17.6491 2.5
      vertex 30.3188 17.5523 2.5
    endloop
  endfacet
  facet normal 0.481709 0.876331 0
    outer loop
      vertex 30.1427 17.6491 2.5
      vertex 30.3188 17.5523 -0.4
      vertex 30.1427 17.6491 -0.4
    endloop
  endfacet
  facet normal 0.248854 0.968541 -0
    outer loop
      vertex 30.7002 17.4283 -0.4
      vertex 30.5056 17.4783 2.5
      vertex 30.7002 17.4283 2.5
    endloop
  endfacet
  facet normal 0.248854 0.968541 0
    outer loop
      vertex 30.5056 17.4783 2.5
      vertex 30.7002 17.4283 -0.4
      vertex 30.5056 17.4783 -0.4
    endloop
  endfacet
  facet normal -0.998031 -0.0627192 0
    outer loop
      vertex 32.6 19 -0.4
      vertex 32.5874 19.2005 2.5
      vertex 32.5874 19.2005 -0.4
    endloop
  endfacet
  facet normal -0.998031 -0.0627192 0
    outer loop
      vertex 32.5874 19.2005 2.5
      vertex 32.6 19 -0.4
      vertex 32.6 19 2.5
    endloop
  endfacet
  facet normal -0.951045 -0.309052 0
    outer loop
      vertex 32.5497 19.3979 -0.4
      vertex 32.4876 19.589 2.5
      vertex 32.4876 19.589 -0.4
    endloop
  endfacet
  facet normal -0.951045 -0.309052 0
    outer loop
      vertex 32.4876 19.589 2.5
      vertex 32.5497 19.3979 -0.4
      vertex 32.5497 19.3979 2.5
    endloop
  endfacet
  facet normal 0.684603 -0.728916 0
    outer loop
      vertex 29.8337 20.0953 -0.4
      vertex 29.9801 20.2328 2.5
      vertex 29.8337 20.0953 2.5
    endloop
  endfacet
  facet normal 0.684603 -0.728916 0
    outer loop
      vertex 29.9801 20.2328 2.5
      vertex 29.8337 20.0953 -0.4
      vertex 29.9801 20.2328 -0.4
    endloop
  endfacet
  facet normal -0.124954 -0.992163 0
    outer loop
      vertex 31.1005 20.5968 -0.4
      vertex 31.2998 20.5717 2.5
      vertex 31.1005 20.5968 2.5
    endloop
  endfacet
  facet normal -0.124954 -0.992163 -0
    outer loop
      vertex 31.2998 20.5717 2.5
      vertex 31.1005 20.5968 -0.4
      vertex 31.2998 20.5717 -0.4
    endloop
  endfacet
  facet normal -0.587669 -0.809102 0
    outer loop
      vertex 31.8573 20.3509 -0.4
      vertex 32.0199 20.2328 2.5
      vertex 31.8573 20.3509 2.5
    endloop
  endfacet
  facet normal -0.587669 -0.809102 -0
    outer loop
      vertex 32.0199 20.2328 2.5
      vertex 31.8573 20.3509 -0.4
      vertex 32.0199 20.2328 -0.4
    endloop
  endfacet
  facet normal -0.951045 0.309052 0
    outer loop
      vertex 32.4876 18.411 -0.4
      vertex 32.5497 18.6021 2.5
      vertex 32.5497 18.6021 -0.4
    endloop
  endfacet
  facet normal -0.951045 0.309052 0
    outer loop
      vertex 32.5497 18.6021 2.5
      vertex 32.4876 18.411 -0.4
      vertex 32.4876 18.411 2.5
    endloop
  endfacet
  facet normal -0.684355 0.729149 0
    outer loop
      vertex 32.1664 17.9047 -0.4
      vertex 32.0199 17.7672 2.5
      vertex 32.1664 17.9047 2.5
    endloop
  endfacet
  facet normal -0.684355 0.729149 0
    outer loop
      vertex 32.0199 17.7672 2.5
      vertex 32.1664 17.9047 -0.4
      vertex 32.0199 17.7672 -0.4
    endloop
  endfacet
  facet normal 0 1 -0
    outer loop
      vertex 31.1005 17.4032 -0.4
      vertex 30.8995 17.4032 2.5
      vertex 31.1005 17.4032 2.5
    endloop
  endfacet
  facet normal 0 1 0
    outer loop
      vertex 30.8995 17.4032 2.5
      vertex 31.1005 17.4032 -0.4
      vertex 30.8995 17.4032 -0.4
    endloop
  endfacet
  facet normal -0.248854 0.968541 0
    outer loop
      vertex 31.4944 17.4783 -0.4
      vertex 31.2998 17.4283 2.5
      vertex 31.4944 17.4783 2.5
    endloop
  endfacet
  facet normal -0.248854 0.968541 0
    outer loop
      vertex 31.2998 17.4283 2.5
      vertex 31.4944 17.4783 -0.4
      vertex 31.2998 17.4283 -0.4
    endloop
  endfacet
  facet normal -0.481709 0.876331 0
    outer loop
      vertex 31.8573 17.6491 -0.4
      vertex 31.6812 17.5523 2.5
      vertex 31.8573 17.6491 2.5
    endloop
  endfacet
  facet normal -0.481709 0.876331 0
    outer loop
      vertex 31.6812 17.5523 2.5
      vertex 31.8573 17.6491 -0.4
      vertex 31.6812 17.5523 -0.4
    endloop
  endfacet
  facet normal 0.951045 0.309052 0
    outer loop
      vertex 29.5124 18.411 2.5
      vertex 29.4503 18.6021 -0.4
      vertex 29.4503 18.6021 2.5
    endloop
  endfacet
  facet normal 0.951045 0.309052 0
    outer loop
      vertex 29.4503 18.6021 -0.4
      vertex 29.5124 18.411 2.5
      vertex 29.5124 18.411 -0.4
    endloop
  endfacet
  facet normal 0.982247 0.187592 0
    outer loop
      vertex 29.4503 18.6021 2.5
      vertex 29.4126 18.7995 -0.4
      vertex 29.4126 18.7995 2.5
    endloop
  endfacet
  facet normal 0.982247 0.187592 0
    outer loop
      vertex 29.4126 18.7995 -0.4
      vertex 29.4503 18.6021 2.5
      vertex 29.4503 18.6021 -0.4
    endloop
  endfacet
  facet normal 0.844316 0.535845 0
    outer loop
      vertex 29.7056 18.0595 2.5
      vertex 29.5979 18.2292 -0.4
      vertex 29.5979 18.2292 2.5
    endloop
  endfacet
  facet normal 0.844316 0.535845 0
    outer loop
      vertex 29.5979 18.2292 -0.4
      vertex 29.7056 18.0595 2.5
      vertex 29.7056 18.0595 -0.4
    endloop
  endfacet
  facet normal 0.124954 0.992163 -0
    outer loop
      vertex 30.8995 17.4032 -0.4
      vertex 30.7002 17.4283 2.5
      vertex 30.8995 17.4032 2.5
    endloop
  endfacet
  facet normal 0.124954 0.992163 0
    outer loop
      vertex 30.7002 17.4283 2.5
      vertex 30.8995 17.4032 -0.4
      vertex 30.7002 17.4283 -0.4
    endloop
  endfacet
  facet normal 0.587669 0.809102 -0
    outer loop
      vertex 30.1427 17.6491 -0.4
      vertex 29.9801 17.7672 2.5
      vertex 30.1427 17.6491 2.5
    endloop
  endfacet
  facet normal 0.587669 0.809102 0
    outer loop
      vertex 29.9801 17.7672 2.5
      vertex 30.1427 17.6491 -0.4
      vertex 29.9801 17.7672 -0.4
    endloop
  endfacet
  facet normal 0.684603 0.728916 -0
    outer loop
      vertex 29.9801 17.7672 -0.4
      vertex 29.8337 17.9047 2.5
      vertex 29.9801 17.7672 2.5
    endloop
  endfacet
  facet normal 0.684603 0.728916 0
    outer loop
      vertex 29.8337 17.9047 2.5
      vertex 29.9801 17.7672 -0.4
      vertex 29.8337 17.9047 -0.4
    endloop
  endfacet
  facet normal -0.998031 0.0627192 0
    outer loop
      vertex 32.5874 18.7995 -0.4
      vertex 32.6 19 2.5
      vertex 32.6 19 -0.4
    endloop
  endfacet
  facet normal -0.998031 0.0627192 0
    outer loop
      vertex 32.6 19 2.5
      vertex 32.5874 18.7995 -0.4
      vertex 32.5874 18.7995 2.5
    endloop
  endfacet
  facet normal -0.844316 -0.535845 0
    outer loop
      vertex 32.4021 19.7708 -0.4
      vertex 32.2944 19.9405 2.5
      vertex 32.2944 19.9405 -0.4
    endloop
  endfacet
  facet normal -0.844316 -0.535845 0
    outer loop
      vertex 32.2944 19.9405 2.5
      vertex 32.4021 19.7708 -0.4
      vertex 32.4021 19.7708 2.5
    endloop
  endfacet
  facet normal 0.998031 -0.0627192 0
    outer loop
      vertex 29.4 19 2.5
      vertex 29.4126 19.2005 -0.4
      vertex 29.4126 19.2005 2.5
    endloop
  endfacet
  facet normal 0.998031 -0.0627192 0
    outer loop
      vertex 29.4126 19.2005 -0.4
      vertex 29.4 19 2.5
      vertex 29.4 19 -0.4
    endloop
  endfacet
  facet normal 0.77042 -0.637537 0
    outer loop
      vertex 29.7056 19.9405 2.5
      vertex 29.8337 20.0953 -0.4
      vertex 29.8337 20.0953 2.5
    endloop
  endfacet
  facet normal 0.77042 -0.637537 0
    outer loop
      vertex 29.8337 20.0953 -0.4
      vertex 29.7056 19.9405 2.5
      vertex 29.7056 19.9405 -0.4
    endloop
  endfacet
  facet normal -0.248854 -0.968541 0
    outer loop
      vertex 31.2998 20.5717 -0.4
      vertex 31.4944 20.5217 2.5
      vertex 31.2998 20.5717 2.5
    endloop
  endfacet
  facet normal -0.248854 -0.968541 -0
    outer loop
      vertex 31.4944 20.5217 2.5
      vertex 31.2998 20.5717 -0.4
      vertex 31.4944 20.5217 -0.4
    endloop
  endfacet
  facet normal -0.982247 0.187592 0
    outer loop
      vertex 32.5497 18.6021 -0.4
      vertex 32.5874 18.7995 2.5
      vertex 32.5874 18.7995 -0.4
    endloop
  endfacet
  facet normal -0.982247 0.187592 0
    outer loop
      vertex 32.5874 18.7995 2.5
      vertex 32.5497 18.6021 -0.4
      vertex 32.5497 18.6021 2.5
    endloop
  endfacet
  facet normal -0.770664 0.637242 0
    outer loop
      vertex 32.1664 17.9047 -0.4
      vertex 32.2944 18.0595 2.5
      vertex 32.2944 18.0595 -0.4
    endloop
  endfacet
  facet normal -0.770664 0.637242 0
    outer loop
      vertex 32.2944 18.0595 2.5
      vertex 32.1664 17.9047 -0.4
      vertex 32.1664 17.9047 2.5
    endloop
  endfacet
  facet normal -0.90492 -0.425581 0
    outer loop
      vertex 32.4876 19.589 -0.4
      vertex 32.4021 19.7708 2.5
      vertex 32.4021 19.7708 -0.4
    endloop
  endfacet
  facet normal -0.90492 -0.425581 0
    outer loop
      vertex 32.4021 19.7708 2.5
      vertex 32.4876 19.589 -0.4
      vertex 32.4876 19.589 2.5
    endloop
  endfacet
  facet normal 0.248854 -0.968541 0
    outer loop
      vertex 30.5056 20.5217 -0.4
      vertex 30.7002 20.5717 2.5
      vertex 30.5056 20.5217 2.5
    endloop
  endfacet
  facet normal 0.248854 -0.968541 0
    outer loop
      vertex 30.7002 20.5717 2.5
      vertex 30.5056 20.5217 -0.4
      vertex 30.7002 20.5717 -0.4
    endloop
  endfacet
  facet normal 0.124954 -0.992163 0
    outer loop
      vertex 30.7002 20.5717 -0.4
      vertex 30.8995 20.5968 2.5
      vertex 30.7002 20.5717 2.5
    endloop
  endfacet
  facet normal 0.124954 -0.992163 0
    outer loop
      vertex 30.8995 20.5968 2.5
      vertex 30.7002 20.5717 -0.4
      vertex 30.8995 20.5968 -0.4
    endloop
  endfacet
  facet normal 0.951045 -0.309052 0
    outer loop
      vertex 29.4503 19.3979 2.5
      vertex 29.5124 19.589 -0.4
      vertex 29.5124 19.589 2.5
    endloop
  endfacet
  facet normal 0.951045 -0.309052 0
    outer loop
      vertex 29.5124 19.589 -0.4
      vertex 29.4503 19.3979 2.5
      vertex 29.4503 19.3979 -0.4
    endloop
  endfacet
  facet normal 0.982247 -0.187592 0
    outer loop
      vertex 29.4126 19.2005 2.5
      vertex 29.4503 19.3979 -0.4
      vertex 29.4503 19.3979 2.5
    endloop
  endfacet
  facet normal 0.982247 -0.187592 0
    outer loop
      vertex 29.4503 19.3979 -0.4
      vertex 29.4126 19.2005 2.5
      vertex 29.4126 19.2005 -0.4
    endloop
  endfacet
  facet normal -0.481709 -0.876331 0
    outer loop
      vertex 31.6812 20.4477 -0.4
      vertex 31.8573 20.3509 2.5
      vertex 31.6812 20.4477 2.5
    endloop
  endfacet
  facet normal -0.481709 -0.876331 -0
    outer loop
      vertex 31.8573 20.3509 2.5
      vertex 31.6812 20.4477 -0.4
      vertex 31.8573 20.3509 -0.4
    endloop
  endfacet
  facet normal -0.770664 -0.637242 0
    outer loop
      vertex 32.2944 19.9405 -0.4
      vertex 32.1664 20.0953 2.5
      vertex 32.1664 20.0953 -0.4
    endloop
  endfacet
  facet normal -0.770664 -0.637242 0
    outer loop
      vertex 32.1664 20.0953 2.5
      vertex 32.2944 19.9405 -0.4
      vertex 32.2944 19.9405 2.5
    endloop
  endfacet
  facet normal 0 -1 0
    outer loop
      vertex 30.8995 20.5968 -0.4
      vertex 31.1005 20.5968 2.5
      vertex 30.8995 20.5968 2.5
    endloop
  endfacet
  facet normal 0 -1 -0
    outer loop
      vertex 31.1005 20.5968 2.5
      vertex 30.8995 20.5968 -0.4
      vertex 31.1005 20.5968 -0.4
    endloop
  endfacet
  facet normal 0.481709 -0.876331 0
    outer loop
      vertex 30.1427 20.3509 -0.4
      vertex 30.3188 20.4477 2.5
      vertex 30.1427 20.3509 2.5
    endloop
  endfacet
  facet normal 0.481709 -0.876331 0
    outer loop
      vertex 30.3188 20.4477 2.5
      vertex 30.1427 20.3509 -0.4
      vertex 30.3188 20.4477 -0.4
    endloop
  endfacet
  facet normal 0.844316 -0.535845 0
    outer loop
      vertex 29.5979 19.7708 2.5
      vertex 29.7056 19.9405 -0.4
      vertex 29.7056 19.9405 2.5
    endloop
  endfacet
  facet normal 0.844316 -0.535845 0
    outer loop
      vertex 29.7056 19.9405 -0.4
      vertex 29.5979 19.7708 2.5
      vertex 29.5979 19.7708 -0.4
    endloop
  endfacet
  facet normal 0.90492 -0.425581 0
    outer loop
      vertex 29.5124 19.589 2.5
      vertex 29.5979 19.7708 -0.4
      vertex 29.5979 19.7708 2.5
    endloop
  endfacet
  facet normal 0.90492 -0.425581 0
    outer loop
      vertex 29.5979 19.7708 -0.4
      vertex 29.5124 19.589 2.5
      vertex 29.5124 19.589 -0.4
    endloop
  endfacet
  facet normal -0.368299 -0.929707 0
    outer loop
      vertex 31.4944 20.5217 -0.4
      vertex 31.6812 20.4477 2.5
      vertex 31.4944 20.5217 2.5
    endloop
  endfacet
  facet normal -0.368299 -0.929707 -0
    outer loop
      vertex 31.6812 20.4477 2.5
      vertex 31.4944 20.5217 -0.4
      vertex 31.6812 20.4477 -0.4
    endloop
  endfacet
  facet normal -0.684355 -0.729149 0
    outer loop
      vertex 32.0199 20.2328 -0.4
      vertex 32.1664 20.0953 2.5
      vertex 32.0199 20.2328 2.5
    endloop
  endfacet
  facet normal -0.684355 -0.729149 -0
    outer loop
      vertex 32.1664 20.0953 2.5
      vertex 32.0199 20.2328 -0.4
      vertex 32.1664 20.0953 -0.4
    endloop
  endfacet
  facet normal 0.587669 -0.809102 0
    outer loop
      vertex 29.9801 20.2328 -0.4
      vertex 30.1427 20.3509 2.5
      vertex 29.9801 20.2328 2.5
    endloop
  endfacet
  facet normal 0.587669 -0.809102 0
    outer loop
      vertex 30.1427 20.3509 2.5
      vertex 29.9801 20.2328 -0.4
      vertex 30.1427 20.3509 -0.4
    endloop
  endfacet
  facet normal 0.368299 -0.929707 0
    outer loop
      vertex 30.3188 20.4477 -0.4
      vertex 30.5056 20.5217 2.5
      vertex 30.3188 20.4477 2.5
    endloop
  endfacet
  facet normal 0.368299 -0.929707 0
    outer loop
      vertex 30.5056 20.5217 2.5
      vertex 30.3188 20.4477 -0.4
      vertex 30.5056 20.5217 -0.4
    endloop
  endfacet
  facet normal -0.90476 0.425921 0
    outer loop
      vertex 33.7165 17.5066 -3
      vertex 33.8823 17.8588 -0.4
      vertex 33.8823 17.8588 -3
    endloop
  endfacet
  facet normal -0.90476 0.425921 0
    outer loop
      vertex 33.8823 17.8588 -0.4
      vertex 33.7165 17.5066 -3
      vertex 33.7165 17.5066 -0.4
    endloop
  endfacet
  facet normal -0.844327 0.535828 0
    outer loop
      vertex 33.5079 17.1779 -3
      vertex 33.7165 17.5066 -0.4
      vertex 33.7165 17.5066 -3
    endloop
  endfacet
  facet normal -0.844327 0.535828 0
    outer loop
      vertex 33.7165 17.5066 -0.4
      vertex 33.5079 17.1779 -3
      vertex 33.5079 17.1779 -0.4
    endloop
  endfacet
  facet normal -0.368155 0.929764 0
    outer loop
      vertex 32.3199 16.195 -3
      vertex 31.958 16.0517 -0.4
      vertex 32.3199 16.195 -0.4
    endloop
  endfacet
  facet normal -0.368155 0.929764 0
    outer loop
      vertex 31.958 16.0517 -0.4
      vertex 32.3199 16.195 -3
      vertex 31.958 16.0517 -3
    endloop
  endfacet
  facet normal 0.368155 0.929764 -0
    outer loop
      vertex 30.042 16.0517 -3
      vertex 29.6801 16.195 -0.4
      vertex 30.042 16.0517 -0.4
    endloop
  endfacet
  facet normal 0.368155 0.929764 0
    outer loop
      vertex 29.6801 16.195 -0.4
      vertex 30.042 16.0517 -3
      vertex 29.6801 16.195 -3
    endloop
  endfacet
  facet normal 0.90476 0.425921 0
    outer loop
      vertex 28.2835 17.5066 -0.4
      vertex 28.1177 17.8588 -3
      vertex 28.1177 17.8588 -0.4
    endloop
  endfacet
  facet normal 0.90476 0.425921 0
    outer loop
      vertex 28.1177 17.8588 -3
      vertex 28.2835 17.5066 -0.4
      vertex 28.2835 17.5066 -3
    endloop
  endfacet
  facet normal -0.982262 -0.187513 0
    outer loop
      vertex 34.0756 19.3885 -3
      vertex 34.0026 19.7709 -0.4
      vertex 34.0026 19.7709 -3
    endloop
  endfacet
  facet normal -0.982262 -0.187513 0
    outer loop
      vertex 34.0026 19.7709 -0.4
      vertex 34.0756 19.3885 -3
      vertex 34.0756 19.3885 -0.4
    endloop
  endfacet
  facet normal 0 1 -0
    outer loop
      vertex 31.1946 15.9061 -3
      vertex 30.8054 15.9061 -0.4
      vertex 31.1946 15.9061 -0.4
    endloop
  endfacet
  facet normal 0 1 0
    outer loop
      vertex 30.8054 15.9061 -0.4
      vertex 31.1946 15.9061 -3
      vertex 30.8054 15.9061 -3
    endloop
  endfacet
  facet normal -0.587805 0.809003 0
    outer loop
      vertex 32.976 16.6114 -3
      vertex 32.6611 16.3826 -0.4
      vertex 32.976 16.6114 -0.4
    endloop
  endfacet
  facet normal -0.587805 0.809003 0
    outer loop
      vertex 32.6611 16.3826 -0.4
      vertex 32.976 16.6114 -3
      vertex 32.6611 16.3826 -3
    endloop
  endfacet
  facet normal 0.982262 0.187513 0
    outer loop
      vertex 27.9974 18.2291 -0.4
      vertex 27.9244 18.6115 -3
      vertex 27.9244 18.6115 -0.4
    endloop
  endfacet
  facet normal 0.982262 0.187513 0
    outer loop
      vertex 27.9244 18.6115 -3
      vertex 27.9974 18.2291 -0.4
      vertex 27.9974 18.2291 -3
    endloop
  endfacet
  facet normal 0.77049 0.637452 0
    outer loop
      vertex 28.7402 16.8779 -0.4
      vertex 28.492 17.1779 -3
      vertex 28.492 17.1779 -0.4
    endloop
  endfacet
  facet normal 0.77049 0.637452 0
    outer loop
      vertex 28.492 17.1779 -3
      vertex 28.7402 16.8779 -0.4
      vertex 28.7402 16.8779 -3
    endloop
  endfacet
  facet normal 0.248635 0.968597 -0
    outer loop
      vertex 30.4191 15.9549 -3
      vertex 30.042 16.0517 -0.4
      vertex 30.4191 15.9549 -0.4
    endloop
  endfacet
  facet normal 0.248635 0.968597 0
    outer loop
      vertex 30.042 16.0517 -0.4
      vertex 30.4191 15.9549 -3
      vertex 30.042 16.0517 -3
    endloop
  endfacet
  facet normal 0.684539 0.728976 -0
    outer loop
      vertex 29.024 16.6114 -3
      vertex 28.7402 16.8779 -0.4
      vertex 29.024 16.6114 -0.4
    endloop
  endfacet
  facet normal 0.684539 0.728976 0
    outer loop
      vertex 28.7402 16.8779 -0.4
      vertex 29.024 16.6114 -3
      vertex 28.7402 16.8779 -3
    endloop
  endfacet
  facet normal -0.998034 0.0626822 0
    outer loop
      vertex 34.0756 18.6115 -3
      vertex 34.1 19 -0.4
      vertex 34.1 19 -3
    endloop
  endfacet
  facet normal -0.998034 0.0626822 0
    outer loop
      vertex 34.1 19 -0.4
      vertex 34.0756 18.6115 -3
      vertex 34.0756 18.6115 -0.4
    endloop
  endfacet
  facet normal -0.95107 -0.308976 0
    outer loop
      vertex 34.0026 19.7709 -3
      vertex 33.8823 20.1412 -0.4
      vertex 33.8823 20.1412 -3
    endloop
  endfacet
  facet normal -0.95107 -0.308976 0
    outer loop
      vertex 33.8823 20.1412 -0.4
      vertex 34.0026 19.7709 -3
      vertex 34.0026 19.7709 -0.4
    endloop
  endfacet
  facet normal -0.587805 -0.809003 0
    outer loop
      vertex 32.6611 21.6174 -3
      vertex 32.976 21.3886 -0.4
      vertex 32.6611 21.6174 -0.4
    endloop
  endfacet
  facet normal -0.587805 -0.809003 -0
    outer loop
      vertex 32.976 21.3886 -0.4
      vertex 32.6611 21.6174 -3
      vertex 32.976 21.3886 -3
    endloop
  endfacet
  facet normal -0.95107 0.308976 0
    outer loop
      vertex 33.8823 17.8588 -3
      vertex 34.0026 18.2291 -0.4
      vertex 34.0026 18.2291 -3
    endloop
  endfacet
  facet normal -0.95107 0.308976 0
    outer loop
      vertex 34.0026 18.2291 -0.4
      vertex 33.8823 17.8588 -3
      vertex 33.8823 17.8588 -0.4
    endloop
  endfacet
  facet normal -0.684539 0.728976 0
    outer loop
      vertex 33.2598 16.8779 -3
      vertex 32.976 16.6114 -0.4
      vertex 33.2598 16.8779 -0.4
    endloop
  endfacet
  facet normal -0.684539 0.728976 0
    outer loop
      vertex 32.976 16.6114 -0.4
      vertex 33.2598 16.8779 -3
      vertex 32.976 16.6114 -3
    endloop
  endfacet
  facet normal -0.248635 0.968597 0
    outer loop
      vertex 31.958 16.0517 -3
      vertex 31.5809 15.9549 -0.4
      vertex 31.958 16.0517 -0.4
    endloop
  endfacet
  facet normal -0.248635 0.968597 0
    outer loop
      vertex 31.5809 15.9549 -0.4
      vertex 31.958 16.0517 -3
      vertex 31.5809 15.9549 -3
    endloop
  endfacet
  facet normal -0.125331 0.992115 0
    outer loop
      vertex 31.5809 15.9549 -3
      vertex 31.1946 15.9061 -0.4
      vertex 31.5809 15.9549 -0.4
    endloop
  endfacet
  facet normal -0.125331 0.992115 0
    outer loop
      vertex 31.1946 15.9061 -0.4
      vertex 31.5809 15.9549 -3
      vertex 31.1946 15.9061 -3
    endloop
  endfacet
  facet normal -0.4818 0.876281 0
    outer loop
      vertex 32.6611 16.3826 -3
      vertex 32.3199 16.195 -0.4
      vertex 32.6611 16.3826 -0.4
    endloop
  endfacet
  facet normal -0.4818 0.876281 0
    outer loop
      vertex 32.3199 16.195 -0.4
      vertex 32.6611 16.3826 -3
      vertex 32.3199 16.195 -3
    endloop
  endfacet
  facet normal 0.998034 0.0626822 0
    outer loop
      vertex 27.9244 18.6115 -0.4
      vertex 27.9 19 -3
      vertex 27.9 19 -0.4
    endloop
  endfacet
  facet normal 0.998034 0.0626822 0
    outer loop
      vertex 27.9 19 -3
      vertex 27.9244 18.6115 -0.4
      vertex 27.9244 18.6115 -3
    endloop
  endfacet
  facet normal 0.95107 0.308976 0
    outer loop
      vertex 28.1177 17.8588 -0.4
      vertex 27.9974 18.2291 -3
      vertex 27.9974 18.2291 -0.4
    endloop
  endfacet
  facet normal 0.95107 0.308976 0
    outer loop
      vertex 27.9974 18.2291 -3
      vertex 28.1177 17.8588 -0.4
      vertex 28.1177 17.8588 -3
    endloop
  endfacet
  facet normal 0.844443 0.535645 0
    outer loop
      vertex 28.492 17.1779 -0.4
      vertex 28.2835 17.5066 -3
      vertex 28.2835 17.5066 -0.4
    endloop
  endfacet
  facet normal 0.844443 0.535645 0
    outer loop
      vertex 28.2835 17.5066 -3
      vertex 28.492 17.1779 -0.4
      vertex 28.492 17.1779 -3
    endloop
  endfacet
  facet normal 0.125331 0.992115 -0
    outer loop
      vertex 30.8054 15.9061 -3
      vertex 30.4191 15.9549 -0.4
      vertex 30.8054 15.9061 -0.4
    endloop
  endfacet
  facet normal 0.125331 0.992115 0
    outer loop
      vertex 30.4191 15.9549 -0.4
      vertex 30.8054 15.9061 -3
      vertex 30.4191 15.9549 -3
    endloop
  endfacet
  facet normal 0.587805 0.809003 -0
    outer loop
      vertex 29.3389 16.3826 -3
      vertex 29.024 16.6114 -0.4
      vertex 29.3389 16.3826 -0.4
    endloop
  endfacet
  facet normal 0.587805 0.809003 0
    outer loop
      vertex 29.024 16.6114 -0.4
      vertex 29.3389 16.3826 -3
      vertex 29.024 16.6114 -3
    endloop
  endfacet
  facet normal 0.4818 0.876281 -0
    outer loop
      vertex 29.6801 16.195 -3
      vertex 29.3389 16.3826 -0.4
      vertex 29.6801 16.195 -0.4
    endloop
  endfacet
  facet normal 0.4818 0.876281 0
    outer loop
      vertex 29.3389 16.3826 -0.4
      vertex 29.6801 16.195 -3
      vertex 29.3389 16.3826 -3
    endloop
  endfacet
  facet normal -0.998034 -0.0626822 0
    outer loop
      vertex 34.1 19 -3
      vertex 34.0756 19.3885 -0.4
      vertex 34.0756 19.3885 -3
    endloop
  endfacet
  facet normal -0.998034 -0.0626822 0
    outer loop
      vertex 34.0756 19.3885 -0.4
      vertex 34.1 19 -3
      vertex 34.1 19 -0.4
    endloop
  endfacet
  facet normal -0.844327 -0.535828 0
    outer loop
      vertex 33.7165 20.4934 -3
      vertex 33.5079 20.8221 -0.4
      vertex 33.5079 20.8221 -3
    endloop
  endfacet
  facet normal -0.844327 -0.535828 0
    outer loop
      vertex 33.5079 20.8221 -0.4
      vertex 33.7165 20.4934 -3
      vertex 33.7165 20.4934 -0.4
    endloop
  endfacet
  facet normal 0.90476 -0.425921 0
    outer loop
      vertex 28.1177 20.1412 -0.4
      vertex 28.2835 20.4934 -3
      vertex 28.2835 20.4934 -0.4
    endloop
  endfacet
  facet normal 0.90476 -0.425921 0
    outer loop
      vertex 28.2835 20.4934 -3
      vertex 28.1177 20.1412 -0.4
      vertex 28.1177 20.1412 -3
    endloop
  endfacet
  facet normal -0.684539 -0.728976 0
    outer loop
      vertex 32.976 21.3886 -3
      vertex 33.2598 21.1221 -0.4
      vertex 32.976 21.3886 -0.4
    endloop
  endfacet
  facet normal -0.684539 -0.728976 -0
    outer loop
      vertex 33.2598 21.1221 -0.4
      vertex 32.976 21.3886 -3
      vertex 33.2598 21.1221 -3
    endloop
  endfacet
  facet normal -0.982262 0.187513 0
    outer loop
      vertex 34.0026 18.2291 -3
      vertex 34.0756 18.6115 -0.4
      vertex 34.0756 18.6115 -3
    endloop
  endfacet
  facet normal -0.982262 0.187513 0
    outer loop
      vertex 34.0756 18.6115 -0.4
      vertex 34.0026 18.2291 -3
      vertex 34.0026 18.2291 -0.4
    endloop
  endfacet
  facet normal -0.770616 0.6373 0
    outer loop
      vertex 33.2598 16.8779 -3
      vertex 33.5079 17.1779 -0.4
      vertex 33.5079 17.1779 -3
    endloop
  endfacet
  facet normal -0.770616 0.6373 0
    outer loop
      vertex 33.5079 17.1779 -0.4
      vertex 33.2598 16.8779 -3
      vertex 33.2598 16.8779 -0.4
    endloop
  endfacet
  facet normal -0.90476 -0.425921 0
    outer loop
      vertex 33.8823 20.1412 -3
      vertex 33.7165 20.4934 -0.4
      vertex 33.7165 20.4934 -3
    endloop
  endfacet
  facet normal -0.90476 -0.425921 0
    outer loop
      vertex 33.7165 20.4934 -0.4
      vertex 33.8823 20.1412 -3
      vertex 33.8823 20.1412 -0.4
    endloop
  endfacet
  facet normal 0 -1 0
    outer loop
      vertex 30.8054 22.0939 -3
      vertex 31.1946 22.0939 -0.4
      vertex 30.8054 22.0939 -0.4
    endloop
  endfacet
  facet normal 0 -1 -0
    outer loop
      vertex 31.1946 22.0939 -0.4
      vertex 30.8054 22.0939 -3
      vertex 31.1946 22.0939 -3
    endloop
  endfacet
  facet normal 0.998034 -0.0626822 0
    outer loop
      vertex 27.9 19 -0.4
      vertex 27.9244 19.3885 -3
      vertex 27.9244 19.3885 -0.4
    endloop
  endfacet
  facet normal 0.998034 -0.0626822 0
    outer loop
      vertex 27.9244 19.3885 -3
      vertex 27.9 19 -0.4
      vertex 27.9 19 -3
    endloop
  endfacet
  facet normal 0.95107 -0.308976 0
    outer loop
      vertex 27.9974 19.7709 -0.4
      vertex 28.1177 20.1412 -3
      vertex 28.1177 20.1412 -0.4
    endloop
  endfacet
  facet normal 0.95107 -0.308976 0
    outer loop
      vertex 28.1177 20.1412 -3
      vertex 27.9974 19.7709 -0.4
      vertex 27.9974 19.7709 -3
    endloop
  endfacet
  facet normal -0.125331 -0.992115 0
    outer loop
      vertex 31.1946 22.0939 -3
      vertex 31.5809 22.0451 -0.4
      vertex 31.1946 22.0939 -0.4
    endloop
  endfacet
  facet normal -0.125331 -0.992115 -0
    outer loop
      vertex 31.5809 22.0451 -0.4
      vertex 31.1946 22.0939 -3
      vertex 31.5809 22.0451 -3
    endloop
  endfacet
  facet normal -0.4818 -0.876281 0
    outer loop
      vertex 32.3199 21.805 -3
      vertex 32.6611 21.6174 -0.4
      vertex 32.3199 21.805 -0.4
    endloop
  endfacet
  facet normal -0.4818 -0.876281 -0
    outer loop
      vertex 32.6611 21.6174 -0.4
      vertex 32.3199 21.805 -3
      vertex 32.6611 21.6174 -3
    endloop
  endfacet
  facet normal -0.368155 -0.929764 0
    outer loop
      vertex 31.958 21.9483 -3
      vertex 32.3199 21.805 -0.4
      vertex 31.958 21.9483 -0.4
    endloop
  endfacet
  facet normal -0.368155 -0.929764 -0
    outer loop
      vertex 32.3199 21.805 -0.4
      vertex 31.958 21.9483 -3
      vertex 32.3199 21.805 -3
    endloop
  endfacet
  facet normal -0.770616 -0.6373 0
    outer loop
      vertex 33.5079 20.8221 -3
      vertex 33.2598 21.1221 -0.4
      vertex 33.2598 21.1221 -3
    endloop
  endfacet
  facet normal -0.770616 -0.6373 0
    outer loop
      vertex 33.2598 21.1221 -0.4
      vertex 33.5079 20.8221 -3
      vertex 33.5079 20.8221 -0.4
    endloop
  endfacet
  facet normal 0.587805 -0.809003 0
    outer loop
      vertex 29.024 21.3886 -3
      vertex 29.3389 21.6174 -0.4
      vertex 29.024 21.3886 -0.4
    endloop
  endfacet
  facet normal 0.587805 -0.809003 0
    outer loop
      vertex 29.3389 21.6174 -0.4
      vertex 29.024 21.3886 -3
      vertex 29.3389 21.6174 -3
    endloop
  endfacet
  facet normal 0.248635 -0.968597 0
    outer loop
      vertex 30.042 21.9483 -3
      vertex 30.4191 22.0451 -0.4
      vertex 30.042 21.9483 -0.4
    endloop
  endfacet
  facet normal 0.248635 -0.968597 0
    outer loop
      vertex 30.4191 22.0451 -0.4
      vertex 30.042 21.9483 -3
      vertex 30.4191 22.0451 -3
    endloop
  endfacet
  facet normal 0.77049 -0.637452 0
    outer loop
      vertex 28.492 20.8221 -0.4
      vertex 28.7402 21.1221 -3
      vertex 28.7402 21.1221 -0.4
    endloop
  endfacet
  facet normal 0.77049 -0.637452 0
    outer loop
      vertex 28.7402 21.1221 -3
      vertex 28.492 20.8221 -0.4
      vertex 28.492 20.8221 -3
    endloop
  endfacet
  facet normal 0.684539 -0.728976 0
    outer loop
      vertex 28.7402 21.1221 -3
      vertex 29.024 21.3886 -0.4
      vertex 28.7402 21.1221 -0.4
    endloop
  endfacet
  facet normal 0.684539 -0.728976 0
    outer loop
      vertex 29.024 21.3886 -0.4
      vertex 28.7402 21.1221 -3
      vertex 29.024 21.3886 -3
    endloop
  endfacet
  facet normal 0 0 -1
    outer loop
      vertex 32.6 19 -0.4
      vertex 34.1 19 -0.4
      vertex 34.0756 18.6115 -0.4
    endloop
  endfacet
  facet normal 0 0 -1
    outer loop
      vertex 32.5874 18.7995 -0.4
      vertex 34.0756 18.6115 -0.4
      vertex 34.0026 18.2291 -0.4
    endloop
  endfacet
  facet normal 0 0 -1
    outer loop
      vertex 34.1 19 -0.4
      vertex 32.6 19 -0.4
      vertex 34.0756 19.3885 -0.4
    endloop
  endfacet
  facet normal 0 0 -1
    outer loop
      vertex 32.5497 18.6021 -0.4
      vertex 34.0026 18.2291 -0.4
      vertex 33.8823 17.8588 -0.4
    endloop
  endfacet
  facet normal 0 0 -1
    outer loop
      vertex 32.5874 19.2005 -0.4
      vertex 34.0756 19.3885 -0.4
      vertex 32.6 19 -0.4
    endloop
  endfacet
  facet normal 0 0 -1
    outer loop
      vertex 32.4876 18.411 -0.4
      vertex 33.8823 17.8588 -0.4
      vertex 33.7165 17.5066 -0.4
    endloop
  endfacet
  facet normal -0 0 -1
    outer loop
      vertex 34.0756 19.3885 -0.4
      vertex 32.5874 19.2005 -0.4
      vertex 34.0026 19.7709 -0.4
    endloop
  endfacet
  facet normal 0 0 -1
    outer loop
      vertex 32.4021 18.2292 -0.4
      vertex 33.7165 17.5066 -0.4
      vertex 33.5079 17.1779 -0.4
    endloop
  endfacet
  facet normal 0 0 -1
    outer loop
      vertex 32.5497 19.3979 -0.4
      vertex 34.0026 19.7709 -0.4
      vertex 32.5874 19.2005 -0.4
    endloop
  endfacet
  facet normal 0 0 -1
    outer loop
      vertex 32.2944 18.0595 -0.4
      vertex 33.5079 17.1779 -0.4
      vertex 33.2598 16.8779 -0.4
    endloop
  endfacet
  facet normal -0 0 -1
    outer loop
      vertex 34.0026 19.7709 -0.4
      vertex 32.5497 19.3979 -0.4
      vertex 33.8823 20.1412 -0.4
    endloop
  endfacet
  facet normal 0 0 -1
    outer loop
      vertex 32.1664 17.9047 -0.4
      vertex 33.2598 16.8779 -0.4
      vertex 32.976 16.6114 -0.4
    endloop
  endfacet
  facet normal 0 0 -1
    outer loop
      vertex 32.4876 19.589 -0.4
      vertex 33.8823 20.1412 -0.4
      vertex 32.5497 19.3979 -0.4
    endloop
  endfacet
  facet normal 0 0 -1
    outer loop
      vertex 32.0199 17.7672 -0.4
      vertex 32.976 16.6114 -0.4
      vertex 32.6611 16.3826 -0.4
    endloop
  endfacet
  facet normal -0 0 -1
    outer loop
      vertex 33.8823 20.1412 -0.4
      vertex 32.4876 19.589 -0.4
      vertex 33.7165 20.4934 -0.4
    endloop
  endfacet
  facet normal 0 0 -1
    outer loop
      vertex 32.4021 19.7708 -0.4
      vertex 33.7165 20.4934 -0.4
      vertex 32.4876 19.589 -0.4
    endloop
  endfacet
  facet normal 0 0 -1
    outer loop
      vertex 34.0756 18.6115 -0.4
      vertex 32.5874 18.7995 -0.4
      vertex 32.6 19 -0.4
    endloop
  endfacet
  facet normal 0 0 -1
    outer loop
      vertex 34.0026 18.2291 -0.4
      vertex 32.5497 18.6021 -0.4
      vertex 32.5874 18.7995 -0.4
    endloop
  endfacet
  facet normal 0 0 -1
    outer loop
      vertex 33.8823 17.8588 -0.4
      vertex 32.4876 18.411 -0.4
      vertex 32.5497 18.6021 -0.4
    endloop
  endfacet
  facet normal 0 0 -1
    outer loop
      vertex 33.7165 17.5066 -0.4
      vertex 32.4021 18.2292 -0.4
      vertex 32.4876 18.411 -0.4
    endloop
  endfacet
  facet normal 0 0 -1
    outer loop
      vertex 31.8573 17.6491 -0.4
      vertex 32.6611 16.3826 -0.4
      vertex 32.3199 16.195 -0.4
    endloop
  endfacet
  facet normal 0 0 -1
    outer loop
      vertex 33.5079 17.1779 -0.4
      vertex 32.2944 18.0595 -0.4
      vertex 32.4021 18.2292 -0.4
    endloop
  endfacet
  facet normal 0 0 -1
    outer loop
      vertex 33.2598 16.8779 -0.4
      vertex 32.1664 17.9047 -0.4
      vertex 32.2944 18.0595 -0.4
    endloop
  endfacet
  facet normal 0 0 -1
    outer loop
      vertex 32.976 16.6114 -0.4
      vertex 32.0199 17.7672 -0.4
      vertex 32.1664 17.9047 -0.4
    endloop
  endfacet
  facet normal 0 0 -1
    outer loop
      vertex 31.6812 17.5523 -0.4
      vertex 32.3199 16.195 -0.4
      vertex 31.958 16.0517 -0.4
    endloop
  endfacet
  facet normal 0 0 -1
    outer loop
      vertex 32.6611 16.3826 -0.4
      vertex 31.8573 17.6491 -0.4
      vertex 32.0199 17.7672 -0.4
    endloop
  endfacet
  facet normal 0 0 -1
    outer loop
      vertex 32.3199 16.195 -0.4
      vertex 31.6812 17.5523 -0.4
      vertex 31.8573 17.6491 -0.4
    endloop
  endfacet
  facet normal 0 0 -1
    outer loop
      vertex 31.4944 17.4783 -0.4
      vertex 31.958 16.0517 -0.4
      vertex 31.5809 15.9549 -0.4
    endloop
  endfacet
  facet normal 0 0 -1
    outer loop
      vertex 31.958 16.0517 -0.4
      vertex 31.4944 17.4783 -0.4
      vertex 31.6812 17.5523 -0.4
    endloop
  endfacet
  facet normal 0 0 -1
    outer loop
      vertex 31.5809 15.9549 -0.4
      vertex 31.2998 17.4283 -0.4
      vertex 31.4944 17.4783 -0.4
    endloop
  endfacet
  facet normal 0 0 -1
    outer loop
      vertex 31.1946 15.9061 -0.4
      vertex 31.2998 17.4283 -0.4
      vertex 31.5809 15.9549 -0.4
    endloop
  endfacet
  facet normal 0 0 -1
    outer loop
      vertex 31.1946 15.9061 -0.4
      vertex 31.1005 17.4032 -0.4
      vertex 31.2998 17.4283 -0.4
    endloop
  endfacet
  facet normal 0 0 -1
    outer loop
      vertex 31.1946 15.9061 -0.4
      vertex 30.8995 17.4032 -0.4
      vertex 31.1005 17.4032 -0.4
    endloop
  endfacet
  facet normal 0 0 -1
    outer loop
      vertex 30.8054 15.9061 -0.4
      vertex 30.8995 17.4032 -0.4
      vertex 31.1946 15.9061 -0.4
    endloop
  endfacet
  facet normal 0 0 -1
    outer loop
      vertex 30.8054 15.9061 -0.4
      vertex 30.7002 17.4283 -0.4
      vertex 30.8995 17.4032 -0.4
    endloop
  endfacet
  facet normal 0 0 -1
    outer loop
      vertex 30.4191 15.9549 -0.4
      vertex 30.7002 17.4283 -0.4
      vertex 30.8054 15.9061 -0.4
    endloop
  endfacet
  facet normal -0 0 -1
    outer loop
      vertex 30.7002 17.4283 -0.4
      vertex 30.4191 15.9549 -0.4
      vertex 30.5056 17.4783 -0.4
    endloop
  endfacet
  facet normal 0 0 -1
    outer loop
      vertex 30.042 16.0517 -0.4
      vertex 30.5056 17.4783 -0.4
      vertex 30.4191 15.9549 -0.4
    endloop
  endfacet
  facet normal -0 0 -1
    outer loop
      vertex 30.5056 17.4783 -0.4
      vertex 30.042 16.0517 -0.4
      vertex 30.3188 17.5523 -0.4
    endloop
  endfacet
  facet normal 0 0 -1
    outer loop
      vertex 29.6801 16.195 -0.4
      vertex 30.3188 17.5523 -0.4
      vertex 30.042 16.0517 -0.4
    endloop
  endfacet
  facet normal -0 0 -1
    outer loop
      vertex 30.3188 17.5523 -0.4
      vertex 29.6801 16.195 -0.4
      vertex 30.1427 17.6491 -0.4
    endloop
  endfacet
  facet normal 0 0 -1
    outer loop
      vertex 29.3389 16.3826 -0.4
      vertex 30.1427 17.6491 -0.4
      vertex 29.6801 16.195 -0.4
    endloop
  endfacet
  facet normal -0 0 -1
    outer loop
      vertex 30.1427 17.6491 -0.4
      vertex 29.3389 16.3826 -0.4
      vertex 29.9801 17.7672 -0.4
    endloop
  endfacet
  facet normal 0 0 -1
    outer loop
      vertex 29.024 16.6114 -0.4
      vertex 29.9801 17.7672 -0.4
      vertex 29.3389 16.3826 -0.4
    endloop
  endfacet
  facet normal -0 0 -1
    outer loop
      vertex 29.9801 17.7672 -0.4
      vertex 29.024 16.6114 -0.4
      vertex 29.8337 17.9047 -0.4
    endloop
  endfacet
  facet normal 0 0 -1
    outer loop
      vertex 28.7402 16.8779 -0.4
      vertex 29.8337 17.9047 -0.4
      vertex 29.024 16.6114 -0.4
    endloop
  endfacet
  facet normal -0 0 -1
    outer loop
      vertex 29.8337 17.9047 -0.4
      vertex 28.7402 16.8779 -0.4
      vertex 29.7056 18.0595 -0.4
    endloop
  endfacet
  facet normal 0 0 -1
    outer loop
      vertex 28.492 17.1779 -0.4
      vertex 29.7056 18.0595 -0.4
      vertex 28.7402 16.8779 -0.4
    endloop
  endfacet
  facet normal 0 0 -1
    outer loop
      vertex 28.2835 17.5066 -0.4
      vertex 29.5979 18.2292 -0.4
      vertex 28.492 17.1779 -0.4
    endloop
  endfacet
  facet normal -0 0 -1
    outer loop
      vertex 29.7056 18.0595 -0.4
      vertex 28.492 17.1779 -0.4
      vertex 29.5979 18.2292 -0.4
    endloop
  endfacet
  facet normal -0 0 -1
    outer loop
      vertex 33.7165 20.4934 -0.4
      vertex 32.4021 19.7708 -0.4
      vertex 33.5079 20.8221 -0.4
    endloop
  endfacet
  facet normal 0 0 -1
    outer loop
      vertex 32.2944 19.9405 -0.4
      vertex 33.5079 20.8221 -0.4
      vertex 32.4021 19.7708 -0.4
    endloop
  endfacet
  facet normal -0 0 -1
    outer loop
      vertex 33.5079 20.8221 -0.4
      vertex 32.2944 19.9405 -0.4
      vertex 33.2598 21.1221 -0.4
    endloop
  endfacet
  facet normal 0 0 -1
    outer loop
      vertex 32.1664 20.0953 -0.4
      vertex 33.2598 21.1221 -0.4
      vertex 32.2944 19.9405 -0.4
    endloop
  endfacet
  facet normal -0 0 -1
    outer loop
      vertex 33.2598 21.1221 -0.4
      vertex 32.1664 20.0953 -0.4
      vertex 32.976 21.3886 -0.4
    endloop
  endfacet
  facet normal 0 0 -1
    outer loop
      vertex 32.0199 20.2328 -0.4
      vertex 32.976 21.3886 -0.4
      vertex 32.1664 20.0953 -0.4
    endloop
  endfacet
  facet normal -0 0 -1
    outer loop
      vertex 32.976 21.3886 -0.4
      vertex 32.0199 20.2328 -0.4
      vertex 32.6611 21.6174 -0.4
    endloop
  endfacet
  facet normal 0 0 -1
    outer loop
      vertex 31.8573 20.3509 -0.4
      vertex 32.6611 21.6174 -0.4
      vertex 32.0199 20.2328 -0.4
    endloop
  endfacet
  facet normal -0 0 -1
    outer loop
      vertex 32.6611 21.6174 -0.4
      vertex 31.8573 20.3509 -0.4
      vertex 32.3199 21.805 -0.4
    endloop
  endfacet
  facet normal 0 0 -1
    outer loop
      vertex 31.6812 20.4477 -0.4
      vertex 32.3199 21.805 -0.4
      vertex 31.8573 20.3509 -0.4
    endloop
  endfacet
  facet normal -0 0 -1
    outer loop
      vertex 32.3199 21.805 -0.4
      vertex 31.6812 20.4477 -0.4
      vertex 31.958 21.9483 -0.4
    endloop
  endfacet
  facet normal 0 0 -1
    outer loop
      vertex 31.4944 20.5217 -0.4
      vertex 31.958 21.9483 -0.4
      vertex 31.6812 20.4477 -0.4
    endloop
  endfacet
  facet normal -0 0 -1
    outer loop
      vertex 31.958 21.9483 -0.4
      vertex 31.4944 20.5217 -0.4
      vertex 31.5809 22.0451 -0.4
    endloop
  endfacet
  facet normal 0 0 -1
    outer loop
      vertex 31.2998 20.5717 -0.4
      vertex 31.5809 22.0451 -0.4
      vertex 31.4944 20.5217 -0.4
    endloop
  endfacet
  facet normal 0 0 -1
    outer loop
      vertex 31.2998 20.5717 -0.4
      vertex 31.1946 22.0939 -0.4
      vertex 31.5809 22.0451 -0.4
    endloop
  endfacet
  facet normal 0 0 -1
    outer loop
      vertex 31.1005 20.5968 -0.4
      vertex 31.1946 22.0939 -0.4
      vertex 31.2998 20.5717 -0.4
    endloop
  endfacet
  facet normal 0 0 -1
    outer loop
      vertex 30.8995 20.5968 -0.4
      vertex 31.1946 22.0939 -0.4
      vertex 31.1005 20.5968 -0.4
    endloop
  endfacet
  facet normal 0 0 -1
    outer loop
      vertex 30.8995 20.5968 -0.4
      vertex 30.8054 22.0939 -0.4
      vertex 31.1946 22.0939 -0.4
    endloop
  endfacet
  facet normal 0 0 -1
    outer loop
      vertex 30.7002 20.5717 -0.4
      vertex 30.8054 22.0939 -0.4
      vertex 30.8995 20.5968 -0.4
    endloop
  endfacet
  facet normal 0 0 -1
    outer loop
      vertex 30.4191 22.0451 -0.4
      vertex 30.7002 20.5717 -0.4
      vertex 30.5056 20.5217 -0.4
    endloop
  endfacet
  facet normal 0 0 -1
    outer loop
      vertex 30.7002 20.5717 -0.4
      vertex 30.4191 22.0451 -0.4
      vertex 30.8054 22.0939 -0.4
    endloop
  endfacet
  facet normal 0 0 -1
    outer loop
      vertex 30.042 21.9483 -0.4
      vertex 30.5056 20.5217 -0.4
      vertex 30.3188 20.4477 -0.4
    endloop
  endfacet
  facet normal 0 0 -1
    outer loop
      vertex 29.6801 21.805 -0.4
      vertex 30.3188 20.4477 -0.4
      vertex 30.1427 20.3509 -0.4
    endloop
  endfacet
  facet normal 0 0 -1
    outer loop
      vertex 30.5056 20.5217 -0.4
      vertex 30.042 21.9483 -0.4
      vertex 30.4191 22.0451 -0.4
    endloop
  endfacet
  facet normal 0 0 -1
    outer loop
      vertex 29.3389 21.6174 -0.4
      vertex 30.1427 20.3509 -0.4
      vertex 29.9801 20.2328 -0.4
    endloop
  endfacet
  facet normal 0 0 -1
    outer loop
      vertex 29.024 21.3886 -0.4
      vertex 29.9801 20.2328 -0.4
      vertex 29.8337 20.0953 -0.4
    endloop
  endfacet
  facet normal 0 0 -1
    outer loop
      vertex 28.7402 21.1221 -0.4
      vertex 29.8337 20.0953 -0.4
      vertex 29.7056 19.9405 -0.4
    endloop
  endfacet
  facet normal 0 0 -1
    outer loop
      vertex 30.3188 20.4477 -0.4
      vertex 29.6801 21.805 -0.4
      vertex 30.042 21.9483 -0.4
    endloop
  endfacet
  facet normal 0 0 -1
    outer loop
      vertex 28.492 20.8221 -0.4
      vertex 29.7056 19.9405 -0.4
      vertex 29.5979 19.7708 -0.4
    endloop
  endfacet
  facet normal 0 0 -1
    outer loop
      vertex 28.2835 20.4934 -0.4
      vertex 29.5979 19.7708 -0.4
      vertex 29.5124 19.589 -0.4
    endloop
  endfacet
  facet normal 0 0 -1
    outer loop
      vertex 28.1177 20.1412 -0.4
      vertex 29.5124 19.589 -0.4
      vertex 29.4503 19.3979 -0.4
    endloop
  endfacet
  facet normal 0 0 -1
    outer loop
      vertex 27.9974 19.7709 -0.4
      vertex 29.4503 19.3979 -0.4
      vertex 29.4126 19.2005 -0.4
    endloop
  endfacet
  facet normal 0 0 -1
    outer loop
      vertex 30.1427 20.3509 -0.4
      vertex 29.3389 21.6174 -0.4
      vertex 29.6801 21.805 -0.4
    endloop
  endfacet
  facet normal 0 0 -1
    outer loop
      vertex 27.9244 19.3885 -0.4
      vertex 29.4126 19.2005 -0.4
      vertex 29.4 19 -0.4
    endloop
  endfacet
  facet normal -0 0 -1
    outer loop
      vertex 29.5979 18.2292 -0.4
      vertex 28.2835 17.5066 -0.4
      vertex 29.5124 18.411 -0.4
    endloop
  endfacet
  facet normal 0 0 -1
    outer loop
      vertex 28.1177 17.8588 -0.4
      vertex 29.5124 18.411 -0.4
      vertex 28.2835 17.5066 -0.4
    endloop
  endfacet
  facet normal 0 0 -1
    outer loop
      vertex 29.9801 20.2328 -0.4
      vertex 29.024 21.3886 -0.4
      vertex 29.3389 21.6174 -0.4
    endloop
  endfacet
  facet normal -0 0 -1
    outer loop
      vertex 29.5124 18.411 -0.4
      vertex 28.1177 17.8588 -0.4
      vertex 29.4503 18.6021 -0.4
    endloop
  endfacet
  facet normal 0 0 -1
    outer loop
      vertex 29.8337 20.0953 -0.4
      vertex 28.7402 21.1221 -0.4
      vertex 29.024 21.3886 -0.4
    endloop
  endfacet
  facet normal 0 0 -1
    outer loop
      vertex 27.9974 18.2291 -0.4
      vertex 29.4503 18.6021 -0.4
      vertex 28.1177 17.8588 -0.4
    endloop
  endfacet
  facet normal 0 0 -1
    outer loop
      vertex 29.7056 19.9405 -0.4
      vertex 28.492 20.8221 -0.4
      vertex 28.7402 21.1221 -0.4
    endloop
  endfacet
  facet normal -0 0 -1
    outer loop
      vertex 29.4503 18.6021 -0.4
      vertex 27.9974 18.2291 -0.4
      vertex 29.4126 18.7995 -0.4
    endloop
  endfacet
  facet normal 0 0 -1
    outer loop
      vertex 29.5979 19.7708 -0.4
      vertex 28.2835 20.4934 -0.4
      vertex 28.492 20.8221 -0.4
    endloop
  endfacet
  facet normal 0 0 -1
    outer loop
      vertex 27.9244 18.6115 -0.4
      vertex 29.4126 18.7995 -0.4
      vertex 27.9974 18.2291 -0.4
    endloop
  endfacet
  facet normal 0 0 -1
    outer loop
      vertex 29.5124 19.589 -0.4
      vertex 28.1177 20.1412 -0.4
      vertex 28.2835 20.4934 -0.4
    endloop
  endfacet
  facet normal -0 0 -1
    outer loop
      vertex 29.4126 18.7995 -0.4
      vertex 27.9244 18.6115 -0.4
      vertex 29.4 19 -0.4
    endloop
  endfacet
  facet normal 0 0 -1
    outer loop
      vertex 29.4503 19.3979 -0.4
      vertex 27.9974 19.7709 -0.4
      vertex 28.1177 20.1412 -0.4
    endloop
  endfacet
  facet normal 0 0 -1
    outer loop
      vertex 27.9 19 -0.4
      vertex 29.4 19 -0.4
      vertex 27.9244 18.6115 -0.4
    endloop
  endfacet
  facet normal 0 0 -1
    outer loop
      vertex 29.4126 19.2005 -0.4
      vertex 27.9244 19.3885 -0.4
      vertex 27.9974 19.7709 -0.4
    endloop
  endfacet
  facet normal 0 0 -1
    outer loop
      vertex 29.4 19 -0.4
      vertex 27.9 19 -0.4
      vertex 27.9244 19.3885 -0.4
    endloop
  endfacet
  facet normal 0.982262 -0.187513 0
    outer loop
      vertex 27.9244 19.3885 -0.4
      vertex 27.9974 19.7709 -3
      vertex 27.9974 19.7709 -0.4
    endloop
  endfacet
  facet normal 0.982262 -0.187513 0
    outer loop
      vertex 27.9974 19.7709 -3
      vertex 27.9244 19.3885 -0.4
      vertex 27.9244 19.3885 -3
    endloop
  endfacet
  facet normal -0.248635 -0.968597 0
    outer loop
      vertex 31.5809 22.0451 -3
      vertex 31.958 21.9483 -0.4
      vertex 31.5809 22.0451 -0.4
    endloop
  endfacet
  facet normal -0.248635 -0.968597 -0
    outer loop
      vertex 31.958 21.9483 -0.4
      vertex 31.5809 22.0451 -3
      vertex 31.958 21.9483 -3
    endloop
  endfacet
  facet normal 0.4818 -0.876281 0
    outer loop
      vertex 29.3389 21.6174 -3
      vertex 29.6801 21.805 -0.4
      vertex 29.3389 21.6174 -0.4
    endloop
  endfacet
  facet normal 0.4818 -0.876281 0
    outer loop
      vertex 29.6801 21.805 -0.4
      vertex 29.3389 21.6174 -3
      vertex 29.6801 21.805 -3
    endloop
  endfacet
  facet normal 0.125331 -0.992115 0
    outer loop
      vertex 30.4191 22.0451 -3
      vertex 30.8054 22.0939 -0.4
      vertex 30.4191 22.0451 -0.4
    endloop
  endfacet
  facet normal 0.125331 -0.992115 0
    outer loop
      vertex 30.8054 22.0939 -0.4
      vertex 30.4191 22.0451 -3
      vertex 30.8054 22.0939 -3
    endloop
  endfacet
  facet normal 0.844443 -0.535645 0
    outer loop
      vertex 28.2835 20.4934 -0.4
      vertex 28.492 20.8221 -3
      vertex 28.492 20.8221 -0.4
    endloop
  endfacet
  facet normal 0.844443 -0.535645 0
    outer loop
      vertex 28.492 20.8221 -3
      vertex 28.2835 20.4934 -0.4
      vertex 28.2835 20.4934 -3
    endloop
  endfacet
  facet normal 0.368155 -0.929764 0
    outer loop
      vertex 29.6801 21.805 -3
      vertex 30.042 21.9483 -0.4
      vertex 29.6801 21.805 -0.4
    endloop
  endfacet
  facet normal 0.368155 -0.929764 0
    outer loop
      vertex 30.042 21.9483 -0.4
      vertex 29.6801 21.805 -3
      vertex 30.042 21.9483 -3
    endloop
  endfacet
  facet normal -0.90492 0.425581 0
    outer loop
      vertex -29.5979 18.2292 -0.4
      vertex -29.5124 18.411 2.5
      vertex -29.5124 18.411 -0.4
    endloop
  endfacet
  facet normal -0.90492 0.425581 0
    outer loop
      vertex -29.5124 18.411 2.5
      vertex -29.5979 18.2292 -0.4
      vertex -29.5979 18.2292 2.5
    endloop
  endfacet
  facet normal -0.844316 0.535845 0
    outer loop
      vertex -29.7056 18.0595 -0.4
      vertex -29.5979 18.2292 2.5
      vertex -29.5979 18.2292 -0.4
    endloop
  endfacet
  facet normal -0.844316 0.535845 0
    outer loop
      vertex -29.5979 18.2292 2.5
      vertex -29.7056 18.0595 -0.4
      vertex -29.7056 18.0595 2.5
    endloop
  endfacet
  facet normal -0.248854 0.968541 0
    outer loop
      vertex -30.5056 17.4783 -0.4
      vertex -30.7002 17.4283 2.5
      vertex -30.5056 17.4783 2.5
    endloop
  endfacet
  facet normal -0.248854 0.968541 0
    outer loop
      vertex -30.7002 17.4283 2.5
      vertex -30.5056 17.4783 -0.4
      vertex -30.7002 17.4283 -0.4
    endloop
  endfacet
  facet normal -0.368299 0.929707 0
    outer loop
      vertex -30.3188 17.5523 -0.4
      vertex -30.5056 17.4783 2.5
      vertex -30.3188 17.5523 2.5
    endloop
  endfacet
  facet normal -0.368299 0.929707 0
    outer loop
      vertex -30.5056 17.4783 2.5
      vertex -30.3188 17.5523 -0.4
      vertex -30.5056 17.4783 -0.4
    endloop
  endfacet
  facet normal 0.368299 0.929707 -0
    outer loop
      vertex -31.4944 17.4783 -0.4
      vertex -31.6812 17.5523 2.5
      vertex -31.4944 17.4783 2.5
    endloop
  endfacet
  facet normal 0.368299 0.929707 0
    outer loop
      vertex -31.6812 17.5523 2.5
      vertex -31.4944 17.4783 -0.4
      vertex -31.6812 17.5523 -0.4
    endloop
  endfacet
  facet normal 0.90492 0.425581 0
    outer loop
      vertex -32.4021 18.2292 2.5
      vertex -32.4876 18.411 -0.4
      vertex -32.4876 18.411 2.5
    endloop
  endfacet
  facet normal 0.90492 0.425581 0
    outer loop
      vertex -32.4876 18.411 -0.4
      vertex -32.4021 18.2292 2.5
      vertex -32.4021 18.2292 -0.4
    endloop
  endfacet
  facet normal -0.982247 -0.187592 0
    outer loop
      vertex -29.4126 19.2005 -0.4
      vertex -29.4503 19.3979 2.5
      vertex -29.4503 19.3979 -0.4
    endloop
  endfacet
  facet normal -0.982247 -0.187592 0
    outer loop
      vertex -29.4503 19.3979 2.5
      vertex -29.4126 19.2005 -0.4
      vertex -29.4126 19.2005 2.5
    endloop
  endfacet
  facet normal -0.124954 0.992163 0
    outer loop
      vertex -30.7002 17.4283 -0.4
      vertex -30.8995 17.4032 2.5
      vertex -30.7002 17.4283 2.5
    endloop
  endfacet
  facet normal -0.124954 0.992163 0
    outer loop
      vertex -30.8995 17.4032 2.5
      vertex -30.7002 17.4283 -0.4
      vertex -30.8995 17.4032 -0.4
    endloop
  endfacet
  facet normal -0.587669 0.809102 0
    outer loop
      vertex -29.9801 17.7672 -0.4
      vertex -30.1427 17.6491 2.5
      vertex -29.9801 17.7672 2.5
    endloop
  endfacet
  facet normal -0.587669 0.809102 0
    outer loop
      vertex -30.1427 17.6491 2.5
      vertex -29.9801 17.7672 -0.4
      vertex -30.1427 17.6491 -0.4
    endloop
  endfacet
  facet normal 0.998031 0.0627192 0
    outer loop
      vertex -32.5874 18.7995 2.5
      vertex -32.6 19 -0.4
      vertex -32.6 19 2.5
    endloop
  endfacet
  facet normal 0.998031 0.0627192 0
    outer loop
      vertex -32.6 19 -0.4
      vertex -32.5874 18.7995 2.5
      vertex -32.5874 18.7995 -0.4
    endloop
  endfacet
  facet normal 0.770664 0.637242 0
    outer loop
      vertex -32.1664 17.9047 2.5
      vertex -32.2944 18.0595 -0.4
      vertex -32.2944 18.0595 2.5
    endloop
  endfacet
  facet normal 0.770664 0.637242 0
    outer loop
      vertex -32.2944 18.0595 -0.4
      vertex -32.1664 17.9047 2.5
      vertex -32.1664 17.9047 -0.4
    endloop
  endfacet
  facet normal 0.481709 0.876331 -0
    outer loop
      vertex -31.6812 17.5523 -0.4
      vertex -31.8573 17.6491 2.5
      vertex -31.6812 17.5523 2.5
    endloop
  endfacet
  facet normal 0.481709 0.876331 0
    outer loop
      vertex -31.8573 17.6491 2.5
      vertex -31.6812 17.5523 -0.4
      vertex -31.8573 17.6491 -0.4
    endloop
  endfacet
  facet normal 0.248854 0.968541 -0
    outer loop
      vertex -31.2998 17.4283 -0.4
      vertex -31.4944 17.4783 2.5
      vertex -31.2998 17.4283 2.5
    endloop
  endfacet
  facet normal 0.248854 0.968541 0
    outer loop
      vertex -31.4944 17.4783 2.5
      vertex -31.2998 17.4283 -0.4
      vertex -31.4944 17.4783 -0.4
    endloop
  endfacet
  facet normal -0.998031 -0.0627192 0
    outer loop
      vertex -29.4 19 -0.4
      vertex -29.4126 19.2005 2.5
      vertex -29.4126 19.2005 -0.4
    endloop
  endfacet
  facet normal -0.998031 -0.0627192 0
    outer loop
      vertex -29.4126 19.2005 2.5
      vertex -29.4 19 -0.4
      vertex -29.4 19 2.5
    endloop
  endfacet
  facet normal -0.951045 -0.309052 0
    outer loop
      vertex -29.4503 19.3979 -0.4
      vertex -29.5124 19.589 2.5
      vertex -29.5124 19.589 -0.4
    endloop
  endfacet
  facet normal -0.951045 -0.309052 0
    outer loop
      vertex -29.5124 19.589 2.5
      vertex -29.4503 19.3979 -0.4
      vertex -29.4503 19.3979 2.5
    endloop
  endfacet
  facet normal 0.684355 -0.729149 0
    outer loop
      vertex -32.1664 20.0953 -0.4
      vertex -32.0199 20.2328 2.5
      vertex -32.1664 20.0953 2.5
    endloop
  endfacet
  facet normal 0.684355 -0.729149 0
    outer loop
      vertex -32.0199 20.2328 2.5
      vertex -32.1664 20.0953 -0.4
      vertex -32.0199 20.2328 -0.4
    endloop
  endfacet
  facet normal -0.124954 -0.992163 0
    outer loop
      vertex -30.8995 20.5968 -0.4
      vertex -30.7002 20.5717 2.5
      vertex -30.8995 20.5968 2.5
    endloop
  endfacet
  facet normal -0.124954 -0.992163 -0
    outer loop
      vertex -30.7002 20.5717 2.5
      vertex -30.8995 20.5968 -0.4
      vertex -30.7002 20.5717 -0.4
    endloop
  endfacet
  facet normal -0.587669 -0.809102 0
    outer loop
      vertex -30.1427 20.3509 -0.4
      vertex -29.9801 20.2328 2.5
      vertex -30.1427 20.3509 2.5
    endloop
  endfacet
  facet normal -0.587669 -0.809102 -0
    outer loop
      vertex -29.9801 20.2328 2.5
      vertex -30.1427 20.3509 -0.4
      vertex -29.9801 20.2328 -0.4
    endloop
  endfacet
  facet normal -0.982247 0.187592 0
    outer loop
      vertex -29.4503 18.6021 -0.4
      vertex -29.4126 18.7995 2.5
      vertex -29.4126 18.7995 -0.4
    endloop
  endfacet
  facet normal -0.982247 0.187592 0
    outer loop
      vertex -29.4126 18.7995 2.5
      vertex -29.4503 18.6021 -0.4
      vertex -29.4503 18.6021 2.5
    endloop
  endfacet
  facet normal -0.951045 0.309052 0
    outer loop
      vertex -29.5124 18.411 -0.4
      vertex -29.4503 18.6021 2.5
      vertex -29.4503 18.6021 -0.4
    endloop
  endfacet
  facet normal -0.951045 0.309052 0
    outer loop
      vertex -29.4503 18.6021 2.5
      vertex -29.5124 18.411 -0.4
      vertex -29.5124 18.411 2.5
    endloop
  endfacet
  facet normal -0.684603 0.728916 0
    outer loop
      vertex -29.8337 17.9047 -0.4
      vertex -29.9801 17.7672 2.5
      vertex -29.8337 17.9047 2.5
    endloop
  endfacet
  facet normal -0.684603 0.728916 0
    outer loop
      vertex -29.9801 17.7672 2.5
      vertex -29.8337 17.9047 -0.4
      vertex -29.9801 17.7672 -0.4
    endloop
  endfacet
  facet normal 0 1 -0
    outer loop
      vertex -30.8995 17.4032 -0.4
      vertex -31.1005 17.4032 2.5
      vertex -30.8995 17.4032 2.5
    endloop
  endfacet
  facet normal 0 1 0
    outer loop
      vertex -31.1005 17.4032 2.5
      vertex -30.8995 17.4032 -0.4
      vertex -31.1005 17.4032 -0.4
    endloop
  endfacet
  facet normal -0.481709 0.876331 0
    outer loop
      vertex -30.1427 17.6491 -0.4
      vertex -30.3188 17.5523 2.5
      vertex -30.1427 17.6491 2.5
    endloop
  endfacet
  facet normal -0.481709 0.876331 0
    outer loop
      vertex -30.3188 17.5523 2.5
      vertex -30.1427 17.6491 -0.4
      vertex -30.3188 17.5523 -0.4
    endloop
  endfacet
  facet normal 0.951045 0.309052 0
    outer loop
      vertex -32.4876 18.411 2.5
      vertex -32.5497 18.6021 -0.4
      vertex -32.5497 18.6021 2.5
    endloop
  endfacet
  facet normal 0.951045 0.309052 0
    outer loop
      vertex -32.5497 18.6021 -0.4
      vertex -32.4876 18.411 2.5
      vertex -32.4876 18.411 -0.4
    endloop
  endfacet
  facet normal 0.982247 0.187592 0
    outer loop
      vertex -32.5497 18.6021 2.5
      vertex -32.5874 18.7995 -0.4
      vertex -32.5874 18.7995 2.5
    endloop
  endfacet
  facet normal 0.982247 0.187592 0
    outer loop
      vertex -32.5874 18.7995 -0.4
      vertex -32.5497 18.6021 2.5
      vertex -32.5497 18.6021 -0.4
    endloop
  endfacet
  facet normal 0.844316 0.535845 0
    outer loop
      vertex -32.2944 18.0595 2.5
      vertex -32.4021 18.2292 -0.4
      vertex -32.4021 18.2292 2.5
    endloop
  endfacet
  facet normal 0.844316 0.535845 0
    outer loop
      vertex -32.4021 18.2292 -0.4
      vertex -32.2944 18.0595 2.5
      vertex -32.2944 18.0595 -0.4
    endloop
  endfacet
  facet normal 0.124954 0.992163 -0
    outer loop
      vertex -31.1005 17.4032 -0.4
      vertex -31.2998 17.4283 2.5
      vertex -31.1005 17.4032 2.5
    endloop
  endfacet
  facet normal 0.124954 0.992163 0
    outer loop
      vertex -31.2998 17.4283 2.5
      vertex -31.1005 17.4032 -0.4
      vertex -31.2998 17.4283 -0.4
    endloop
  endfacet
  facet normal 0.587669 0.809102 -0
    outer loop
      vertex -31.8573 17.6491 -0.4
      vertex -32.0199 17.7672 2.5
      vertex -31.8573 17.6491 2.5
    endloop
  endfacet
  facet normal 0.587669 0.809102 0
    outer loop
      vertex -32.0199 17.7672 2.5
      vertex -31.8573 17.6491 -0.4
      vertex -32.0199 17.7672 -0.4
    endloop
  endfacet
  facet normal 0.684355 0.729149 -0
    outer loop
      vertex -32.0199 17.7672 -0.4
      vertex -32.1664 17.9047 2.5
      vertex -32.0199 17.7672 2.5
    endloop
  endfacet
  facet normal 0.684355 0.729149 0
    outer loop
      vertex -32.1664 17.9047 2.5
      vertex -32.0199 17.7672 -0.4
      vertex -32.1664 17.9047 -0.4
    endloop
  endfacet
  facet normal -0.998031 0.0627192 0
    outer loop
      vertex -29.4126 18.7995 -0.4
      vertex -29.4 19 2.5
      vertex -29.4 19 -0.4
    endloop
  endfacet
  facet normal -0.998031 0.0627192 0
    outer loop
      vertex -29.4 19 2.5
      vertex -29.4126 18.7995 -0.4
      vertex -29.4126 18.7995 2.5
    endloop
  endfacet
  facet normal -0.844316 -0.535845 0
    outer loop
      vertex -29.5979 19.7708 -0.4
      vertex -29.7056 19.9405 2.5
      vertex -29.7056 19.9405 -0.4
    endloop
  endfacet
  facet normal -0.844316 -0.535845 0
    outer loop
      vertex -29.7056 19.9405 2.5
      vertex -29.5979 19.7708 -0.4
      vertex -29.5979 19.7708 2.5
    endloop
  endfacet
  facet normal 0.998031 -0.0627192 0
    outer loop
      vertex -32.6 19 2.5
      vertex -32.5874 19.2005 -0.4
      vertex -32.5874 19.2005 2.5
    endloop
  endfacet
  facet normal 0.998031 -0.0627192 0
    outer loop
      vertex -32.5874 19.2005 -0.4
      vertex -32.6 19 2.5
      vertex -32.6 19 -0.4
    endloop
  endfacet
  facet normal 0.770664 -0.637242 0
    outer loop
      vertex -32.2944 19.9405 2.5
      vertex -32.1664 20.0953 -0.4
      vertex -32.1664 20.0953 2.5
    endloop
  endfacet
  facet normal 0.770664 -0.637242 0
    outer loop
      vertex -32.1664 20.0953 -0.4
      vertex -32.2944 19.9405 2.5
      vertex -32.2944 19.9405 -0.4
    endloop
  endfacet
  facet normal -0.248854 -0.968541 0
    outer loop
      vertex -30.7002 20.5717 -0.4
      vertex -30.5056 20.5217 2.5
      vertex -30.7002 20.5717 2.5
    endloop
  endfacet
  facet normal -0.248854 -0.968541 -0
    outer loop
      vertex -30.5056 20.5217 2.5
      vertex -30.7002 20.5717 -0.4
      vertex -30.5056 20.5217 -0.4
    endloop
  endfacet
  facet normal -0.77042 0.637537 0
    outer loop
      vertex -29.8337 17.9047 -0.4
      vertex -29.7056 18.0595 2.5
      vertex -29.7056 18.0595 -0.4
    endloop
  endfacet
  facet normal -0.77042 0.637537 0
    outer loop
      vertex -29.7056 18.0595 2.5
      vertex -29.8337 17.9047 -0.4
      vertex -29.8337 17.9047 2.5
    endloop
  endfacet
  facet normal -0.90492 -0.425581 0
    outer loop
      vertex -29.5124 19.589 -0.4
      vertex -29.5979 19.7708 2.5
      vertex -29.5979 19.7708 -0.4
    endloop
  endfacet
  facet normal -0.90492 -0.425581 0
    outer loop
      vertex -29.5979 19.7708 2.5
      vertex -29.5124 19.589 -0.4
      vertex -29.5124 19.589 2.5
    endloop
  endfacet
  facet normal 0.481709 -0.876331 0
    outer loop
      vertex -31.8573 20.3509 -0.4
      vertex -31.6812 20.4477 2.5
      vertex -31.8573 20.3509 2.5
    endloop
  endfacet
  facet normal 0.481709 -0.876331 0
    outer loop
      vertex -31.6812 20.4477 2.5
      vertex -31.8573 20.3509 -0.4
      vertex -31.6812 20.4477 -0.4
    endloop
  endfacet
  facet normal 0.248854 -0.968541 0
    outer loop
      vertex -31.4944 20.5217 -0.4
      vertex -31.2998 20.5717 2.5
      vertex -31.4944 20.5217 2.5
    endloop
  endfacet
  facet normal 0.248854 -0.968541 0
    outer loop
      vertex -31.2998 20.5717 2.5
      vertex -31.4944 20.5217 -0.4
      vertex -31.2998 20.5717 -0.4
    endloop
  endfacet
  facet normal 0.124954 -0.992163 0
    outer loop
      vertex -31.2998 20.5717 -0.4
      vertex -31.1005 20.5968 2.5
      vertex -31.2998 20.5717 2.5
    endloop
  endfacet
  facet normal 0.124954 -0.992163 0
    outer loop
      vertex -31.1005 20.5968 2.5
      vertex -31.2998 20.5717 -0.4
      vertex -31.1005 20.5968 -0.4
    endloop
  endfacet
  facet normal 0.951045 -0.309052 0
    outer loop
      vertex -32.5497 19.3979 2.5
      vertex -32.4876 19.589 -0.4
      vertex -32.4876 19.589 2.5
    endloop
  endfacet
  facet normal 0.951045 -0.309052 0
    outer loop
      vertex -32.4876 19.589 -0.4
      vertex -32.5497 19.3979 2.5
      vertex -32.5497 19.3979 -0.4
    endloop
  endfacet
  facet normal 0.982247 -0.187592 0
    outer loop
      vertex -32.5874 19.2005 2.5
      vertex -32.5497 19.3979 -0.4
      vertex -32.5497 19.3979 2.5
    endloop
  endfacet
  facet normal 0.982247 -0.187592 0
    outer loop
      vertex -32.5497 19.3979 -0.4
      vertex -32.5874 19.2005 2.5
      vertex -32.5874 19.2005 -0.4
    endloop
  endfacet
  facet normal -0.481709 -0.876331 0
    outer loop
      vertex -30.3188 20.4477 -0.4
      vertex -30.1427 20.3509 2.5
      vertex -30.3188 20.4477 2.5
    endloop
  endfacet
  facet normal -0.481709 -0.876331 -0
    outer loop
      vertex -30.1427 20.3509 2.5
      vertex -30.3188 20.4477 -0.4
      vertex -30.1427 20.3509 -0.4
    endloop
  endfacet
  facet normal -0.77042 -0.637537 0
    outer loop
      vertex -29.7056 19.9405 -0.4
      vertex -29.8337 20.0953 2.5
      vertex -29.8337 20.0953 -0.4
    endloop
  endfacet
  facet normal -0.77042 -0.637537 0
    outer loop
      vertex -29.8337 20.0953 2.5
      vertex -29.7056 19.9405 -0.4
      vertex -29.7056 19.9405 2.5
    endloop
  endfacet
  facet normal 0 -1 0
    outer loop
      vertex -31.1005 20.5968 -0.4
      vertex -30.8995 20.5968 2.5
      vertex -31.1005 20.5968 2.5
    endloop
  endfacet
  facet normal 0 -1 -0
    outer loop
      vertex -30.8995 20.5968 2.5
      vertex -31.1005 20.5968 -0.4
      vertex -30.8995 20.5968 -0.4
    endloop
  endfacet
  facet normal 0.844316 -0.535845 0
    outer loop
      vertex -32.4021 19.7708 2.5
      vertex -32.2944 19.9405 -0.4
      vertex -32.2944 19.9405 2.5
    endloop
  endfacet
  facet normal 0.844316 -0.535845 0
    outer loop
      vertex -32.2944 19.9405 -0.4
      vertex -32.4021 19.7708 2.5
      vertex -32.4021 19.7708 -0.4
    endloop
  endfacet
  facet normal 0.90492 -0.425581 0
    outer loop
      vertex -32.4876 19.589 2.5
      vertex -32.4021 19.7708 -0.4
      vertex -32.4021 19.7708 2.5
    endloop
  endfacet
  facet normal 0.90492 -0.425581 0
    outer loop
      vertex -32.4021 19.7708 -0.4
      vertex -32.4876 19.589 2.5
      vertex -32.4876 19.589 -0.4
    endloop
  endfacet
  facet normal -0.368299 -0.929707 0
    outer loop
      vertex -30.5056 20.5217 -0.4
      vertex -30.3188 20.4477 2.5
      vertex -30.5056 20.5217 2.5
    endloop
  endfacet
  facet normal -0.368299 -0.929707 -0
    outer loop
      vertex -30.3188 20.4477 2.5
      vertex -30.5056 20.5217 -0.4
      vertex -30.3188 20.4477 -0.4
    endloop
  endfacet
  facet normal -0.684603 -0.728916 0
    outer loop
      vertex -29.9801 20.2328 -0.4
      vertex -29.8337 20.0953 2.5
      vertex -29.9801 20.2328 2.5
    endloop
  endfacet
  facet normal -0.684603 -0.728916 -0
    outer loop
      vertex -29.8337 20.0953 2.5
      vertex -29.9801 20.2328 -0.4
      vertex -29.8337 20.0953 -0.4
    endloop
  endfacet
  facet normal 0.587669 -0.809102 0
    outer loop
      vertex -32.0199 20.2328 -0.4
      vertex -31.8573 20.3509 2.5
      vertex -32.0199 20.2328 2.5
    endloop
  endfacet
  facet normal 0.587669 -0.809102 0
    outer loop
      vertex -31.8573 20.3509 2.5
      vertex -32.0199 20.2328 -0.4
      vertex -31.8573 20.3509 -0.4
    endloop
  endfacet
  facet normal 0.368299 -0.929707 0
    outer loop
      vertex -31.6812 20.4477 -0.4
      vertex -31.4944 20.5217 2.5
      vertex -31.6812 20.4477 2.5
    endloop
  endfacet
  facet normal 0.368299 -0.929707 0
    outer loop
      vertex -31.4944 20.5217 2.5
      vertex -31.6812 20.4477 -0.4
      vertex -31.4944 20.5217 -0.4
    endloop
  endfacet
  facet normal -0.90476 0.425921 0
    outer loop
      vertex -28.2835 17.5066 -3
      vertex -28.1177 17.8588 -0.4
      vertex -28.1177 17.8588 -3
    endloop
  endfacet
  facet normal -0.90476 0.425921 0
    outer loop
      vertex -28.1177 17.8588 -0.4
      vertex -28.2835 17.5066 -3
      vertex -28.2835 17.5066 -0.4
    endloop
  endfacet
  facet normal 0.95107 0.308976 0
    outer loop
      vertex -33.8823 17.8588 -0.4
      vertex -34.0026 18.2291 -3
      vertex -34.0026 18.2291 -0.4
    endloop
  endfacet
  facet normal 0.95107 0.308976 0
    outer loop
      vertex -34.0026 18.2291 -3
      vertex -33.8823 17.8588 -0.4
      vertex -33.8823 17.8588 -3
    endloop
  endfacet
  facet normal -0.844443 0.535645 0
    outer loop
      vertex -28.492 17.1779 -3
      vertex -28.2835 17.5066 -0.4
      vertex -28.2835 17.5066 -3
    endloop
  endfacet
  facet normal -0.844443 0.535645 0
    outer loop
      vertex -28.2835 17.5066 -0.4
      vertex -28.492 17.1779 -3
      vertex -28.492 17.1779 -0.4
    endloop
  endfacet
  facet normal -0.368155 0.929764 0
    outer loop
      vertex -29.6801 16.195 -3
      vertex -30.042 16.0517 -0.4
      vertex -29.6801 16.195 -0.4
    endloop
  endfacet
  facet normal -0.368155 0.929764 0
    outer loop
      vertex -30.042 16.0517 -0.4
      vertex -29.6801 16.195 -3
      vertex -30.042 16.0517 -3
    endloop
  endfacet
  facet normal 0.368155 0.929764 -0
    outer loop
      vertex -31.958 16.0517 -3
      vertex -32.3199 16.195 -0.4
      vertex -31.958 16.0517 -0.4
    endloop
  endfacet
  facet normal 0.368155 0.929764 0
    outer loop
      vertex -32.3199 16.195 -0.4
      vertex -31.958 16.0517 -3
      vertex -32.3199 16.195 -3
    endloop
  endfacet
  facet normal 0.90476 0.425921 0
    outer loop
      vertex -33.7165 17.5066 -0.4
      vertex -33.8823 17.8588 -3
      vertex -33.8823 17.8588 -0.4
    endloop
  endfacet
  facet normal 0.90476 0.425921 0
    outer loop
      vertex -33.8823 17.8588 -3
      vertex -33.7165 17.5066 -0.4
      vertex -33.7165 17.5066 -3
    endloop
  endfacet
  facet normal -0.982262 -0.187513 0
    outer loop
      vertex -27.9244 19.3885 -3
      vertex -27.9974 19.7709 -0.4
      vertex -27.9974 19.7709 -3
    endloop
  endfacet
  facet normal -0.982262 -0.187513 0
    outer loop
      vertex -27.9974 19.7709 -0.4
      vertex -27.9244 19.3885 -3
      vertex -27.9244 19.3885 -0.4
    endloop
  endfacet
  facet normal 0 1 -0
    outer loop
      vertex -30.8054 15.9061 -3
      vertex -31.1946 15.9061 -0.4
      vertex -30.8054 15.9061 -0.4
    endloop
  endfacet
  facet normal 0 1 0
    outer loop
      vertex -31.1946 15.9061 -0.4
      vertex -30.8054 15.9061 -3
      vertex -31.1946 15.9061 -3
    endloop
  endfacet
  facet normal -0.587805 0.809003 0
    outer loop
      vertex -29.024 16.6114 -3
      vertex -29.3389 16.3826 -0.4
      vertex -29.024 16.6114 -0.4
    endloop
  endfacet
  facet normal -0.587805 0.809003 0
    outer loop
      vertex -29.3389 16.3826 -0.4
      vertex -29.024 16.6114 -3
      vertex -29.3389 16.3826 -3
    endloop
  endfacet
  facet normal 0.770616 0.6373 0
    outer loop
      vertex -33.2598 16.8779 -0.4
      vertex -33.5079 17.1779 -3
      vertex -33.5079 17.1779 -0.4
    endloop
  endfacet
  facet normal 0.770616 0.6373 0
    outer loop
      vertex -33.5079 17.1779 -3
      vertex -33.2598 16.8779 -0.4
      vertex -33.2598 16.8779 -3
    endloop
  endfacet
  facet normal 0.248635 0.968597 -0
    outer loop
      vertex -31.5809 15.9549 -3
      vertex -31.958 16.0517 -0.4
      vertex -31.5809 15.9549 -0.4
    endloop
  endfacet
  facet normal 0.248635 0.968597 0
    outer loop
      vertex -31.958 16.0517 -0.4
      vertex -31.5809 15.9549 -3
      vertex -31.958 16.0517 -3
    endloop
  endfacet
  facet normal 0.684539 0.728976 -0
    outer loop
      vertex -32.976 16.6114 -3
      vertex -33.2598 16.8779 -0.4
      vertex -32.976 16.6114 -0.4
    endloop
  endfacet
  facet normal 0.684539 0.728976 0
    outer loop
      vertex -33.2598 16.8779 -0.4
      vertex -32.976 16.6114 -3
      vertex -33.2598 16.8779 -3
    endloop
  endfacet
  facet normal -0.998034 0.0626822 0
    outer loop
      vertex -27.9244 18.6115 -3
      vertex -27.9 19 -0.4
      vertex -27.9 19 -3
    endloop
  endfacet
  facet normal -0.998034 0.0626822 0
    outer loop
      vertex -27.9 19 -0.4
      vertex -27.9244 18.6115 -3
      vertex -27.9244 18.6115 -0.4
    endloop
  endfacet
  facet normal -0.95107 -0.308976 0
    outer loop
      vertex -27.9974 19.7709 -3
      vertex -28.1177 20.1412 -0.4
      vertex -28.1177 20.1412 -3
    endloop
  endfacet
  facet normal -0.95107 -0.308976 0
    outer loop
      vertex -28.1177 20.1412 -0.4
      vertex -27.9974 19.7709 -3
      vertex -27.9974 19.7709 -0.4
    endloop
  endfacet
  facet normal -0.587805 -0.809003 0
    outer loop
      vertex -29.3389 21.6174 -3
      vertex -29.024 21.3886 -0.4
      vertex -29.3389 21.6174 -0.4
    endloop
  endfacet
  facet normal -0.587805 -0.809003 -0
    outer loop
      vertex -29.024 21.3886 -0.4
      vertex -29.3389 21.6174 -3
      vertex -29.024 21.3886 -3
    endloop
  endfacet
  facet normal -0.982262 0.187513 0
    outer loop
      vertex -27.9974 18.2291 -3
      vertex -27.9244 18.6115 -0.4
      vertex -27.9244 18.6115 -3
    endloop
  endfacet
  facet normal -0.982262 0.187513 0
    outer loop
      vertex -27.9244 18.6115 -0.4
      vertex -27.9974 18.2291 -3
      vertex -27.9974 18.2291 -0.4
    endloop
  endfacet
  facet normal -0.95107 0.308976 0
    outer loop
      vertex -28.1177 17.8588 -3
      vertex -27.9974 18.2291 -0.4
      vertex -27.9974 18.2291 -3
    endloop
  endfacet
  facet normal -0.95107 0.308976 0
    outer loop
      vertex -27.9974 18.2291 -0.4
      vertex -28.1177 17.8588 -3
      vertex -28.1177 17.8588 -0.4
    endloop
  endfacet
  facet normal -0.684539 0.728976 0
    outer loop
      vertex -28.7402 16.8779 -3
      vertex -29.024 16.6114 -0.4
      vertex -28.7402 16.8779 -0.4
    endloop
  endfacet
  facet normal -0.684539 0.728976 0
    outer loop
      vertex -29.024 16.6114 -0.4
      vertex -28.7402 16.8779 -3
      vertex -29.024 16.6114 -3
    endloop
  endfacet
  facet normal -0.248635 0.968597 0
    outer loop
      vertex -30.042 16.0517 -3
      vertex -30.4191 15.9549 -0.4
      vertex -30.042 16.0517 -0.4
    endloop
  endfacet
  facet normal -0.248635 0.968597 0
    outer loop
      vertex -30.4191 15.9549 -0.4
      vertex -30.042 16.0517 -3
      vertex -30.4191 15.9549 -3
    endloop
  endfacet
  facet normal -0.125331 0.992115 0
    outer loop
      vertex -30.4191 15.9549 -3
      vertex -30.8054 15.9061 -0.4
      vertex -30.4191 15.9549 -0.4
    endloop
  endfacet
  facet normal -0.125331 0.992115 0
    outer loop
      vertex -30.8054 15.9061 -0.4
      vertex -30.4191 15.9549 -3
      vertex -30.8054 15.9061 -3
    endloop
  endfacet
  facet normal -0.4818 0.876281 0
    outer loop
      vertex -29.3389 16.3826 -3
      vertex -29.6801 16.195 -0.4
      vertex -29.3389 16.3826 -0.4
    endloop
  endfacet
  facet normal -0.4818 0.876281 0
    outer loop
      vertex -29.6801 16.195 -0.4
      vertex -29.3389 16.3826 -3
      vertex -29.6801 16.195 -3
    endloop
  endfacet
  facet normal 0.998034 0.0626822 0
    outer loop
      vertex -34.0756 18.6115 -0.4
      vertex -34.1 19 -3
      vertex -34.1 19 -0.4
    endloop
  endfacet
  facet normal 0.998034 0.0626822 0
    outer loop
      vertex -34.1 19 -3
      vertex -34.0756 18.6115 -0.4
      vertex -34.0756 18.6115 -3
    endloop
  endfacet
  facet normal 0.844327 0.535828 0
    outer loop
      vertex -33.5079 17.1779 -0.4
      vertex -33.7165 17.5066 -3
      vertex -33.7165 17.5066 -0.4
    endloop
  endfacet
  facet normal 0.844327 0.535828 0
    outer loop
      vertex -33.7165 17.5066 -3
      vertex -33.5079 17.1779 -0.4
      vertex -33.5079 17.1779 -3
    endloop
  endfacet
  facet normal 0.125331 0.992115 -0
    outer loop
      vertex -31.1946 15.9061 -3
      vertex -31.5809 15.9549 -0.4
      vertex -31.1946 15.9061 -0.4
    endloop
  endfacet
  facet normal 0.125331 0.992115 0
    outer loop
      vertex -31.5809 15.9549 -0.4
      vertex -31.1946 15.9061 -3
      vertex -31.5809 15.9549 -3
    endloop
  endfacet
  facet normal 0.587805 0.809003 -0
    outer loop
      vertex -32.6611 16.3826 -3
      vertex -32.976 16.6114 -0.4
      vertex -32.6611 16.3826 -0.4
    endloop
  endfacet
  facet normal 0.587805 0.809003 0
    outer loop
      vertex -32.976 16.6114 -0.4
      vertex -32.6611 16.3826 -3
      vertex -32.976 16.6114 -3
    endloop
  endfacet
  facet normal 0.4818 0.876281 -0
    outer loop
      vertex -32.3199 16.195 -3
      vertex -32.6611 16.3826 -0.4
      vertex -32.3199 16.195 -0.4
    endloop
  endfacet
  facet normal 0.4818 0.876281 0
    outer loop
      vertex -32.6611 16.3826 -0.4
      vertex -32.3199 16.195 -3
      vertex -32.6611 16.3826 -3
    endloop
  endfacet
  facet normal -0.998034 -0.0626822 0
    outer loop
      vertex -27.9 19 -3
      vertex -27.9244 19.3885 -0.4
      vertex -27.9244 19.3885 -3
    endloop
  endfacet
  facet normal -0.998034 -0.0626822 0
    outer loop
      vertex -27.9244 19.3885 -0.4
      vertex -27.9 19 -3
      vertex -27.9 19 -0.4
    endloop
  endfacet
  facet normal -0.844443 -0.535645 0
    outer loop
      vertex -28.2835 20.4934 -3
      vertex -28.492 20.8221 -0.4
      vertex -28.492 20.8221 -3
    endloop
  endfacet
  facet normal -0.844443 -0.535645 0
    outer loop
      vertex -28.492 20.8221 -0.4
      vertex -28.2835 20.4934 -3
      vertex -28.2835 20.4934 -0.4
    endloop
  endfacet
  facet normal -0.684539 -0.728976 0
    outer loop
      vertex -29.024 21.3886 -3
      vertex -28.7402 21.1221 -0.4
      vertex -29.024 21.3886 -0.4
    endloop
  endfacet
  facet normal -0.684539 -0.728976 -0
    outer loop
      vertex -28.7402 21.1221 -0.4
      vertex -29.024 21.3886 -3
      vertex -28.7402 21.1221 -3
    endloop
  endfacet
  facet normal -0.77049 0.637452 0
    outer loop
      vertex -28.7402 16.8779 -3
      vertex -28.492 17.1779 -0.4
      vertex -28.492 17.1779 -3
    endloop
  endfacet
  facet normal -0.77049 0.637452 0
    outer loop
      vertex -28.492 17.1779 -0.4
      vertex -28.7402 16.8779 -3
      vertex -28.7402 16.8779 -0.4
    endloop
  endfacet
  facet normal 0.982262 0.187513 0
    outer loop
      vertex -34.0026 18.2291 -0.4
      vertex -34.0756 18.6115 -3
      vertex -34.0756 18.6115 -0.4
    endloop
  endfacet
  facet normal 0.982262 0.187513 0
    outer loop
      vertex -34.0756 18.6115 -3
      vertex -34.0026 18.2291 -0.4
      vertex -34.0026 18.2291 -3
    endloop
  endfacet
  facet normal -0.90476 -0.425921 0
    outer loop
      vertex -28.1177 20.1412 -3
      vertex -28.2835 20.4934 -0.4
      vertex -28.2835 20.4934 -3
    endloop
  endfacet
  facet normal -0.90476 -0.425921 0
    outer loop
      vertex -28.2835 20.4934 -0.4
      vertex -28.1177 20.1412 -3
      vertex -28.1177 20.1412 -0.4
    endloop
  endfacet
  facet normal 0 -1 0
    outer loop
      vertex -31.1946 22.0939 -3
      vertex -30.8054 22.0939 -0.4
      vertex -31.1946 22.0939 -0.4
    endloop
  endfacet
  facet normal 0 -1 -0
    outer loop
      vertex -30.8054 22.0939 -0.4
      vertex -31.1946 22.0939 -3
      vertex -30.8054 22.0939 -3
    endloop
  endfacet
  facet normal 0.998034 -0.0626822 0
    outer loop
      vertex -34.1 19 -0.4
      vertex -34.0756 19.3885 -3
      vertex -34.0756 19.3885 -0.4
    endloop
  endfacet
  facet normal 0.998034 -0.0626822 0
    outer loop
      vertex -34.0756 19.3885 -3
      vertex -34.1 19 -0.4
      vertex -34.1 19 -3
    endloop
  endfacet
  facet normal 0.95107 -0.308976 0
    outer loop
      vertex -34.0026 19.7709 -0.4
      vertex -33.8823 20.1412 -3
      vertex -33.8823 20.1412 -0.4
    endloop
  endfacet
  facet normal 0.95107 -0.308976 0
    outer loop
      vertex -33.8823 20.1412 -3
      vertex -34.0026 19.7709 -0.4
      vertex -34.0026 19.7709 -3
    endloop
  endfacet
  facet normal -0.125331 -0.992115 0
    outer loop
      vertex -30.8054 22.0939 -3
      vertex -30.4191 22.0451 -0.4
      vertex -30.8054 22.0939 -0.4
    endloop
  endfacet
  facet normal -0.125331 -0.992115 -0
    outer loop
      vertex -30.4191 22.0451 -0.4
      vertex -30.8054 22.0939 -3
      vertex -30.4191 22.0451 -3
    endloop
  endfacet
  facet normal -0.4818 -0.876281 0
    outer loop
      vertex -29.6801 21.805 -3
      vertex -29.3389 21.6174 -0.4
      vertex -29.6801 21.805 -0.4
    endloop
  endfacet
  facet normal -0.4818 -0.876281 -0
    outer loop
      vertex -29.3389 21.6174 -0.4
      vertex -29.6801 21.805 -3
      vertex -29.3389 21.6174 -3
    endloop
  endfacet
  facet normal -0.368155 -0.929764 0
    outer loop
      vertex -30.042 21.9483 -3
      vertex -29.6801 21.805 -0.4
      vertex -30.042 21.9483 -0.4
    endloop
  endfacet
  facet normal -0.368155 -0.929764 -0
    outer loop
      vertex -29.6801 21.805 -0.4
      vertex -30.042 21.9483 -3
      vertex -29.6801 21.805 -3
    endloop
  endfacet
  facet normal -0.77049 -0.637452 0
    outer loop
      vertex -28.492 20.8221 -3
      vertex -28.7402 21.1221 -0.4
      vertex -28.7402 21.1221 -3
    endloop
  endfacet
  facet normal -0.77049 -0.637452 0
    outer loop
      vertex -28.7402 21.1221 -0.4
      vertex -28.492 20.8221 -3
      vertex -28.492 20.8221 -0.4
    endloop
  endfacet
  facet normal 0.587805 -0.809003 0
    outer loop
      vertex -32.976 21.3886 -3
      vertex -32.6611 21.6174 -0.4
      vertex -32.976 21.3886 -0.4
    endloop
  endfacet
  facet normal 0.587805 -0.809003 0
    outer loop
      vertex -32.6611 21.6174 -0.4
      vertex -32.976 21.3886 -3
      vertex -32.6611 21.6174 -3
    endloop
  endfacet
  facet normal 0.368155 -0.929764 0
    outer loop
      vertex -32.3199 21.805 -3
      vertex -31.958 21.9483 -0.4
      vertex -32.3199 21.805 -0.4
    endloop
  endfacet
  facet normal 0.368155 -0.929764 0
    outer loop
      vertex -31.958 21.9483 -0.4
      vertex -32.3199 21.805 -3
      vertex -31.958 21.9483 -3
    endloop
  endfacet
  facet normal 0.248635 -0.968597 0
    outer loop
      vertex -31.958 21.9483 -3
      vertex -31.5809 22.0451 -0.4
      vertex -31.958 21.9483 -0.4
    endloop
  endfacet
  facet normal 0.248635 -0.968597 0
    outer loop
      vertex -31.5809 22.0451 -0.4
      vertex -31.958 21.9483 -3
      vertex -31.5809 22.0451 -3
    endloop
  endfacet
  facet normal 0.90476 -0.425921 0
    outer loop
      vertex -33.8823 20.1412 -0.4
      vertex -33.7165 20.4934 -3
      vertex -33.7165 20.4934 -0.4
    endloop
  endfacet
  facet normal 0.90476 -0.425921 0
    outer loop
      vertex -33.7165 20.4934 -3
      vertex -33.8823 20.1412 -0.4
      vertex -33.8823 20.1412 -3
    endloop
  endfacet
  facet normal 0.770616 -0.6373 0
    outer loop
      vertex -33.5079 20.8221 -0.4
      vertex -33.2598 21.1221 -3
      vertex -33.2598 21.1221 -0.4
    endloop
  endfacet
  facet normal 0.770616 -0.6373 0
    outer loop
      vertex -33.2598 21.1221 -3
      vertex -33.5079 20.8221 -0.4
      vertex -33.5079 20.8221 -3
    endloop
  endfacet
  facet normal 0.844327 -0.535828 0
    outer loop
      vertex -33.7165 20.4934 -0.4
      vertex -33.5079 20.8221 -3
      vertex -33.5079 20.8221 -0.4
    endloop
  endfacet
  facet normal 0.844327 -0.535828 0
    outer loop
      vertex -33.5079 20.8221 -3
      vertex -33.7165 20.4934 -0.4
      vertex -33.7165 20.4934 -3
    endloop
  endfacet
  facet normal 0.684539 -0.728976 0
    outer loop
      vertex -33.2598 21.1221 -3
      vertex -32.976 21.3886 -0.4
      vertex -33.2598 21.1221 -0.4
    endloop
  endfacet
  facet normal 0.684539 -0.728976 0
    outer loop
      vertex -32.976 21.3886 -0.4
      vertex -33.2598 21.1221 -3
      vertex -32.976 21.3886 -3
    endloop
  endfacet
  facet normal 0 0 -1
    outer loop
      vertex -29.4 19 -0.4
      vertex -27.9 19 -0.4
      vertex -27.9244 18.6115 -0.4
    endloop
  endfacet
  facet normal 0 0 -1
    outer loop
      vertex -29.4126 18.7995 -0.4
      vertex -27.9244 18.6115 -0.4
      vertex -27.9974 18.2291 -0.4
    endloop
  endfacet
  facet normal 0 0 -1
    outer loop
      vertex -27.9 19 -0.4
      vertex -29.4 19 -0.4
      vertex -27.9244 19.3885 -0.4
    endloop
  endfacet
  facet normal 0 0 -1
    outer loop
      vertex -29.4503 18.6021 -0.4
      vertex -27.9974 18.2291 -0.4
      vertex -28.1177 17.8588 -0.4
    endloop
  endfacet
  facet normal 0 0 -1
    outer loop
      vertex -29.4126 19.2005 -0.4
      vertex -27.9244 19.3885 -0.4
      vertex -29.4 19 -0.4
    endloop
  endfacet
  facet normal 0 0 -1
    outer loop
      vertex -29.5124 18.411 -0.4
      vertex -28.1177 17.8588 -0.4
      vertex -28.2835 17.5066 -0.4
    endloop
  endfacet
  facet normal -0 0 -1
    outer loop
      vertex -27.9244 19.3885 -0.4
      vertex -29.4126 19.2005 -0.4
      vertex -27.9974 19.7709 -0.4
    endloop
  endfacet
  facet normal 0 0 -1
    outer loop
      vertex -29.5979 18.2292 -0.4
      vertex -28.2835 17.5066 -0.4
      vertex -28.492 17.1779 -0.4
    endloop
  endfacet
  facet normal 0 0 -1
    outer loop
      vertex -29.4503 19.3979 -0.4
      vertex -27.9974 19.7709 -0.4
      vertex -29.4126 19.2005 -0.4
    endloop
  endfacet
  facet normal 0 0 -1
    outer loop
      vertex -29.7056 18.0595 -0.4
      vertex -28.492 17.1779 -0.4
      vertex -28.7402 16.8779 -0.4
    endloop
  endfacet
  facet normal -0 0 -1
    outer loop
      vertex -27.9974 19.7709 -0.4
      vertex -29.4503 19.3979 -0.4
      vertex -28.1177 20.1412 -0.4
    endloop
  endfacet
  facet normal 0 0 -1
    outer loop
      vertex -29.8337 17.9047 -0.4
      vertex -28.7402 16.8779 -0.4
      vertex -29.024 16.6114 -0.4
    endloop
  endfacet
  facet normal 0 0 -1
    outer loop
      vertex -29.5124 19.589 -0.4
      vertex -28.1177 20.1412 -0.4
      vertex -29.4503 19.3979 -0.4
    endloop
  endfacet
  facet normal 0 0 -1
    outer loop
      vertex -29.9801 17.7672 -0.4
      vertex -29.024 16.6114 -0.4
      vertex -29.3389 16.3826 -0.4
    endloop
  endfacet
  facet normal -0 0 -1
    outer loop
      vertex -28.1177 20.1412 -0.4
      vertex -29.5124 19.589 -0.4
      vertex -28.2835 20.4934 -0.4
    endloop
  endfacet
  facet normal 0 0 -1
    outer loop
      vertex -29.5979 19.7708 -0.4
      vertex -28.2835 20.4934 -0.4
      vertex -29.5124 19.589 -0.4
    endloop
  endfacet
  facet normal 0 0 -1
    outer loop
      vertex -27.9244 18.6115 -0.4
      vertex -29.4126 18.7995 -0.4
      vertex -29.4 19 -0.4
    endloop
  endfacet
  facet normal 0 0 -1
    outer loop
      vertex -27.9974 18.2291 -0.4
      vertex -29.4503 18.6021 -0.4
      vertex -29.4126 18.7995 -0.4
    endloop
  endfacet
  facet normal 0 0 -1
    outer loop
      vertex -28.1177 17.8588 -0.4
      vertex -29.5124 18.411 -0.4
      vertex -29.4503 18.6021 -0.4
    endloop
  endfacet
  facet normal 0 0 -1
    outer loop
      vertex -28.2835 17.5066 -0.4
      vertex -29.5979 18.2292 -0.4
      vertex -29.5124 18.411 -0.4
    endloop
  endfacet
  facet normal 0 0 -1
    outer loop
      vertex -30.1427 17.6491 -0.4
      vertex -29.3389 16.3826 -0.4
      vertex -29.6801 16.195 -0.4
    endloop
  endfacet
  facet normal 0 0 -1
    outer loop
      vertex -28.492 17.1779 -0.4
      vertex -29.7056 18.0595 -0.4
      vertex -29.5979 18.2292 -0.4
    endloop
  endfacet
  facet normal 0 0 -1
    outer loop
      vertex -28.7402 16.8779 -0.4
      vertex -29.8337 17.9047 -0.4
      vertex -29.7056 18.0595 -0.4
    endloop
  endfacet
  facet normal 0 0 -1
    outer loop
      vertex -29.024 16.6114 -0.4
      vertex -29.9801 17.7672 -0.4
      vertex -29.8337 17.9047 -0.4
    endloop
  endfacet
  facet normal 0 0 -1
    outer loop
      vertex -30.3188 17.5523 -0.4
      vertex -29.6801 16.195 -0.4
      vertex -30.042 16.0517 -0.4
    endloop
  endfacet
  facet normal 0 0 -1
    outer loop
      vertex -29.3389 16.3826 -0.4
      vertex -30.1427 17.6491 -0.4
      vertex -29.9801 17.7672 -0.4
    endloop
  endfacet
  facet normal 0 0 -1
    outer loop
      vertex -29.6801 16.195 -0.4
      vertex -30.3188 17.5523 -0.4
      vertex -30.1427 17.6491 -0.4
    endloop
  endfacet
  facet normal 0 0 -1
    outer loop
      vertex -30.5056 17.4783 -0.4
      vertex -30.042 16.0517 -0.4
      vertex -30.4191 15.9549 -0.4
    endloop
  endfacet
  facet normal 0 0 -1
    outer loop
      vertex -30.042 16.0517 -0.4
      vertex -30.5056 17.4783 -0.4
      vertex -30.3188 17.5523 -0.4
    endloop
  endfacet
  facet normal 0 0 -1
    outer loop
      vertex -30.4191 15.9549 -0.4
      vertex -30.7002 17.4283 -0.4
      vertex -30.5056 17.4783 -0.4
    endloop
  endfacet
  facet normal 0 0 -1
    outer loop
      vertex -30.8054 15.9061 -0.4
      vertex -30.7002 17.4283 -0.4
      vertex -30.4191 15.9549 -0.4
    endloop
  endfacet
  facet normal 0 0 -1
    outer loop
      vertex -30.8054 15.9061 -0.4
      vertex -30.8995 17.4032 -0.4
      vertex -30.7002 17.4283 -0.4
    endloop
  endfacet
  facet normal 0 0 -1
    outer loop
      vertex -30.8054 15.9061 -0.4
      vertex -31.1005 17.4032 -0.4
      vertex -30.8995 17.4032 -0.4
    endloop
  endfacet
  facet normal 0 0 -1
    outer loop
      vertex -31.1946 15.9061 -0.4
      vertex -31.1005 17.4032 -0.4
      vertex -30.8054 15.9061 -0.4
    endloop
  endfacet
  facet normal 0 0 -1
    outer loop
      vertex -31.1946 15.9061 -0.4
      vertex -31.2998 17.4283 -0.4
      vertex -31.1005 17.4032 -0.4
    endloop
  endfacet
  facet normal 0 0 -1
    outer loop
      vertex -31.5809 15.9549 -0.4
      vertex -31.2998 17.4283 -0.4
      vertex -31.1946 15.9061 -0.4
    endloop
  endfacet
  facet normal -0 0 -1
    outer loop
      vertex -31.2998 17.4283 -0.4
      vertex -31.5809 15.9549 -0.4
      vertex -31.4944 17.4783 -0.4
    endloop
  endfacet
  facet normal 0 0 -1
    outer loop
      vertex -31.958 16.0517 -0.4
      vertex -31.4944 17.4783 -0.4
      vertex -31.5809 15.9549 -0.4
    endloop
  endfacet
  facet normal -0 0 -1
    outer loop
      vertex -31.4944 17.4783 -0.4
      vertex -31.958 16.0517 -0.4
      vertex -31.6812 17.5523 -0.4
    endloop
  endfacet
  facet normal 0 0 -1
    outer loop
      vertex -32.3199 16.195 -0.4
      vertex -31.6812 17.5523 -0.4
      vertex -31.958 16.0517 -0.4
    endloop
  endfacet
  facet normal -0 0 -1
    outer loop
      vertex -31.6812 17.5523 -0.4
      vertex -32.3199 16.195 -0.4
      vertex -31.8573 17.6491 -0.4
    endloop
  endfacet
  facet normal 0 0 -1
    outer loop
      vertex -32.6611 16.3826 -0.4
      vertex -31.8573 17.6491 -0.4
      vertex -32.3199 16.195 -0.4
    endloop
  endfacet
  facet normal -0 0 -1
    outer loop
      vertex -31.8573 17.6491 -0.4
      vertex -32.6611 16.3826 -0.4
      vertex -32.0199 17.7672 -0.4
    endloop
  endfacet
  facet normal 0 0 -1
    outer loop
      vertex -32.976 16.6114 -0.4
      vertex -32.0199 17.7672 -0.4
      vertex -32.6611 16.3826 -0.4
    endloop
  endfacet
  facet normal -0 0 -1
    outer loop
      vertex -32.0199 17.7672 -0.4
      vertex -32.976 16.6114 -0.4
      vertex -32.1664 17.9047 -0.4
    endloop
  endfacet
  facet normal 0 0 -1
    outer loop
      vertex -33.2598 16.8779 -0.4
      vertex -32.1664 17.9047 -0.4
      vertex -32.976 16.6114 -0.4
    endloop
  endfacet
  facet normal -0 0 -1
    outer loop
      vertex -32.1664 17.9047 -0.4
      vertex -33.2598 16.8779 -0.4
      vertex -32.2944 18.0595 -0.4
    endloop
  endfacet
  facet normal 0 0 -1
    outer loop
      vertex -33.5079 17.1779 -0.4
      vertex -32.2944 18.0595 -0.4
      vertex -33.2598 16.8779 -0.4
    endloop
  endfacet
  facet normal 0 0 -1
    outer loop
      vertex -33.7165 17.5066 -0.4
      vertex -32.4021 18.2292 -0.4
      vertex -33.5079 17.1779 -0.4
    endloop
  endfacet
  facet normal -0 0 -1
    outer loop
      vertex -32.2944 18.0595 -0.4
      vertex -33.5079 17.1779 -0.4
      vertex -32.4021 18.2292 -0.4
    endloop
  endfacet
  facet normal -0 0 -1
    outer loop
      vertex -28.2835 20.4934 -0.4
      vertex -29.5979 19.7708 -0.4
      vertex -28.492 20.8221 -0.4
    endloop
  endfacet
  facet normal 0 0 -1
    outer loop
      vertex -29.7056 19.9405 -0.4
      vertex -28.492 20.8221 -0.4
      vertex -29.5979 19.7708 -0.4
    endloop
  endfacet
  facet normal -0 0 -1
    outer loop
      vertex -28.492 20.8221 -0.4
      vertex -29.7056 19.9405 -0.4
      vertex -28.7402 21.1221 -0.4
    endloop
  endfacet
  facet normal 0 0 -1
    outer loop
      vertex -29.8337 20.0953 -0.4
      vertex -28.7402 21.1221 -0.4
      vertex -29.7056 19.9405 -0.4
    endloop
  endfacet
  facet normal -0 0 -1
    outer loop
      vertex -28.7402 21.1221 -0.4
      vertex -29.8337 20.0953 -0.4
      vertex -29.024 21.3886 -0.4
    endloop
  endfacet
  facet normal 0 0 -1
    outer loop
      vertex -29.9801 20.2328 -0.4
      vertex -29.024 21.3886 -0.4
      vertex -29.8337 20.0953 -0.4
    endloop
  endfacet
  facet normal -0 0 -1
    outer loop
      vertex -29.024 21.3886 -0.4
      vertex -29.9801 20.2328 -0.4
      vertex -29.3389 21.6174 -0.4
    endloop
  endfacet
  facet normal 0 0 -1
    outer loop
      vertex -30.1427 20.3509 -0.4
      vertex -29.3389 21.6174 -0.4
      vertex -29.9801 20.2328 -0.4
    endloop
  endfacet
  facet normal -0 0 -1
    outer loop
      vertex -29.3389 21.6174 -0.4
      vertex -30.1427 20.3509 -0.4
      vertex -29.6801 21.805 -0.4
    endloop
  endfacet
  facet normal 0 0 -1
    outer loop
      vertex -30.3188 20.4477 -0.4
      vertex -29.6801 21.805 -0.4
      vertex -30.1427 20.3509 -0.4
    endloop
  endfacet
  facet normal -0 0 -1
    outer loop
      vertex -29.6801 21.805 -0.4
      vertex -30.3188 20.4477 -0.4
      vertex -30.042 21.9483 -0.4
    endloop
  endfacet
  facet normal 0 0 -1
    outer loop
      vertex -30.5056 20.5217 -0.4
      vertex -30.042 21.9483 -0.4
      vertex -30.3188 20.4477 -0.4
    endloop
  endfacet
  facet normal -0 0 -1
    outer loop
      vertex -30.042 21.9483 -0.4
      vertex -30.5056 20.5217 -0.4
      vertex -30.4191 22.0451 -0.4
    endloop
  endfacet
  facet normal 0 0 -1
    outer loop
      vertex -30.7002 20.5717 -0.4
      vertex -30.4191 22.0451 -0.4
      vertex -30.5056 20.5217 -0.4
    endloop
  endfacet
  facet normal 0 0 -1
    outer loop
      vertex -30.7002 20.5717 -0.4
      vertex -30.8054 22.0939 -0.4
      vertex -30.4191 22.0451 -0.4
    endloop
  endfacet
  facet normal 0 0 -1
    outer loop
      vertex -30.8995 20.5968 -0.4
      vertex -30.8054 22.0939 -0.4
      vertex -30.7002 20.5717 -0.4
    endloop
  endfacet
  facet normal 0 0 -1
    outer loop
      vertex -31.1005 20.5968 -0.4
      vertex -30.8054 22.0939 -0.4
      vertex -30.8995 20.5968 -0.4
    endloop
  endfacet
  facet normal 0 0 -1
    outer loop
      vertex -31.1005 20.5968 -0.4
      vertex -31.1946 22.0939 -0.4
      vertex -30.8054 22.0939 -0.4
    endloop
  endfacet
  facet normal 0 0 -1
    outer loop
      vertex -31.2998 20.5717 -0.4
      vertex -31.1946 22.0939 -0.4
      vertex -31.1005 20.5968 -0.4
    endloop
  endfacet
  facet normal 0 0 -1
    outer loop
      vertex -31.5809 22.0451 -0.4
      vertex -31.2998 20.5717 -0.4
      vertex -31.4944 20.5217 -0.4
    endloop
  endfacet
  facet normal 0 0 -1
    outer loop
      vertex -31.2998 20.5717 -0.4
      vertex -31.5809 22.0451 -0.4
      vertex -31.1946 22.0939 -0.4
    endloop
  endfacet
  facet normal 0 0 -1
    outer loop
      vertex -31.958 21.9483 -0.4
      vertex -31.4944 20.5217 -0.4
      vertex -31.6812 20.4477 -0.4
    endloop
  endfacet
  facet normal 0 0 -1
    outer loop
      vertex -32.3199 21.805 -0.4
      vertex -31.6812 20.4477 -0.4
      vertex -31.8573 20.3509 -0.4
    endloop
  endfacet
  facet normal 0 0 -1
    outer loop
      vertex -31.4944 20.5217 -0.4
      vertex -31.958 21.9483 -0.4
      vertex -31.5809 22.0451 -0.4
    endloop
  endfacet
  facet normal 0 0 -1
    outer loop
      vertex -32.6611 21.6174 -0.4
      vertex -31.8573 20.3509 -0.4
      vertex -32.0199 20.2328 -0.4
    endloop
  endfacet
  facet normal 0 0 -1
    outer loop
      vertex -32.976 21.3886 -0.4
      vertex -32.0199 20.2328 -0.4
      vertex -32.1664 20.0953 -0.4
    endloop
  endfacet
  facet normal 0 0 -1
    outer loop
      vertex -33.2598 21.1221 -0.4
      vertex -32.1664 20.0953 -0.4
      vertex -32.2944 19.9405 -0.4
    endloop
  endfacet
  facet normal 0 0 -1
    outer loop
      vertex -31.6812 20.4477 -0.4
      vertex -32.3199 21.805 -0.4
      vertex -31.958 21.9483 -0.4
    endloop
  endfacet
  facet normal 0 0 -1
    outer loop
      vertex -33.5079 20.8221 -0.4
      vertex -32.2944 19.9405 -0.4
      vertex -32.4021 19.7708 -0.4
    endloop
  endfacet
  facet normal 0 0 -1
    outer loop
      vertex -33.7165 20.4934 -0.4
      vertex -32.4021 19.7708 -0.4
      vertex -32.4876 19.589 -0.4
    endloop
  endfacet
  facet normal 0 0 -1
    outer loop
      vertex -33.8823 20.1412 -0.4
      vertex -32.4876 19.589 -0.4
      vertex -32.5497 19.3979 -0.4
    endloop
  endfacet
  facet normal 0 0 -1
    outer loop
      vertex -34.0026 19.7709 -0.4
      vertex -32.5497 19.3979 -0.4
      vertex -32.5874 19.2005 -0.4
    endloop
  endfacet
  facet normal 0 0 -1
    outer loop
      vertex -31.8573 20.3509 -0.4
      vertex -32.6611 21.6174 -0.4
      vertex -32.3199 21.805 -0.4
    endloop
  endfacet
  facet normal 0 0 -1
    outer loop
      vertex -34.0756 19.3885 -0.4
      vertex -32.5874 19.2005 -0.4
      vertex -32.6 19 -0.4
    endloop
  endfacet
  facet normal -0 0 -1
    outer loop
      vertex -32.4021 18.2292 -0.4
      vertex -33.7165 17.5066 -0.4
      vertex -32.4876 18.411 -0.4
    endloop
  endfacet
  facet normal 0 0 -1
    outer loop
      vertex -33.8823 17.8588 -0.4
      vertex -32.4876 18.411 -0.4
      vertex -33.7165 17.5066 -0.4
    endloop
  endfacet
  facet normal 0 0 -1
    outer loop
      vertex -32.0199 20.2328 -0.4
      vertex -32.976 21.3886 -0.4
      vertex -32.6611 21.6174 -0.4
    endloop
  endfacet
  facet normal -0 0 -1
    outer loop
      vertex -32.4876 18.411 -0.4
      vertex -33.8823 17.8588 -0.4
      vertex -32.5497 18.6021 -0.4
    endloop
  endfacet
  facet normal 0 0 -1
    outer loop
      vertex -32.1664 20.0953 -0.4
      vertex -33.2598 21.1221 -0.4
      vertex -32.976 21.3886 -0.4
    endloop
  endfacet
  facet normal 0 0 -1
    outer loop
      vertex -34.0026 18.2291 -0.4
      vertex -32.5497 18.6021 -0.4
      vertex -33.8823 17.8588 -0.4
    endloop
  endfacet
  facet normal 0 0 -1
    outer loop
      vertex -32.2944 19.9405 -0.4
      vertex -33.5079 20.8221 -0.4
      vertex -33.2598 21.1221 -0.4
    endloop
  endfacet
  facet normal -0 0 -1
    outer loop
      vertex -32.5497 18.6021 -0.4
      vertex -34.0026 18.2291 -0.4
      vertex -32.5874 18.7995 -0.4
    endloop
  endfacet
  facet normal 0 0 -1
    outer loop
      vertex -32.4021 19.7708 -0.4
      vertex -33.7165 20.4934 -0.4
      vertex -33.5079 20.8221 -0.4
    endloop
  endfacet
  facet normal 0 0 -1
    outer loop
      vertex -34.0756 18.6115 -0.4
      vertex -32.5874 18.7995 -0.4
      vertex -34.0026 18.2291 -0.4
    endloop
  endfacet
  facet normal 0 0 -1
    outer loop
      vertex -32.4876 19.589 -0.4
      vertex -33.8823 20.1412 -0.4
      vertex -33.7165 20.4934 -0.4
    endloop
  endfacet
  facet normal -0 0 -1
    outer loop
      vertex -32.5874 18.7995 -0.4
      vertex -34.0756 18.6115 -0.4
      vertex -32.6 19 -0.4
    endloop
  endfacet
  facet normal 0 0 -1
    outer loop
      vertex -32.5497 19.3979 -0.4
      vertex -34.0026 19.7709 -0.4
      vertex -33.8823 20.1412 -0.4
    endloop
  endfacet
  facet normal 0 0 -1
    outer loop
      vertex -34.1 19 -0.4
      vertex -32.6 19 -0.4
      vertex -34.0756 18.6115 -0.4
    endloop
  endfacet
  facet normal 0 0 -1
    outer loop
      vertex -32.5874 19.2005 -0.4
      vertex -34.0756 19.3885 -0.4
      vertex -34.0026 19.7709 -0.4
    endloop
  endfacet
  facet normal 0 0 -1
    outer loop
      vertex -32.6 19 -0.4
      vertex -34.1 19 -0.4
      vertex -34.0756 19.3885 -0.4
    endloop
  endfacet
  facet normal 0.982262 -0.187513 0
    outer loop
      vertex -34.0756 19.3885 -0.4
      vertex -34.0026 19.7709 -3
      vertex -34.0026 19.7709 -0.4
    endloop
  endfacet
  facet normal 0.982262 -0.187513 0
    outer loop
      vertex -34.0026 19.7709 -3
      vertex -34.0756 19.3885 -0.4
      vertex -34.0756 19.3885 -3
    endloop
  endfacet
  facet normal -0.248635 -0.968597 0
    outer loop
      vertex -30.4191 22.0451 -3
      vertex -30.042 21.9483 -0.4
      vertex -30.4191 22.0451 -0.4
    endloop
  endfacet
  facet normal -0.248635 -0.968597 -0
    outer loop
      vertex -30.042 21.9483 -0.4
      vertex -30.4191 22.0451 -3
      vertex -30.042 21.9483 -3
    endloop
  endfacet
  facet normal 0.4818 -0.876281 0
    outer loop
      vertex -32.6611 21.6174 -3
      vertex -32.3199 21.805 -0.4
      vertex -32.6611 21.6174 -0.4
    endloop
  endfacet
  facet normal 0.4818 -0.876281 0
    outer loop
      vertex -32.3199 21.805 -0.4
      vertex -32.6611 21.6174 -3
      vertex -32.3199 21.805 -3
    endloop
  endfacet
  facet normal 0.125331 -0.992115 0
    outer loop
      vertex -31.5809 22.0451 -3
      vertex -31.1946 22.0939 -0.4
      vertex -31.5809 22.0451 -0.4
    endloop
  endfacet
  facet normal 0.125331 -0.992115 0
    outer loop
      vertex -31.1946 22.0939 -0.4
      vertex -31.5809 22.0451 -3
      vertex -31.1946 22.0939 -3
    endloop
  endfacet
  facet normal 1 -0 0
    outer loop
      vertex -15 -17 -3.8
      vertex -15 17 -5.2
      vertex -15 17 -3.8
    endloop
  endfacet
  facet normal 1 0 0
    outer loop
      vertex -15 17 -5.2
      vertex -15 -17 -3.8
      vertex -15 -17 -5.2
    endloop
  endfacet
  facet normal -1 0 0
    outer loop
      vertex 15 -17 -5.2
      vertex 15 17 -3.8
      vertex 15 17 -5.2
    endloop
  endfacet
  facet normal -1 -0 0
    outer loop
      vertex 15 17 -3.8
      vertex 15 -17 -5.2
      vertex 15 -17 -3.8
    endloop
  endfacet
  facet normal 0 1 -0
    outer loop
      vertex 15 -17 -5.2
      vertex -15 -17 -3.8
      vertex 15 -17 -3.8
    endloop
  endfacet
  facet normal 0 1 0
    outer loop
      vertex -15 -17 -3.8
      vertex 15 -17 -5.2
      vertex -15 -17 -5.2
    endloop
  endfacet
  facet normal 0 0 -1
    outer loop
      vertex -15 -17 -3.8
      vertex 15 17 -3.8
      vertex 15 -17 -3.8
    endloop
  endfacet
  facet normal -0 0 -1
    outer loop
      vertex 15 17 -3.8
      vertex -15 -17 -3.8
      vertex -15 17 -3.8
    endloop
  endfacet
  facet normal 0 -1 0
    outer loop
      vertex -15 17 -5.2
      vertex 15 17 -3.8
      vertex -15 17 -3.8
    endloop
  endfacet
  facet normal 0 -1 -0
    outer loop
      vertex 15 17 -3.8
      vertex -15 17 -5.2
      vertex 15 17 -5.2
    endloop
  endfacet
  facet normal 1 -0 0
    outer loop
      vertex -16.25 -29.5 2.5
      vertex -16.25 29.5 1.75
      vertex -16.25 29.5 2.5
    endloop
  endfacet
  facet normal 1 0 0
    outer loop
      vertex -16.25 29.5 1.75
      vertex -16.25 -29.5 2.5
      vertex -16.25 -29.5 1.75
    endloop
  endfacet
  facet normal -0 0 1
    outer loop
      vertex -16.25 29.5 1.75
      vertex 16.25 -29.5 1.75
      vertex 16.25 29.5 1.75
    endloop
  endfacet
  facet normal 0 0 1
    outer loop
      vertex 16.25 -29.5 1.75
      vertex -16.25 29.5 1.75
      vertex -16.25 -29.5 1.75
    endloop
  endfacet
  facet normal -1 0 0
    outer loop
      vertex 16.25 -29.5 1.75
      vertex 16.25 29.5 2.5
      vertex 16.25 29.5 1.75
    endloop
  endfacet
  facet normal -1 -0 0
    outer loop
      vertex 16.25 29.5 2.5
      vertex 16.25 -29.5 1.75
      vertex 16.25 -29.5 2.5
    endloop
  endfacet
  facet normal 0 1 -0
    outer loop
      vertex 16.25 -29.5 1.75
      vertex -16.25 -29.5 2.5
      vertex 16.25 -29.5 2.5
    endloop
  endfacet
  facet normal 0 1 0
    outer loop
      vertex -16.25 -29.5 2.5
      vertex 16.25 -29.5 1.75
      vertex -16.25 -29.5 1.75
    endloop
  endfacet
  facet normal 0 -1 0
    outer loop
      vertex -16.25 29.5 1.75
      vertex 16.25 29.5 2.5
      vertex -16.25 29.5 2.5
    endloop
  endfacet
  facet normal 0 -1 -0
    outer loop
      vertex 16.25 29.5 2.5
      vertex -16.25 29.5 1.75
      vertex 16.25 29.5 1.75
    endloop
  endfacet
endsolid OpenSCAD_Model
