solid OpenSCAD_Model
  facet normal 0 0 -1
    outer loop
      vertex -24.0836 -29.2514 0
      vertex 15.2 -12.7 0
      vertex -23.8992 -29.8187 0
    endloop
  endfacet
  facet normal 0 0 -1
    outer loop
      vertex 15.2 12.7 0
      vertex -23.7875 30.4047 0
      vertex -23.75 31 0
    endloop
  endfacet
  facet normal 0 0 -1
    outer loop
      vertex -24.3375 -28.7117 0
      vertex 15.2 -12.7 0
      vertex -24.0836 -29.2514 0
    endloop
  endfacet
  facet normal 0 0 -1
    outer loop
      vertex 15.2 12.7 0
      vertex -23.8992 29.8187 0
      vertex -23.7875 30.4047 0
    endloop
  endfacet
  facet normal 0 0 -1
    outer loop
      vertex -24.6572 -28.208 0
      vertex 15.2 -12.7 0
      vertex -24.3375 -28.7117 0
    endloop
  endfacet
  facet normal 0 0 -1
    outer loop
      vertex 15.2 12.7 0
      vertex -24.0836 29.2514 0
      vertex -23.8992 29.8187 0
    endloop
  endfacet
  facet normal 0 0 -1
    outer loop
      vertex -25.0374 -27.7484 0
      vertex 15.2 -12.7 0
      vertex -24.6572 -28.208 0
    endloop
  endfacet
  facet normal 0 0 -1
    outer loop
      vertex 15.2 12.7 0
      vertex -24.3375 28.7117 0
      vertex -24.0836 29.2514 0
    endloop
  endfacet
  facet normal 0 0 -1
    outer loop
      vertex -25.4722 -27.3401 0
      vertex 15.2 -12.7 0
      vertex -25.0374 -27.7484 0
    endloop
  endfacet
  facet normal 0 0 -1
    outer loop
      vertex 15.2 12.7 0
      vertex -24.6572 28.208 0
      vertex -24.3375 28.7117 0
    endloop
  endfacet
  facet normal 0 0 -1
    outer loop
      vertex -25.9548 -26.9894 0
      vertex 15.2 -12.7 0
      vertex -25.4722 -27.3401 0
    endloop
  endfacet
  facet normal 0 0 -1
    outer loop
      vertex 15.2 12.7 0
      vertex -25.0374 27.7484 0
      vertex -24.6572 28.208 0
    endloop
  endfacet
  facet normal 0 0 -1
    outer loop
      vertex -26.4775 -26.7021 0
      vertex 15.2 -12.7 0
      vertex -25.9548 -26.9894 0
    endloop
  endfacet
  facet normal 0 0 -1
    outer loop
      vertex 15.2 12.7 0
      vertex -25.4722 27.3401 0
      vertex -25.0374 27.7484 0
    endloop
  endfacet
  facet normal -0 0 -1
    outer loop
      vertex 15.2 -12.7 0
      vertex -26.4775 -26.7021 0
      vertex 15.2 12.7 0
    endloop
  endfacet
  facet normal 0 0 -1
    outer loop
      vertex 15.2 12.7 0
      vertex -25.9548 26.9894 0
      vertex -25.4722 27.3401 0
    endloop
  endfacet
  facet normal 0 0 -1
    outer loop
      vertex -26.4775 26.7021 0
      vertex 15.2 12.7 0
      vertex -26.4775 -26.7021 0
    endloop
  endfacet
  facet normal 0 0 -1
    outer loop
      vertex 15.2 12.7 0
      vertex -26.4775 26.7021 0
      vertex -25.9548 26.9894 0
    endloop
  endfacet
  facet normal 0 0 -1
    outer loop
      vertex -27.0322 -26.4825 0
      vertex -26.4775 26.7021 0
      vertex -26.4775 -26.7021 0
    endloop
  endfacet
  facet normal 0 0 -1
    outer loop
      vertex -27.0322 -26.4825 0
      vertex -27.0322 26.4825 0
      vertex -26.4775 26.7021 0
    endloop
  endfacet
  facet normal 0 0 -1
    outer loop
      vertex -27.6099 -26.3341 0
      vertex -27.0322 26.4825 0
      vertex -27.0322 -26.4825 0
    endloop
  endfacet
  facet normal 0 0 -1
    outer loop
      vertex -27.6099 -26.3341 0
      vertex -27.6099 26.3341 0
      vertex -27.0322 26.4825 0
    endloop
  endfacet
  facet normal 0 0 -1
    outer loop
      vertex -28.2017 -26.2594 0
      vertex -27.6099 26.3341 0
      vertex -27.6099 -26.3341 0
    endloop
  endfacet
  facet normal 0 0 -1
    outer loop
      vertex -28.2017 -26.2594 0
      vertex -28.2017 26.2594 0
      vertex -27.6099 26.3341 0
    endloop
  endfacet
  facet normal 0 0 -1
    outer loop
      vertex -28.7983 -26.2594 0
      vertex -28.2017 26.2594 0
      vertex -28.2017 -26.2594 0
    endloop
  endfacet
  facet normal 0 0 -1
    outer loop
      vertex -28.7983 -26.2594 0
      vertex -28.7983 26.2594 0
      vertex -28.2017 26.2594 0
    endloop
  endfacet
  facet normal 0 0 -1
    outer loop
      vertex -29.3901 -26.3341 0
      vertex -28.7983 26.2594 0
      vertex -28.7983 -26.2594 0
    endloop
  endfacet
  facet normal 0 0 -1
    outer loop
      vertex -29.3901 -26.3341 0
      vertex -29.3901 26.3341 0
      vertex -28.7983 26.2594 0
    endloop
  endfacet
  facet normal 0 0 -1
    outer loop
      vertex -29.9678 -26.4825 0
      vertex -29.3901 26.3341 0
      vertex -29.3901 -26.3341 0
    endloop
  endfacet
  facet normal 0 0 -1
    outer loop
      vertex -29.9678 -26.4825 0
      vertex -29.9678 26.4825 0
      vertex -29.3901 26.3341 0
    endloop
  endfacet
  facet normal 0 0 -1
    outer loop
      vertex -30.5225 -26.7021 0
      vertex -29.9678 26.4825 0
      vertex -29.9678 -26.4825 0
    endloop
  endfacet
  facet normal 0 0 -1
    outer loop
      vertex -30.5225 -26.7021 0
      vertex -30.5225 26.7021 0
      vertex -29.9678 26.4825 0
    endloop
  endfacet
  facet normal 0 0 -1
    outer loop
      vertex -31.0452 -26.9894 0
      vertex -30.5225 26.7021 0
      vertex -30.5225 -26.7021 0
    endloop
  endfacet
  facet normal 0 0 -1
    outer loop
      vertex -31.0452 -26.9894 0
      vertex -31.0452 26.9894 0
      vertex -30.5225 26.7021 0
    endloop
  endfacet
  facet normal 0 0 -1
    outer loop
      vertex -31.5278 -27.3401 0
      vertex -31.0452 26.9894 0
      vertex -31.0452 -26.9894 0
    endloop
  endfacet
  facet normal 0 0 -1
    outer loop
      vertex -31.5278 -27.3401 0
      vertex -31.5278 27.3401 0
      vertex -31.0452 26.9894 0
    endloop
  endfacet
  facet normal 0 0 -1
    outer loop
      vertex -31.9626 -27.7484 0
      vertex -31.5278 27.3401 0
      vertex -31.5278 -27.3401 0
    endloop
  endfacet
  facet normal 0 0 -1
    outer loop
      vertex -31.9626 -27.7484 0
      vertex -31.9626 27.7484 0
      vertex -31.5278 27.3401 0
    endloop
  endfacet
  facet normal 0 0 -1
    outer loop
      vertex -32.3428 -28.208 0
      vertex -31.9626 27.7484 0
      vertex -31.9626 -27.7484 0
    endloop
  endfacet
  facet normal 0 0 -1
    outer loop
      vertex -32.3428 -28.208 0
      vertex -32.3428 28.208 0
      vertex -31.9626 27.7484 0
    endloop
  endfacet
  facet normal 0 0 -1
    outer loop
      vertex -32.6625 -28.7117 0
      vertex -32.3428 28.208 0
      vertex -32.3428 -28.208 0
    endloop
  endfacet
  facet normal 0 0 -1
    outer loop
      vertex -32.6625 -28.7117 0
      vertex -32.6625 28.7117 0
      vertex -32.3428 28.208 0
    endloop
  endfacet
  facet normal 0 0 -1
    outer loop
      vertex -37 -35 0
      vertex -32.6625 -28.7117 0
      vertex -32.9164 -29.2514 0
    endloop
  endfacet
  facet normal -0 0 -1
    outer loop
      vertex -32.6625 -28.7117 0
      vertex -37 -35 0
      vertex -32.6625 28.7117 0
    endloop
  endfacet
  facet normal 0 0 -1
    outer loop
      vertex -37 -35 0
      vertex -32.9164 -29.2514 0
      vertex -33.1008 -29.8187 0
    endloop
  endfacet
  facet normal 0 0 -1
    outer loop
      vertex -37 35 0
      vertex -32.6625 28.7117 0
      vertex -37 -35 0
    endloop
  endfacet
  facet normal 0 0 -1
    outer loop
      vertex -37 -35 0
      vertex -33.1008 -29.8187 0
      vertex -33.2125 -30.4047 0
    endloop
  endfacet
  facet normal 0 0 -1
    outer loop
      vertex -32.6625 28.7117 0
      vertex -37 35 0
      vertex -32.9164 29.2514 0
    endloop
  endfacet
  facet normal 0 0 -1
    outer loop
      vertex -37 -35 0
      vertex -33.2125 -30.4047 0
      vertex -33.25 -31 0
    endloop
  endfacet
  facet normal 0 0 -1
    outer loop
      vertex -32.9164 29.2514 0
      vertex -37 35 0
      vertex -33.1008 29.8187 0
    endloop
  endfacet
  facet normal 0 0 -1
    outer loop
      vertex 32.9164 -29.2514 0
      vertex 37 -35 0
      vertex 33.1008 -29.8187 0
    endloop
  endfacet
  facet normal 0 0 -1
    outer loop
      vertex 37 35 0
      vertex 33.2125 30.4047 0
      vertex 33.25 31 0
    endloop
  endfacet
  facet normal 0 0 -1
    outer loop
      vertex 32.6625 -28.7117 0
      vertex 37 -35 0
      vertex 32.9164 -29.2514 0
    endloop
  endfacet
  facet normal 0 0 -1
    outer loop
      vertex 37 35 0
      vertex 33.1008 29.8187 0
      vertex 33.2125 30.4047 0
    endloop
  endfacet
  facet normal 0 0 -1
    outer loop
      vertex 37 -35 0
      vertex 32.6625 -28.7117 0
      vertex 37 35 0
    endloop
  endfacet
  facet normal 0 0 -1
    outer loop
      vertex 37 35 0
      vertex 32.9164 29.2514 0
      vertex 33.1008 29.8187 0
    endloop
  endfacet
  facet normal 0 0 -1
    outer loop
      vertex 32.6625 28.7117 0
      vertex 37 35 0
      vertex 32.6625 -28.7117 0
    endloop
  endfacet
  facet normal 0 0 -1
    outer loop
      vertex 37 35 0
      vertex 32.6625 28.7117 0
      vertex 32.9164 29.2514 0
    endloop
  endfacet
  facet normal 0 0 -1
    outer loop
      vertex 32.3428 -28.208 0
      vertex 32.6625 28.7117 0
      vertex 32.6625 -28.7117 0
    endloop
  endfacet
  facet normal 0 0 -1
    outer loop
      vertex 32.3428 -28.208 0
      vertex 32.3428 28.208 0
      vertex 32.6625 28.7117 0
    endloop
  endfacet
  facet normal 0 0 -1
    outer loop
      vertex 31.9626 -27.7484 0
      vertex 32.3428 28.208 0
      vertex 32.3428 -28.208 0
    endloop
  endfacet
  facet normal 0 0 -1
    outer loop
      vertex 31.9626 -27.7484 0
      vertex 31.9626 27.7484 0
      vertex 32.3428 28.208 0
    endloop
  endfacet
  facet normal 0 0 -1
    outer loop
      vertex 31.5278 -27.3401 0
      vertex 31.9626 27.7484 0
      vertex 31.9626 -27.7484 0
    endloop
  endfacet
  facet normal 0 0 -1
    outer loop
      vertex 31.5278 -27.3401 0
      vertex 31.5278 27.3401 0
      vertex 31.9626 27.7484 0
    endloop
  endfacet
  facet normal 0 0 -1
    outer loop
      vertex 21.8 -12.7 0
      vertex 31.5278 -27.3401 0
      vertex 31.0452 -26.9894 0
    endloop
  endfacet
  facet normal 0 0 -1
    outer loop
      vertex 31.5278 -27.3401 0
      vertex 21.8 -12.7 0
      vertex 31.5278 27.3401 0
    endloop
  endfacet
  facet normal 0 0 -1
    outer loop
      vertex 21.8 -12.7 0
      vertex 31.0452 -26.9894 0
      vertex 30.5225 -26.7021 0
    endloop
  endfacet
  facet normal 0 0 -1
    outer loop
      vertex 21.8 12.7 0
      vertex 31.5278 27.3401 0
      vertex 21.8 -12.7 0
    endloop
  endfacet
  facet normal 0 0 -1
    outer loop
      vertex 21.8 -12.7 0
      vertex 30.5225 -26.7021 0
      vertex 29.9678 -26.4825 0
    endloop
  endfacet
  facet normal 0 0 -1
    outer loop
      vertex 31.5278 27.3401 0
      vertex 21.8 12.7 0
      vertex 31.0452 26.9894 0
    endloop
  endfacet
  facet normal 0 0 -1
    outer loop
      vertex 21.8 -12.7 0
      vertex 29.9678 -26.4825 0
      vertex 29.3901 -26.3341 0
    endloop
  endfacet
  facet normal 0 0 -1
    outer loop
      vertex 31.0452 26.9894 0
      vertex 21.8 12.7 0
      vertex 30.5225 26.7021 0
    endloop
  endfacet
  facet normal 0 0 -1
    outer loop
      vertex 21.8 -12.7 0
      vertex 29.3901 -26.3341 0
      vertex 28.7983 -26.2594 0
    endloop
  endfacet
  facet normal 0 0 -1
    outer loop
      vertex 30.5225 26.7021 0
      vertex 21.8 12.7 0
      vertex 29.9678 26.4825 0
    endloop
  endfacet
  facet normal 0 0 -1
    outer loop
      vertex 21.8 -12.7 0
      vertex 28.7983 -26.2594 0
      vertex 28.2017 -26.2594 0
    endloop
  endfacet
  facet normal 0 0 -1
    outer loop
      vertex 29.9678 26.4825 0
      vertex 21.8 12.7 0
      vertex 29.3901 26.3341 0
    endloop
  endfacet
  facet normal 0 0 -1
    outer loop
      vertex 21.8 -12.7 0
      vertex 28.2017 -26.2594 0
      vertex 27.6099 -26.3341 0
    endloop
  endfacet
  facet normal 0 0 -1
    outer loop
      vertex 29.3901 26.3341 0
      vertex 21.8 12.7 0
      vertex 28.7983 26.2594 0
    endloop
  endfacet
  facet normal 0 0 -1
    outer loop
      vertex 21.8 -12.7 0
      vertex 27.6099 -26.3341 0
      vertex 27.0322 -26.4825 0
    endloop
  endfacet
  facet normal -0 0 -1
    outer loop
      vertex 28.7983 26.2594 0
      vertex 21.8 12.7 0
      vertex 28.2017 26.2594 0
    endloop
  endfacet
  facet normal 0 0 -1
    outer loop
      vertex 21.8 -12.7 0
      vertex 27.0322 -26.4825 0
      vertex 26.4775 -26.7021 0
    endloop
  endfacet
  facet normal -0 0 -1
    outer loop
      vertex 28.2017 26.2594 0
      vertex 21.8 12.7 0
      vertex 27.6099 26.3341 0
    endloop
  endfacet
  facet normal 0 0 -1
    outer loop
      vertex 21.8 -12.7 0
      vertex 26.4775 -26.7021 0
      vertex 25.9548 -26.9894 0
    endloop
  endfacet
  facet normal -0 0 -1
    outer loop
      vertex 27.6099 26.3341 0
      vertex 21.8 12.7 0
      vertex 27.0322 26.4825 0
    endloop
  endfacet
  facet normal 0 0 -1
    outer loop
      vertex 21.8 -12.7 0
      vertex 25.9548 -26.9894 0
      vertex 25.4722 -27.3401 0
    endloop
  endfacet
  facet normal -0 0 -1
    outer loop
      vertex 27.0322 26.4825 0
      vertex 21.8 12.7 0
      vertex 26.4775 26.7021 0
    endloop
  endfacet
  facet normal 0 0 -1
    outer loop
      vertex 19.2 -12.7 0
      vertex 25.4722 -27.3401 0
      vertex 25.0374 -27.7484 0
    endloop
  endfacet
  facet normal -0 0 -1
    outer loop
      vertex 26.4775 26.7021 0
      vertex 21.8 12.7 0
      vertex 25.9548 26.9894 0
    endloop
  endfacet
  facet normal 0 0 -1
    outer loop
      vertex 17.8 -12.7 0
      vertex 25.0374 -27.7484 0
      vertex 24.6572 -28.208 0
    endloop
  endfacet
  facet normal -0 0 -1
    outer loop
      vertex 25.9548 26.9894 0
      vertex 21.8 12.7 0
      vertex 25.4722 27.3401 0
    endloop
  endfacet
  facet normal 0 0 -1
    outer loop
      vertex 15.2 -12.7 0
      vertex 24.6572 -28.208 0
      vertex 24.3375 -28.7117 0
    endloop
  endfacet
  facet normal 0 0 -1
    outer loop
      vertex 19.2 12.7 0
      vertex 25.4722 27.3401 0
      vertex 21.8 12.7 0
    endloop
  endfacet
  facet normal 0 0 -1
    outer loop
      vertex 15.2 -12.7 0
      vertex 24.3375 -28.7117 0
      vertex 24.0836 -29.2514 0
    endloop
  endfacet
  facet normal -0 0 -1
    outer loop
      vertex 25.4722 27.3401 0
      vertex 19.2 12.7 0
      vertex 25.0374 27.7484 0
    endloop
  endfacet
  facet normal 0 0 -1
    outer loop
      vertex 15.2 -12.7 0
      vertex 24.0836 -29.2514 0
      vertex 23.8992 -29.8187 0
    endloop
  endfacet
  facet normal 0 0 -1
    outer loop
      vertex 17.8 12.7 0
      vertex 25.0374 27.7484 0
      vertex 19.2 12.7 0
    endloop
  endfacet
  facet normal 0 0 -1
    outer loop
      vertex 15.2 -12.7 0
      vertex 23.8992 -29.8187 0
      vertex 23.7875 -30.4047 0
    endloop
  endfacet
  facet normal -0 0 -1
    outer loop
      vertex 25.0374 27.7484 0
      vertex 17.8 12.7 0
      vertex 24.6572 28.208 0
    endloop
  endfacet
  facet normal 0 0 -1
    outer loop
      vertex 15.2 -12.7 0
      vertex 23.7875 -30.4047 0
      vertex 23.75 -31 0
    endloop
  endfacet
  facet normal 0 0 -1
    outer loop
      vertex 15.2 12.7 0
      vertex 24.6572 28.208 0
      vertex 17.8 12.7 0
    endloop
  endfacet
  facet normal 0 0 -1
    outer loop
      vertex 33.2125 -30.4047 0
      vertex 37 -35 0
      vertex 33.25 -31 0
    endloop
  endfacet
  facet normal 0 0 -1
    outer loop
      vertex 37 -35 0
      vertex 33.2125 -31.5953 0
      vertex 33.25 -31 0
    endloop
  endfacet
  facet normal 0 0 -1
    outer loop
      vertex 37 -35 0
      vertex 33.1008 -32.1813 0
      vertex 33.2125 -31.5953 0
    endloop
  endfacet
  facet normal 0 0 -1
    outer loop
      vertex 37 -35 0
      vertex 32.9164 -32.7486 0
      vertex 33.1008 -32.1813 0
    endloop
  endfacet
  facet normal 0 0 -1
    outer loop
      vertex 37 -35 0
      vertex 32.6625 -33.2883 0
      vertex 32.9164 -32.7486 0
    endloop
  endfacet
  facet normal 0 0 -1
    outer loop
      vertex 37 -35 0
      vertex 32.3428 -33.792 0
      vertex 32.6625 -33.2883 0
    endloop
  endfacet
  facet normal 0 0 -1
    outer loop
      vertex 37 -35 0
      vertex 31.9626 -34.2516 0
      vertex 32.3428 -33.792 0
    endloop
  endfacet
  facet normal 0 0 -1
    outer loop
      vertex 37 -35 0
      vertex 31.5278 -34.6599 0
      vertex 31.9626 -34.2516 0
    endloop
  endfacet
  facet normal -0 0 -1
    outer loop
      vertex 37 -35 0
      vertex 31.0452 -35.0106 0
      vertex 31.5278 -34.6599 0
    endloop
  endfacet
  facet normal 0 0 -1
    outer loop
      vertex 37 -35 0
      vertex 30.5225 -35.2979 0
      vertex 31.0452 -35.0106 0
    endloop
  endfacet
  facet normal 0 0 -1
    outer loop
      vertex 28 -44 0
      vertex 30.5225 -35.2979 0
      vertex 37 -35 0
    endloop
  endfacet
  facet normal 0 0 -1
    outer loop
      vertex 30.5225 -35.2979 0
      vertex 28 -44 0
      vertex 29.9678 -35.5175 0
    endloop
  endfacet
  facet normal 0 0 -1
    outer loop
      vertex 29.9678 -35.5175 0
      vertex 28 -44 0
      vertex 29.3901 -35.6659 0
    endloop
  endfacet
  facet normal 0 0 -1
    outer loop
      vertex 29.3901 -35.6659 0
      vertex 28 -44 0
      vertex 28.7983 -35.7406 0
    endloop
  endfacet
  facet normal 0 0 -1
    outer loop
      vertex 28 -44 0
      vertex 28.2017 -35.7406 0
      vertex 28.7983 -35.7406 0
    endloop
  endfacet
  facet normal 0 0 -1
    outer loop
      vertex 28 -44 0
      vertex 27.6099 -35.6659 0
      vertex 28.2017 -35.7406 0
    endloop
  endfacet
  facet normal 0 0 -1
    outer loop
      vertex 28 -44 0
      vertex 27.0322 -35.5175 0
      vertex 27.6099 -35.6659 0
    endloop
  endfacet
  facet normal 0 0 -1
    outer loop
      vertex 28 -44 0
      vertex 26.4775 -35.2979 0
      vertex 27.0322 -35.5175 0
    endloop
  endfacet
  facet normal 0 0 -1
    outer loop
      vertex 28 -44 0
      vertex 25.9548 -35.0106 0
      vertex 26.4775 -35.2979 0
    endloop
  endfacet
  facet normal 0 0 -1
    outer loop
      vertex 28 -44 0
      vertex 25.4722 -34.6599 0
      vertex 25.9548 -35.0106 0
    endloop
  endfacet
  facet normal 0 0 -1
    outer loop
      vertex 28 -44 0
      vertex 25.0374 -34.2516 0
      vertex 25.4722 -34.6599 0
    endloop
  endfacet
  facet normal 0 0 -1
    outer loop
      vertex 28 -44 0
      vertex 24.6572 -33.792 0
      vertex 25.0374 -34.2516 0
    endloop
  endfacet
  facet normal 0 0 -1
    outer loop
      vertex 28 -44 0
      vertex 24.3375 -33.2883 0
      vertex 24.6572 -33.792 0
    endloop
  endfacet
  facet normal 0 0 -1
    outer loop
      vertex -24.3375 -33.2883 0
      vertex 24.3375 -33.2883 0
      vertex 28 -44 0
    endloop
  endfacet
  facet normal -0 0 -1
    outer loop
      vertex 24.6572 28.208 0
      vertex 15.2 12.7 0
      vertex 24.3375 28.7117 0
    endloop
  endfacet
  facet normal 0 0 -1
    outer loop
      vertex -23.75 -31 0
      vertex 23.75 -31 0
      vertex 23.7875 -31.5953 0
    endloop
  endfacet
  facet normal 0 0 -1
    outer loop
      vertex 25.4722 -27.3401 0
      vertex 19.2 -12.7 0
      vertex 21.8 -12.7 0
    endloop
  endfacet
  facet normal 0 0 -1
    outer loop
      vertex -23.7875 -31.5953 0
      vertex 23.7875 -31.5953 0
      vertex 23.8992 -32.1813 0
    endloop
  endfacet
  facet normal 0 0 -1
    outer loop
      vertex 19.2 -12.7 0
      vertex 17.8 -12.7 0
      vertex 19.2 12.7 0
    endloop
  endfacet
  facet normal 0 0 -1
    outer loop
      vertex 25.0374 -27.7484 0
      vertex 17.8 -12.7 0
      vertex 19.2 -12.7 0
    endloop
  endfacet
  facet normal 0 0 -1
    outer loop
      vertex 24.6572 -28.208 0
      vertex 15.2 -12.7 0
      vertex 17.8 -12.7 0
    endloop
  endfacet
  facet normal 0 0 -1
    outer loop
      vertex -23.8992 -32.1813 0
      vertex 23.8992 -32.1813 0
      vertex 24.0836 -32.7486 0
    endloop
  endfacet
  facet normal 0 0 -1
    outer loop
      vertex 24.3375 -33.2883 0
      vertex -24.3375 -33.2883 0
      vertex 24.0836 -32.7486 0
    endloop
  endfacet
  facet normal 0 0 -1
    outer loop
      vertex -23.7875 -30.4047 0
      vertex 15.2 -12.7 0
      vertex -23.75 -31 0
    endloop
  endfacet
  facet normal 0 0 -1
    outer loop
      vertex 23.7875 -31.5953 0
      vertex -23.7875 -31.5953 0
      vertex -23.75 -31 0
    endloop
  endfacet
  facet normal 0 0 -1
    outer loop
      vertex 23.75 -31 0
      vertex -23.75 -31 0
      vertex 15.2 -12.7 0
    endloop
  endfacet
  facet normal 0 0 -1
    outer loop
      vertex 23.8992 -32.1813 0
      vertex -23.8992 -32.1813 0
      vertex -23.7875 -31.5953 0
    endloop
  endfacet
  facet normal 0 0 -1
    outer loop
      vertex 24.0836 -32.7486 0
      vertex -24.0836 -32.7486 0
      vertex -23.8992 -32.1813 0
    endloop
  endfacet
  facet normal -0 0 -1
    outer loop
      vertex 24.0836 -32.7486 0
      vertex -24.3375 -33.2883 0
      vertex -24.0836 -32.7486 0
    endloop
  endfacet
  facet normal 0 0 -1
    outer loop
      vertex -28 -44 0
      vertex -24.3375 -33.2883 0
      vertex 28 -44 0
    endloop
  endfacet
  facet normal 0 0 -1
    outer loop
      vertex -24.3375 -33.2883 0
      vertex -28 -44 0
      vertex -24.6572 -33.792 0
    endloop
  endfacet
  facet normal 0 0 -1
    outer loop
      vertex -24.6572 -33.792 0
      vertex -28 -44 0
      vertex -25.0374 -34.2516 0
    endloop
  endfacet
  facet normal 0 0 -1
    outer loop
      vertex -25.0374 -34.2516 0
      vertex -28 -44 0
      vertex -25.4722 -34.6599 0
    endloop
  endfacet
  facet normal 0 0 -1
    outer loop
      vertex -25.4722 -34.6599 0
      vertex -28 -44 0
      vertex -25.9548 -35.0106 0
    endloop
  endfacet
  facet normal 0 0 -1
    outer loop
      vertex -25.9548 -35.0106 0
      vertex -28 -44 0
      vertex -26.4775 -35.2979 0
    endloop
  endfacet
  facet normal 0 0 -1
    outer loop
      vertex -26.4775 -35.2979 0
      vertex -28 -44 0
      vertex -27.0322 -35.5175 0
    endloop
  endfacet
  facet normal 0 0 -1
    outer loop
      vertex -27.0322 -35.5175 0
      vertex -28 -44 0
      vertex -27.6099 -35.6659 0
    endloop
  endfacet
  facet normal 0 0 -1
    outer loop
      vertex -28 -44 0
      vertex -28.2017 -35.7406 0
      vertex -27.6099 -35.6659 0
    endloop
  endfacet
  facet normal 0 0 -1
    outer loop
      vertex -28 -44 0
      vertex -28.7983 -35.7406 0
      vertex -28.2017 -35.7406 0
    endloop
  endfacet
  facet normal 0 0 -1
    outer loop
      vertex -28 -44 0
      vertex -29.3901 -35.6659 0
      vertex -28.7983 -35.7406 0
    endloop
  endfacet
  facet normal 0 0 -1
    outer loop
      vertex -28 -44 0
      vertex -29.9678 -35.5175 0
      vertex -29.3901 -35.6659 0
    endloop
  endfacet
  facet normal 0 0 -1
    outer loop
      vertex -28 -44 0
      vertex -30.5225 -35.2979 0
      vertex -29.9678 -35.5175 0
    endloop
  endfacet
  facet normal 0 0 -1
    outer loop
      vertex -28 -44 0
      vertex -31.0452 -35.0106 0
      vertex -30.5225 -35.2979 0
    endloop
  endfacet
  facet normal 0 0 -1
    outer loop
      vertex -37 -35 0
      vertex -31.0452 -35.0106 0
      vertex -28 -44 0
    endloop
  endfacet
  facet normal 0 0 -1
    outer loop
      vertex -31.0452 -35.0106 0
      vertex -37 -35 0
      vertex -31.5278 -34.6599 0
    endloop
  endfacet
  facet normal -0 0 -1
    outer loop
      vertex -31.5278 -34.6599 0
      vertex -37 -35 0
      vertex -31.9626 -34.2516 0
    endloop
  endfacet
  facet normal -0 0 -1
    outer loop
      vertex -31.9626 -34.2516 0
      vertex -37 -35 0
      vertex -32.3428 -33.792 0
    endloop
  endfacet
  facet normal -0 0 -1
    outer loop
      vertex -32.3428 -33.792 0
      vertex -37 -35 0
      vertex -32.6625 -33.2883 0
    endloop
  endfacet
  facet normal 0 0 -1
    outer loop
      vertex -33.1008 29.8187 0
      vertex -37 35 0
      vertex -33.2125 30.4047 0
    endloop
  endfacet
  facet normal -0 0 -1
    outer loop
      vertex -33.2125 -31.5953 0
      vertex -37 -35 0
      vertex -33.25 -31 0
    endloop
  endfacet
  facet normal -0 0 -1
    outer loop
      vertex -33.1008 -32.1813 0
      vertex -37 -35 0
      vertex -33.2125 -31.5953 0
    endloop
  endfacet
  facet normal -0 0 -1
    outer loop
      vertex -32.9164 -32.7486 0
      vertex -37 -35 0
      vertex -33.1008 -32.1813 0
    endloop
  endfacet
  facet normal -0 0 -1
    outer loop
      vertex -32.6625 -33.2883 0
      vertex -37 -35 0
      vertex -32.9164 -32.7486 0
    endloop
  endfacet
  facet normal 0 0 -1
    outer loop
      vertex 33.1008 -29.8187 0
      vertex 37 -35 0
      vertex 33.2125 -30.4047 0
    endloop
  endfacet
  facet normal 0 0 -1
    outer loop
      vertex 33.2125 31.5953 0
      vertex 37 35 0
      vertex 33.25 31 0
    endloop
  endfacet
  facet normal 0 0 -1
    outer loop
      vertex 33.1008 32.1813 0
      vertex 37 35 0
      vertex 33.2125 31.5953 0
    endloop
  endfacet
  facet normal 0 0 -1
    outer loop
      vertex 32.9164 32.7486 0
      vertex 37 35 0
      vertex 33.1008 32.1813 0
    endloop
  endfacet
  facet normal 0 0 -1
    outer loop
      vertex 32.6625 33.2883 0
      vertex 37 35 0
      vertex 32.9164 32.7486 0
    endloop
  endfacet
  facet normal 0 0 -1
    outer loop
      vertex 32.3428 33.792 0
      vertex 37 35 0
      vertex 32.6625 33.2883 0
    endloop
  endfacet
  facet normal 0 0 -1
    outer loop
      vertex 31.9626 34.2516 0
      vertex 37 35 0
      vertex 32.3428 33.792 0
    endloop
  endfacet
  facet normal 0 0 -1
    outer loop
      vertex 31.5278 34.6599 0
      vertex 37 35 0
      vertex 31.9626 34.2516 0
    endloop
  endfacet
  facet normal 0 0 -1
    outer loop
      vertex 31.0452 35.0106 0
      vertex 37 35 0
      vertex 31.5278 34.6599 0
    endloop
  endfacet
  facet normal 0 0 -1
    outer loop
      vertex 30.5225 35.2979 0
      vertex 37 35 0
      vertex 31.0452 35.0106 0
    endloop
  endfacet
  facet normal 0 0 -1
    outer loop
      vertex 28 44 0
      vertex 30.5225 35.2979 0
      vertex 29.9678 35.5175 0
    endloop
  endfacet
  facet normal 0 0 -1
    outer loop
      vertex 28 44 0
      vertex 29.9678 35.5175 0
      vertex 29.3901 35.6659 0
    endloop
  endfacet
  facet normal 0 0 -1
    outer loop
      vertex 28 44 0
      vertex 29.3901 35.6659 0
      vertex 28.7983 35.7406 0
    endloop
  endfacet
  facet normal 0 0 -1
    outer loop
      vertex 30.5225 35.2979 0
      vertex 28 44 0
      vertex 37 35 0
    endloop
  endfacet
  facet normal 0 0 -1
    outer loop
      vertex 28.2017 35.7406 0
      vertex 28 44 0
      vertex 28.7983 35.7406 0
    endloop
  endfacet
  facet normal 0 0 -1
    outer loop
      vertex 27.6099 35.6659 0
      vertex 28 44 0
      vertex 28.2017 35.7406 0
    endloop
  endfacet
  facet normal 0 0 -1
    outer loop
      vertex 27.0322 35.5175 0
      vertex 28 44 0
      vertex 27.6099 35.6659 0
    endloop
  endfacet
  facet normal 0 0 -1
    outer loop
      vertex 26.4775 35.2979 0
      vertex 28 44 0
      vertex 27.0322 35.5175 0
    endloop
  endfacet
  facet normal 0 0 -1
    outer loop
      vertex 25.9548 35.0106 0
      vertex 28 44 0
      vertex 26.4775 35.2979 0
    endloop
  endfacet
  facet normal 0 0 -1
    outer loop
      vertex 25.4722 34.6599 0
      vertex 28 44 0
      vertex 25.9548 35.0106 0
    endloop
  endfacet
  facet normal 0 0 -1
    outer loop
      vertex 25.0374 34.2516 0
      vertex 28 44 0
      vertex 25.4722 34.6599 0
    endloop
  endfacet
  facet normal 0 0 -1
    outer loop
      vertex 24.6572 33.792 0
      vertex 28 44 0
      vertex 25.0374 34.2516 0
    endloop
  endfacet
  facet normal 0 0 -1
    outer loop
      vertex 24.3375 33.2883 0
      vertex 28 44 0
      vertex 24.6572 33.792 0
    endloop
  endfacet
  facet normal 0 0 -1
    outer loop
      vertex -24.3375 33.2883 0
      vertex 24.3375 33.2883 0
      vertex 24.0836 32.7486 0
    endloop
  endfacet
  facet normal -0 0 -1
    outer loop
      vertex 24.3375 28.7117 0
      vertex 15.2 12.7 0
      vertex 24.0836 29.2514 0
    endloop
  endfacet
  facet normal -0 0 -1
    outer loop
      vertex 24.0836 29.2514 0
      vertex 15.2 12.7 0
      vertex 23.8992 29.8187 0
    endloop
  endfacet
  facet normal -0 0 -1
    outer loop
      vertex 23.8992 29.8187 0
      vertex 15.2 12.7 0
      vertex 23.7875 30.4047 0
    endloop
  endfacet
  facet normal -0 0 -1
    outer loop
      vertex 23.7875 30.4047 0
      vertex 15.2 12.7 0
      vertex 23.75 31 0
    endloop
  endfacet
  facet normal 0 0 -1
    outer loop
      vertex 17.8 12.7 0
      vertex 19.2 12.7 0
      vertex 17.8 -12.7 0
    endloop
  endfacet
  facet normal 0 0 -1
    outer loop
      vertex -23.75 31 0
      vertex 23.75 31 0
      vertex 15.2 12.7 0
    endloop
  endfacet
  facet normal 0 0 -1
    outer loop
      vertex 23.75 31 0
      vertex -23.75 31 0
      vertex 23.7875 31.5953 0
    endloop
  endfacet
  facet normal 0 0 -1
    outer loop
      vertex -23.7875 31.5953 0
      vertex 23.7875 31.5953 0
      vertex -23.75 31 0
    endloop
  endfacet
  facet normal 0 0 -1
    outer loop
      vertex 23.7875 31.5953 0
      vertex -23.7875 31.5953 0
      vertex 23.8992 32.1813 0
    endloop
  endfacet
  facet normal 0 0 -1
    outer loop
      vertex -23.8992 -29.8187 0
      vertex 15.2 -12.7 0
      vertex -23.7875 -30.4047 0
    endloop
  endfacet
  facet normal 0 0 -1
    outer loop
      vertex -23.8992 32.1813 0
      vertex 23.8992 32.1813 0
      vertex -23.7875 31.5953 0
    endloop
  endfacet
  facet normal 0 0 -1
    outer loop
      vertex 23.8992 32.1813 0
      vertex -23.8992 32.1813 0
      vertex 24.0836 32.7486 0
    endloop
  endfacet
  facet normal 0 0 -1
    outer loop
      vertex -24.0836 32.7486 0
      vertex 24.0836 32.7486 0
      vertex -23.8992 32.1813 0
    endloop
  endfacet
  facet normal 0 0 -1
    outer loop
      vertex -24.3375 33.2883 0
      vertex 24.0836 32.7486 0
      vertex -24.0836 32.7486 0
    endloop
  endfacet
  facet normal 0 0 -1
    outer loop
      vertex 24.3375 33.2883 0
      vertex -24.3375 33.2883 0
      vertex 28 44 0
    endloop
  endfacet
  facet normal 0 0 -1
    outer loop
      vertex -28 44 0
      vertex -24.3375 33.2883 0
      vertex -24.6572 33.792 0
    endloop
  endfacet
  facet normal 0 0 -1
    outer loop
      vertex -28 44 0
      vertex -24.6572 33.792 0
      vertex -25.0374 34.2516 0
    endloop
  endfacet
  facet normal 0 0 -1
    outer loop
      vertex -28 44 0
      vertex -25.0374 34.2516 0
      vertex -25.4722 34.6599 0
    endloop
  endfacet
  facet normal 0 0 -1
    outer loop
      vertex -28 44 0
      vertex -25.4722 34.6599 0
      vertex -25.9548 35.0106 0
    endloop
  endfacet
  facet normal 0 0 -1
    outer loop
      vertex -28 44 0
      vertex -25.9548 35.0106 0
      vertex -26.4775 35.2979 0
    endloop
  endfacet
  facet normal 0 0 -1
    outer loop
      vertex -28 44 0
      vertex -26.4775 35.2979 0
      vertex -27.0322 35.5175 0
    endloop
  endfacet
  facet normal 0 0 -1
    outer loop
      vertex -28 44 0
      vertex -27.0322 35.5175 0
      vertex -27.6099 35.6659 0
    endloop
  endfacet
  facet normal 0 0 -1
    outer loop
      vertex -24.3375 33.2883 0
      vertex -28 44 0
      vertex 28 44 0
    endloop
  endfacet
  facet normal 0 0 -1
    outer loop
      vertex -28.2017 35.7406 0
      vertex -28 44 0
      vertex -27.6099 35.6659 0
    endloop
  endfacet
  facet normal 0 0 -1
    outer loop
      vertex -28.7983 35.7406 0
      vertex -28 44 0
      vertex -28.2017 35.7406 0
    endloop
  endfacet
  facet normal 0 0 -1
    outer loop
      vertex -29.3901 35.6659 0
      vertex -28 44 0
      vertex -28.7983 35.7406 0
    endloop
  endfacet
  facet normal 0 0 -1
    outer loop
      vertex -29.9678 35.5175 0
      vertex -28 44 0
      vertex -29.3901 35.6659 0
    endloop
  endfacet
  facet normal 0 0 -1
    outer loop
      vertex -30.5225 35.2979 0
      vertex -28 44 0
      vertex -29.9678 35.5175 0
    endloop
  endfacet
  facet normal 0 0 -1
    outer loop
      vertex -31.0452 35.0106 0
      vertex -28 44 0
      vertex -30.5225 35.2979 0
    endloop
  endfacet
  facet normal 0 0 -1
    outer loop
      vertex -37 35 0
      vertex -31.0452 35.0106 0
      vertex -31.5278 34.6599 0
    endloop
  endfacet
  facet normal 0 0 -1
    outer loop
      vertex -37 35 0
      vertex -31.5278 34.6599 0
      vertex -31.9626 34.2516 0
    endloop
  endfacet
  facet normal 0 0 -1
    outer loop
      vertex -37 35 0
      vertex -31.9626 34.2516 0
      vertex -32.3428 33.792 0
    endloop
  endfacet
  facet normal 0 0 -1
    outer loop
      vertex -37 35 0
      vertex -32.3428 33.792 0
      vertex -32.6625 33.2883 0
    endloop
  endfacet
  facet normal 0 0 -1
    outer loop
      vertex -37 35 0
      vertex -32.6625 33.2883 0
      vertex -32.9164 32.7486 0
    endloop
  endfacet
  facet normal -0 0 -1
    outer loop
      vertex -31.0452 35.0106 0
      vertex -37 35 0
      vertex -28 44 0
    endloop
  endfacet
  facet normal 0 0 -1
    outer loop
      vertex -33.1008 32.1813 0
      vertex -37 35 0
      vertex -32.9164 32.7486 0
    endloop
  endfacet
  facet normal 0 0 -1
    outer loop
      vertex -33.2125 31.5953 0
      vertex -37 35 0
      vertex -33.1008 32.1813 0
    endloop
  endfacet
  facet normal 0 0 -1
    outer loop
      vertex -33.25 31 0
      vertex -37 35 0
      vertex -33.2125 31.5953 0
    endloop
  endfacet
  facet normal 0 0 -1
    outer loop
      vertex -33.2125 30.4047 0
      vertex -37 35 0
      vertex -33.25 31 0
    endloop
  endfacet
  facet normal 0 0 1
    outer loop
      vertex -34.7 -35.9 27
      vertex -35.6 -35 27
      vertex -34.7 -36.8 27
    endloop
  endfacet
  facet normal 0 0 1
    outer loop
      vertex 37 35 27
      vertex 35.6 35 27
      vertex 37 -35 27
    endloop
  endfacet
  facet normal 0 0 1
    outer loop
      vertex 37 35 27
      vertex 34.7 36.8 27
      vertex 35.6 35 27
    endloop
  endfacet
  facet normal 0 0 1
    outer loop
      vertex 28 44 27
      vertex 34.7 36.8 27
      vertex 37 35 27
    endloop
  endfacet
  facet normal -0 0 1
    outer loop
      vertex 28 42.6 27
      vertex 34.7 36.8 27
      vertex 28 44 27
    endloop
  endfacet
  facet normal 0 0 1
    outer loop
      vertex 34.7 36.8 27
      vertex 28 42.6 27
      vertex 33.8 36.8 27
    endloop
  endfacet
  facet normal -0 0 1
    outer loop
      vertex -28 44 27
      vertex 28 42.6 27
      vertex 28 44 27
    endloop
  endfacet
  facet normal 0 0 1
    outer loop
      vertex -28 44 27
      vertex -28 42.6 27
      vertex 28 42.6 27
    endloop
  endfacet
  facet normal 0 0 1
    outer loop
      vertex -34.7 36.8 27
      vertex -28 42.6 27
      vertex -28 44 27
    endloop
  endfacet
  facet normal 0 0 1
    outer loop
      vertex -28 42.6 27
      vertex -34.7 36.8 27
      vertex -33.8 36.8 27
    endloop
  endfacet
  facet normal 0 0 1
    outer loop
      vertex -34.7 36.8 27
      vertex -35.6 35 27
      vertex -34.7 35.9 27
    endloop
  endfacet
  facet normal 0 0 1
    outer loop
      vertex -35.6 35 27
      vertex -37 35 27
      vertex -35.6 -35 27
    endloop
  endfacet
  facet normal 0 0 1
    outer loop
      vertex -34.7 36.8 27
      vertex -37 35 27
      vertex -35.6 35 27
    endloop
  endfacet
  facet normal 0 0 1
    outer loop
      vertex -37 35 27
      vertex -34.7 36.8 27
      vertex -28 44 27
    endloop
  endfacet
  facet normal 0 0 1
    outer loop
      vertex 35.6 -35 27
      vertex 37 -35 27
      vertex 35.6 35 27
    endloop
  endfacet
  facet normal 0 0 1
    outer loop
      vertex 34.7 -36.8 27
      vertex 35.6 -35 27
      vertex 34.7 -35.9 27
    endloop
  endfacet
  facet normal -0 0 1
    outer loop
      vertex 35.6 -35 27
      vertex 34.7 -36.8 27
      vertex 37 -35 27
    endloop
  endfacet
  facet normal 0 0 1
    outer loop
      vertex 28 -42.6 27
      vertex 34.7 -36.8 27
      vertex 33.8 -36.8 27
    endloop
  endfacet
  facet normal 0 0 1
    outer loop
      vertex 28 -44 27
      vertex 34.7 -36.8 27
      vertex 28 -42.6 27
    endloop
  endfacet
  facet normal -0 0 1
    outer loop
      vertex 34.7 -36.8 27
      vertex 28 -44 27
      vertex 37 -35 27
    endloop
  endfacet
  facet normal -0 0 1
    outer loop
      vertex -28 -42.6 27
      vertex 28 -44 27
      vertex 28 -42.6 27
    endloop
  endfacet
  facet normal 0 0 1
    outer loop
      vertex -28 -42.6 27
      vertex -28 -44 27
      vertex 28 -44 27
    endloop
  endfacet
  facet normal -0 0 1
    outer loop
      vertex -34.7 -36.8 27
      vertex -28 -42.6 27
      vertex -33.8 -36.8 27
    endloop
  endfacet
  facet normal 0 0 1
    outer loop
      vertex -28 -42.6 27
      vertex -34.7 -36.8 27
      vertex -28 -44 27
    endloop
  endfacet
  facet normal 0 0 1
    outer loop
      vertex -34.7 -36.8 27
      vertex -37 -35 27
      vertex -28 -44 27
    endloop
  endfacet
  facet normal 0 0 1
    outer loop
      vertex -35.6 -35 27
      vertex -37 -35 27
      vertex -34.7 -36.8 27
    endloop
  endfacet
  facet normal 0 0 1
    outer loop
      vertex -37 -35 27
      vertex -35.6 -35 27
      vertex -37 35 27
    endloop
  endfacet
  facet normal 0 0 1
    outer loop
      vertex 35.6 35 27
      vertex 34.7 36.8 27
      vertex 34.7 35.9 27
    endloop
  endfacet
  facet normal 0.707107 0.707107 0
    outer loop
      vertex 28 44 27
      vertex 30.4 41.6 14.4
      vertex 28 44 0
    endloop
  endfacet
  facet normal 0.707107 0.707107 0
    outer loop
      vertex 28 44 27
      vertex 34.7 37.3 14.4
      vertex 30.4 41.6 14.4
    endloop
  endfacet
  facet normal 0.707107 0.707107 -0
    outer loop
      vertex 37 35 0
      vertex 34.7 37.3 14.4
      vertex 37 35 27
    endloop
  endfacet
  facet normal 0.707107 0.707107 0
    outer loop
      vertex 37 35 27
      vertex 34.7 37.3 14.4
      vertex 28 44 27
    endloop
  endfacet
  facet normal 0.707107 0.707107 -0
    outer loop
      vertex 30.4 41.6 10.4
      vertex 28 44 0
      vertex 30.4 41.6 14.4
    endloop
  endfacet
  facet normal 0.707107 0.707107 0
    outer loop
      vertex 34.7 37.3 10.4
      vertex 28 44 0
      vertex 30.4 41.6 10.4
    endloop
  endfacet
  facet normal 0.707107 0.707107 0
    outer loop
      vertex 34.7 37.3 10.4
      vertex 37 35 0
      vertex 28 44 0
    endloop
  endfacet
  facet normal 0.707107 0.707107 0
    outer loop
      vertex 34.7 37.3 14.4
      vertex 37 35 0
      vertex 34.7 37.3 10.4
    endloop
  endfacet
  facet normal 0 1 0
    outer loop
      vertex 28 44 27
      vertex 16 44 19.5
      vertex -28 44 27
    endloop
  endfacet
  facet normal 0 1 -0
    outer loop
      vertex 28 44 0
      vertex 16 44 19.5
      vertex 28 44 27
    endloop
  endfacet
  facet normal 0 1 0
    outer loop
      vertex 16 44 5.5
      vertex 28 44 0
      vertex -16 44 5.5
    endloop
  endfacet
  facet normal 0 1 0
    outer loop
      vertex 16 44 19.5
      vertex 28 44 0
      vertex 16 44 5.5
    endloop
  endfacet
  facet normal 0 1 -0
    outer loop
      vertex -16 44 19.5
      vertex -28 44 27
      vertex 16 44 19.5
    endloop
  endfacet
  facet normal 0 1 0
    outer loop
      vertex -28 44 0
      vertex -16 44 19.5
      vertex -16 44 5.5
    endloop
  endfacet
  facet normal 0 1 0
    outer loop
      vertex -16 44 19.5
      vertex -28 44 0
      vertex -28 44 27
    endloop
  endfacet
  facet normal 0 1 0
    outer loop
      vertex -28 44 0
      vertex -16 44 5.5
      vertex 28 44 0
    endloop
  endfacet
  facet normal -0.707107 0.707107 0
    outer loop
      vertex -30.4 41.6 14.4
      vertex -28 44 0
      vertex -30.4 41.6 10.4
    endloop
  endfacet
  facet normal -0.707107 0.707107 0
    outer loop
      vertex -28 44 0
      vertex -34.7 37.3 10.4
      vertex -30.4 41.6 10.4
    endloop
  endfacet
  facet normal -0.707107 0.707107 0
    outer loop
      vertex -34.7 37.3 10.4
      vertex -37 35 0
      vertex -34.7 37.3 14.4
    endloop
  endfacet
  facet normal -0.707107 0.707107 0
    outer loop
      vertex -37 35 0
      vertex -34.7 37.3 10.4
      vertex -28 44 0
    endloop
  endfacet
  facet normal -0.707107 0.707107 0
    outer loop
      vertex -28 44 0
      vertex -30.4 41.6 14.4
      vertex -28 44 27
    endloop
  endfacet
  facet normal -0.707107 0.707107 0
    outer loop
      vertex -34.7 37.3 14.4
      vertex -28 44 27
      vertex -30.4 41.6 14.4
    endloop
  endfacet
  facet normal -0.707107 0.707107 0
    outer loop
      vertex -34.7 37.3 14.4
      vertex -37 35 27
      vertex -28 44 27
    endloop
  endfacet
  facet normal -0.707107 0.707107 0
    outer loop
      vertex -37 35 27
      vertex -34.7 37.3 14.4
      vertex -37 35 0
    endloop
  endfacet
  facet normal 0.707107 -0.707107 0
    outer loop
      vertex 37 -35 27
      vertex 34.7 -37.3 14.4
      vertex 37 -35 0
    endloop
  endfacet
  facet normal 0.707107 -0.707107 0
    outer loop
      vertex 37 -35 27
      vertex 30.4 -41.6 14.4
      vertex 34.7 -37.3 14.4
    endloop
  endfacet
  facet normal 0.707107 -0.707107 0
    outer loop
      vertex 28 -44 0
      vertex 30.4 -41.6 14.4
      vertex 28 -44 27
    endloop
  endfacet
  facet normal 0.707107 -0.707107 0
    outer loop
      vertex 28 -44 27
      vertex 30.4 -41.6 14.4
      vertex 37 -35 27
    endloop
  endfacet
  facet normal 0.707107 -0.707107 0
    outer loop
      vertex 34.7 -37.3 10.4
      vertex 37 -35 0
      vertex 34.7 -37.3 14.4
    endloop
  endfacet
  facet normal 0.707107 -0.707107 0
    outer loop
      vertex 30.4 -41.6 10.4
      vertex 37 -35 0
      vertex 34.7 -37.3 10.4
    endloop
  endfacet
  facet normal 0.707107 -0.707107 0
    outer loop
      vertex 30.4 -41.6 10.4
      vertex 28 -44 0
      vertex 37 -35 0
    endloop
  endfacet
  facet normal 0.707107 -0.707107 0
    outer loop
      vertex 30.4 -41.6 14.4
      vertex 28 -44 0
      vertex 30.4 -41.6 10.4
    endloop
  endfacet
  facet normal 1 0 0
    outer loop
      vertex 37 4 18
      vertex 37 35 27
      vertex 37 4 23
    endloop
  endfacet
  facet normal 1 0 0
    outer loop
      vertex 37 35 27
      vertex 37 -4 23
      vertex 37 4 23
    endloop
  endfacet
  facet normal 1 0 0
    outer loop
      vertex 37 -4 23
      vertex 37 -35 27
      vertex 37 -4 18
    endloop
  endfacet
  facet normal 1 -0 0
    outer loop
      vertex 37 -35 27
      vertex 37 -4 23
      vertex 37 35 27
    endloop
  endfacet
  facet normal 1 0 0
    outer loop
      vertex 37 35 27
      vertex 37 4 18
      vertex 37 35 0
    endloop
  endfacet
  facet normal 1 -0 0
    outer loop
      vertex 37 -4 18
      vertex 37 35 0
      vertex 37 4 18
    endloop
  endfacet
  facet normal 1 0 0
    outer loop
      vertex 37 -35 0
      vertex 37 -4 18
      vertex 37 -35 27
    endloop
  endfacet
  facet normal 1 0 0
    outer loop
      vertex 37 -4 18
      vertex 37 -35 0
      vertex 37 35 0
    endloop
  endfacet
  facet normal -1 0 0
    outer loop
      vertex -37 -35 0
      vertex -37 35 27
      vertex -37 35 0
    endloop
  endfacet
  facet normal -1 -0 0
    outer loop
      vertex -37 35 27
      vertex -37 -35 0
      vertex -37 -35 27
    endloop
  endfacet
  facet normal -0.707107 -0.707107 -0
    outer loop
      vertex -34.7 -37.3 14.4
      vertex -37 -35 0
      vertex -34.7 -37.3 10.4
    endloop
  endfacet
  facet normal -0.707107 -0.707107 0
    outer loop
      vertex -37 -35 0
      vertex -30.4 -41.6 10.4
      vertex -34.7 -37.3 10.4
    endloop
  endfacet
  facet normal -0.707107 -0.707107 0
    outer loop
      vertex -30.4 -41.6 10.4
      vertex -28 -44 0
      vertex -30.4 -41.6 14.4
    endloop
  endfacet
  facet normal -0.707107 -0.707107 0
    outer loop
      vertex -28 -44 0
      vertex -30.4 -41.6 10.4
      vertex -37 -35 0
    endloop
  endfacet
  facet normal -0.707107 -0.707107 0
    outer loop
      vertex -37 -35 0
      vertex -34.7 -37.3 14.4
      vertex -37 -35 27
    endloop
  endfacet
  facet normal -0.707107 -0.707107 0
    outer loop
      vertex -30.4 -41.6 14.4
      vertex -37 -35 27
      vertex -34.7 -37.3 14.4
    endloop
  endfacet
  facet normal -0.707107 -0.707107 0
    outer loop
      vertex -30.4 -41.6 14.4
      vertex -28 -44 27
      vertex -37 -35 27
    endloop
  endfacet
  facet normal -0.707107 -0.707107 -0
    outer loop
      vertex -28 -44 27
      vertex -30.4 -41.6 14.4
      vertex -28 -44 0
    endloop
  endfacet
  facet normal 0 -1 0
    outer loop
      vertex -28 -44 27
      vertex -6 -44 13.9
      vertex 28 -44 27
    endloop
  endfacet
  facet normal 0 -1 0
    outer loop
      vertex -28 -44 0
      vertex -6 -44 13.9
      vertex -28 -44 27
    endloop
  endfacet
  facet normal 0 -1 -0
    outer loop
      vertex -6 -44 6.4
      vertex -28 -44 0
      vertex 6 -44 6.4
    endloop
  endfacet
  facet normal 0 -1 -0
    outer loop
      vertex -6 -44 13.9
      vertex -28 -44 0
      vertex -6 -44 6.4
    endloop
  endfacet
  facet normal 0 -1 0
    outer loop
      vertex 6 -44 13.9
      vertex 28 -44 27
      vertex -6 -44 13.9
    endloop
  endfacet
  facet normal 0 -1 0
    outer loop
      vertex 28 -44 0
      vertex 6 -44 13.9
      vertex 6 -44 6.4
    endloop
  endfacet
  facet normal 0 -1 0
    outer loop
      vertex 6 -44 13.9
      vertex 28 -44 0
      vertex 28 -44 27
    endloop
  endfacet
  facet normal 0 -1 0
    outer loop
      vertex 28 -44 0
      vertex 6 -44 6.4
      vertex -28 -44 0
    endloop
  endfacet
  facet normal -0.998022 -0.0628688 0
    outer loop
      vertex -23.75 31 0
      vertex -23.7875 31.5953 2.4
      vertex -23.7875 31.5953 0
    endloop
  endfacet
  facet normal -0.998022 -0.0628688 0
    outer loop
      vertex -23.7875 31.5953 2.4
      vertex -23.75 31 0
      vertex -23.75 31 2.4
    endloop
  endfacet
  facet normal 0.998022 -0.0628688 0
    outer loop
      vertex -33.25 31 2.4
      vertex -33.2125 31.5953 0
      vertex -33.2125 31.5953 2.4
    endloop
  endfacet
  facet normal 0.998022 -0.0628688 0
    outer loop
      vertex -33.2125 31.5953 0
      vertex -33.25 31 2.4
      vertex -33.25 31 0
    endloop
  endfacet
  facet normal 0 -1 0
    outer loop
      vertex -28.7983 35.7406 0
      vertex -28.2017 35.7406 2.4
      vertex -28.7983 35.7406 2.4
    endloop
  endfacet
  facet normal 0 -1 -0
    outer loop
      vertex -28.2017 35.7406 2.4
      vertex -28.7983 35.7406 0
      vertex -28.2017 35.7406 0
    endloop
  endfacet
  facet normal -0.684543 -0.728972 0
    outer loop
      vertex -25.4722 34.6599 0
      vertex -25.0374 34.2516 2.4
      vertex -25.4722 34.6599 2.4
    endloop
  endfacet
  facet normal -0.684543 -0.728972 -0
    outer loop
      vertex -25.0374 34.2516 2.4
      vertex -25.4722 34.6599 0
      vertex -25.0374 34.2516 0
    endloop
  endfacet
  facet normal 0.684543 -0.728972 0
    outer loop
      vertex -31.9626 34.2516 0
      vertex -31.5278 34.6599 2.4
      vertex -31.9626 34.2516 2.4
    endloop
  endfacet
  facet normal 0.684543 -0.728972 0
    outer loop
      vertex -31.5278 34.6599 2.4
      vertex -31.9626 34.2516 0
      vertex -31.5278 34.6599 0
    endloop
  endfacet
  facet normal 0.368094 -0.929789 0
    outer loop
      vertex -30.5225 35.2979 0
      vertex -29.9678 35.5175 2.4
      vertex -30.5225 35.2979 2.4
    endloop
  endfacet
  facet normal 0.368094 -0.929789 0
    outer loop
      vertex -29.9678 35.5175 2.4
      vertex -30.5225 35.2979 0
      vertex -29.9678 35.5175 0
    endloop
  endfacet
  facet normal -0.904868 -0.425692 0
    outer loop
      vertex -24.0836 32.7486 0
      vertex -24.3375 33.2883 2.4
      vertex -24.3375 33.2883 0
    endloop
  endfacet
  facet normal -0.904868 -0.425692 0
    outer loop
      vertex -24.3375 33.2883 2.4
      vertex -24.0836 32.7486 0
      vertex -24.0836 32.7486 2.4
    endloop
  endfacet
  facet normal -0.982314 -0.187243 0
    outer loop
      vertex -23.7875 31.5953 0
      vertex -23.8992 32.1813 2.4
      vertex -23.8992 32.1813 0
    endloop
  endfacet
  facet normal -0.982314 -0.187243 0
    outer loop
      vertex -23.8992 32.1813 2.4
      vertex -23.7875 31.5953 0
      vertex -23.7875 31.5953 2.4
    endloop
  endfacet
  facet normal -0.844296 -0.535877 0
    outer loop
      vertex -24.3375 33.2883 0
      vertex -24.6572 33.792 2.4
      vertex -24.6572 33.792 0
    endloop
  endfacet
  facet normal -0.844296 -0.535877 0
    outer loop
      vertex -24.6572 33.792 2.4
      vertex -24.3375 33.2883 0
      vertex -24.3375 33.2883 2.4
    endloop
  endfacet
  facet normal -0.368094 -0.929789 0
    outer loop
      vertex -27.0322 35.5175 0
      vertex -26.4775 35.2979 2.4
      vertex -27.0322 35.5175 2.4
    endloop
  endfacet
  facet normal -0.368094 -0.929789 -0
    outer loop
      vertex -26.4775 35.2979 2.4
      vertex -27.0322 35.5175 0
      vertex -26.4775 35.2979 0
    endloop
  endfacet
  facet normal -0.248803 -0.968554 0
    outer loop
      vertex -27.6099 35.6659 0
      vertex -27.0322 35.5175 2.4
      vertex -27.6099 35.6659 2.4
    endloop
  endfacet
  facet normal -0.248803 -0.968554 -0
    outer loop
      vertex -27.0322 35.5175 2.4
      vertex -27.6099 35.6659 0
      vertex -27.0322 35.5175 0
    endloop
  endfacet
  facet normal -0.587863 -0.808961 0
    outer loop
      vertex -25.9548 35.0106 0
      vertex -25.4722 34.6599 2.4
      vertex -25.9548 35.0106 2.4
    endloop
  endfacet
  facet normal -0.587863 -0.808961 -0
    outer loop
      vertex -25.4722 34.6599 2.4
      vertex -25.9548 35.0106 0
      vertex -25.4722 34.6599 0
    endloop
  endfacet
  facet normal 0.844296 -0.535877 0
    outer loop
      vertex -32.6625 33.2883 2.4
      vertex -32.3428 33.792 0
      vertex -32.3428 33.792 2.4
    endloop
  endfacet
  facet normal 0.844296 -0.535877 0
    outer loop
      vertex -32.3428 33.792 0
      vertex -32.6625 33.2883 2.4
      vertex -32.6625 33.2883 0
    endloop
  endfacet
  facet normal 0.770525 -0.63741 0
    outer loop
      vertex -32.3428 33.792 2.4
      vertex -31.9626 34.2516 0
      vertex -31.9626 34.2516 2.4
    endloop
  endfacet
  facet normal 0.770525 -0.63741 0
    outer loop
      vertex -31.9626 34.2516 0
      vertex -32.3428 33.792 2.4
      vertex -32.3428 33.792 0
    endloop
  endfacet
  facet normal 0.951021 -0.309128 0
    outer loop
      vertex -33.1008 32.1813 2.4
      vertex -32.9164 32.7486 0
      vertex -32.9164 32.7486 2.4
    endloop
  endfacet
  facet normal 0.951021 -0.309128 0
    outer loop
      vertex -32.9164 32.7486 0
      vertex -33.1008 32.1813 2.4
      vertex -33.1008 32.1813 0
    endloop
  endfacet
  facet normal 0.587863 -0.808961 0
    outer loop
      vertex -31.5278 34.6599 0
      vertex -31.0452 35.0106 2.4
      vertex -31.5278 34.6599 2.4
    endloop
  endfacet
  facet normal 0.587863 -0.808961 0
    outer loop
      vertex -31.0452 35.0106 2.4
      vertex -31.5278 34.6599 0
      vertex -31.0452 35.0106 0
    endloop
  endfacet
  facet normal 0.125231 -0.992128 0
    outer loop
      vertex -29.3901 35.6659 0
      vertex -28.7983 35.7406 2.4
      vertex -29.3901 35.6659 2.4
    endloop
  endfacet
  facet normal 0.125231 -0.992128 0
    outer loop
      vertex -28.7983 35.7406 2.4
      vertex -29.3901 35.6659 0
      vertex -28.7983 35.7406 0
    endloop
  endfacet
  facet normal -0.998022 0.0628688 0
    outer loop
      vertex -23.7875 30.4047 0
      vertex -23.75 31 2.4
      vertex -23.75 31 0
    endloop
  endfacet
  facet normal -0.998022 0.0628688 0
    outer loop
      vertex -23.75 31 2.4
      vertex -23.7875 30.4047 0
      vertex -23.7875 30.4047 2.4
    endloop
  endfacet
  facet normal -0.125231 0.992128 0
    outer loop
      vertex -27.6099 26.3341 0
      vertex -28.2017 26.2594 2.4
      vertex -27.6099 26.3341 2.4
    endloop
  endfacet
  facet normal -0.125231 0.992128 0
    outer loop
      vertex -28.2017 26.2594 2.4
      vertex -27.6099 26.3341 0
      vertex -28.2017 26.2594 0
    endloop
  endfacet
  facet normal -0.951021 -0.309128 0
    outer loop
      vertex -23.8992 32.1813 0
      vertex -24.0836 32.7486 2.4
      vertex -24.0836 32.7486 0
    endloop
  endfacet
  facet normal -0.951021 -0.309128 0
    outer loop
      vertex -24.0836 32.7486 2.4
      vertex -23.8992 32.1813 0
      vertex -23.8992 32.1813 2.4
    endloop
  endfacet
  facet normal -0.770525 -0.63741 0
    outer loop
      vertex -24.6572 33.792 0
      vertex -25.0374 34.2516 2.4
      vertex -25.0374 34.2516 0
    endloop
  endfacet
  facet normal -0.770525 -0.63741 0
    outer loop
      vertex -25.0374 34.2516 2.4
      vertex -24.6572 33.792 0
      vertex -24.6572 33.792 2.4
    endloop
  endfacet
  facet normal -0.125231 -0.992128 0
    outer loop
      vertex -28.2017 35.7406 0
      vertex -27.6099 35.6659 2.4
      vertex -28.2017 35.7406 2.4
    endloop
  endfacet
  facet normal -0.125231 -0.992128 -0
    outer loop
      vertex -27.6099 35.6659 2.4
      vertex -28.2017 35.7406 0
      vertex -27.6099 35.6659 0
    endloop
  endfacet
  facet normal -0.481681 -0.876347 0
    outer loop
      vertex -26.4775 35.2979 0
      vertex -25.9548 35.0106 2.4
      vertex -26.4775 35.2979 2.4
    endloop
  endfacet
  facet normal -0.481681 -0.876347 -0
    outer loop
      vertex -25.9548 35.0106 2.4
      vertex -26.4775 35.2979 0
      vertex -25.9548 35.0106 0
    endloop
  endfacet
  facet normal 0.904868 -0.425692 0
    outer loop
      vertex -32.9164 32.7486 2.4
      vertex -32.6625 33.2883 0
      vertex -32.6625 33.2883 2.4
    endloop
  endfacet
  facet normal 0.904868 -0.425692 0
    outer loop
      vertex -32.6625 33.2883 0
      vertex -32.9164 32.7486 2.4
      vertex -32.9164 32.7486 0
    endloop
  endfacet
  facet normal 0.248803 -0.968554 0
    outer loop
      vertex -29.9678 35.5175 0
      vertex -29.3901 35.6659 2.4
      vertex -29.9678 35.5175 2.4
    endloop
  endfacet
  facet normal 0.248803 -0.968554 0
    outer loop
      vertex -29.3901 35.6659 2.4
      vertex -29.9678 35.5175 0
      vertex -29.3901 35.6659 0
    endloop
  endfacet
  facet normal -0.951021 0.309128 0
    outer loop
      vertex -24.0836 29.2514 0
      vertex -23.8992 29.8187 2.4
      vertex -23.8992 29.8187 0
    endloop
  endfacet
  facet normal -0.951021 0.309128 0
    outer loop
      vertex -23.8992 29.8187 2.4
      vertex -24.0836 29.2514 0
      vertex -24.0836 29.2514 2.4
    endloop
  endfacet
  facet normal -0.982314 0.187243 0
    outer loop
      vertex -23.8992 29.8187 0
      vertex -23.7875 30.4047 2.4
      vertex -23.7875 30.4047 0
    endloop
  endfacet
  facet normal -0.982314 0.187243 0
    outer loop
      vertex -23.7875 30.4047 2.4
      vertex -23.8992 29.8187 0
      vertex -23.8992 29.8187 2.4
    endloop
  endfacet
  facet normal 0.951021 0.309128 0
    outer loop
      vertex -32.9164 29.2514 2.4
      vertex -33.1008 29.8187 0
      vertex -33.1008 29.8187 2.4
    endloop
  endfacet
  facet normal 0.951021 0.309128 0
    outer loop
      vertex -33.1008 29.8187 0
      vertex -32.9164 29.2514 2.4
      vertex -32.9164 29.2514 0
    endloop
  endfacet
  facet normal -0.368094 0.929789 0
    outer loop
      vertex -26.4775 26.7021 0
      vertex -27.0322 26.4825 2.4
      vertex -26.4775 26.7021 2.4
    endloop
  endfacet
  facet normal -0.368094 0.929789 0
    outer loop
      vertex -27.0322 26.4825 2.4
      vertex -26.4775 26.7021 0
      vertex -27.0322 26.4825 0
    endloop
  endfacet
  facet normal -0.248803 0.968554 0
    outer loop
      vertex -27.0322 26.4825 0
      vertex -27.6099 26.3341 2.4
      vertex -27.0322 26.4825 2.4
    endloop
  endfacet
  facet normal -0.248803 0.968554 0
    outer loop
      vertex -27.6099 26.3341 2.4
      vertex -27.0322 26.4825 0
      vertex -27.6099 26.3341 0
    endloop
  endfacet
  facet normal 0.982314 -0.187243 0
    outer loop
      vertex -33.2125 31.5953 2.4
      vertex -33.1008 32.1813 0
      vertex -33.1008 32.1813 2.4
    endloop
  endfacet
  facet normal 0.982314 -0.187243 0
    outer loop
      vertex -33.1008 32.1813 0
      vertex -33.2125 31.5953 2.4
      vertex -33.2125 31.5953 0
    endloop
  endfacet
  facet normal 0.481681 -0.876347 0
    outer loop
      vertex -31.0452 35.0106 0
      vertex -30.5225 35.2979 2.4
      vertex -31.0452 35.0106 2.4
    endloop
  endfacet
  facet normal 0.481681 -0.876347 0
    outer loop
      vertex -30.5225 35.2979 2.4
      vertex -31.0452 35.0106 0
      vertex -30.5225 35.2979 0
    endloop
  endfacet
  facet normal -0.684543 0.728972 0
    outer loop
      vertex -25.0374 27.7484 0
      vertex -25.4722 27.3401 2.4
      vertex -25.0374 27.7484 2.4
    endloop
  endfacet
  facet normal -0.684543 0.728972 0
    outer loop
      vertex -25.4722 27.3401 2.4
      vertex -25.0374 27.7484 0
      vertex -25.4722 27.3401 0
    endloop
  endfacet
  facet normal -0.844296 0.535877 0
    outer loop
      vertex -24.6572 28.208 0
      vertex -24.3375 28.7117 2.4
      vertex -24.3375 28.7117 0
    endloop
  endfacet
  facet normal -0.844296 0.535877 0
    outer loop
      vertex -24.3375 28.7117 2.4
      vertex -24.6572 28.208 0
      vertex -24.6572 28.208 2.4
    endloop
  endfacet
  facet normal 0.368094 0.929789 -0
    outer loop
      vertex -29.9678 26.4825 0
      vertex -30.5225 26.7021 2.4
      vertex -29.9678 26.4825 2.4
    endloop
  endfacet
  facet normal 0.368094 0.929789 0
    outer loop
      vertex -30.5225 26.7021 2.4
      vertex -29.9678 26.4825 0
      vertex -30.5225 26.7021 0
    endloop
  endfacet
  facet normal 0.770525 0.63741 0
    outer loop
      vertex -31.9626 27.7484 2.4
      vertex -32.3428 28.208 0
      vertex -32.3428 28.208 2.4
    endloop
  endfacet
  facet normal 0.770525 0.63741 0
    outer loop
      vertex -32.3428 28.208 0
      vertex -31.9626 27.7484 2.4
      vertex -31.9626 27.7484 0
    endloop
  endfacet
  facet normal 0.998022 0.0628688 0
    outer loop
      vertex -33.2125 30.4047 2.4
      vertex -33.25 31 0
      vertex -33.25 31 2.4
    endloop
  endfacet
  facet normal 0.998022 0.0628688 0
    outer loop
      vertex -33.25 31 0
      vertex -33.2125 30.4047 2.4
      vertex -33.2125 30.4047 0
    endloop
  endfacet
  facet normal -0.481681 0.876347 0
    outer loop
      vertex -25.9548 26.9894 0
      vertex -26.4775 26.7021 2.4
      vertex -25.9548 26.9894 2.4
    endloop
  endfacet
  facet normal -0.481681 0.876347 0
    outer loop
      vertex -26.4775 26.7021 2.4
      vertex -25.9548 26.9894 0
      vertex -26.4775 26.7021 0
    endloop
  endfacet
  facet normal -0.904868 0.425692 0
    outer loop
      vertex -24.3375 28.7117 0
      vertex -24.0836 29.2514 2.4
      vertex -24.0836 29.2514 0
    endloop
  endfacet
  facet normal -0.904868 0.425692 0
    outer loop
      vertex -24.0836 29.2514 2.4
      vertex -24.3375 28.7117 0
      vertex -24.3375 28.7117 2.4
    endloop
  endfacet
  facet normal 0 1 -0
    outer loop
      vertex -28.2017 26.2594 0
      vertex -28.7983 26.2594 2.4
      vertex -28.2017 26.2594 2.4
    endloop
  endfacet
  facet normal 0 1 0
    outer loop
      vertex -28.7983 26.2594 2.4
      vertex -28.2017 26.2594 0
      vertex -28.7983 26.2594 0
    endloop
  endfacet
  facet normal 0.125231 0.992128 -0
    outer loop
      vertex -28.7983 26.2594 0
      vertex -29.3901 26.3341 2.4
      vertex -28.7983 26.2594 2.4
    endloop
  endfacet
  facet normal 0.125231 0.992128 0
    outer loop
      vertex -29.3901 26.3341 2.4
      vertex -28.7983 26.2594 0
      vertex -29.3901 26.3341 0
    endloop
  endfacet
  facet normal 0.248803 0.968554 -0
    outer loop
      vertex -29.3901 26.3341 0
      vertex -29.9678 26.4825 2.4
      vertex -29.3901 26.3341 2.4
    endloop
  endfacet
  facet normal 0.248803 0.968554 0
    outer loop
      vertex -29.9678 26.4825 2.4
      vertex -29.3901 26.3341 0
      vertex -29.9678 26.4825 0
    endloop
  endfacet
  facet normal 0.587863 0.808961 -0
    outer loop
      vertex -31.0452 26.9894 0
      vertex -31.5278 27.3401 2.4
      vertex -31.0452 26.9894 2.4
    endloop
  endfacet
  facet normal 0.587863 0.808961 0
    outer loop
      vertex -31.5278 27.3401 2.4
      vertex -31.0452 26.9894 0
      vertex -31.5278 27.3401 0
    endloop
  endfacet
  facet normal 0.684543 0.728972 -0
    outer loop
      vertex -31.5278 27.3401 0
      vertex -31.9626 27.7484 2.4
      vertex -31.5278 27.3401 2.4
    endloop
  endfacet
  facet normal 0.684543 0.728972 0
    outer loop
      vertex -31.9626 27.7484 2.4
      vertex -31.5278 27.3401 0
      vertex -31.9626 27.7484 0
    endloop
  endfacet
  facet normal 0.844296 0.535877 0
    outer loop
      vertex -32.3428 28.208 2.4
      vertex -32.6625 28.7117 0
      vertex -32.6625 28.7117 2.4
    endloop
  endfacet
  facet normal 0.844296 0.535877 0
    outer loop
      vertex -32.6625 28.7117 0
      vertex -32.3428 28.208 2.4
      vertex -32.3428 28.208 0
    endloop
  endfacet
  facet normal 0.904868 0.425692 0
    outer loop
      vertex -32.6625 28.7117 2.4
      vertex -32.9164 29.2514 0
      vertex -32.9164 29.2514 2.4
    endloop
  endfacet
  facet normal 0.904868 0.425692 0
    outer loop
      vertex -32.9164 29.2514 0
      vertex -32.6625 28.7117 2.4
      vertex -32.6625 28.7117 0
    endloop
  endfacet
  facet normal 0.982314 0.187243 0
    outer loop
      vertex -33.1008 29.8187 2.4
      vertex -33.2125 30.4047 0
      vertex -33.2125 30.4047 2.4
    endloop
  endfacet
  facet normal 0.982314 0.187243 0
    outer loop
      vertex -33.2125 30.4047 0
      vertex -33.1008 29.8187 2.4
      vertex -33.1008 29.8187 0
    endloop
  endfacet
  facet normal -0.587863 0.808961 0
    outer loop
      vertex -25.4722 27.3401 0
      vertex -25.9548 26.9894 2.4
      vertex -25.4722 27.3401 2.4
    endloop
  endfacet
  facet normal -0.587863 0.808961 0
    outer loop
      vertex -25.9548 26.9894 2.4
      vertex -25.4722 27.3401 0
      vertex -25.9548 26.9894 0
    endloop
  endfacet
  facet normal -0.770525 0.63741 0
    outer loop
      vertex -25.0374 27.7484 0
      vertex -24.6572 28.208 2.4
      vertex -24.6572 28.208 0
    endloop
  endfacet
  facet normal -0.770525 0.63741 0
    outer loop
      vertex -24.6572 28.208 2.4
      vertex -25.0374 27.7484 0
      vertex -25.0374 27.7484 2.4
    endloop
  endfacet
  facet normal 0.481681 0.876347 -0
    outer loop
      vertex -30.5225 26.7021 0
      vertex -31.0452 26.9894 2.4
      vertex -30.5225 26.7021 2.4
    endloop
  endfacet
  facet normal 0.481681 0.876347 0
    outer loop
      vertex -31.0452 26.9894 2.4
      vertex -30.5225 26.7021 0
      vertex -31.0452 26.9894 0
    endloop
  endfacet
  facet normal 1 -0 0
    outer loop
      vertex -34.7 9 14.4
      vertex -34.7 13.8 10.4
      vertex -34.7 13.8 14.4
    endloop
  endfacet
  facet normal 1 0 0
    outer loop
      vertex -34.7 13.8 10.4
      vertex -34.7 9 14.4
      vertex -34.7 9 10.4
    endloop
  endfacet
  facet normal 1 0 0
    outer loop
      vertex -34.7 13.8 14.4
      vertex -34.7 35.9 24.5
      vertex -34.7 13.8 24.5
    endloop
  endfacet
  facet normal 1 0 0
    outer loop
      vertex -34.7 35.9 24.5
      vertex -34.7 13.8 14.4
      vertex -34.7 16.8 8.9
    endloop
  endfacet
  facet normal 1 -0 0
    outer loop
      vertex -34.7 13.8 10.4
      vertex -34.7 16.8 8.9
      vertex -34.7 13.8 14.4
    endloop
  endfacet
  facet normal 1 0 0
    outer loop
      vertex -34.7 16.8 8.9
      vertex -34.7 13.8 10.4
      vertex -34.7 13.8 8.9
    endloop
  endfacet
  facet normal 1 -0 0
    outer loop
      vertex -34.7 35.9 24.5
      vertex -34.7 36.8 14.4
      vertex -34.7 36.8 27
    endloop
  endfacet
  facet normal 1 0 0
    outer loop
      vertex -34.7 16.8 8.9
      vertex -34.7 36.8 14.4
      vertex -34.7 35.9 24.5
    endloop
  endfacet
  facet normal 1 0 0
    outer loop
      vertex -34.7 35.9 24.5
      vertex -34.7 36.8 27
      vertex -34.7 35.9 27
    endloop
  endfacet
  facet normal 1 0 0
    outer loop
      vertex -34.7 36.8 14.4
      vertex -34.7 16.8 8.9
      vertex -34.7 36.8 10.4
    endloop
  endfacet
  facet normal 1 0 0
    outer loop
      vertex -34.7 36.8 10.4
      vertex -34.7 16.8 8.9
      vertex -34.7 36.8 2.4
    endloop
  endfacet
  facet normal 1 -0 0
    outer loop
      vertex -34.7 16.8 3.9
      vertex -34.7 36.8 2.4
      vertex -34.7 16.8 8.9
    endloop
  endfacet
  facet normal 1 0 0
    outer loop
      vertex -34.7 13.8 2.4
      vertex -34.7 16.8 3.9
      vertex -34.7 13.8 3.9
    endloop
  endfacet
  facet normal 1 0 0
    outer loop
      vertex -34.7 16.8 3.9
      vertex -34.7 13.8 2.4
      vertex -34.7 36.8 2.4
    endloop
  endfacet
  facet normal 1 -0 0
    outer loop
      vertex -34.7 36.8 14.4
      vertex -34.7 37.3 10.4
      vertex -34.7 37.3 14.4
    endloop
  endfacet
  facet normal 1 0 0
    outer loop
      vertex -34.7 37.3 10.4
      vertex -34.7 36.8 14.4
      vertex -34.7 36.8 10.4
    endloop
  endfacet
  facet normal -0 0 1
    outer loop
      vertex -24.0836 29.2514 2.4
      vertex 15.2 12.7 2.4
      vertex -23.8992 29.8187 2.4
    endloop
  endfacet
  facet normal 0 0 1
    outer loop
      vertex 15.2 -12.7 2.4
      vertex -23.7875 -30.4047 2.4
      vertex -23.75 -31 2.4
    endloop
  endfacet
  facet normal -0 0 1
    outer loop
      vertex -24.3375 28.7117 2.4
      vertex 15.2 12.7 2.4
      vertex -24.0836 29.2514 2.4
    endloop
  endfacet
  facet normal 0 0 1
    outer loop
      vertex 15.2 -12.7 2.4
      vertex -23.8992 -29.8187 2.4
      vertex -23.7875 -30.4047 2.4
    endloop
  endfacet
  facet normal -0 0 1
    outer loop
      vertex -24.6572 28.208 2.4
      vertex 15.2 12.7 2.4
      vertex -24.3375 28.7117 2.4
    endloop
  endfacet
  facet normal 0 0 1
    outer loop
      vertex 15.2 -12.7 2.4
      vertex -24.0836 -29.2514 2.4
      vertex -23.8992 -29.8187 2.4
    endloop
  endfacet
  facet normal -0 0 1
    outer loop
      vertex -25.0374 27.7484 2.4
      vertex 15.2 12.7 2.4
      vertex -24.6572 28.208 2.4
    endloop
  endfacet
  facet normal 0 0 1
    outer loop
      vertex 15.2 -12.7 2.4
      vertex -24.3375 -28.7117 2.4
      vertex -24.0836 -29.2514 2.4
    endloop
  endfacet
  facet normal -0 0 1
    outer loop
      vertex -25.4722 27.3401 2.4
      vertex 15.2 12.7 2.4
      vertex -25.0374 27.7484 2.4
    endloop
  endfacet
  facet normal 0 0 1
    outer loop
      vertex 15.2 -12.7 2.4
      vertex -24.6572 -28.208 2.4
      vertex -24.3375 -28.7117 2.4
    endloop
  endfacet
  facet normal -0 0 1
    outer loop
      vertex -34.6 13.8 2.4
      vertex 15.2 12.7 2.4
      vertex -25.4722 27.3401 2.4
    endloop
  endfacet
  facet normal 0 0 1
    outer loop
      vertex 15.2 -12.7 2.4
      vertex -25.0374 -27.7484 2.4
      vertex -24.6572 -28.208 2.4
    endloop
  endfacet
  facet normal 0 0 1
    outer loop
      vertex 15.2 12.7 2.4
      vertex -34.6 13.8 2.4
      vertex 15.2 -12.7 2.4
    endloop
  endfacet
  facet normal 0 0 1
    outer loop
      vertex 15.2 -12.7 2.4
      vertex -25.4722 -27.3401 2.4
      vertex -25.0374 -27.7484 2.4
    endloop
  endfacet
  facet normal 0 0 1
    outer loop
      vertex -34.6 13.8 2.4
      vertex -25.4722 27.3401 2.4
      vertex -25.9548 26.9894 2.4
    endloop
  endfacet
  facet normal 0 0 1
    outer loop
      vertex -34.6 -13.8 2.4
      vertex 15.2 -12.7 2.4
      vertex -34.6 13.8 2.4
    endloop
  endfacet
  facet normal 0 0 1
    outer loop
      vertex -34.6 13.8 2.4
      vertex -25.9548 26.9894 2.4
      vertex -26.4775 26.7021 2.4
    endloop
  endfacet
  facet normal 0 0 1
    outer loop
      vertex 15.2 -12.7 2.4
      vertex -34.6 -13.8 2.4
      vertex -25.4722 -27.3401 2.4
    endloop
  endfacet
  facet normal 0 0 1
    outer loop
      vertex -34.6 13.8 2.4
      vertex -26.4775 26.7021 2.4
      vertex -27.0322 26.4825 2.4
    endloop
  endfacet
  facet normal 0 0 1
    outer loop
      vertex -25.4722 -27.3401 2.4
      vertex -34.6 -13.8 2.4
      vertex -25.9548 -26.9894 2.4
    endloop
  endfacet
  facet normal 0 0 1
    outer loop
      vertex -34.6 13.8 2.4
      vertex -27.0322 26.4825 2.4
      vertex -27.6099 26.3341 2.4
    endloop
  endfacet
  facet normal 0 0 1
    outer loop
      vertex -25.9548 -26.9894 2.4
      vertex -34.6 -13.8 2.4
      vertex -26.4775 -26.7021 2.4
    endloop
  endfacet
  facet normal 0 0 1
    outer loop
      vertex -34.6 13.8 2.4
      vertex -27.6099 26.3341 2.4
      vertex -28.2017 26.2594 2.4
    endloop
  endfacet
  facet normal 0 0 1
    outer loop
      vertex -26.4775 -26.7021 2.4
      vertex -34.6 -13.8 2.4
      vertex -27.0322 -26.4825 2.4
    endloop
  endfacet
  facet normal 0 0 1
    outer loop
      vertex -34.6 13.8 2.4
      vertex -28.2017 26.2594 2.4
      vertex -28.7983 26.2594 2.4
    endloop
  endfacet
  facet normal 0 0 1
    outer loop
      vertex -27.0322 -26.4825 2.4
      vertex -34.6 -13.8 2.4
      vertex -27.6099 -26.3341 2.4
    endloop
  endfacet
  facet normal 0 0 1
    outer loop
      vertex -34.6 13.8 2.4
      vertex -28.7983 26.2594 2.4
      vertex -29.3901 26.3341 2.4
    endloop
  endfacet
  facet normal 0 0 1
    outer loop
      vertex -27.6099 -26.3341 2.4
      vertex -34.6 -13.8 2.4
      vertex -28.2017 -26.2594 2.4
    endloop
  endfacet
  facet normal 0 0 1
    outer loop
      vertex -34.6 13.8 2.4
      vertex -29.3901 26.3341 2.4
      vertex -29.9678 26.4825 2.4
    endloop
  endfacet
  facet normal 0 0 1
    outer loop
      vertex -28.2017 -26.2594 2.4
      vertex -34.6 -13.8 2.4
      vertex -28.7983 -26.2594 2.4
    endloop
  endfacet
  facet normal 0 0 1
    outer loop
      vertex -34.6 13.8 2.4
      vertex -29.9678 26.4825 2.4
      vertex -30.5225 26.7021 2.4
    endloop
  endfacet
  facet normal 0 0 1
    outer loop
      vertex -28.7983 -26.2594 2.4
      vertex -34.6 -13.8 2.4
      vertex -29.3901 -26.3341 2.4
    endloop
  endfacet
  facet normal 0 0 1
    outer loop
      vertex -34.6 13.8 2.4
      vertex -30.5225 26.7021 2.4
      vertex -31.0452 26.9894 2.4
    endloop
  endfacet
  facet normal 0 0 1
    outer loop
      vertex -29.3901 -26.3341 2.4
      vertex -34.6 -13.8 2.4
      vertex -29.9678 -26.4825 2.4
    endloop
  endfacet
  facet normal 0 0 1
    outer loop
      vertex -34.7 13.8 2.4
      vertex -31.0452 26.9894 2.4
      vertex -31.5278 27.3401 2.4
    endloop
  endfacet
  facet normal 0 0 1
    outer loop
      vertex -29.9678 -26.4825 2.4
      vertex -34.6 -13.8 2.4
      vertex -30.5225 -26.7021 2.4
    endloop
  endfacet
  facet normal 0 0 1
    outer loop
      vertex -34.7 13.8 2.4
      vertex -31.5278 27.3401 2.4
      vertex -31.9626 27.7484 2.4
    endloop
  endfacet
  facet normal 0 0 1
    outer loop
      vertex -30.5225 -26.7021 2.4
      vertex -34.6 -13.8 2.4
      vertex -31.0452 -26.9894 2.4
    endloop
  endfacet
  facet normal 0 0 1
    outer loop
      vertex -34.7 13.8 2.4
      vertex -31.9626 27.7484 2.4
      vertex -32.3428 28.208 2.4
    endloop
  endfacet
  facet normal -0 0 1
    outer loop
      vertex -34.7 -13.8 2.4
      vertex -31.0452 -26.9894 2.4
      vertex -34.6 -13.8 2.4
    endloop
  endfacet
  facet normal 0 0 1
    outer loop
      vertex -34.7 13.8 2.4
      vertex -32.3428 28.208 2.4
      vertex -32.6625 28.7117 2.4
    endloop
  endfacet
  facet normal 0 0 1
    outer loop
      vertex -31.0452 -26.9894 2.4
      vertex -34.7 -13.8 2.4
      vertex -31.5278 -27.3401 2.4
    endloop
  endfacet
  facet normal 0 0 1
    outer loop
      vertex -34.7 13.8 2.4
      vertex -32.6625 28.7117 2.4
      vertex -32.9164 29.2514 2.4
    endloop
  endfacet
  facet normal 0 0 1
    outer loop
      vertex -31.5278 -27.3401 2.4
      vertex -34.7 -13.8 2.4
      vertex -31.9626 -27.7484 2.4
    endloop
  endfacet
  facet normal 0 0 1
    outer loop
      vertex -34.7 13.8 2.4
      vertex -32.9164 29.2514 2.4
      vertex -33.1008 29.8187 2.4
    endloop
  endfacet
  facet normal 0 0 1
    outer loop
      vertex -31.9626 -27.7484 2.4
      vertex -34.7 -13.8 2.4
      vertex -32.3428 -28.208 2.4
    endloop
  endfacet
  facet normal 0 0 1
    outer loop
      vertex -34.7 13.8 2.4
      vertex -33.1008 29.8187 2.4
      vertex -33.2125 30.4047 2.4
    endloop
  endfacet
  facet normal 0 0 1
    outer loop
      vertex -32.3428 -28.208 2.4
      vertex -34.7 -13.8 2.4
      vertex -32.6625 -28.7117 2.4
    endloop
  endfacet
  facet normal 0 0 1
    outer loop
      vertex -34.7 36.8 2.4
      vertex -33.2125 30.4047 2.4
      vertex -33.25 31 2.4
    endloop
  endfacet
  facet normal 0 0 1
    outer loop
      vertex -32.6625 -28.7117 2.4
      vertex -34.7 -13.8 2.4
      vertex -32.9164 -29.2514 2.4
    endloop
  endfacet
  facet normal -0 0 1
    outer loop
      vertex 32.6625 28.7117 2.4
      vertex 34.7 13.8 2.4
      vertex 32.9164 29.2514 2.4
    endloop
  endfacet
  facet normal 0 0 1
    outer loop
      vertex 34.6 -13.8 2.4
      vertex 33.2125 -30.4047 2.4
      vertex 33.25 -31 2.4
    endloop
  endfacet
  facet normal -0 0 1
    outer loop
      vertex 32.3428 28.208 2.4
      vertex 34.7 13.8 2.4
      vertex 32.6625 28.7117 2.4
    endloop
  endfacet
  facet normal 0 0 1
    outer loop
      vertex 34.6 -13.8 2.4
      vertex 33.1008 -29.8187 2.4
      vertex 33.2125 -30.4047 2.4
    endloop
  endfacet
  facet normal -0 0 1
    outer loop
      vertex 31.9626 27.7484 2.4
      vertex 34.7 13.8 2.4
      vertex 32.3428 28.208 2.4
    endloop
  endfacet
  facet normal 0 0 1
    outer loop
      vertex 34.6 -13.8 2.4
      vertex 32.9164 -29.2514 2.4
      vertex 33.1008 -29.8187 2.4
    endloop
  endfacet
  facet normal -0 0 1
    outer loop
      vertex 31.5278 27.3401 2.4
      vertex 34.7 13.8 2.4
      vertex 31.9626 27.7484 2.4
    endloop
  endfacet
  facet normal 0 0 1
    outer loop
      vertex 34.6 -13.8 2.4
      vertex 32.6625 -28.7117 2.4
      vertex 32.9164 -29.2514 2.4
    endloop
  endfacet
  facet normal -0 0 1
    outer loop
      vertex 31.0452 26.9894 2.4
      vertex 34.7 13.8 2.4
      vertex 31.5278 27.3401 2.4
    endloop
  endfacet
  facet normal 0 0 1
    outer loop
      vertex 34.6 -13.8 2.4
      vertex 32.3428 -28.208 2.4
      vertex 32.6625 -28.7117 2.4
    endloop
  endfacet
  facet normal 0 0 1
    outer loop
      vertex 34.7 13.8 2.4
      vertex 31.0452 26.9894 2.4
      vertex 34.6 13.8 2.4
    endloop
  endfacet
  facet normal 0 0 1
    outer loop
      vertex 34.6 -13.8 2.4
      vertex 31.9626 -27.7484 2.4
      vertex 32.3428 -28.208 2.4
    endloop
  endfacet
  facet normal 0 0 1
    outer loop
      vertex 34.6 13.8 2.4
      vertex 21.8 12.7 2.4
      vertex 34.6 -13.8 2.4
    endloop
  endfacet
  facet normal 0 0 1
    outer loop
      vertex 34.6 -13.8 2.4
      vertex 31.5278 -27.3401 2.4
      vertex 31.9626 -27.7484 2.4
    endloop
  endfacet
  facet normal -0 0 1
    outer loop
      vertex 30.5225 26.7021 2.4
      vertex 34.6 13.8 2.4
      vertex 31.0452 26.9894 2.4
    endloop
  endfacet
  facet normal -0 0 1
    outer loop
      vertex 21.8 -12.7 2.4
      vertex 34.6 -13.8 2.4
      vertex 21.8 12.7 2.4
    endloop
  endfacet
  facet normal -0 0 1
    outer loop
      vertex 29.9678 26.4825 2.4
      vertex 34.6 13.8 2.4
      vertex 30.5225 26.7021 2.4
    endloop
  endfacet
  facet normal 0 -0 1
    outer loop
      vertex 28.2017 -26.2594 2.4
      vertex 34.6 -13.8 2.4
      vertex 21.8 -12.7 2.4
    endloop
  endfacet
  facet normal -0 0 1
    outer loop
      vertex 29.3901 26.3341 2.4
      vertex 34.6 13.8 2.4
      vertex 29.9678 26.4825 2.4
    endloop
  endfacet
  facet normal 0 0 1
    outer loop
      vertex 34.6 -13.8 2.4
      vertex 31.0452 -26.9894 2.4
      vertex 31.5278 -27.3401 2.4
    endloop
  endfacet
  facet normal -0 0 1
    outer loop
      vertex 28.7983 26.2594 2.4
      vertex 34.6 13.8 2.4
      vertex 29.3901 26.3341 2.4
    endloop
  endfacet
  facet normal 0 0 1
    outer loop
      vertex 34.6 -13.8 2.4
      vertex 30.5225 -26.7021 2.4
      vertex 31.0452 -26.9894 2.4
    endloop
  endfacet
  facet normal -0 0 1
    outer loop
      vertex 28.2017 26.2594 2.4
      vertex 34.6 13.8 2.4
      vertex 28.7983 26.2594 2.4
    endloop
  endfacet
  facet normal 0 0 1
    outer loop
      vertex 34.6 -13.8 2.4
      vertex 29.9678 -26.4825 2.4
      vertex 30.5225 -26.7021 2.4
    endloop
  endfacet
  facet normal 0 0 1
    outer loop
      vertex 34.6 13.8 2.4
      vertex 28.2017 26.2594 2.4
      vertex 21.8 12.7 2.4
    endloop
  endfacet
  facet normal 0 0 1
    outer loop
      vertex 34.6 -13.8 2.4
      vertex 29.3901 -26.3341 2.4
      vertex 29.9678 -26.4825 2.4
    endloop
  endfacet
  facet normal 0 0 1
    outer loop
      vertex 21.8 12.7 2.4
      vertex 28.2017 26.2594 2.4
      vertex 27.6099 26.3341 2.4
    endloop
  endfacet
  facet normal 0 0 1
    outer loop
      vertex 34.6 -13.8 2.4
      vertex 28.7983 -26.2594 2.4
      vertex 29.3901 -26.3341 2.4
    endloop
  endfacet
  facet normal 0 0 1
    outer loop
      vertex 21.8 12.7 2.4
      vertex 27.6099 26.3341 2.4
      vertex 27.0322 26.4825 2.4
    endloop
  endfacet
  facet normal 0 0 1
    outer loop
      vertex 34.6 -13.8 2.4
      vertex 28.2017 -26.2594 2.4
      vertex 28.7983 -26.2594 2.4
    endloop
  endfacet
  facet normal 0 0 1
    outer loop
      vertex 21.8 12.7 2.4
      vertex 27.0322 26.4825 2.4
      vertex 26.4775 26.7021 2.4
    endloop
  endfacet
  facet normal 0 0 1
    outer loop
      vertex 28.2017 -26.2594 2.4
      vertex 21.8 -12.7 2.4
      vertex 27.6099 -26.3341 2.4
    endloop
  endfacet
  facet normal 0 0 1
    outer loop
      vertex 21.8 12.7 2.4
      vertex 26.4775 26.7021 2.4
      vertex 25.9548 26.9894 2.4
    endloop
  endfacet
  facet normal 0 0 1
    outer loop
      vertex 27.6099 -26.3341 2.4
      vertex 21.8 -12.7 2.4
      vertex 27.0322 -26.4825 2.4
    endloop
  endfacet
  facet normal 0 0 1
    outer loop
      vertex 21.8 12.7 2.4
      vertex 25.9548 26.9894 2.4
      vertex 25.4722 27.3401 2.4
    endloop
  endfacet
  facet normal 0 0 1
    outer loop
      vertex 27.0322 -26.4825 2.4
      vertex 21.8 -12.7 2.4
      vertex 26.4775 -26.7021 2.4
    endloop
  endfacet
  facet normal 0 0 1
    outer loop
      vertex 19.2 12.7 2.4
      vertex 25.4722 27.3401 2.4
      vertex 25.0374 27.7484 2.4
    endloop
  endfacet
  facet normal 0 0 1
    outer loop
      vertex 26.4775 -26.7021 2.4
      vertex 21.8 -12.7 2.4
      vertex 25.9548 -26.9894 2.4
    endloop
  endfacet
  facet normal 0 0 1
    outer loop
      vertex 17.8 12.7 2.4
      vertex 25.0374 27.7484 2.4
      vertex 24.6572 28.208 2.4
    endloop
  endfacet
  facet normal 0 0 1
    outer loop
      vertex 25.9548 -26.9894 2.4
      vertex 21.8 -12.7 2.4
      vertex 25.4722 -27.3401 2.4
    endloop
  endfacet
  facet normal 0 0 1
    outer loop
      vertex 15.2 12.7 2.4
      vertex 24.6572 28.208 2.4
      vertex 24.3375 28.7117 2.4
    endloop
  endfacet
  facet normal -0 0 1
    outer loop
      vertex 19.2 -12.7 2.4
      vertex 25.4722 -27.3401 2.4
      vertex 21.8 -12.7 2.4
    endloop
  endfacet
  facet normal 0 0 1
    outer loop
      vertex 15.2 12.7 2.4
      vertex 24.3375 28.7117 2.4
      vertex 24.0836 29.2514 2.4
    endloop
  endfacet
  facet normal 0 0 1
    outer loop
      vertex 25.4722 -27.3401 2.4
      vertex 19.2 -12.7 2.4
      vertex 25.0374 -27.7484 2.4
    endloop
  endfacet
  facet normal 0 0 1
    outer loop
      vertex 15.2 12.7 2.4
      vertex 24.0836 29.2514 2.4
      vertex 23.8992 29.8187 2.4
    endloop
  endfacet
  facet normal -0 0 1
    outer loop
      vertex 17.8 -12.7 2.4
      vertex 25.0374 -27.7484 2.4
      vertex 19.2 -12.7 2.4
    endloop
  endfacet
  facet normal 0 0 1
    outer loop
      vertex 15.2 12.7 2.4
      vertex 23.8992 29.8187 2.4
      vertex 23.7875 30.4047 2.4
    endloop
  endfacet
  facet normal 0 0 1
    outer loop
      vertex 25.0374 -27.7484 2.4
      vertex 17.8 -12.7 2.4
      vertex 24.6572 -28.208 2.4
    endloop
  endfacet
  facet normal 0 0 1
    outer loop
      vertex 15.2 12.7 2.4
      vertex 23.7875 30.4047 2.4
      vertex 23.75 31 2.4
    endloop
  endfacet
  facet normal -0 0 1
    outer loop
      vertex 15.2 -12.7 2.4
      vertex 24.6572 -28.208 2.4
      vertex 17.8 -12.7 2.4
    endloop
  endfacet
  facet normal 0 0 1
    outer loop
      vertex 33.2125 30.4047 2.4
      vertex 34.7 36.8 2.4
      vertex 33.25 31 2.4
    endloop
  endfacet
  facet normal -0 0 1
    outer loop
      vertex 33.1008 29.8187 2.4
      vertex 34.7 13.8 2.4
      vertex 33.2125 30.4047 2.4
    endloop
  endfacet
  facet normal 0 0 1
    outer loop
      vertex 34.7 36.8 2.4
      vertex 33.2125 30.4047 2.4
      vertex 34.7 13.8 2.4
    endloop
  endfacet
  facet normal 0 0 1
    outer loop
      vertex 34.7 36.8 2.4
      vertex 33.2125 31.5953 2.4
      vertex 33.25 31 2.4
    endloop
  endfacet
  facet normal 0 0 1
    outer loop
      vertex 34.7 36.8 2.4
      vertex 33.1008 32.1813 2.4
      vertex 33.2125 31.5953 2.4
    endloop
  endfacet
  facet normal 0 0 1
    outer loop
      vertex 34.7 36.8 2.4
      vertex 32.9164 32.7486 2.4
      vertex 33.1008 32.1813 2.4
    endloop
  endfacet
  facet normal 0 0 1
    outer loop
      vertex 32.3428 33.792 2.4
      vertex 34.7 36.8 2.4
      vertex 32.8 36.8 2.4
    endloop
  endfacet
  facet normal 0 0 1
    outer loop
      vertex 34.7 36.8 2.4
      vertex 32.6625 33.2883 2.4
      vertex 32.9164 32.7486 2.4
    endloop
  endfacet
  facet normal 0 0 1
    outer loop
      vertex 34.7 36.8 2.4
      vertex 32.3428 33.792 2.4
      vertex 32.6625 33.2883 2.4
    endloop
  endfacet
  facet normal 0 0 1
    outer loop
      vertex 32.8 36.8 2.4
      vertex 31.9626 34.2516 2.4
      vertex 32.3428 33.792 2.4
    endloop
  endfacet
  facet normal 0 0 1
    outer loop
      vertex 32.8 36.8 2.4
      vertex 31.5278 34.6599 2.4
      vertex 31.9626 34.2516 2.4
    endloop
  endfacet
  facet normal 0 0 1
    outer loop
      vertex 32.8 36.8 2.4
      vertex 31.0452 35.0106 2.4
      vertex 31.5278 34.6599 2.4
    endloop
  endfacet
  facet normal 0 0 1
    outer loop
      vertex 32.8 36.8 2.4
      vertex 30.5225 35.2979 2.4
      vertex 31.0452 35.0106 2.4
    endloop
  endfacet
  facet normal 0 0 1
    outer loop
      vertex 32.8 36.8 2.4
      vertex 29.9678 35.5175 2.4
      vertex 30.5225 35.2979 2.4
    endloop
  endfacet
  facet normal 0 0 1
    outer loop
      vertex 32.8 36.8 2.4
      vertex 29.3901 35.6659 2.4
      vertex 29.9678 35.5175 2.4
    endloop
  endfacet
  facet normal 0 0 1
    outer loop
      vertex 28 41.6 2.4
      vertex 29.3901 35.6659 2.4
      vertex 32.8 36.8 2.4
    endloop
  endfacet
  facet normal 0 0 1
    outer loop
      vertex 29.3901 35.6659 2.4
      vertex 28 41.6 2.4
      vertex 28.7983 35.7406 2.4
    endloop
  endfacet
  facet normal 0 0 1
    outer loop
      vertex 28.7983 35.7406 2.4
      vertex 28 41.6 2.4
      vertex 28.2017 35.7406 2.4
    endloop
  endfacet
  facet normal 0 0 1
    outer loop
      vertex 28 41.6 2.4
      vertex 27.6099 35.6659 2.4
      vertex 28.2017 35.7406 2.4
    endloop
  endfacet
  facet normal 0 0 1
    outer loop
      vertex 28 41.6 2.4
      vertex 27.0322 35.5175 2.4
      vertex 27.6099 35.6659 2.4
    endloop
  endfacet
  facet normal 0 0 1
    outer loop
      vertex 28 41.6 2.4
      vertex 26.4775 35.2979 2.4
      vertex 27.0322 35.5175 2.4
    endloop
  endfacet
  facet normal 0 0 1
    outer loop
      vertex 28 41.6 2.4
      vertex 25.9548 35.0106 2.4
      vertex 26.4775 35.2979 2.4
    endloop
  endfacet
  facet normal 0 0 1
    outer loop
      vertex 28 41.6 2.4
      vertex 25.4722 34.6599 2.4
      vertex 25.9548 35.0106 2.4
    endloop
  endfacet
  facet normal 0 0 1
    outer loop
      vertex 28 41.6 2.4
      vertex 25.0374 34.2516 2.4
      vertex 25.4722 34.6599 2.4
    endloop
  endfacet
  facet normal 0 0 1
    outer loop
      vertex 28 41.6 2.4
      vertex 24.6572 33.792 2.4
      vertex 25.0374 34.2516 2.4
    endloop
  endfacet
  facet normal 0 0 1
    outer loop
      vertex 28 41.6 2.4
      vertex 24.3375 33.2883 2.4
      vertex 24.6572 33.792 2.4
    endloop
  endfacet
  facet normal 0 0 1
    outer loop
      vertex -24.3375 33.2883 2.4
      vertex 24.3375 33.2883 2.4
      vertex 28 41.6 2.4
    endloop
  endfacet
  facet normal 0 0 1
    outer loop
      vertex 24.6572 -28.208 2.4
      vertex 15.2 -12.7 2.4
      vertex 24.3375 -28.7117 2.4
    endloop
  endfacet
  facet normal 0 0 1
    outer loop
      vertex -23.75 31 2.4
      vertex 23.75 31 2.4
      vertex 23.7875 31.5953 2.4
    endloop
  endfacet
  facet normal 0 0 1
    outer loop
      vertex 25.4722 27.3401 2.4
      vertex 19.2 12.7 2.4
      vertex 21.8 12.7 2.4
    endloop
  endfacet
  facet normal 0 0 1
    outer loop
      vertex -23.7875 31.5953 2.4
      vertex 23.7875 31.5953 2.4
      vertex 23.8992 32.1813 2.4
    endloop
  endfacet
  facet normal 0 0 1
    outer loop
      vertex 19.2 12.7 2.4
      vertex 17.8 12.7 2.4
      vertex 19.2 -12.7 2.4
    endloop
  endfacet
  facet normal 0 0 1
    outer loop
      vertex 25.0374 27.7484 2.4
      vertex 17.8 12.7 2.4
      vertex 19.2 12.7 2.4
    endloop
  endfacet
  facet normal 0 0 1
    outer loop
      vertex 24.6572 28.208 2.4
      vertex 15.2 12.7 2.4
      vertex 17.8 12.7 2.4
    endloop
  endfacet
  facet normal 0 0 1
    outer loop
      vertex -23.8992 32.1813 2.4
      vertex 23.8992 32.1813 2.4
      vertex 24.0836 32.7486 2.4
    endloop
  endfacet
  facet normal 0 0 1
    outer loop
      vertex 24.3375 33.2883 2.4
      vertex -24.3375 33.2883 2.4
      vertex 24.0836 32.7486 2.4
    endloop
  endfacet
  facet normal -0 0 1
    outer loop
      vertex -23.7875 30.4047 2.4
      vertex 15.2 12.7 2.4
      vertex -23.75 31 2.4
    endloop
  endfacet
  facet normal 0 0 1
    outer loop
      vertex 23.7875 31.5953 2.4
      vertex -23.7875 31.5953 2.4
      vertex -23.75 31 2.4
    endloop
  endfacet
  facet normal 0 0 1
    outer loop
      vertex 23.75 31 2.4
      vertex -23.75 31 2.4
      vertex 15.2 12.7 2.4
    endloop
  endfacet
  facet normal 0 0 1
    outer loop
      vertex 23.8992 32.1813 2.4
      vertex -23.8992 32.1813 2.4
      vertex -23.7875 31.5953 2.4
    endloop
  endfacet
  facet normal 0 0 1
    outer loop
      vertex 24.0836 32.7486 2.4
      vertex -24.0836 32.7486 2.4
      vertex -23.8992 32.1813 2.4
    endloop
  endfacet
  facet normal 0 0 1
    outer loop
      vertex 24.0836 32.7486 2.4
      vertex -24.3375 33.2883 2.4
      vertex -24.0836 32.7486 2.4
    endloop
  endfacet
  facet normal 0 0 1
    outer loop
      vertex 28 41.6 2.4
      vertex -24.6572 33.792 2.4
      vertex -24.3375 33.2883 2.4
    endloop
  endfacet
  facet normal -0 0 1
    outer loop
      vertex -28 41.6 2.4
      vertex -24.6572 33.792 2.4
      vertex 28 41.6 2.4
    endloop
  endfacet
  facet normal 0 0 1
    outer loop
      vertex -24.6572 33.792 2.4
      vertex -28 41.6 2.4
      vertex -25.0374 34.2516 2.4
    endloop
  endfacet
  facet normal 0 0 1
    outer loop
      vertex -25.0374 34.2516 2.4
      vertex -28 41.6 2.4
      vertex -25.4722 34.6599 2.4
    endloop
  endfacet
  facet normal 0 0 1
    outer loop
      vertex -25.4722 34.6599 2.4
      vertex -28 41.6 2.4
      vertex -25.9548 35.0106 2.4
    endloop
  endfacet
  facet normal 0 0 1
    outer loop
      vertex -25.9548 35.0106 2.4
      vertex -28 41.6 2.4
      vertex -26.4775 35.2979 2.4
    endloop
  endfacet
  facet normal 0 0 1
    outer loop
      vertex -26.4775 35.2979 2.4
      vertex -28 41.6 2.4
      vertex -27.0322 35.5175 2.4
    endloop
  endfacet
  facet normal 0 0 1
    outer loop
      vertex -27.0322 35.5175 2.4
      vertex -28 41.6 2.4
      vertex -27.6099 35.6659 2.4
    endloop
  endfacet
  facet normal 0 0 1
    outer loop
      vertex -28 41.6 2.4
      vertex -28.2017 35.7406 2.4
      vertex -27.6099 35.6659 2.4
    endloop
  endfacet
  facet normal 0 0 1
    outer loop
      vertex -28 41.6 2.4
      vertex -28.7983 35.7406 2.4
      vertex -28.2017 35.7406 2.4
    endloop
  endfacet
  facet normal 0 0 1
    outer loop
      vertex -28 41.6 2.4
      vertex -29.3901 35.6659 2.4
      vertex -28.7983 35.7406 2.4
    endloop
  endfacet
  facet normal -0 0 1
    outer loop
      vertex -32.8 36.8 2.4
      vertex -29.3901 35.6659 2.4
      vertex -28 41.6 2.4
    endloop
  endfacet
  facet normal 0 0 1
    outer loop
      vertex -29.3901 35.6659 2.4
      vertex -32.8 36.8 2.4
      vertex -29.9678 35.5175 2.4
    endloop
  endfacet
  facet normal 0 0 1
    outer loop
      vertex -29.9678 35.5175 2.4
      vertex -32.8 36.8 2.4
      vertex -30.5225 35.2979 2.4
    endloop
  endfacet
  facet normal 0 0 1
    outer loop
      vertex -30.5225 35.2979 2.4
      vertex -32.8 36.8 2.4
      vertex -31.0452 35.0106 2.4
    endloop
  endfacet
  facet normal 0 0 1
    outer loop
      vertex -31.0452 35.0106 2.4
      vertex -32.8 36.8 2.4
      vertex -31.5278 34.6599 2.4
    endloop
  endfacet
  facet normal 0 0 1
    outer loop
      vertex -31.5278 34.6599 2.4
      vertex -32.8 36.8 2.4
      vertex -31.9626 34.2516 2.4
    endloop
  endfacet
  facet normal 0 0 1
    outer loop
      vertex -31.9626 34.2516 2.4
      vertex -32.8 36.8 2.4
      vertex -32.3428 33.792 2.4
    endloop
  endfacet
  facet normal -0 0 1
    outer loop
      vertex -34.7 36.8 2.4
      vertex -32.3428 33.792 2.4
      vertex -32.8 36.8 2.4
    endloop
  endfacet
  facet normal 0 0 1
    outer loop
      vertex -32.3428 33.792 2.4
      vertex -34.7 36.8 2.4
      vertex -32.6625 33.2883 2.4
    endloop
  endfacet
  facet normal 0 0 1
    outer loop
      vertex -32.6625 33.2883 2.4
      vertex -34.7 36.8 2.4
      vertex -32.9164 32.7486 2.4
    endloop
  endfacet
  facet normal 0 0 1
    outer loop
      vertex -32.9164 32.7486 2.4
      vertex -34.7 36.8 2.4
      vertex -33.1008 32.1813 2.4
    endloop
  endfacet
  facet normal 0 0 1
    outer loop
      vertex -32.9164 -29.2514 2.4
      vertex -34.7 -13.8 2.4
      vertex -33.1008 -29.8187 2.4
    endloop
  endfacet
  facet normal 0 0 1
    outer loop
      vertex -34.7 36.8 2.4
      vertex -33.25 31 2.4
      vertex -33.2125 31.5953 2.4
    endloop
  endfacet
  facet normal 0 0 1
    outer loop
      vertex -33.1008 32.1813 2.4
      vertex -34.7 36.8 2.4
      vertex -33.2125 31.5953 2.4
    endloop
  endfacet
  facet normal 0 0 1
    outer loop
      vertex -33.2125 30.4047 2.4
      vertex -34.7 36.8 2.4
      vertex -34.7 13.8 2.4
    endloop
  endfacet
  facet normal 0 0 1
    outer loop
      vertex -31.0452 26.9894 2.4
      vertex -34.7 13.8 2.4
      vertex -34.6 13.8 2.4
    endloop
  endfacet
  facet normal 0 0 1
    outer loop
      vertex 33.25 -31 2.4
      vertex 34.7 -13.8 2.4
      vertex 34.6 -13.8 2.4
    endloop
  endfacet
  facet normal -0 0 1
    outer loop
      vertex 32.9164 29.2514 2.4
      vertex 34.7 13.8 2.4
      vertex 33.1008 29.8187 2.4
    endloop
  endfacet
  facet normal 0 0 1
    outer loop
      vertex 34.7 -13.8 2.4
      vertex 33.25 -31 2.4
      vertex 34.7 -36.8 2.4
    endloop
  endfacet
  facet normal -0 0 1
    outer loop
      vertex 33.2125 -31.5953 2.4
      vertex 34.7 -36.8 2.4
      vertex 33.25 -31 2.4
    endloop
  endfacet
  facet normal -0 0 1
    outer loop
      vertex 33.1008 -32.1813 2.4
      vertex 34.7 -36.8 2.4
      vertex 33.2125 -31.5953 2.4
    endloop
  endfacet
  facet normal -0 0 1
    outer loop
      vertex 32.9164 -32.7486 2.4
      vertex 34.7 -36.8 2.4
      vertex 33.1008 -32.1813 2.4
    endloop
  endfacet
  facet normal -0 0 1
    outer loop
      vertex 32.6625 -33.2883 2.4
      vertex 34.7 -36.8 2.4
      vertex 32.9164 -32.7486 2.4
    endloop
  endfacet
  facet normal -0 0 1
    outer loop
      vertex 32.3428 -33.792 2.4
      vertex 34.7 -36.8 2.4
      vertex 32.6625 -33.2883 2.4
    endloop
  endfacet
  facet normal 0 0 1
    outer loop
      vertex 34.7 -36.8 2.4
      vertex 32.3428 -33.792 2.4
      vertex 32.8 -36.8 2.4
    endloop
  endfacet
  facet normal -0 0 1
    outer loop
      vertex 31.9626 -34.2516 2.4
      vertex 32.8 -36.8 2.4
      vertex 32.3428 -33.792 2.4
    endloop
  endfacet
  facet normal -0 0 1
    outer loop
      vertex 31.5278 -34.6599 2.4
      vertex 32.8 -36.8 2.4
      vertex 31.9626 -34.2516 2.4
    endloop
  endfacet
  facet normal -0 0 1
    outer loop
      vertex 31.0452 -35.0106 2.4
      vertex 32.8 -36.8 2.4
      vertex 31.5278 -34.6599 2.4
    endloop
  endfacet
  facet normal -0 0 1
    outer loop
      vertex 30.5225 -35.2979 2.4
      vertex 32.8 -36.8 2.4
      vertex 31.0452 -35.0106 2.4
    endloop
  endfacet
  facet normal -0 0 1
    outer loop
      vertex 29.9678 -35.5175 2.4
      vertex 32.8 -36.8 2.4
      vertex 30.5225 -35.2979 2.4
    endloop
  endfacet
  facet normal -0 0 1
    outer loop
      vertex 29.3901 -35.6659 2.4
      vertex 32.8 -36.8 2.4
      vertex 29.9678 -35.5175 2.4
    endloop
  endfacet
  facet normal 0 0 1
    outer loop
      vertex 28 -41.6 2.4
      vertex 29.3901 -35.6659 2.4
      vertex 28.7983 -35.7406 2.4
    endloop
  endfacet
  facet normal 0 0 1
    outer loop
      vertex 28 -41.6 2.4
      vertex 28.7983 -35.7406 2.4
      vertex 28.2017 -35.7406 2.4
    endloop
  endfacet
  facet normal 0 0 1
    outer loop
      vertex 29.3901 -35.6659 2.4
      vertex 28 -41.6 2.4
      vertex 32.8 -36.8 2.4
    endloop
  endfacet
  facet normal 0 0 1
    outer loop
      vertex 27.6099 -35.6659 2.4
      vertex 28 -41.6 2.4
      vertex 28.2017 -35.7406 2.4
    endloop
  endfacet
  facet normal 0 0 1
    outer loop
      vertex 27.0322 -35.5175 2.4
      vertex 28 -41.6 2.4
      vertex 27.6099 -35.6659 2.4
    endloop
  endfacet
  facet normal 0 0 1
    outer loop
      vertex 26.4775 -35.2979 2.4
      vertex 28 -41.6 2.4
      vertex 27.0322 -35.5175 2.4
    endloop
  endfacet
  facet normal 0 0 1
    outer loop
      vertex 25.9548 -35.0106 2.4
      vertex 28 -41.6 2.4
      vertex 26.4775 -35.2979 2.4
    endloop
  endfacet
  facet normal 0 0 1
    outer loop
      vertex 25.4722 -34.6599 2.4
      vertex 28 -41.6 2.4
      vertex 25.9548 -35.0106 2.4
    endloop
  endfacet
  facet normal 0 0 1
    outer loop
      vertex 25.0374 -34.2516 2.4
      vertex 28 -41.6 2.4
      vertex 25.4722 -34.6599 2.4
    endloop
  endfacet
  facet normal 0 0 1
    outer loop
      vertex 24.6572 -33.792 2.4
      vertex 28 -41.6 2.4
      vertex 25.0374 -34.2516 2.4
    endloop
  endfacet
  facet normal 0 0 1
    outer loop
      vertex 24.3375 -33.2883 2.4
      vertex 28 -41.6 2.4
      vertex 24.6572 -33.792 2.4
    endloop
  endfacet
  facet normal 0 0 1
    outer loop
      vertex -24.3375 -33.2883 2.4
      vertex 24.3375 -33.2883 2.4
      vertex 24.0836 -32.7486 2.4
    endloop
  endfacet
  facet normal 0 0 1
    outer loop
      vertex 24.3375 -28.7117 2.4
      vertex 15.2 -12.7 2.4
      vertex 24.0836 -29.2514 2.4
    endloop
  endfacet
  facet normal 0 0 1
    outer loop
      vertex 24.0836 -29.2514 2.4
      vertex 15.2 -12.7 2.4
      vertex 23.8992 -29.8187 2.4
    endloop
  endfacet
  facet normal 0 0 1
    outer loop
      vertex 23.8992 -29.8187 2.4
      vertex 15.2 -12.7 2.4
      vertex 23.7875 -30.4047 2.4
    endloop
  endfacet
  facet normal 0 0 1
    outer loop
      vertex 23.7875 -30.4047 2.4
      vertex 15.2 -12.7 2.4
      vertex 23.75 -31 2.4
    endloop
  endfacet
  facet normal 0 0 1
    outer loop
      vertex 17.8 -12.7 2.4
      vertex 19.2 -12.7 2.4
      vertex 17.8 12.7 2.4
    endloop
  endfacet
  facet normal 0 0 1
    outer loop
      vertex -23.75 -31 2.4
      vertex 23.75 -31 2.4
      vertex 15.2 -12.7 2.4
    endloop
  endfacet
  facet normal 0 0 1
    outer loop
      vertex 23.75 -31 2.4
      vertex -23.75 -31 2.4
      vertex 23.7875 -31.5953 2.4
    endloop
  endfacet
  facet normal 0 0 1
    outer loop
      vertex -23.7875 -31.5953 2.4
      vertex 23.7875 -31.5953 2.4
      vertex -23.75 -31 2.4
    endloop
  endfacet
  facet normal 0 0 1
    outer loop
      vertex 23.7875 -31.5953 2.4
      vertex -23.7875 -31.5953 2.4
      vertex 23.8992 -32.1813 2.4
    endloop
  endfacet
  facet normal -0 0 1
    outer loop
      vertex -23.8992 29.8187 2.4
      vertex 15.2 12.7 2.4
      vertex -23.7875 30.4047 2.4
    endloop
  endfacet
  facet normal 0 0 1
    outer loop
      vertex -23.8992 -32.1813 2.4
      vertex 23.8992 -32.1813 2.4
      vertex -23.7875 -31.5953 2.4
    endloop
  endfacet
  facet normal 0 0 1
    outer loop
      vertex 23.8992 -32.1813 2.4
      vertex -23.8992 -32.1813 2.4
      vertex 24.0836 -32.7486 2.4
    endloop
  endfacet
  facet normal 0 0 1
    outer loop
      vertex -24.0836 -32.7486 2.4
      vertex 24.0836 -32.7486 2.4
      vertex -23.8992 -32.1813 2.4
    endloop
  endfacet
  facet normal 0 0 1
    outer loop
      vertex -24.3375 -33.2883 2.4
      vertex 24.0836 -32.7486 2.4
      vertex -24.0836 -32.7486 2.4
    endloop
  endfacet
  facet normal 0 0 1
    outer loop
      vertex 24.3375 -33.2883 2.4
      vertex -24.3375 -33.2883 2.4
      vertex 28 -41.6 2.4
    endloop
  endfacet
  facet normal -0 0 1
    outer loop
      vertex -24.6572 -33.792 2.4
      vertex 28 -41.6 2.4
      vertex -24.3375 -33.2883 2.4
    endloop
  endfacet
  facet normal 0 0 1
    outer loop
      vertex -28 -41.6 2.4
      vertex -24.6572 -33.792 2.4
      vertex -25.0374 -34.2516 2.4
    endloop
  endfacet
  facet normal 0 0 1
    outer loop
      vertex -28 -41.6 2.4
      vertex -25.0374 -34.2516 2.4
      vertex -25.4722 -34.6599 2.4
    endloop
  endfacet
  facet normal 0 0 1
    outer loop
      vertex -28 -41.6 2.4
      vertex -25.4722 -34.6599 2.4
      vertex -25.9548 -35.0106 2.4
    endloop
  endfacet
  facet normal 0 0 1
    outer loop
      vertex -28 -41.6 2.4
      vertex -25.9548 -35.0106 2.4
      vertex -26.4775 -35.2979 2.4
    endloop
  endfacet
  facet normal 0 0 1
    outer loop
      vertex -28 -41.6 2.4
      vertex -26.4775 -35.2979 2.4
      vertex -27.0322 -35.5175 2.4
    endloop
  endfacet
  facet normal 0 0 1
    outer loop
      vertex -28 -41.6 2.4
      vertex -27.0322 -35.5175 2.4
      vertex -27.6099 -35.6659 2.4
    endloop
  endfacet
  facet normal 0 0 1
    outer loop
      vertex -24.6572 -33.792 2.4
      vertex -28 -41.6 2.4
      vertex 28 -41.6 2.4
    endloop
  endfacet
  facet normal -0 0 1
    outer loop
      vertex -28.2017 -35.7406 2.4
      vertex -28 -41.6 2.4
      vertex -27.6099 -35.6659 2.4
    endloop
  endfacet
  facet normal -0 0 1
    outer loop
      vertex -28.7983 -35.7406 2.4
      vertex -28 -41.6 2.4
      vertex -28.2017 -35.7406 2.4
    endloop
  endfacet
  facet normal 0 0 1
    outer loop
      vertex -29.3901 -35.6659 2.4
      vertex -28 -41.6 2.4
      vertex -28.7983 -35.7406 2.4
    endloop
  endfacet
  facet normal 0 0 1
    outer loop
      vertex -32.8 -36.8 2.4
      vertex -29.3901 -35.6659 2.4
      vertex -29.9678 -35.5175 2.4
    endloop
  endfacet
  facet normal 0 0 1
    outer loop
      vertex -32.8 -36.8 2.4
      vertex -29.9678 -35.5175 2.4
      vertex -30.5225 -35.2979 2.4
    endloop
  endfacet
  facet normal 0 0 1
    outer loop
      vertex -32.8 -36.8 2.4
      vertex -30.5225 -35.2979 2.4
      vertex -31.0452 -35.0106 2.4
    endloop
  endfacet
  facet normal 0 0 1
    outer loop
      vertex -32.8 -36.8 2.4
      vertex -31.0452 -35.0106 2.4
      vertex -31.5278 -34.6599 2.4
    endloop
  endfacet
  facet normal 0 0 1
    outer loop
      vertex -32.8 -36.8 2.4
      vertex -31.5278 -34.6599 2.4
      vertex -31.9626 -34.2516 2.4
    endloop
  endfacet
  facet normal 0 0 1
    outer loop
      vertex -32.8 -36.8 2.4
      vertex -31.9626 -34.2516 2.4
      vertex -32.3428 -33.792 2.4
    endloop
  endfacet
  facet normal 0 0 1
    outer loop
      vertex -34.7 -36.8 2.4
      vertex -32.3428 -33.792 2.4
      vertex -32.6625 -33.2883 2.4
    endloop
  endfacet
  facet normal 0 0 1
    outer loop
      vertex -29.3901 -35.6659 2.4
      vertex -32.8 -36.8 2.4
      vertex -28 -41.6 2.4
    endloop
  endfacet
  facet normal 0 0 1
    outer loop
      vertex -34.7 -36.8 2.4
      vertex -32.6625 -33.2883 2.4
      vertex -32.9164 -32.7486 2.4
    endloop
  endfacet
  facet normal 0 0 1
    outer loop
      vertex -34.7 -36.8 2.4
      vertex -32.9164 -32.7486 2.4
      vertex -33.1008 -32.1813 2.4
    endloop
  endfacet
  facet normal 0 0 1
    outer loop
      vertex -34.7 -36.8 2.4
      vertex -33.1008 -32.1813 2.4
      vertex -33.2125 -31.5953 2.4
    endloop
  endfacet
  facet normal 0 0 1
    outer loop
      vertex -33.1008 -29.8187 2.4
      vertex -34.7 -13.8 2.4
      vertex -33.2125 -30.4047 2.4
    endloop
  endfacet
  facet normal 0 0 1
    outer loop
      vertex -34.7 -36.8 2.4
      vertex -33.2125 -30.4047 2.4
      vertex -34.7 -13.8 2.4
    endloop
  endfacet
  facet normal 0 0 1
    outer loop
      vertex -33.2125 -30.4047 2.4
      vertex -34.7 -36.8 2.4
      vertex -33.25 -31 2.4
    endloop
  endfacet
  facet normal 0 0 1
    outer loop
      vertex -33.25 -31 2.4
      vertex -34.7 -36.8 2.4
      vertex -33.2125 -31.5953 2.4
    endloop
  endfacet
  facet normal 0 0 1
    outer loop
      vertex -32.3428 -33.792 2.4
      vertex -34.7 -36.8 2.4
      vertex -32.8 -36.8 2.4
    endloop
  endfacet
  facet normal 0 1 -0
    outer loop
      vertex -34.6 13.8 14.4
      vertex -34.7 13.8 24.5
      vertex -34.6 13.8 24.5
    endloop
  endfacet
  facet normal 0 1 0
    outer loop
      vertex -34.7 13.8 24.5
      vertex -34.6 13.8 14.4
      vertex -34.7 13.8 14.4
    endloop
  endfacet
  facet normal 0 1 -0
    outer loop
      vertex -34.6 13.8 2.4
      vertex -34.7 13.8 3.9
      vertex -34.6 13.8 3.9
    endloop
  endfacet
  facet normal 0 1 0
    outer loop
      vertex -34.7 13.8 3.9
      vertex -34.6 13.8 2.4
      vertex -34.7 13.8 2.4
    endloop
  endfacet
  facet normal 0 1 -0
    outer loop
      vertex -34.6 13.8 8.9
      vertex -34.7 13.8 10.4
      vertex -34.6 13.8 10.4
    endloop
  endfacet
  facet normal 0 1 0
    outer loop
      vertex -34.7 13.8 10.4
      vertex -34.6 13.8 8.9
      vertex -34.7 13.8 8.9
    endloop
  endfacet
  facet normal 0 -1 0
    outer loop
      vertex -34.7 36.8 2.4
      vertex -32.8 36.8 10.4
      vertex -34.7 36.8 10.4
    endloop
  endfacet
  facet normal 0 -1 -0
    outer loop
      vertex -32.8 36.8 10.4
      vertex -34.7 36.8 2.4
      vertex -32.8 36.8 2.4
    endloop
  endfacet
  facet normal 0 -1 0
    outer loop
      vertex -34.7 36.8 27
      vertex -33.8 36.8 24.5
      vertex -33.8 36.8 27
    endloop
  endfacet
  facet normal 0 -1 0
    outer loop
      vertex -34.7 36.8 14.4
      vertex -33.8 36.8 24.5
      vertex -34.7 36.8 27
    endloop
  endfacet
  facet normal 0 -1 0
    outer loop
      vertex -32.8 36.8 14.4
      vertex -33.8 36.8 24.5
      vertex -34.7 36.8 14.4
    endloop
  endfacet
  facet normal 0 -1 0
    outer loop
      vertex -33.8 36.8 24.5
      vertex -32.8 36.8 14.4
      vertex -32.8 36.8 24.5
    endloop
  endfacet
  facet normal 0 0 -1
    outer loop
      vertex -34.7 9 14.4
      vertex -34.6 13.8 14.4
      vertex -34.6 9 14.4
    endloop
  endfacet
  facet normal -0 0 -1
    outer loop
      vertex -34.6 13.8 14.4
      vertex -34.7 9 14.4
      vertex -34.7 13.8 14.4
    endloop
  endfacet
  facet normal 0 0 -0
    outer loop
      vertex -28 41.6 14.4
      vertex -30.4 41.6 14.4
      vertex -22.3 41.6 14.4
    endloop
  endfacet
  facet normal 0 0 -1
    outer loop
      vertex -32.8 36.8 14.4
      vertex -30.4 41.6 14.4
      vertex -28 41.6 14.4
    endloop
  endfacet
  facet normal 0 0 -1
    outer loop
      vertex -34.7 37.3 14.4
      vertex -32.8 36.8 14.4
      vertex -34.7 36.8 14.4
    endloop
  endfacet
  facet normal 0 0 -1
    outer loop
      vertex -32.8 36.8 14.4
      vertex -34.7 37.3 14.4
      vertex -30.4 41.6 14.4
    endloop
  endfacet
  facet normal -0 0 1
    outer loop
      vertex -34.7 13.8 10.4
      vertex -34.6 9 10.4
      vertex -34.6 13.8 10.4
    endloop
  endfacet
  facet normal 0 0 1
    outer loop
      vertex -34.6 9 10.4
      vertex -34.7 13.8 10.4
      vertex -34.7 9 10.4
    endloop
  endfacet
  facet normal 0 0 0
    outer loop
      vertex -30.4 41.6 10.4
      vertex -28 41.6 10.4
      vertex -22.3 41.6 10.4
    endloop
  endfacet
  facet normal -0 0 1
    outer loop
      vertex -30.4 41.6 10.4
      vertex -32.8 36.8 10.4
      vertex -28 41.6 10.4
    endloop
  endfacet
  facet normal -0 0 1
    outer loop
      vertex -34.7 37.3 10.4
      vertex -32.8 36.8 10.4
      vertex -30.4 41.6 10.4
    endloop
  endfacet
  facet normal 0 0 1
    outer loop
      vertex -32.8 36.8 10.4
      vertex -34.7 37.3 10.4
      vertex -34.7 36.8 10.4
    endloop
  endfacet
  facet normal 0 1 -0
    outer loop
      vertex -34.6 9 10.4
      vertex -34.7 9 14.4
      vertex -34.6 9 14.4
    endloop
  endfacet
  facet normal 0 1 0
    outer loop
      vertex -34.7 9 14.4
      vertex -34.6 9 10.4
      vertex -34.7 9 10.4
    endloop
  endfacet
  facet normal 0 -1 0
    outer loop
      vertex -30.4 41.6 10.4
      vertex -22.3 41.6 14.4
      vertex -30.4 41.6 14.4
    endloop
  endfacet
  facet normal 0 -1 -0
    outer loop
      vertex -22.3 41.6 14.4
      vertex -30.4 41.6 10.4
      vertex -22.3 41.6 10.4
    endloop
  endfacet
  facet normal 0 -1 0
    outer loop
      vertex -36.5 16.8 3.9
      vertex -34.7 16.8 8.9
      vertex -36.5 16.8 8.9
    endloop
  endfacet
  facet normal 0 -1 -0
    outer loop
      vertex -34.7 16.8 8.9
      vertex -36.5 16.8 3.9
      vertex -34.7 16.8 3.9
    endloop
  endfacet
  facet normal 0 0 -1
    outer loop
      vertex -34.6 10.8 8.9
      vertex -34.7 13.8 8.9
      vertex -34.6 13.8 8.9
    endloop
  endfacet
  facet normal 0 0 -1
    outer loop
      vertex -36.5 10.8 8.9
      vertex -34.7 13.8 8.9
      vertex -34.6 10.8 8.9
    endloop
  endfacet
  facet normal 0 0 -1
    outer loop
      vertex -36.5 16.8 8.9
      vertex -34.7 13.8 8.9
      vertex -36.5 10.8 8.9
    endloop
  endfacet
  facet normal 0 0 -1
    outer loop
      vertex -34.7 13.8 8.9
      vertex -36.5 16.8 8.9
      vertex -34.7 16.8 8.9
    endloop
  endfacet
  facet normal 1 -0 0
    outer loop
      vertex -36.5 10.8 8.9
      vertex -36.5 16.8 3.9
      vertex -36.5 16.8 8.9
    endloop
  endfacet
  facet normal 1 0 0
    outer loop
      vertex -36.5 16.8 3.9
      vertex -36.5 10.8 8.9
      vertex -36.5 10.8 3.9
    endloop
  endfacet
  facet normal 0 1 -0
    outer loop
      vertex -34.6 10.8 3.9
      vertex -36.5 10.8 8.9
      vertex -34.6 10.8 8.9
    endloop
  endfacet
  facet normal 0 1 0
    outer loop
      vertex -36.5 10.8 8.9
      vertex -34.6 10.8 3.9
      vertex -36.5 10.8 3.9
    endloop
  endfacet
  facet normal 0 0 1
    outer loop
      vertex -34.7 16.8 3.9
      vertex -36.5 16.8 3.9
      vertex -34.7 13.8 3.9
    endloop
  endfacet
  facet normal -0 0 1
    outer loop
      vertex -34.7 13.8 3.9
      vertex -34.6 10.8 3.9
      vertex -34.6 13.8 3.9
    endloop
  endfacet
  facet normal 0 0 1
    outer loop
      vertex -36.5 10.8 3.9
      vertex -34.7 13.8 3.9
      vertex -36.5 16.8 3.9
    endloop
  endfacet
  facet normal 0 0 1
    outer loop
      vertex -34.7 13.8 3.9
      vertex -36.5 10.8 3.9
      vertex -34.6 10.8 3.9
    endloop
  endfacet
  facet normal -0.998022 -0.0628688 0
    outer loop
      vertex 33.25 31 0
      vertex 33.2125 31.5953 2.4
      vertex 33.2125 31.5953 0
    endloop
  endfacet
  facet normal -0.998022 -0.0628688 0
    outer loop
      vertex 33.2125 31.5953 2.4
      vertex 33.25 31 0
      vertex 33.25 31 2.4
    endloop
  endfacet
  facet normal 0.998022 -0.0628688 0
    outer loop
      vertex 23.75 31 2.4
      vertex 23.7875 31.5953 0
      vertex 23.7875 31.5953 2.4
    endloop
  endfacet
  facet normal 0.998022 -0.0628688 0
    outer loop
      vertex 23.7875 31.5953 0
      vertex 23.75 31 2.4
      vertex 23.75 31 0
    endloop
  endfacet
  facet normal 0 -1 0
    outer loop
      vertex 28.2017 35.7406 0
      vertex 28.7983 35.7406 2.4
      vertex 28.2017 35.7406 2.4
    endloop
  endfacet
  facet normal 0 -1 -0
    outer loop
      vertex 28.7983 35.7406 2.4
      vertex 28.2017 35.7406 0
      vertex 28.7983 35.7406 0
    endloop
  endfacet
  facet normal -0.684543 -0.728972 0
    outer loop
      vertex 31.5278 34.6599 0
      vertex 31.9626 34.2516 2.4
      vertex 31.5278 34.6599 2.4
    endloop
  endfacet
  facet normal -0.684543 -0.728972 -0
    outer loop
      vertex 31.9626 34.2516 2.4
      vertex 31.5278 34.6599 0
      vertex 31.9626 34.2516 0
    endloop
  endfacet
  facet normal 0.684543 -0.728972 0
    outer loop
      vertex 25.0374 34.2516 0
      vertex 25.4722 34.6599 2.4
      vertex 25.0374 34.2516 2.4
    endloop
  endfacet
  facet normal 0.684543 -0.728972 0
    outer loop
      vertex 25.4722 34.6599 2.4
      vertex 25.0374 34.2516 0
      vertex 25.4722 34.6599 0
    endloop
  endfacet
  facet normal 0.368094 -0.929789 0
    outer loop
      vertex 26.4775 35.2979 0
      vertex 27.0322 35.5175 2.4
      vertex 26.4775 35.2979 2.4
    endloop
  endfacet
  facet normal 0.368094 -0.929789 0
    outer loop
      vertex 27.0322 35.5175 2.4
      vertex 26.4775 35.2979 0
      vertex 27.0322 35.5175 0
    endloop
  endfacet
  facet normal -0.904868 -0.425692 0
    outer loop
      vertex 32.9164 32.7486 0
      vertex 32.6625 33.2883 2.4
      vertex 32.6625 33.2883 0
    endloop
  endfacet
  facet normal -0.904868 -0.425692 0
    outer loop
      vertex 32.6625 33.2883 2.4
      vertex 32.9164 32.7486 0
      vertex 32.9164 32.7486 2.4
    endloop
  endfacet
  facet normal -0.982314 -0.187243 0
    outer loop
      vertex 33.2125 31.5953 0
      vertex 33.1008 32.1813 2.4
      vertex 33.1008 32.1813 0
    endloop
  endfacet
  facet normal -0.982314 -0.187243 0
    outer loop
      vertex 33.1008 32.1813 2.4
      vertex 33.2125 31.5953 0
      vertex 33.2125 31.5953 2.4
    endloop
  endfacet
  facet normal -0.844296 -0.535877 0
    outer loop
      vertex 32.6625 33.2883 0
      vertex 32.3428 33.792 2.4
      vertex 32.3428 33.792 0
    endloop
  endfacet
  facet normal -0.844296 -0.535877 0
    outer loop
      vertex 32.3428 33.792 2.4
      vertex 32.6625 33.2883 0
      vertex 32.6625 33.2883 2.4
    endloop
  endfacet
  facet normal -0.368094 -0.929789 0
    outer loop
      vertex 29.9678 35.5175 0
      vertex 30.5225 35.2979 2.4
      vertex 29.9678 35.5175 2.4
    endloop
  endfacet
  facet normal -0.368094 -0.929789 -0
    outer loop
      vertex 30.5225 35.2979 2.4
      vertex 29.9678 35.5175 0
      vertex 30.5225 35.2979 0
    endloop
  endfacet
  facet normal -0.248803 -0.968554 0
    outer loop
      vertex 29.3901 35.6659 0
      vertex 29.9678 35.5175 2.4
      vertex 29.3901 35.6659 2.4
    endloop
  endfacet
  facet normal -0.248803 -0.968554 -0
    outer loop
      vertex 29.9678 35.5175 2.4
      vertex 29.3901 35.6659 0
      vertex 29.9678 35.5175 0
    endloop
  endfacet
  facet normal -0.587863 -0.808961 0
    outer loop
      vertex 31.0452 35.0106 0
      vertex 31.5278 34.6599 2.4
      vertex 31.0452 35.0106 2.4
    endloop
  endfacet
  facet normal -0.587863 -0.808961 -0
    outer loop
      vertex 31.5278 34.6599 2.4
      vertex 31.0452 35.0106 0
      vertex 31.5278 34.6599 0
    endloop
  endfacet
  facet normal 0.844296 -0.535877 0
    outer loop
      vertex 24.3375 33.2883 2.4
      vertex 24.6572 33.792 0
      vertex 24.6572 33.792 2.4
    endloop
  endfacet
  facet normal 0.844296 -0.535877 0
    outer loop
      vertex 24.6572 33.792 0
      vertex 24.3375 33.2883 2.4
      vertex 24.3375 33.2883 0
    endloop
  endfacet
  facet normal 0.770525 -0.63741 0
    outer loop
      vertex 24.6572 33.792 2.4
      vertex 25.0374 34.2516 0
      vertex 25.0374 34.2516 2.4
    endloop
  endfacet
  facet normal 0.770525 -0.63741 0
    outer loop
      vertex 25.0374 34.2516 0
      vertex 24.6572 33.792 2.4
      vertex 24.6572 33.792 0
    endloop
  endfacet
  facet normal 0.951021 -0.309128 0
    outer loop
      vertex 23.8992 32.1813 2.4
      vertex 24.0836 32.7486 0
      vertex 24.0836 32.7486 2.4
    endloop
  endfacet
  facet normal 0.951021 -0.309128 0
    outer loop
      vertex 24.0836 32.7486 0
      vertex 23.8992 32.1813 2.4
      vertex 23.8992 32.1813 0
    endloop
  endfacet
  facet normal 0.587863 -0.808961 0
    outer loop
      vertex 25.4722 34.6599 0
      vertex 25.9548 35.0106 2.4
      vertex 25.4722 34.6599 2.4
    endloop
  endfacet
  facet normal 0.587863 -0.808961 0
    outer loop
      vertex 25.9548 35.0106 2.4
      vertex 25.4722 34.6599 0
      vertex 25.9548 35.0106 0
    endloop
  endfacet
  facet normal 0.125231 -0.992128 0
    outer loop
      vertex 27.6099 35.6659 0
      vertex 28.2017 35.7406 2.4
      vertex 27.6099 35.6659 2.4
    endloop
  endfacet
  facet normal 0.125231 -0.992128 0
    outer loop
      vertex 28.2017 35.7406 2.4
      vertex 27.6099 35.6659 0
      vertex 28.2017 35.7406 0
    endloop
  endfacet
  facet normal -0.998022 0.0628688 0
    outer loop
      vertex 33.2125 30.4047 0
      vertex 33.25 31 2.4
      vertex 33.25 31 0
    endloop
  endfacet
  facet normal -0.998022 0.0628688 0
    outer loop
      vertex 33.25 31 2.4
      vertex 33.2125 30.4047 0
      vertex 33.2125 30.4047 2.4
    endloop
  endfacet
  facet normal -0.125231 0.992128 0
    outer loop
      vertex 29.3901 26.3341 0
      vertex 28.7983 26.2594 2.4
      vertex 29.3901 26.3341 2.4
    endloop
  endfacet
  facet normal -0.125231 0.992128 0
    outer loop
      vertex 28.7983 26.2594 2.4
      vertex 29.3901 26.3341 0
      vertex 28.7983 26.2594 0
    endloop
  endfacet
  facet normal -0.951021 -0.309128 0
    outer loop
      vertex 33.1008 32.1813 0
      vertex 32.9164 32.7486 2.4
      vertex 32.9164 32.7486 0
    endloop
  endfacet
  facet normal -0.951021 -0.309128 0
    outer loop
      vertex 32.9164 32.7486 2.4
      vertex 33.1008 32.1813 0
      vertex 33.1008 32.1813 2.4
    endloop
  endfacet
  facet normal -0.770525 -0.63741 0
    outer loop
      vertex 32.3428 33.792 0
      vertex 31.9626 34.2516 2.4
      vertex 31.9626 34.2516 0
    endloop
  endfacet
  facet normal -0.770525 -0.63741 0
    outer loop
      vertex 31.9626 34.2516 2.4
      vertex 32.3428 33.792 0
      vertex 32.3428 33.792 2.4
    endloop
  endfacet
  facet normal -0.125231 -0.992128 0
    outer loop
      vertex 28.7983 35.7406 0
      vertex 29.3901 35.6659 2.4
      vertex 28.7983 35.7406 2.4
    endloop
  endfacet
  facet normal -0.125231 -0.992128 -0
    outer loop
      vertex 29.3901 35.6659 2.4
      vertex 28.7983 35.7406 0
      vertex 29.3901 35.6659 0
    endloop
  endfacet
  facet normal -0.481681 -0.876347 0
    outer loop
      vertex 30.5225 35.2979 0
      vertex 31.0452 35.0106 2.4
      vertex 30.5225 35.2979 2.4
    endloop
  endfacet
  facet normal -0.481681 -0.876347 -0
    outer loop
      vertex 31.0452 35.0106 2.4
      vertex 30.5225 35.2979 0
      vertex 31.0452 35.0106 0
    endloop
  endfacet
  facet normal 0.904868 -0.425692 0
    outer loop
      vertex 24.0836 32.7486 2.4
      vertex 24.3375 33.2883 0
      vertex 24.3375 33.2883 2.4
    endloop
  endfacet
  facet normal 0.904868 -0.425692 0
    outer loop
      vertex 24.3375 33.2883 0
      vertex 24.0836 32.7486 2.4
      vertex 24.0836 32.7486 0
    endloop
  endfacet
  facet normal 0.248803 -0.968554 0
    outer loop
      vertex 27.0322 35.5175 0
      vertex 27.6099 35.6659 2.4
      vertex 27.0322 35.5175 2.4
    endloop
  endfacet
  facet normal 0.248803 -0.968554 0
    outer loop
      vertex 27.6099 35.6659 2.4
      vertex 27.0322 35.5175 0
      vertex 27.6099 35.6659 0
    endloop
  endfacet
  facet normal -0.951021 0.309128 0
    outer loop
      vertex 32.9164 29.2514 0
      vertex 33.1008 29.8187 2.4
      vertex 33.1008 29.8187 0
    endloop
  endfacet
  facet normal -0.951021 0.309128 0
    outer loop
      vertex 33.1008 29.8187 2.4
      vertex 32.9164 29.2514 0
      vertex 32.9164 29.2514 2.4
    endloop
  endfacet
  facet normal -0.982314 0.187243 0
    outer loop
      vertex 33.1008 29.8187 0
      vertex 33.2125 30.4047 2.4
      vertex 33.2125 30.4047 0
    endloop
  endfacet
  facet normal -0.982314 0.187243 0
    outer loop
      vertex 33.2125 30.4047 2.4
      vertex 33.1008 29.8187 0
      vertex 33.1008 29.8187 2.4
    endloop
  endfacet
  facet normal 0.951021 0.309128 0
    outer loop
      vertex 24.0836 29.2514 2.4
      vertex 23.8992 29.8187 0
      vertex 23.8992 29.8187 2.4
    endloop
  endfacet
  facet normal 0.951021 0.309128 0
    outer loop
      vertex 23.8992 29.8187 0
      vertex 24.0836 29.2514 2.4
      vertex 24.0836 29.2514 0
    endloop
  endfacet
  facet normal -0.368094 0.929789 0
    outer loop
      vertex 30.5225 26.7021 0
      vertex 29.9678 26.4825 2.4
      vertex 30.5225 26.7021 2.4
    endloop
  endfacet
  facet normal -0.368094 0.929789 0
    outer loop
      vertex 29.9678 26.4825 2.4
      vertex 30.5225 26.7021 0
      vertex 29.9678 26.4825 0
    endloop
  endfacet
  facet normal -0.248803 0.968554 0
    outer loop
      vertex 29.9678 26.4825 0
      vertex 29.3901 26.3341 2.4
      vertex 29.9678 26.4825 2.4
    endloop
  endfacet
  facet normal -0.248803 0.968554 0
    outer loop
      vertex 29.3901 26.3341 2.4
      vertex 29.9678 26.4825 0
      vertex 29.3901 26.3341 0
    endloop
  endfacet
  facet normal 0.982314 -0.187243 0
    outer loop
      vertex 23.7875 31.5953 2.4
      vertex 23.8992 32.1813 0
      vertex 23.8992 32.1813 2.4
    endloop
  endfacet
  facet normal 0.982314 -0.187243 0
    outer loop
      vertex 23.8992 32.1813 0
      vertex 23.7875 31.5953 2.4
      vertex 23.7875 31.5953 0
    endloop
  endfacet
  facet normal 0.481681 -0.876347 0
    outer loop
      vertex 25.9548 35.0106 0
      vertex 26.4775 35.2979 2.4
      vertex 25.9548 35.0106 2.4
    endloop
  endfacet
  facet normal 0.481681 -0.876347 0
    outer loop
      vertex 26.4775 35.2979 2.4
      vertex 25.9548 35.0106 0
      vertex 26.4775 35.2979 0
    endloop
  endfacet
  facet normal -0.684543 0.728972 0
    outer loop
      vertex 31.9626 27.7484 0
      vertex 31.5278 27.3401 2.4
      vertex 31.9626 27.7484 2.4
    endloop
  endfacet
  facet normal -0.684543 0.728972 0
    outer loop
      vertex 31.5278 27.3401 2.4
      vertex 31.9626 27.7484 0
      vertex 31.5278 27.3401 0
    endloop
  endfacet
  facet normal -0.844296 0.535877 0
    outer loop
      vertex 32.3428 28.208 0
      vertex 32.6625 28.7117 2.4
      vertex 32.6625 28.7117 0
    endloop
  endfacet
  facet normal -0.844296 0.535877 0
    outer loop
      vertex 32.6625 28.7117 2.4
      vertex 32.3428 28.208 0
      vertex 32.3428 28.208 2.4
    endloop
  endfacet
  facet normal 0.368094 0.929789 -0
    outer loop
      vertex 27.0322 26.4825 0
      vertex 26.4775 26.7021 2.4
      vertex 27.0322 26.4825 2.4
    endloop
  endfacet
  facet normal 0.368094 0.929789 0
    outer loop
      vertex 26.4775 26.7021 2.4
      vertex 27.0322 26.4825 0
      vertex 26.4775 26.7021 0
    endloop
  endfacet
  facet normal 0.770525 0.63741 0
    outer loop
      vertex 25.0374 27.7484 2.4
      vertex 24.6572 28.208 0
      vertex 24.6572 28.208 2.4
    endloop
  endfacet
  facet normal 0.770525 0.63741 0
    outer loop
      vertex 24.6572 28.208 0
      vertex 25.0374 27.7484 2.4
      vertex 25.0374 27.7484 0
    endloop
  endfacet
  facet normal 0.998022 0.0628688 0
    outer loop
      vertex 23.7875 30.4047 2.4
      vertex 23.75 31 0
      vertex 23.75 31 2.4
    endloop
  endfacet
  facet normal 0.998022 0.0628688 0
    outer loop
      vertex 23.75 31 0
      vertex 23.7875 30.4047 2.4
      vertex 23.7875 30.4047 0
    endloop
  endfacet
  facet normal -0.481681 0.876347 0
    outer loop
      vertex 31.0452 26.9894 0
      vertex 30.5225 26.7021 2.4
      vertex 31.0452 26.9894 2.4
    endloop
  endfacet
  facet normal -0.481681 0.876347 0
    outer loop
      vertex 30.5225 26.7021 2.4
      vertex 31.0452 26.9894 0
      vertex 30.5225 26.7021 0
    endloop
  endfacet
  facet normal -0.904868 0.425692 0
    outer loop
      vertex 32.6625 28.7117 0
      vertex 32.9164 29.2514 2.4
      vertex 32.9164 29.2514 0
    endloop
  endfacet
  facet normal -0.904868 0.425692 0
    outer loop
      vertex 32.9164 29.2514 2.4
      vertex 32.6625 28.7117 0
      vertex 32.6625 28.7117 2.4
    endloop
  endfacet
  facet normal 0 1 -0
    outer loop
      vertex 28.7983 26.2594 0
      vertex 28.2017 26.2594 2.4
      vertex 28.7983 26.2594 2.4
    endloop
  endfacet
  facet normal 0 1 0
    outer loop
      vertex 28.2017 26.2594 2.4
      vertex 28.7983 26.2594 0
      vertex 28.2017 26.2594 0
    endloop
  endfacet
  facet normal 0.125231 0.992128 -0
    outer loop
      vertex 28.2017 26.2594 0
      vertex 27.6099 26.3341 2.4
      vertex 28.2017 26.2594 2.4
    endloop
  endfacet
  facet normal 0.125231 0.992128 0
    outer loop
      vertex 27.6099 26.3341 2.4
      vertex 28.2017 26.2594 0
      vertex 27.6099 26.3341 0
    endloop
  endfacet
  facet normal 0.248803 0.968554 -0
    outer loop
      vertex 27.6099 26.3341 0
      vertex 27.0322 26.4825 2.4
      vertex 27.6099 26.3341 2.4
    endloop
  endfacet
  facet normal 0.248803 0.968554 0
    outer loop
      vertex 27.0322 26.4825 2.4
      vertex 27.6099 26.3341 0
      vertex 27.0322 26.4825 0
    endloop
  endfacet
  facet normal 0.587863 0.808961 -0
    outer loop
      vertex 25.9548 26.9894 0
      vertex 25.4722 27.3401 2.4
      vertex 25.9548 26.9894 2.4
    endloop
  endfacet
  facet normal 0.587863 0.808961 0
    outer loop
      vertex 25.4722 27.3401 2.4
      vertex 25.9548 26.9894 0
      vertex 25.4722 27.3401 0
    endloop
  endfacet
  facet normal 0.684543 0.728972 -0
    outer loop
      vertex 25.4722 27.3401 0
      vertex 25.0374 27.7484 2.4
      vertex 25.4722 27.3401 2.4
    endloop
  endfacet
  facet normal 0.684543 0.728972 0
    outer loop
      vertex 25.0374 27.7484 2.4
      vertex 25.4722 27.3401 0
      vertex 25.0374 27.7484 0
    endloop
  endfacet
  facet normal 0.844296 0.535877 0
    outer loop
      vertex 24.6572 28.208 2.4
      vertex 24.3375 28.7117 0
      vertex 24.3375 28.7117 2.4
    endloop
  endfacet
  facet normal 0.844296 0.535877 0
    outer loop
      vertex 24.3375 28.7117 0
      vertex 24.6572 28.208 2.4
      vertex 24.6572 28.208 0
    endloop
  endfacet
  facet normal 0.904868 0.425692 0
    outer loop
      vertex 24.3375 28.7117 2.4
      vertex 24.0836 29.2514 0
      vertex 24.0836 29.2514 2.4
    endloop
  endfacet
  facet normal 0.904868 0.425692 0
    outer loop
      vertex 24.0836 29.2514 0
      vertex 24.3375 28.7117 2.4
      vertex 24.3375 28.7117 0
    endloop
  endfacet
  facet normal 0.982314 0.187243 0
    outer loop
      vertex 23.8992 29.8187 2.4
      vertex 23.7875 30.4047 0
      vertex 23.7875 30.4047 2.4
    endloop
  endfacet
  facet normal 0.982314 0.187243 0
    outer loop
      vertex 23.7875 30.4047 0
      vertex 23.8992 29.8187 2.4
      vertex 23.8992 29.8187 0
    endloop
  endfacet
  facet normal -0.587863 0.808961 0
    outer loop
      vertex 31.5278 27.3401 0
      vertex 31.0452 26.9894 2.4
      vertex 31.5278 27.3401 2.4
    endloop
  endfacet
  facet normal -0.587863 0.808961 0
    outer loop
      vertex 31.0452 26.9894 2.4
      vertex 31.5278 27.3401 0
      vertex 31.0452 26.9894 0
    endloop
  endfacet
  facet normal -0.770525 0.63741 0
    outer loop
      vertex 31.9626 27.7484 0
      vertex 32.3428 28.208 2.4
      vertex 32.3428 28.208 0
    endloop
  endfacet
  facet normal -0.770525 0.63741 0
    outer loop
      vertex 32.3428 28.208 2.4
      vertex 31.9626 27.7484 0
      vertex 31.9626 27.7484 2.4
    endloop
  endfacet
  facet normal 0.481681 0.876347 -0
    outer loop
      vertex 26.4775 26.7021 0
      vertex 25.9548 26.9894 2.4
      vertex 26.4775 26.7021 2.4
    endloop
  endfacet
  facet normal 0.481681 0.876347 0
    outer loop
      vertex 25.9548 26.9894 2.4
      vertex 26.4775 26.7021 0
      vertex 25.9548 26.9894 0
    endloop
  endfacet
  facet normal -1 0 0
    outer loop
      vertex 34.7 9 10.4
      vertex 34.7 13.8 14.4
      vertex 34.7 13.8 10.4
    endloop
  endfacet
  facet normal -1 -0 0
    outer loop
      vertex 34.7 13.8 14.4
      vertex 34.7 9 10.4
      vertex 34.7 9 14.4
    endloop
  endfacet
  facet normal -1 0 0
    outer loop
      vertex 34.7 16.8 8.9
      vertex 34.7 36.8 10.4
      vertex 34.7 36.8 2.4
    endloop
  endfacet
  facet normal -1 -0 0
    outer loop
      vertex 34.7 36.8 10.4
      vertex 34.7 16.8 8.9
      vertex 34.7 36.8 14.4
    endloop
  endfacet
  facet normal -1 0 0
    outer loop
      vertex 34.7 36.8 14.4
      vertex 34.7 35.9 24.5
      vertex 34.7 36.8 27
    endloop
  endfacet
  facet normal -1 0 0
    outer loop
      vertex 34.7 16.8 8.9
      vertex 34.7 36.8 2.4
      vertex 34.7 16.8 3.9
    endloop
  endfacet
  facet normal -1 0 0
    outer loop
      vertex 34.7 13.8 2.4
      vertex 34.7 16.8 3.9
      vertex 34.7 36.8 2.4
    endloop
  endfacet
  facet normal -1 -0 0
    outer loop
      vertex 34.7 16.8 3.9
      vertex 34.7 13.8 2.4
      vertex 34.7 13.8 3.9
    endloop
  endfacet
  facet normal -1 0 0
    outer loop
      vertex 34.7 36.8 10.4
      vertex 34.7 37.3 14.4
      vertex 34.7 37.3 10.4
    endloop
  endfacet
  facet normal -1 -0 0
    outer loop
      vertex 34.7 37.3 14.4
      vertex 34.7 36.8 10.4
      vertex 34.7 36.8 14.4
    endloop
  endfacet
  facet normal -1 -0 0
    outer loop
      vertex 34.7 36.8 27
      vertex 34.7 35.9 24.5
      vertex 34.7 35.9 27
    endloop
  endfacet
  facet normal -1 0 0
    outer loop
      vertex 34.7 13.8 14.4
      vertex 34.7 36.8 14.4
      vertex 34.7 16.8 8.9
    endloop
  endfacet
  facet normal -1 0 0
    outer loop
      vertex 34.7 13.8 10.4
      vertex 34.7 16.8 8.9
      vertex 34.7 13.8 8.9
    endloop
  endfacet
  facet normal -1 0 0
    outer loop
      vertex 34.7 13.8 14.4
      vertex 34.7 16.8 8.9
      vertex 34.7 13.8 10.4
    endloop
  endfacet
  facet normal -1 0 0
    outer loop
      vertex 34.7 36.8 14.4
      vertex 34.7 13.8 14.4
      vertex 34.7 35.9 24.5
    endloop
  endfacet
  facet normal -1 -0 0
    outer loop
      vertex 34.7 35.9 24.5
      vertex 34.7 13.8 14.4
      vertex 34.7 13.8 24.5
    endloop
  endfacet
  facet normal 0 1 -0
    outer loop
      vertex 34.7 13.8 14.4
      vertex 34.6 13.8 24.5
      vertex 34.7 13.8 24.5
    endloop
  endfacet
  facet normal 0 1 0
    outer loop
      vertex 34.6 13.8 24.5
      vertex 34.7 13.8 14.4
      vertex 34.6 13.8 14.4
    endloop
  endfacet
  facet normal 0 1 -0
    outer loop
      vertex 34.7 13.8 2.4
      vertex 34.6 13.8 3.9
      vertex 34.7 13.8 3.9
    endloop
  endfacet
  facet normal 0 1 0
    outer loop
      vertex 34.6 13.8 3.9
      vertex 34.7 13.8 2.4
      vertex 34.6 13.8 2.4
    endloop
  endfacet
  facet normal 0 1 -0
    outer loop
      vertex 34.7 13.8 8.9
      vertex 34.6 13.8 10.4
      vertex 34.7 13.8 10.4
    endloop
  endfacet
  facet normal 0 1 0
    outer loop
      vertex 34.6 13.8 10.4
      vertex 34.7 13.8 8.9
      vertex 34.6 13.8 8.9
    endloop
  endfacet
  facet normal 0 -1 0
    outer loop
      vertex 32.8 36.8 2.4
      vertex 34.7 36.8 10.4
      vertex 32.8 36.8 10.4
    endloop
  endfacet
  facet normal 0 -1 -0
    outer loop
      vertex 34.7 36.8 10.4
      vertex 32.8 36.8 2.4
      vertex 34.7 36.8 2.4
    endloop
  endfacet
  facet normal 0 -1 0
    outer loop
      vertex 32.8 36.8 24.5
      vertex 32.8 36.8 14.4
      vertex 33.8 36.8 24.5
    endloop
  endfacet
  facet normal 0 -1 0
    outer loop
      vertex 33.8 36.8 24.5
      vertex 34.7 36.8 27
      vertex 33.8 36.8 27
    endloop
  endfacet
  facet normal 0 -1 0
    outer loop
      vertex 34.7 36.8 14.4
      vertex 33.8 36.8 24.5
      vertex 32.8 36.8 14.4
    endloop
  endfacet
  facet normal 0 -1 0
    outer loop
      vertex 33.8 36.8 24.5
      vertex 34.7 36.8 14.4
      vertex 34.7 36.8 27
    endloop
  endfacet
  facet normal 0 0 -1
    outer loop
      vertex 34.6 9 14.4
      vertex 34.7 13.8 14.4
      vertex 34.7 9 14.4
    endloop
  endfacet
  facet normal -0 0 -1
    outer loop
      vertex 34.7 13.8 14.4
      vertex 34.6 9 14.4
      vertex 34.6 13.8 14.4
    endloop
  endfacet
  facet normal 0 0 -1
    outer loop
      vertex 32.8 36.8 14.4
      vertex 34.7 37.3 14.4
      vertex 34.7 36.8 14.4
    endloop
  endfacet
  facet normal 0 0 -1
    outer loop
      vertex 32.8 36.8 14.4
      vertex 30.4 41.6 14.4
      vertex 34.7 37.3 14.4
    endloop
  endfacet
  facet normal 0 0 -1
    outer loop
      vertex 28 41.6 14.4
      vertex 30.4 41.6 14.4
      vertex 32.8 36.8 14.4
    endloop
  endfacet
  facet normal 0 0 -0
    outer loop
      vertex 28 41.6 14.4
      vertex 22.3 41.6 14.4
      vertex 30.4 41.6 14.4
    endloop
  endfacet
  facet normal -0 0 1
    outer loop
      vertex 34.6 13.8 10.4
      vertex 34.7 9 10.4
      vertex 34.7 13.8 10.4
    endloop
  endfacet
  facet normal 0 0 1
    outer loop
      vertex 34.7 9 10.4
      vertex 34.6 13.8 10.4
      vertex 34.6 9 10.4
    endloop
  endfacet
  facet normal 0 0 1
    outer loop
      vertex 34.7 37.3 10.4
      vertex 32.8 36.8 10.4
      vertex 34.7 36.8 10.4
    endloop
  endfacet
  facet normal 0 0 1
    outer loop
      vertex 30.4 41.6 10.4
      vertex 32.8 36.8 10.4
      vertex 34.7 37.3 10.4
    endloop
  endfacet
  facet normal 0 0 1
    outer loop
      vertex 30.4 41.6 10.4
      vertex 28 41.6 10.4
      vertex 32.8 36.8 10.4
    endloop
  endfacet
  facet normal 0 0 0
    outer loop
      vertex 22.3 41.6 10.4
      vertex 28 41.6 10.4
      vertex 30.4 41.6 10.4
    endloop
  endfacet
  facet normal 0 1 -0
    outer loop
      vertex 34.7 9 10.4
      vertex 34.6 9 14.4
      vertex 34.7 9 14.4
    endloop
  endfacet
  facet normal 0 1 0
    outer loop
      vertex 34.6 9 14.4
      vertex 34.7 9 10.4
      vertex 34.6 9 10.4
    endloop
  endfacet
  facet normal 0 -1 0
    outer loop
      vertex 22.3 41.6 10.4
      vertex 30.4 41.6 14.4
      vertex 22.3 41.6 14.4
    endloop
  endfacet
  facet normal 0 -1 -0
    outer loop
      vertex 30.4 41.6 14.4
      vertex 22.3 41.6 10.4
      vertex 30.4 41.6 10.4
    endloop
  endfacet
  facet normal 0 -1 0
    outer loop
      vertex 34.7 16.8 3.9
      vertex 36.5 16.8 8.9
      vertex 34.7 16.8 8.9
    endloop
  endfacet
  facet normal 0 -1 -0
    outer loop
      vertex 36.5 16.8 8.9
      vertex 34.7 16.8 3.9
      vertex 36.5 16.8 3.9
    endloop
  endfacet
  facet normal 0 0 -1
    outer loop
      vertex 36.5 10.8 8.9
      vertex 34.7 13.8 8.9
      vertex 36.5 16.8 8.9
    endloop
  endfacet
  facet normal 0 0 -1
    outer loop
      vertex 34.6 10.8 8.9
      vertex 34.7 13.8 8.9
      vertex 36.5 10.8 8.9
    endloop
  endfacet
  facet normal -0 0 -1
    outer loop
      vertex 34.7 13.8 8.9
      vertex 34.6 10.8 8.9
      vertex 34.6 13.8 8.9
    endloop
  endfacet
  facet normal -0 0 -1
    outer loop
      vertex 36.5 16.8 8.9
      vertex 34.7 13.8 8.9
      vertex 34.7 16.8 8.9
    endloop
  endfacet
  facet normal 0 1 -0
    outer loop
      vertex 36.5 10.8 3.9
      vertex 34.6 10.8 8.9
      vertex 36.5 10.8 8.9
    endloop
  endfacet
  facet normal 0 1 0
    outer loop
      vertex 34.6 10.8 8.9
      vertex 36.5 10.8 3.9
      vertex 34.6 10.8 3.9
    endloop
  endfacet
  facet normal 0 0 1
    outer loop
      vertex 34.7 13.8 3.9
      vertex 36.5 16.8 3.9
      vertex 34.7 16.8 3.9
    endloop
  endfacet
  facet normal 0 0 1
    outer loop
      vertex 36.5 16.8 3.9
      vertex 34.7 13.8 3.9
      vertex 36.5 10.8 3.9
    endloop
  endfacet
  facet normal 0 0 1
    outer loop
      vertex 34.6 10.8 3.9
      vertex 34.7 13.8 3.9
      vertex 34.6 13.8 3.9
    endloop
  endfacet
  facet normal 0 0 1
    outer loop
      vertex 34.7 13.8 3.9
      vertex 34.6 10.8 3.9
      vertex 36.5 10.8 3.9
    endloop
  endfacet
  facet normal -1 0 0
    outer loop
      vertex 36.5 10.8 3.9
      vertex 36.5 16.8 8.9
      vertex 36.5 16.8 3.9
    endloop
  endfacet
  facet normal -1 -0 0
    outer loop
      vertex 36.5 16.8 8.9
      vertex 36.5 10.8 3.9
      vertex 36.5 10.8 8.9
    endloop
  endfacet
  facet normal 0.998022 0.0628688 0
    outer loop
      vertex -33.2125 -31.5953 2.4
      vertex -33.25 -31 0
      vertex -33.25 -31 2.4
    endloop
  endfacet
  facet normal 0.998022 0.0628688 0
    outer loop
      vertex -33.25 -31 0
      vertex -33.2125 -31.5953 2.4
      vertex -33.2125 -31.5953 0
    endloop
  endfacet
  facet normal -0.998022 0.0628688 0
    outer loop
      vertex -23.7875 -31.5953 0
      vertex -23.75 -31 2.4
      vertex -23.75 -31 0
    endloop
  endfacet
  facet normal -0.998022 0.0628688 0
    outer loop
      vertex -23.75 -31 2.4
      vertex -23.7875 -31.5953 0
      vertex -23.7875 -31.5953 2.4
    endloop
  endfacet
  facet normal 0 1 -0
    outer loop
      vertex -28.2017 -35.7406 0
      vertex -28.7983 -35.7406 2.4
      vertex -28.2017 -35.7406 2.4
    endloop
  endfacet
  facet normal 0 1 0
    outer loop
      vertex -28.7983 -35.7406 2.4
      vertex -28.2017 -35.7406 0
      vertex -28.7983 -35.7406 0
    endloop
  endfacet
  facet normal 0.684543 0.728972 -0
    outer loop
      vertex -31.5278 -34.6599 0
      vertex -31.9626 -34.2516 2.4
      vertex -31.5278 -34.6599 2.4
    endloop
  endfacet
  facet normal 0.684543 0.728972 0
    outer loop
      vertex -31.9626 -34.2516 2.4
      vertex -31.5278 -34.6599 0
      vertex -31.9626 -34.2516 0
    endloop
  endfacet
  facet normal -0.684543 0.728972 0
    outer loop
      vertex -25.0374 -34.2516 0
      vertex -25.4722 -34.6599 2.4
      vertex -25.0374 -34.2516 2.4
    endloop
  endfacet
  facet normal -0.684543 0.728972 0
    outer loop
      vertex -25.4722 -34.6599 2.4
      vertex -25.0374 -34.2516 0
      vertex -25.4722 -34.6599 0
    endloop
  endfacet
  facet normal -0.368094 0.929789 0
    outer loop
      vertex -26.4775 -35.2979 0
      vertex -27.0322 -35.5175 2.4
      vertex -26.4775 -35.2979 2.4
    endloop
  endfacet
  facet normal -0.368094 0.929789 0
    outer loop
      vertex -27.0322 -35.5175 2.4
      vertex -26.4775 -35.2979 0
      vertex -27.0322 -35.5175 0
    endloop
  endfacet
  facet normal 0.904868 0.425692 0
    outer loop
      vertex -32.6625 -33.2883 2.4
      vertex -32.9164 -32.7486 0
      vertex -32.9164 -32.7486 2.4
    endloop
  endfacet
  facet normal 0.904868 0.425692 0
    outer loop
      vertex -32.9164 -32.7486 0
      vertex -32.6625 -33.2883 2.4
      vertex -32.6625 -33.2883 0
    endloop
  endfacet
  facet normal 0.982314 0.187243 0
    outer loop
      vertex -33.1008 -32.1813 2.4
      vertex -33.2125 -31.5953 0
      vertex -33.2125 -31.5953 2.4
    endloop
  endfacet
  facet normal 0.982314 0.187243 0
    outer loop
      vertex -33.2125 -31.5953 0
      vertex -33.1008 -32.1813 2.4
      vertex -33.1008 -32.1813 0
    endloop
  endfacet
  facet normal 0.844296 0.535877 0
    outer loop
      vertex -32.3428 -33.792 2.4
      vertex -32.6625 -33.2883 0
      vertex -32.6625 -33.2883 2.4
    endloop
  endfacet
  facet normal 0.844296 0.535877 0
    outer loop
      vertex -32.6625 -33.2883 0
      vertex -32.3428 -33.792 2.4
      vertex -32.3428 -33.792 0
    endloop
  endfacet
  facet normal 0.368094 0.929789 -0
    outer loop
      vertex -29.9678 -35.5175 0
      vertex -30.5225 -35.2979 2.4
      vertex -29.9678 -35.5175 2.4
    endloop
  endfacet
  facet normal 0.368094 0.929789 0
    outer loop
      vertex -30.5225 -35.2979 2.4
      vertex -29.9678 -35.5175 0
      vertex -30.5225 -35.2979 0
    endloop
  endfacet
  facet normal 0.248803 0.968554 -0
    outer loop
      vertex -29.3901 -35.6659 0
      vertex -29.9678 -35.5175 2.4
      vertex -29.3901 -35.6659 2.4
    endloop
  endfacet
  facet normal 0.248803 0.968554 0
    outer loop
      vertex -29.9678 -35.5175 2.4
      vertex -29.3901 -35.6659 0
      vertex -29.9678 -35.5175 0
    endloop
  endfacet
  facet normal 0.587863 0.808961 -0
    outer loop
      vertex -31.0452 -35.0106 0
      vertex -31.5278 -34.6599 2.4
      vertex -31.0452 -35.0106 2.4
    endloop
  endfacet
  facet normal 0.587863 0.808961 0
    outer loop
      vertex -31.5278 -34.6599 2.4
      vertex -31.0452 -35.0106 0
      vertex -31.5278 -34.6599 0
    endloop
  endfacet
  facet normal -0.844296 0.535877 0
    outer loop
      vertex -24.6572 -33.792 0
      vertex -24.3375 -33.2883 2.4
      vertex -24.3375 -33.2883 0
    endloop
  endfacet
  facet normal -0.844296 0.535877 0
    outer loop
      vertex -24.3375 -33.2883 2.4
      vertex -24.6572 -33.792 0
      vertex -24.6572 -33.792 2.4
    endloop
  endfacet
  facet normal -0.770525 0.63741 0
    outer loop
      vertex -25.0374 -34.2516 0
      vertex -24.6572 -33.792 2.4
      vertex -24.6572 -33.792 0
    endloop
  endfacet
  facet normal -0.770525 0.63741 0
    outer loop
      vertex -24.6572 -33.792 2.4
      vertex -25.0374 -34.2516 0
      vertex -25.0374 -34.2516 2.4
    endloop
  endfacet
  facet normal -0.951021 0.309128 0
    outer loop
      vertex -24.0836 -32.7486 0
      vertex -23.8992 -32.1813 2.4
      vertex -23.8992 -32.1813 0
    endloop
  endfacet
  facet normal -0.951021 0.309128 0
    outer loop
      vertex -23.8992 -32.1813 2.4
      vertex -24.0836 -32.7486 0
      vertex -24.0836 -32.7486 2.4
    endloop
  endfacet
  facet normal -0.587863 0.808961 0
    outer loop
      vertex -25.4722 -34.6599 0
      vertex -25.9548 -35.0106 2.4
      vertex -25.4722 -34.6599 2.4
    endloop
  endfacet
  facet normal -0.587863 0.808961 0
    outer loop
      vertex -25.9548 -35.0106 2.4
      vertex -25.4722 -34.6599 0
      vertex -25.9548 -35.0106 0
    endloop
  endfacet
  facet normal -0.125231 0.992128 0
    outer loop
      vertex -27.6099 -35.6659 0
      vertex -28.2017 -35.7406 2.4
      vertex -27.6099 -35.6659 2.4
    endloop
  endfacet
  facet normal -0.125231 0.992128 0
    outer loop
      vertex -28.2017 -35.7406 2.4
      vertex -27.6099 -35.6659 0
      vertex -28.2017 -35.7406 0
    endloop
  endfacet
  facet normal 0.998022 -0.0628688 0
    outer loop
      vertex -33.25 -31 2.4
      vertex -33.2125 -30.4047 0
      vertex -33.2125 -30.4047 2.4
    endloop
  endfacet
  facet normal 0.998022 -0.0628688 0
    outer loop
      vertex -33.2125 -30.4047 0
      vertex -33.25 -31 2.4
      vertex -33.25 -31 0
    endloop
  endfacet
  facet normal 0.125231 -0.992128 0
    outer loop
      vertex -29.3901 -26.3341 0
      vertex -28.7983 -26.2594 2.4
      vertex -29.3901 -26.3341 2.4
    endloop
  endfacet
  facet normal 0.125231 -0.992128 0
    outer loop
      vertex -28.7983 -26.2594 2.4
      vertex -29.3901 -26.3341 0
      vertex -28.7983 -26.2594 0
    endloop
  endfacet
  facet normal 0.951021 0.309128 0
    outer loop
      vertex -32.9164 -32.7486 2.4
      vertex -33.1008 -32.1813 0
      vertex -33.1008 -32.1813 2.4
    endloop
  endfacet
  facet normal 0.951021 0.309128 0
    outer loop
      vertex -33.1008 -32.1813 0
      vertex -32.9164 -32.7486 2.4
      vertex -32.9164 -32.7486 0
    endloop
  endfacet
  facet normal 0.770525 0.63741 0
    outer loop
      vertex -31.9626 -34.2516 2.4
      vertex -32.3428 -33.792 0
      vertex -32.3428 -33.792 2.4
    endloop
  endfacet
  facet normal 0.770525 0.63741 0
    outer loop
      vertex -32.3428 -33.792 0
      vertex -31.9626 -34.2516 2.4
      vertex -31.9626 -34.2516 0
    endloop
  endfacet
  facet normal 0.125231 0.992128 -0
    outer loop
      vertex -28.7983 -35.7406 0
      vertex -29.3901 -35.6659 2.4
      vertex -28.7983 -35.7406 2.4
    endloop
  endfacet
  facet normal 0.125231 0.992128 0
    outer loop
      vertex -29.3901 -35.6659 2.4
      vertex -28.7983 -35.7406 0
      vertex -29.3901 -35.6659 0
    endloop
  endfacet
  facet normal 0.481681 0.876347 -0
    outer loop
      vertex -30.5225 -35.2979 0
      vertex -31.0452 -35.0106 2.4
      vertex -30.5225 -35.2979 2.4
    endloop
  endfacet
  facet normal 0.481681 0.876347 0
    outer loop
      vertex -31.0452 -35.0106 2.4
      vertex -30.5225 -35.2979 0
      vertex -31.0452 -35.0106 0
    endloop
  endfacet
  facet normal -0.904868 0.425692 0
    outer loop
      vertex -24.3375 -33.2883 0
      vertex -24.0836 -32.7486 2.4
      vertex -24.0836 -32.7486 0
    endloop
  endfacet
  facet normal -0.904868 0.425692 0
    outer loop
      vertex -24.0836 -32.7486 2.4
      vertex -24.3375 -33.2883 0
      vertex -24.3375 -33.2883 2.4
    endloop
  endfacet
  facet normal -0.248803 0.968554 0
    outer loop
      vertex -27.0322 -35.5175 0
      vertex -27.6099 -35.6659 2.4
      vertex -27.0322 -35.5175 2.4
    endloop
  endfacet
  facet normal -0.248803 0.968554 0
    outer loop
      vertex -27.6099 -35.6659 2.4
      vertex -27.0322 -35.5175 0
      vertex -27.6099 -35.6659 0
    endloop
  endfacet
  facet normal 0.951021 -0.309128 0
    outer loop
      vertex -33.1008 -29.8187 2.4
      vertex -32.9164 -29.2514 0
      vertex -32.9164 -29.2514 2.4
    endloop
  endfacet
  facet normal 0.951021 -0.309128 0
    outer loop
      vertex -32.9164 -29.2514 0
      vertex -33.1008 -29.8187 2.4
      vertex -33.1008 -29.8187 0
    endloop
  endfacet
  facet normal 0.982314 -0.187243 0
    outer loop
      vertex -33.2125 -30.4047 2.4
      vertex -33.1008 -29.8187 0
      vertex -33.1008 -29.8187 2.4
    endloop
  endfacet
  facet normal 0.982314 -0.187243 0
    outer loop
      vertex -33.1008 -29.8187 0
      vertex -33.2125 -30.4047 2.4
      vertex -33.2125 -30.4047 0
    endloop
  endfacet
  facet normal -0.951021 -0.309128 0
    outer loop
      vertex -23.8992 -29.8187 0
      vertex -24.0836 -29.2514 2.4
      vertex -24.0836 -29.2514 0
    endloop
  endfacet
  facet normal -0.951021 -0.309128 0
    outer loop
      vertex -24.0836 -29.2514 2.4
      vertex -23.8992 -29.8187 0
      vertex -23.8992 -29.8187 2.4
    endloop
  endfacet
  facet normal 0.368094 -0.929789 0
    outer loop
      vertex -30.5225 -26.7021 0
      vertex -29.9678 -26.4825 2.4
      vertex -30.5225 -26.7021 2.4
    endloop
  endfacet
  facet normal 0.368094 -0.929789 0
    outer loop
      vertex -29.9678 -26.4825 2.4
      vertex -30.5225 -26.7021 0
      vertex -29.9678 -26.4825 0
    endloop
  endfacet
  facet normal 0.248803 -0.968554 0
    outer loop
      vertex -29.9678 -26.4825 0
      vertex -29.3901 -26.3341 2.4
      vertex -29.9678 -26.4825 2.4
    endloop
  endfacet
  facet normal 0.248803 -0.968554 0
    outer loop
      vertex -29.3901 -26.3341 2.4
      vertex -29.9678 -26.4825 0
      vertex -29.3901 -26.3341 0
    endloop
  endfacet
  facet normal -0.982314 0.187243 0
    outer loop
      vertex -23.8992 -32.1813 0
      vertex -23.7875 -31.5953 2.4
      vertex -23.7875 -31.5953 0
    endloop
  endfacet
  facet normal -0.982314 0.187243 0
    outer loop
      vertex -23.7875 -31.5953 2.4
      vertex -23.8992 -32.1813 0
      vertex -23.8992 -32.1813 2.4
    endloop
  endfacet
  facet normal -0.481681 0.876347 0
    outer loop
      vertex -25.9548 -35.0106 0
      vertex -26.4775 -35.2979 2.4
      vertex -25.9548 -35.0106 2.4
    endloop
  endfacet
  facet normal -0.481681 0.876347 0
    outer loop
      vertex -26.4775 -35.2979 2.4
      vertex -25.9548 -35.0106 0
      vertex -26.4775 -35.2979 0
    endloop
  endfacet
  facet normal 0.684543 -0.728972 0
    outer loop
      vertex -31.9626 -27.7484 0
      vertex -31.5278 -27.3401 2.4
      vertex -31.9626 -27.7484 2.4
    endloop
  endfacet
  facet normal 0.684543 -0.728972 0
    outer loop
      vertex -31.5278 -27.3401 2.4
      vertex -31.9626 -27.7484 0
      vertex -31.5278 -27.3401 0
    endloop
  endfacet
  facet normal 0.844296 -0.535877 0
    outer loop
      vertex -32.6625 -28.7117 2.4
      vertex -32.3428 -28.208 0
      vertex -32.3428 -28.208 2.4
    endloop
  endfacet
  facet normal 0.844296 -0.535877 0
    outer loop
      vertex -32.3428 -28.208 0
      vertex -32.6625 -28.7117 2.4
      vertex -32.6625 -28.7117 0
    endloop
  endfacet
  facet normal -0.368094 -0.929789 0
    outer loop
      vertex -27.0322 -26.4825 0
      vertex -26.4775 -26.7021 2.4
      vertex -27.0322 -26.4825 2.4
    endloop
  endfacet
  facet normal -0.368094 -0.929789 -0
    outer loop
      vertex -26.4775 -26.7021 2.4
      vertex -27.0322 -26.4825 0
      vertex -26.4775 -26.7021 0
    endloop
  endfacet
  facet normal -0.770525 -0.63741 0
    outer loop
      vertex -24.6572 -28.208 0
      vertex -25.0374 -27.7484 2.4
      vertex -25.0374 -27.7484 0
    endloop
  endfacet
  facet normal -0.770525 -0.63741 0
    outer loop
      vertex -25.0374 -27.7484 2.4
      vertex -24.6572 -28.208 0
      vertex -24.6572 -28.208 2.4
    endloop
  endfacet
  facet normal -0.998022 -0.0628688 0
    outer loop
      vertex -23.75 -31 0
      vertex -23.7875 -30.4047 2.4
      vertex -23.7875 -30.4047 0
    endloop
  endfacet
  facet normal -0.998022 -0.0628688 0
    outer loop
      vertex -23.7875 -30.4047 2.4
      vertex -23.75 -31 0
      vertex -23.75 -31 2.4
    endloop
  endfacet
  facet normal 0.481681 -0.876347 0
    outer loop
      vertex -31.0452 -26.9894 0
      vertex -30.5225 -26.7021 2.4
      vertex -31.0452 -26.9894 2.4
    endloop
  endfacet
  facet normal 0.481681 -0.876347 0
    outer loop
      vertex -30.5225 -26.7021 2.4
      vertex -31.0452 -26.9894 0
      vertex -30.5225 -26.7021 0
    endloop
  endfacet
  facet normal 0.904868 -0.425692 0
    outer loop
      vertex -32.9164 -29.2514 2.4
      vertex -32.6625 -28.7117 0
      vertex -32.6625 -28.7117 2.4
    endloop
  endfacet
  facet normal 0.904868 -0.425692 0
    outer loop
      vertex -32.6625 -28.7117 0
      vertex -32.9164 -29.2514 2.4
      vertex -32.9164 -29.2514 0
    endloop
  endfacet
  facet normal 0 -1 0
    outer loop
      vertex -28.7983 -26.2594 0
      vertex -28.2017 -26.2594 2.4
      vertex -28.7983 -26.2594 2.4
    endloop
  endfacet
  facet normal 0 -1 -0
    outer loop
      vertex -28.2017 -26.2594 2.4
      vertex -28.7983 -26.2594 0
      vertex -28.2017 -26.2594 0
    endloop
  endfacet
  facet normal -0.125231 -0.992128 0
    outer loop
      vertex -28.2017 -26.2594 0
      vertex -27.6099 -26.3341 2.4
      vertex -28.2017 -26.2594 2.4
    endloop
  endfacet
  facet normal -0.125231 -0.992128 -0
    outer loop
      vertex -27.6099 -26.3341 2.4
      vertex -28.2017 -26.2594 0
      vertex -27.6099 -26.3341 0
    endloop
  endfacet
  facet normal -0.248803 -0.968554 0
    outer loop
      vertex -27.6099 -26.3341 0
      vertex -27.0322 -26.4825 2.4
      vertex -27.6099 -26.3341 2.4
    endloop
  endfacet
  facet normal -0.248803 -0.968554 -0
    outer loop
      vertex -27.0322 -26.4825 2.4
      vertex -27.6099 -26.3341 0
      vertex -27.0322 -26.4825 0
    endloop
  endfacet
  facet normal -0.587863 -0.808961 0
    outer loop
      vertex -25.9548 -26.9894 0
      vertex -25.4722 -27.3401 2.4
      vertex -25.9548 -26.9894 2.4
    endloop
  endfacet
  facet normal -0.587863 -0.808961 -0
    outer loop
      vertex -25.4722 -27.3401 2.4
      vertex -25.9548 -26.9894 0
      vertex -25.4722 -27.3401 0
    endloop
  endfacet
  facet normal -0.684543 -0.728972 0
    outer loop
      vertex -25.4722 -27.3401 0
      vertex -25.0374 -27.7484 2.4
      vertex -25.4722 -27.3401 2.4
    endloop
  endfacet
  facet normal -0.684543 -0.728972 -0
    outer loop
      vertex -25.0374 -27.7484 2.4
      vertex -25.4722 -27.3401 0
      vertex -25.0374 -27.7484 0
    endloop
  endfacet
  facet normal -0.844296 -0.535877 0
    outer loop
      vertex -24.3375 -28.7117 0
      vertex -24.6572 -28.208 2.4
      vertex -24.6572 -28.208 0
    endloop
  endfacet
  facet normal -0.844296 -0.535877 0
    outer loop
      vertex -24.6572 -28.208 2.4
      vertex -24.3375 -28.7117 0
      vertex -24.3375 -28.7117 2.4
    endloop
  endfacet
  facet normal -0.904868 -0.425692 0
    outer loop
      vertex -24.0836 -29.2514 0
      vertex -24.3375 -28.7117 2.4
      vertex -24.3375 -28.7117 0
    endloop
  endfacet
  facet normal -0.904868 -0.425692 0
    outer loop
      vertex -24.3375 -28.7117 2.4
      vertex -24.0836 -29.2514 0
      vertex -24.0836 -29.2514 2.4
    endloop
  endfacet
  facet normal -0.982314 -0.187243 0
    outer loop
      vertex -23.7875 -30.4047 0
      vertex -23.8992 -29.8187 2.4
      vertex -23.8992 -29.8187 0
    endloop
  endfacet
  facet normal -0.982314 -0.187243 0
    outer loop
      vertex -23.8992 -29.8187 2.4
      vertex -23.7875 -30.4047 0
      vertex -23.7875 -30.4047 2.4
    endloop
  endfacet
  facet normal 0.587863 -0.808961 0
    outer loop
      vertex -31.5278 -27.3401 0
      vertex -31.0452 -26.9894 2.4
      vertex -31.5278 -27.3401 2.4
    endloop
  endfacet
  facet normal 0.587863 -0.808961 0
    outer loop
      vertex -31.0452 -26.9894 2.4
      vertex -31.5278 -27.3401 0
      vertex -31.0452 -26.9894 0
    endloop
  endfacet
  facet normal 0.770525 -0.63741 0
    outer loop
      vertex -32.3428 -28.208 2.4
      vertex -31.9626 -27.7484 0
      vertex -31.9626 -27.7484 2.4
    endloop
  endfacet
  facet normal 0.770525 -0.63741 0
    outer loop
      vertex -31.9626 -27.7484 0
      vertex -32.3428 -28.208 2.4
      vertex -32.3428 -28.208 0
    endloop
  endfacet
  facet normal -0.481681 -0.876347 0
    outer loop
      vertex -26.4775 -26.7021 0
      vertex -25.9548 -26.9894 2.4
      vertex -26.4775 -26.7021 2.4
    endloop
  endfacet
  facet normal -0.481681 -0.876347 -0
    outer loop
      vertex -25.9548 -26.9894 2.4
      vertex -26.4775 -26.7021 0
      vertex -25.9548 -26.9894 0
    endloop
  endfacet
  facet normal 1 0 0
    outer loop
      vertex -34.7 -35.9 27
      vertex -34.7 -36.8 27
      vertex -34.7 -35.9 24.5
    endloop
  endfacet
  facet normal 1 -0 0
    outer loop
      vertex -34.7 -35.9 24.5
      vertex -34.7 -13.8 14.4
      vertex -34.7 -13.8 24.5
    endloop
  endfacet
  facet normal 1 0 0
    outer loop
      vertex -34.7 -13.8 14.4
      vertex -34.7 -16.8 8.9
      vertex -34.7 -13.8 10.4
    endloop
  endfacet
  facet normal 1 0 0
    outer loop
      vertex -34.7 -13.8 10.4
      vertex -34.7 -16.8 8.9
      vertex -34.7 -13.8 8.9
    endloop
  endfacet
  facet normal 1 0 0
    outer loop
      vertex -34.7 -13.8 14.4
      vertex -34.7 -36.8 14.4
      vertex -34.7 -16.8 8.9
    endloop
  endfacet
  facet normal 1 0 0
    outer loop
      vertex -34.7 -36.8 14.4
      vertex -34.7 -13.8 14.4
      vertex -34.7 -35.9 24.5
    endloop
  endfacet
  facet normal 1 -0 0
    outer loop
      vertex -34.7 -13.8 14.4
      vertex -34.7 -9 10.4
      vertex -34.7 -9 14.4
    endloop
  endfacet
  facet normal 1 0 0
    outer loop
      vertex -34.7 -9 10.4
      vertex -34.7 -13.8 14.4
      vertex -34.7 -13.8 10.4
    endloop
  endfacet
  facet normal 1 -0 0
    outer loop
      vertex -34.7 -16.8 3.9
      vertex -34.7 -13.8 2.4
      vertex -34.7 -13.8 3.9
    endloop
  endfacet
  facet normal 1 0 0
    outer loop
      vertex -34.7 -36.8 14.4
      vertex -34.7 -35.9 24.5
      vertex -34.7 -36.8 27
    endloop
  endfacet
  facet normal 1 -0 0
    outer loop
      vertex -34.7 -36.8 10.4
      vertex -34.7 -16.8 8.9
      vertex -34.7 -36.8 14.4
    endloop
  endfacet
  facet normal 1 0 0
    outer loop
      vertex -34.7 -16.8 8.9
      vertex -34.7 -36.8 10.4
      vertex -34.7 -16.8 3.9
    endloop
  endfacet
  facet normal 1 0 0
    outer loop
      vertex -34.7 -36.8 2.4
      vertex -34.7 -16.8 3.9
      vertex -34.7 -36.8 10.4
    endloop
  endfacet
  facet normal 1 0 0
    outer loop
      vertex -34.7 -16.8 3.9
      vertex -34.7 -36.8 2.4
      vertex -34.7 -13.8 2.4
    endloop
  endfacet
  facet normal 1 -0 0
    outer loop
      vertex -34.7 -37.3 14.4
      vertex -34.7 -36.8 10.4
      vertex -34.7 -36.8 14.4
    endloop
  endfacet
  facet normal 1 0 0
    outer loop
      vertex -34.7 -36.8 10.4
      vertex -34.7 -37.3 14.4
      vertex -34.7 -37.3 10.4
    endloop
  endfacet
  facet normal 0 -1 0
    outer loop
      vertex -34.7 -13.8 14.4
      vertex -34.6 -13.8 24.5
      vertex -34.7 -13.8 24.5
    endloop
  endfacet
  facet normal 0 -1 -0
    outer loop
      vertex -34.6 -13.8 24.5
      vertex -34.7 -13.8 14.4
      vertex -34.6 -13.8 14.4
    endloop
  endfacet
  facet normal 0 -1 0
    outer loop
      vertex -34.7 -13.8 2.4
      vertex -34.6 -13.8 3.9
      vertex -34.7 -13.8 3.9
    endloop
  endfacet
  facet normal 0 -1 -0
    outer loop
      vertex -34.6 -13.8 3.9
      vertex -34.7 -13.8 2.4
      vertex -34.6 -13.8 2.4
    endloop
  endfacet
  facet normal 0 -1 0
    outer loop
      vertex -34.7 -13.8 8.9
      vertex -34.6 -13.8 10.4
      vertex -34.7 -13.8 10.4
    endloop
  endfacet
  facet normal 0 -1 -0
    outer loop
      vertex -34.6 -13.8 10.4
      vertex -34.7 -13.8 8.9
      vertex -34.6 -13.8 8.9
    endloop
  endfacet
  facet normal 0 1 -0
    outer loop
      vertex -32.8 -36.8 2.4
      vertex -34.7 -36.8 10.4
      vertex -32.8 -36.8 10.4
    endloop
  endfacet
  facet normal 0 1 0
    outer loop
      vertex -34.7 -36.8 10.4
      vertex -32.8 -36.8 2.4
      vertex -34.7 -36.8 2.4
    endloop
  endfacet
  facet normal 0 1 0
    outer loop
      vertex -32.8 -36.8 24.5
      vertex -32.8 -36.8 14.4
      vertex -33.8 -36.8 24.5
    endloop
  endfacet
  facet normal 0 1 -0
    outer loop
      vertex -33.8 -36.8 24.5
      vertex -34.7 -36.8 27
      vertex -33.8 -36.8 27
    endloop
  endfacet
  facet normal 0 1 0
    outer loop
      vertex -34.7 -36.8 14.4
      vertex -33.8 -36.8 24.5
      vertex -32.8 -36.8 14.4
    endloop
  endfacet
  facet normal 0 1 0
    outer loop
      vertex -33.8 -36.8 24.5
      vertex -34.7 -36.8 14.4
      vertex -34.7 -36.8 27
    endloop
  endfacet
  facet normal 0 0 -1
    outer loop
      vertex -34.7 -13.8 14.4
      vertex -34.6 -9 14.4
      vertex -34.6 -13.8 14.4
    endloop
  endfacet
  facet normal -0 0 -1
    outer loop
      vertex -34.6 -9 14.4
      vertex -34.7 -13.8 14.4
      vertex -34.7 -9 14.4
    endloop
  endfacet
  facet normal 0 0 0
    outer loop
      vertex -30.4 -41.6 14.4
      vertex -28 -41.6 14.4
      vertex -22.3 -41.6 14.4
    endloop
  endfacet
  facet normal 0 0 -1
    outer loop
      vertex -30.4 -41.6 14.4
      vertex -32.8 -36.8 14.4
      vertex -28 -41.6 14.4
    endloop
  endfacet
  facet normal 0 0 -1
    outer loop
      vertex -34.7 -37.3 14.4
      vertex -32.8 -36.8 14.4
      vertex -30.4 -41.6 14.4
    endloop
  endfacet
  facet normal -0 0 -1
    outer loop
      vertex -32.8 -36.8 14.4
      vertex -34.7 -37.3 14.4
      vertex -34.7 -36.8 14.4
    endloop
  endfacet
  facet normal -0 0 1
    outer loop
      vertex -34.7 -9 10.4
      vertex -34.6 -13.8 10.4
      vertex -34.6 -9 10.4
    endloop
  endfacet
  facet normal 0 0 1
    outer loop
      vertex -34.6 -13.8 10.4
      vertex -34.7 -9 10.4
      vertex -34.7 -13.8 10.4
    endloop
  endfacet
  facet normal 0 0 -0
    outer loop
      vertex -28 -41.6 10.4
      vertex -30.4 -41.6 10.4
      vertex -22.3 -41.6 10.4
    endloop
  endfacet
  facet normal 0 0 1
    outer loop
      vertex -32.8 -36.8 10.4
      vertex -30.4 -41.6 10.4
      vertex -28 -41.6 10.4
    endloop
  endfacet
  facet normal 0 0 1
    outer loop
      vertex -34.7 -37.3 10.4
      vertex -32.8 -36.8 10.4
      vertex -34.7 -36.8 10.4
    endloop
  endfacet
  facet normal 0 0 1
    outer loop
      vertex -32.8 -36.8 10.4
      vertex -34.7 -37.3 10.4
      vertex -30.4 -41.6 10.4
    endloop
  endfacet
  facet normal 0 -1 0
    outer loop
      vertex -34.7 -9 10.4
      vertex -34.6 -9 14.4
      vertex -34.7 -9 14.4
    endloop
  endfacet
  facet normal 0 -1 -0
    outer loop
      vertex -34.6 -9 14.4
      vertex -34.7 -9 10.4
      vertex -34.6 -9 10.4
    endloop
  endfacet
  facet normal 0 1 -0
    outer loop
      vertex -22.3 -41.6 10.4
      vertex -30.4 -41.6 14.4
      vertex -22.3 -41.6 14.4
    endloop
  endfacet
  facet normal 0 1 0
    outer loop
      vertex -30.4 -41.6 14.4
      vertex -22.3 -41.6 10.4
      vertex -30.4 -41.6 10.4
    endloop
  endfacet
  facet normal 0 1 -0
    outer loop
      vertex -34.7 -16.8 3.9
      vertex -36.5 -16.8 8.9
      vertex -34.7 -16.8 8.9
    endloop
  endfacet
  facet normal 0 1 0
    outer loop
      vertex -36.5 -16.8 8.9
      vertex -34.7 -16.8 3.9
      vertex -36.5 -16.8 3.9
    endloop
  endfacet
  facet normal 0 0 -1
    outer loop
      vertex -34.7 -16.8 8.9
      vertex -36.5 -16.8 8.9
      vertex -34.7 -13.8 8.9
    endloop
  endfacet
  facet normal 0 0 -1
    outer loop
      vertex -34.7 -13.8 8.9
      vertex -34.6 -10.8 8.9
      vertex -34.6 -13.8 8.9
    endloop
  endfacet
  facet normal 0 0 -1
    outer loop
      vertex -36.5 -10.8 8.9
      vertex -34.7 -13.8 8.9
      vertex -36.5 -16.8 8.9
    endloop
  endfacet
  facet normal 0 0 -1
    outer loop
      vertex -34.7 -13.8 8.9
      vertex -36.5 -10.8 8.9
      vertex -34.6 -10.8 8.9
    endloop
  endfacet
  facet normal 0 -1 0
    outer loop
      vertex -36.5 -10.8 3.9
      vertex -34.6 -10.8 8.9
      vertex -36.5 -10.8 8.9
    endloop
  endfacet
  facet normal 0 -1 -0
    outer loop
      vertex -34.6 -10.8 8.9
      vertex -36.5 -10.8 3.9
      vertex -34.6 -10.8 3.9
    endloop
  endfacet
  facet normal 0 0 1
    outer loop
      vertex -34.6 -10.8 3.9
      vertex -34.7 -13.8 3.9
      vertex -34.6 -13.8 3.9
    endloop
  endfacet
  facet normal -0 0 1
    outer loop
      vertex -36.5 -10.8 3.9
      vertex -34.7 -13.8 3.9
      vertex -34.6 -10.8 3.9
    endloop
  endfacet
  facet normal 0 0 1
    outer loop
      vertex -36.5 -16.8 3.9
      vertex -34.7 -13.8 3.9
      vertex -36.5 -10.8 3.9
    endloop
  endfacet
  facet normal 0 0 1
    outer loop
      vertex -34.7 -13.8 3.9
      vertex -36.5 -16.8 3.9
      vertex -34.7 -16.8 3.9
    endloop
  endfacet
  facet normal 1 -0 0
    outer loop
      vertex -36.5 -16.8 8.9
      vertex -36.5 -10.8 3.9
      vertex -36.5 -10.8 8.9
    endloop
  endfacet
  facet normal 1 0 0
    outer loop
      vertex -36.5 -10.8 3.9
      vertex -36.5 -16.8 8.9
      vertex -36.5 -16.8 3.9
    endloop
  endfacet
  facet normal 0.998022 0.0628688 0
    outer loop
      vertex 23.7875 -31.5953 2.4
      vertex 23.75 -31 0
      vertex 23.75 -31 2.4
    endloop
  endfacet
  facet normal 0.998022 0.0628688 0
    outer loop
      vertex 23.75 -31 0
      vertex 23.7875 -31.5953 2.4
      vertex 23.7875 -31.5953 0
    endloop
  endfacet
  facet normal -0.998022 0.0628688 0
    outer loop
      vertex 33.2125 -31.5953 0
      vertex 33.25 -31 2.4
      vertex 33.25 -31 0
    endloop
  endfacet
  facet normal -0.998022 0.0628688 0
    outer loop
      vertex 33.25 -31 2.4
      vertex 33.2125 -31.5953 0
      vertex 33.2125 -31.5953 2.4
    endloop
  endfacet
  facet normal 0 1 -0
    outer loop
      vertex 28.7983 -35.7406 0
      vertex 28.2017 -35.7406 2.4
      vertex 28.7983 -35.7406 2.4
    endloop
  endfacet
  facet normal 0 1 0
    outer loop
      vertex 28.2017 -35.7406 2.4
      vertex 28.7983 -35.7406 0
      vertex 28.2017 -35.7406 0
    endloop
  endfacet
  facet normal 0.684543 0.728972 -0
    outer loop
      vertex 25.4722 -34.6599 0
      vertex 25.0374 -34.2516 2.4
      vertex 25.4722 -34.6599 2.4
    endloop
  endfacet
  facet normal 0.684543 0.728972 0
    outer loop
      vertex 25.0374 -34.2516 2.4
      vertex 25.4722 -34.6599 0
      vertex 25.0374 -34.2516 0
    endloop
  endfacet
  facet normal -0.684543 0.728972 0
    outer loop
      vertex 31.9626 -34.2516 0
      vertex 31.5278 -34.6599 2.4
      vertex 31.9626 -34.2516 2.4
    endloop
  endfacet
  facet normal -0.684543 0.728972 0
    outer loop
      vertex 31.5278 -34.6599 2.4
      vertex 31.9626 -34.2516 0
      vertex 31.5278 -34.6599 0
    endloop
  endfacet
  facet normal -0.368094 0.929789 0
    outer loop
      vertex 30.5225 -35.2979 0
      vertex 29.9678 -35.5175 2.4
      vertex 30.5225 -35.2979 2.4
    endloop
  endfacet
  facet normal -0.368094 0.929789 0
    outer loop
      vertex 29.9678 -35.5175 2.4
      vertex 30.5225 -35.2979 0
      vertex 29.9678 -35.5175 0
    endloop
  endfacet
  facet normal 0.904868 0.425692 0
    outer loop
      vertex 24.3375 -33.2883 2.4
      vertex 24.0836 -32.7486 0
      vertex 24.0836 -32.7486 2.4
    endloop
  endfacet
  facet normal 0.904868 0.425692 0
    outer loop
      vertex 24.0836 -32.7486 0
      vertex 24.3375 -33.2883 2.4
      vertex 24.3375 -33.2883 0
    endloop
  endfacet
  facet normal 0.982314 0.187243 0
    outer loop
      vertex 23.8992 -32.1813 2.4
      vertex 23.7875 -31.5953 0
      vertex 23.7875 -31.5953 2.4
    endloop
  endfacet
  facet normal 0.982314 0.187243 0
    outer loop
      vertex 23.7875 -31.5953 0
      vertex 23.8992 -32.1813 2.4
      vertex 23.8992 -32.1813 0
    endloop
  endfacet
  facet normal 0.844296 0.535877 0
    outer loop
      vertex 24.6572 -33.792 2.4
      vertex 24.3375 -33.2883 0
      vertex 24.3375 -33.2883 2.4
    endloop
  endfacet
  facet normal 0.844296 0.535877 0
    outer loop
      vertex 24.3375 -33.2883 0
      vertex 24.6572 -33.792 2.4
      vertex 24.6572 -33.792 0
    endloop
  endfacet
  facet normal 0.368094 0.929789 -0
    outer loop
      vertex 27.0322 -35.5175 0
      vertex 26.4775 -35.2979 2.4
      vertex 27.0322 -35.5175 2.4
    endloop
  endfacet
  facet normal 0.368094 0.929789 0
    outer loop
      vertex 26.4775 -35.2979 2.4
      vertex 27.0322 -35.5175 0
      vertex 26.4775 -35.2979 0
    endloop
  endfacet
  facet normal 0.248803 0.968554 -0
    outer loop
      vertex 27.6099 -35.6659 0
      vertex 27.0322 -35.5175 2.4
      vertex 27.6099 -35.6659 2.4
    endloop
  endfacet
  facet normal 0.248803 0.968554 0
    outer loop
      vertex 27.0322 -35.5175 2.4
      vertex 27.6099 -35.6659 0
      vertex 27.0322 -35.5175 0
    endloop
  endfacet
  facet normal 0.587863 0.808961 -0
    outer loop
      vertex 25.9548 -35.0106 0
      vertex 25.4722 -34.6599 2.4
      vertex 25.9548 -35.0106 2.4
    endloop
  endfacet
  facet normal 0.587863 0.808961 0
    outer loop
      vertex 25.4722 -34.6599 2.4
      vertex 25.9548 -35.0106 0
      vertex 25.4722 -34.6599 0
    endloop
  endfacet
  facet normal -0.844296 0.535877 0
    outer loop
      vertex 32.3428 -33.792 0
      vertex 32.6625 -33.2883 2.4
      vertex 32.6625 -33.2883 0
    endloop
  endfacet
  facet normal -0.844296 0.535877 0
    outer loop
      vertex 32.6625 -33.2883 2.4
      vertex 32.3428 -33.792 0
      vertex 32.3428 -33.792 2.4
    endloop
  endfacet
  facet normal -0.770525 0.63741 0
    outer loop
      vertex 31.9626 -34.2516 0
      vertex 32.3428 -33.792 2.4
      vertex 32.3428 -33.792 0
    endloop
  endfacet
  facet normal -0.770525 0.63741 0
    outer loop
      vertex 32.3428 -33.792 2.4
      vertex 31.9626 -34.2516 0
      vertex 31.9626 -34.2516 2.4
    endloop
  endfacet
  facet normal -0.951021 0.309128 0
    outer loop
      vertex 32.9164 -32.7486 0
      vertex 33.1008 -32.1813 2.4
      vertex 33.1008 -32.1813 0
    endloop
  endfacet
  facet normal -0.951021 0.309128 0
    outer loop
      vertex 33.1008 -32.1813 2.4
      vertex 32.9164 -32.7486 0
      vertex 32.9164 -32.7486 2.4
    endloop
  endfacet
  facet normal -0.587863 0.808961 0
    outer loop
      vertex 31.5278 -34.6599 0
      vertex 31.0452 -35.0106 2.4
      vertex 31.5278 -34.6599 2.4
    endloop
  endfacet
  facet normal -0.587863 0.808961 0
    outer loop
      vertex 31.0452 -35.0106 2.4
      vertex 31.5278 -34.6599 0
      vertex 31.0452 -35.0106 0
    endloop
  endfacet
  facet normal -0.125231 0.992128 0
    outer loop
      vertex 29.3901 -35.6659 0
      vertex 28.7983 -35.7406 2.4
      vertex 29.3901 -35.6659 2.4
    endloop
  endfacet
  facet normal -0.125231 0.992128 0
    outer loop
      vertex 28.7983 -35.7406 2.4
      vertex 29.3901 -35.6659 0
      vertex 28.7983 -35.7406 0
    endloop
  endfacet
  facet normal 0.998022 -0.0628688 0
    outer loop
      vertex 23.75 -31 2.4
      vertex 23.7875 -30.4047 0
      vertex 23.7875 -30.4047 2.4
    endloop
  endfacet
  facet normal 0.998022 -0.0628688 0
    outer loop
      vertex 23.7875 -30.4047 0
      vertex 23.75 -31 2.4
      vertex 23.75 -31 0
    endloop
  endfacet
  facet normal 0.125231 -0.992128 0
    outer loop
      vertex 27.6099 -26.3341 0
      vertex 28.2017 -26.2594 2.4
      vertex 27.6099 -26.3341 2.4
    endloop
  endfacet
  facet normal 0.125231 -0.992128 0
    outer loop
      vertex 28.2017 -26.2594 2.4
      vertex 27.6099 -26.3341 0
      vertex 28.2017 -26.2594 0
    endloop
  endfacet
  facet normal 0.951021 0.309128 0
    outer loop
      vertex 24.0836 -32.7486 2.4
      vertex 23.8992 -32.1813 0
      vertex 23.8992 -32.1813 2.4
    endloop
  endfacet
  facet normal 0.951021 0.309128 0
    outer loop
      vertex 23.8992 -32.1813 0
      vertex 24.0836 -32.7486 2.4
      vertex 24.0836 -32.7486 0
    endloop
  endfacet
  facet normal 0.770525 0.63741 0
    outer loop
      vertex 25.0374 -34.2516 2.4
      vertex 24.6572 -33.792 0
      vertex 24.6572 -33.792 2.4
    endloop
  endfacet
  facet normal 0.770525 0.63741 0
    outer loop
      vertex 24.6572 -33.792 0
      vertex 25.0374 -34.2516 2.4
      vertex 25.0374 -34.2516 0
    endloop
  endfacet
  facet normal 0.125231 0.992128 -0
    outer loop
      vertex 28.2017 -35.7406 0
      vertex 27.6099 -35.6659 2.4
      vertex 28.2017 -35.7406 2.4
    endloop
  endfacet
  facet normal 0.125231 0.992128 0
    outer loop
      vertex 27.6099 -35.6659 2.4
      vertex 28.2017 -35.7406 0
      vertex 27.6099 -35.6659 0
    endloop
  endfacet
  facet normal 0.481681 0.876347 -0
    outer loop
      vertex 26.4775 -35.2979 0
      vertex 25.9548 -35.0106 2.4
      vertex 26.4775 -35.2979 2.4
    endloop
  endfacet
  facet normal 0.481681 0.876347 0
    outer loop
      vertex 25.9548 -35.0106 2.4
      vertex 26.4775 -35.2979 0
      vertex 25.9548 -35.0106 0
    endloop
  endfacet
  facet normal -0.904868 0.425692 0
    outer loop
      vertex 32.6625 -33.2883 0
      vertex 32.9164 -32.7486 2.4
      vertex 32.9164 -32.7486 0
    endloop
  endfacet
  facet normal -0.904868 0.425692 0
    outer loop
      vertex 32.9164 -32.7486 2.4
      vertex 32.6625 -33.2883 0
      vertex 32.6625 -33.2883 2.4
    endloop
  endfacet
  facet normal -0.248803 0.968554 0
    outer loop
      vertex 29.9678 -35.5175 0
      vertex 29.3901 -35.6659 2.4
      vertex 29.9678 -35.5175 2.4
    endloop
  endfacet
  facet normal -0.248803 0.968554 0
    outer loop
      vertex 29.3901 -35.6659 2.4
      vertex 29.9678 -35.5175 0
      vertex 29.3901 -35.6659 0
    endloop
  endfacet
  facet normal 0.951021 -0.309128 0
    outer loop
      vertex 23.8992 -29.8187 2.4
      vertex 24.0836 -29.2514 0
      vertex 24.0836 -29.2514 2.4
    endloop
  endfacet
  facet normal 0.951021 -0.309128 0
    outer loop
      vertex 24.0836 -29.2514 0
      vertex 23.8992 -29.8187 2.4
      vertex 23.8992 -29.8187 0
    endloop
  endfacet
  facet normal 0.982314 -0.187243 0
    outer loop
      vertex 23.7875 -30.4047 2.4
      vertex 23.8992 -29.8187 0
      vertex 23.8992 -29.8187 2.4
    endloop
  endfacet
  facet normal 0.982314 -0.187243 0
    outer loop
      vertex 23.8992 -29.8187 0
      vertex 23.7875 -30.4047 2.4
      vertex 23.7875 -30.4047 0
    endloop
  endfacet
  facet normal -0.951021 -0.309128 0
    outer loop
      vertex 33.1008 -29.8187 0
      vertex 32.9164 -29.2514 2.4
      vertex 32.9164 -29.2514 0
    endloop
  endfacet
  facet normal -0.951021 -0.309128 0
    outer loop
      vertex 32.9164 -29.2514 2.4
      vertex 33.1008 -29.8187 0
      vertex 33.1008 -29.8187 2.4
    endloop
  endfacet
  facet normal 0.368094 -0.929789 0
    outer loop
      vertex 26.4775 -26.7021 0
      vertex 27.0322 -26.4825 2.4
      vertex 26.4775 -26.7021 2.4
    endloop
  endfacet
  facet normal 0.368094 -0.929789 0
    outer loop
      vertex 27.0322 -26.4825 2.4
      vertex 26.4775 -26.7021 0
      vertex 27.0322 -26.4825 0
    endloop
  endfacet
  facet normal 0.248803 -0.968554 0
    outer loop
      vertex 27.0322 -26.4825 0
      vertex 27.6099 -26.3341 2.4
      vertex 27.0322 -26.4825 2.4
    endloop
  endfacet
  facet normal 0.248803 -0.968554 0
    outer loop
      vertex 27.6099 -26.3341 2.4
      vertex 27.0322 -26.4825 0
      vertex 27.6099 -26.3341 0
    endloop
  endfacet
  facet normal -0.982314 0.187243 0
    outer loop
      vertex 33.1008 -32.1813 0
      vertex 33.2125 -31.5953 2.4
      vertex 33.2125 -31.5953 0
    endloop
  endfacet
  facet normal -0.982314 0.187243 0
    outer loop
      vertex 33.2125 -31.5953 2.4
      vertex 33.1008 -32.1813 0
      vertex 33.1008 -32.1813 2.4
    endloop
  endfacet
  facet normal -0.481681 0.876347 0
    outer loop
      vertex 31.0452 -35.0106 0
      vertex 30.5225 -35.2979 2.4
      vertex 31.0452 -35.0106 2.4
    endloop
  endfacet
  facet normal -0.481681 0.876347 0
    outer loop
      vertex 30.5225 -35.2979 2.4
      vertex 31.0452 -35.0106 0
      vertex 30.5225 -35.2979 0
    endloop
  endfacet
  facet normal 0.684543 -0.728972 0
    outer loop
      vertex 25.0374 -27.7484 0
      vertex 25.4722 -27.3401 2.4
      vertex 25.0374 -27.7484 2.4
    endloop
  endfacet
  facet normal 0.684543 -0.728972 0
    outer loop
      vertex 25.4722 -27.3401 2.4
      vertex 25.0374 -27.7484 0
      vertex 25.4722 -27.3401 0
    endloop
  endfacet
  facet normal 0.844296 -0.535877 0
    outer loop
      vertex 24.3375 -28.7117 2.4
      vertex 24.6572 -28.208 0
      vertex 24.6572 -28.208 2.4
    endloop
  endfacet
  facet normal 0.844296 -0.535877 0
    outer loop
      vertex 24.6572 -28.208 0
      vertex 24.3375 -28.7117 2.4
      vertex 24.3375 -28.7117 0
    endloop
  endfacet
  facet normal -0.368094 -0.929789 0
    outer loop
      vertex 29.9678 -26.4825 0
      vertex 30.5225 -26.7021 2.4
      vertex 29.9678 -26.4825 2.4
    endloop
  endfacet
  facet normal -0.368094 -0.929789 -0
    outer loop
      vertex 30.5225 -26.7021 2.4
      vertex 29.9678 -26.4825 0
      vertex 30.5225 -26.7021 0
    endloop
  endfacet
  facet normal -0.770525 -0.63741 0
    outer loop
      vertex 32.3428 -28.208 0
      vertex 31.9626 -27.7484 2.4
      vertex 31.9626 -27.7484 0
    endloop
  endfacet
  facet normal -0.770525 -0.63741 0
    outer loop
      vertex 31.9626 -27.7484 2.4
      vertex 32.3428 -28.208 0
      vertex 32.3428 -28.208 2.4
    endloop
  endfacet
  facet normal -0.998022 -0.0628688 0
    outer loop
      vertex 33.25 -31 0
      vertex 33.2125 -30.4047 2.4
      vertex 33.2125 -30.4047 0
    endloop
  endfacet
  facet normal -0.998022 -0.0628688 0
    outer loop
      vertex 33.2125 -30.4047 2.4
      vertex 33.25 -31 0
      vertex 33.25 -31 2.4
    endloop
  endfacet
  facet normal 0.481681 -0.876347 0
    outer loop
      vertex 25.9548 -26.9894 0
      vertex 26.4775 -26.7021 2.4
      vertex 25.9548 -26.9894 2.4
    endloop
  endfacet
  facet normal 0.481681 -0.876347 0
    outer loop
      vertex 26.4775 -26.7021 2.4
      vertex 25.9548 -26.9894 0
      vertex 26.4775 -26.7021 0
    endloop
  endfacet
  facet normal 0.904868 -0.425692 0
    outer loop
      vertex 24.0836 -29.2514 2.4
      vertex 24.3375 -28.7117 0
      vertex 24.3375 -28.7117 2.4
    endloop
  endfacet
  facet normal 0.904868 -0.425692 0
    outer loop
      vertex 24.3375 -28.7117 0
      vertex 24.0836 -29.2514 2.4
      vertex 24.0836 -29.2514 0
    endloop
  endfacet
  facet normal 0 -1 0
    outer loop
      vertex 28.2017 -26.2594 0
      vertex 28.7983 -26.2594 2.4
      vertex 28.2017 -26.2594 2.4
    endloop
  endfacet
  facet normal 0 -1 -0
    outer loop
      vertex 28.7983 -26.2594 2.4
      vertex 28.2017 -26.2594 0
      vertex 28.7983 -26.2594 0
    endloop
  endfacet
  facet normal -0.125231 -0.992128 0
    outer loop
      vertex 28.7983 -26.2594 0
      vertex 29.3901 -26.3341 2.4
      vertex 28.7983 -26.2594 2.4
    endloop
  endfacet
  facet normal -0.125231 -0.992128 -0
    outer loop
      vertex 29.3901 -26.3341 2.4
      vertex 28.7983 -26.2594 0
      vertex 29.3901 -26.3341 0
    endloop
  endfacet
  facet normal -0.248803 -0.968554 0
    outer loop
      vertex 29.3901 -26.3341 0
      vertex 29.9678 -26.4825 2.4
      vertex 29.3901 -26.3341 2.4
    endloop
  endfacet
  facet normal -0.248803 -0.968554 -0
    outer loop
      vertex 29.9678 -26.4825 2.4
      vertex 29.3901 -26.3341 0
      vertex 29.9678 -26.4825 0
    endloop
  endfacet
  facet normal -0.587863 -0.808961 0
    outer loop
      vertex 31.0452 -26.9894 0
      vertex 31.5278 -27.3401 2.4
      vertex 31.0452 -26.9894 2.4
    endloop
  endfacet
  facet normal -0.587863 -0.808961 -0
    outer loop
      vertex 31.5278 -27.3401 2.4
      vertex 31.0452 -26.9894 0
      vertex 31.5278 -27.3401 0
    endloop
  endfacet
  facet normal -0.684543 -0.728972 0
    outer loop
      vertex 31.5278 -27.3401 0
      vertex 31.9626 -27.7484 2.4
      vertex 31.5278 -27.3401 2.4
    endloop
  endfacet
  facet normal -0.684543 -0.728972 -0
    outer loop
      vertex 31.9626 -27.7484 2.4
      vertex 31.5278 -27.3401 0
      vertex 31.9626 -27.7484 0
    endloop
  endfacet
  facet normal -0.844296 -0.535877 0
    outer loop
      vertex 32.6625 -28.7117 0
      vertex 32.3428 -28.208 2.4
      vertex 32.3428 -28.208 0
    endloop
  endfacet
  facet normal -0.844296 -0.535877 0
    outer loop
      vertex 32.3428 -28.208 2.4
      vertex 32.6625 -28.7117 0
      vertex 32.6625 -28.7117 2.4
    endloop
  endfacet
  facet normal -0.904868 -0.425692 0
    outer loop
      vertex 32.9164 -29.2514 0
      vertex 32.6625 -28.7117 2.4
      vertex 32.6625 -28.7117 0
    endloop
  endfacet
  facet normal -0.904868 -0.425692 0
    outer loop
      vertex 32.6625 -28.7117 2.4
      vertex 32.9164 -29.2514 0
      vertex 32.9164 -29.2514 2.4
    endloop
  endfacet
  facet normal -0.982314 -0.187243 0
    outer loop
      vertex 33.2125 -30.4047 0
      vertex 33.1008 -29.8187 2.4
      vertex 33.1008 -29.8187 0
    endloop
  endfacet
  facet normal -0.982314 -0.187243 0
    outer loop
      vertex 33.1008 -29.8187 2.4
      vertex 33.2125 -30.4047 0
      vertex 33.2125 -30.4047 2.4
    endloop
  endfacet
  facet normal 0.587863 -0.808961 0
    outer loop
      vertex 25.4722 -27.3401 0
      vertex 25.9548 -26.9894 2.4
      vertex 25.4722 -27.3401 2.4
    endloop
  endfacet
  facet normal 0.587863 -0.808961 0
    outer loop
      vertex 25.9548 -26.9894 2.4
      vertex 25.4722 -27.3401 0
      vertex 25.9548 -26.9894 0
    endloop
  endfacet
  facet normal 0.770525 -0.63741 0
    outer loop
      vertex 24.6572 -28.208 2.4
      vertex 25.0374 -27.7484 0
      vertex 25.0374 -27.7484 2.4
    endloop
  endfacet
  facet normal 0.770525 -0.63741 0
    outer loop
      vertex 25.0374 -27.7484 0
      vertex 24.6572 -28.208 2.4
      vertex 24.6572 -28.208 0
    endloop
  endfacet
  facet normal -0.481681 -0.876347 0
    outer loop
      vertex 30.5225 -26.7021 0
      vertex 31.0452 -26.9894 2.4
      vertex 30.5225 -26.7021 2.4
    endloop
  endfacet
  facet normal -0.481681 -0.876347 -0
    outer loop
      vertex 31.0452 -26.9894 2.4
      vertex 30.5225 -26.7021 0
      vertex 31.0452 -26.9894 0
    endloop
  endfacet
  facet normal -1 0 0
    outer loop
      vertex 34.7 -37.3 10.4
      vertex 34.7 -36.8 14.4
      vertex 34.7 -36.8 10.4
    endloop
  endfacet
  facet normal -1 -0 0
    outer loop
      vertex 34.7 -36.8 14.4
      vertex 34.7 -37.3 10.4
      vertex 34.7 -37.3 14.4
    endloop
  endfacet
  facet normal -1 0 0
    outer loop
      vertex 34.7 -13.8 2.4
      vertex 34.7 -16.8 3.9
      vertex 34.7 -13.8 3.9
    endloop
  endfacet
  facet normal -1 0 0
    outer loop
      vertex 34.7 -36.8 10.4
      vertex 34.7 -16.8 8.9
      vertex 34.7 -16.8 3.9
    endloop
  endfacet
  facet normal -1 0 0
    outer loop
      vertex 34.7 -36.8 2.4
      vertex 34.7 -16.8 3.9
      vertex 34.7 -13.8 2.4
    endloop
  endfacet
  facet normal -1 0 0
    outer loop
      vertex 34.7 -36.8 10.4
      vertex 34.7 -16.8 3.9
      vertex 34.7 -36.8 2.4
    endloop
  endfacet
  facet normal -1 0 0
    outer loop
      vertex 34.7 -16.8 8.9
      vertex 34.7 -36.8 10.4
      vertex 34.7 -36.8 14.4
    endloop
  endfacet
  facet normal -1 0 0
    outer loop
      vertex 34.7 -16.8 8.9
      vertex 34.7 -36.8 14.4
      vertex 34.7 -35.9 24.5
    endloop
  endfacet
  facet normal -1 0 0
    outer loop
      vertex 34.7 -36.8 27
      vertex 34.7 -35.9 24.5
      vertex 34.7 -36.8 14.4
    endloop
  endfacet
  facet normal -1 0 0
    outer loop
      vertex 34.7 -35.9 24.5
      vertex 34.7 -36.8 27
      vertex 34.7 -35.9 27
    endloop
  endfacet
  facet normal -1 0 0
    outer loop
      vertex 34.7 -16.8 8.9
      vertex 34.7 -13.8 10.4
      vertex 34.7 -13.8 8.9
    endloop
  endfacet
  facet normal -1 -0 0
    outer loop
      vertex 34.7 -13.8 10.4
      vertex 34.7 -16.8 8.9
      vertex 34.7 -13.8 14.4
    endloop
  endfacet
  facet normal -1 0 0
    outer loop
      vertex 34.7 -35.9 24.5
      vertex 34.7 -13.8 14.4
      vertex 34.7 -16.8 8.9
    endloop
  endfacet
  facet normal -1 0 0
    outer loop
      vertex 34.7 -13.8 14.4
      vertex 34.7 -35.9 24.5
      vertex 34.7 -13.8 24.5
    endloop
  endfacet
  facet normal -1 0 0
    outer loop
      vertex 34.7 -13.8 10.4
      vertex 34.7 -9 14.4
      vertex 34.7 -9 10.4
    endloop
  endfacet
  facet normal -1 -0 0
    outer loop
      vertex 34.7 -9 14.4
      vertex 34.7 -13.8 10.4
      vertex 34.7 -13.8 14.4
    endloop
  endfacet
  facet normal 0 -1 0
    outer loop
      vertex 34.6 -13.8 14.4
      vertex 34.7 -13.8 24.5
      vertex 34.6 -13.8 24.5
    endloop
  endfacet
  facet normal 0 -1 -0
    outer loop
      vertex 34.7 -13.8 24.5
      vertex 34.6 -13.8 14.4
      vertex 34.7 -13.8 14.4
    endloop
  endfacet
  facet normal 0 -1 0
    outer loop
      vertex 34.6 -13.8 2.4
      vertex 34.7 -13.8 3.9
      vertex 34.6 -13.8 3.9
    endloop
  endfacet
  facet normal 0 -1 -0
    outer loop
      vertex 34.7 -13.8 3.9
      vertex 34.6 -13.8 2.4
      vertex 34.7 -13.8 2.4
    endloop
  endfacet
  facet normal 0 -1 0
    outer loop
      vertex 34.6 -13.8 8.9
      vertex 34.7 -13.8 10.4
      vertex 34.6 -13.8 10.4
    endloop
  endfacet
  facet normal 0 -1 -0
    outer loop
      vertex 34.7 -13.8 10.4
      vertex 34.6 -13.8 8.9
      vertex 34.7 -13.8 8.9
    endloop
  endfacet
  facet normal 0 1 -0
    outer loop
      vertex 34.7 -36.8 2.4
      vertex 32.8 -36.8 10.4
      vertex 34.7 -36.8 10.4
    endloop
  endfacet
  facet normal 0 1 0
    outer loop
      vertex 32.8 -36.8 10.4
      vertex 34.7 -36.8 2.4
      vertex 32.8 -36.8 2.4
    endloop
  endfacet
  facet normal 0 1 0
    outer loop
      vertex 34.7 -36.8 27
      vertex 33.8 -36.8 24.5
      vertex 33.8 -36.8 27
    endloop
  endfacet
  facet normal 0 1 -0
    outer loop
      vertex 34.7 -36.8 14.4
      vertex 33.8 -36.8 24.5
      vertex 34.7 -36.8 27
    endloop
  endfacet
  facet normal 0 1 0
    outer loop
      vertex 32.8 -36.8 14.4
      vertex 33.8 -36.8 24.5
      vertex 34.7 -36.8 14.4
    endloop
  endfacet
  facet normal 0 1 0
    outer loop
      vertex 33.8 -36.8 24.5
      vertex 32.8 -36.8 14.4
      vertex 32.8 -36.8 24.5
    endloop
  endfacet
  facet normal 0 0 -1
    outer loop
      vertex 34.6 -13.8 14.4
      vertex 34.7 -9 14.4
      vertex 34.7 -13.8 14.4
    endloop
  endfacet
  facet normal -0 0 -1
    outer loop
      vertex 34.7 -9 14.4
      vertex 34.6 -13.8 14.4
      vertex 34.6 -9 14.4
    endloop
  endfacet
  facet normal 0 0 -1
    outer loop
      vertex 34.7 -37.3 14.4
      vertex 32.8 -36.8 14.4
      vertex 34.7 -36.8 14.4
    endloop
  endfacet
  facet normal 0 0 -1
    outer loop
      vertex 30.4 -41.6 14.4
      vertex 32.8 -36.8 14.4
      vertex 34.7 -37.3 14.4
    endloop
  endfacet
  facet normal 0 0 -1
    outer loop
      vertex 30.4 -41.6 14.4
      vertex 28 -41.6 14.4
      vertex 32.8 -36.8 14.4
    endloop
  endfacet
  facet normal 0 0 0
    outer loop
      vertex 22.3 -41.6 14.4
      vertex 28 -41.6 14.4
      vertex 30.4 -41.6 14.4
    endloop
  endfacet
  facet normal -0 0 1
    outer loop
      vertex 34.6 -9 10.4
      vertex 34.7 -13.8 10.4
      vertex 34.7 -9 10.4
    endloop
  endfacet
  facet normal 0 0 1
    outer loop
      vertex 34.7 -13.8 10.4
      vertex 34.6 -9 10.4
      vertex 34.6 -13.8 10.4
    endloop
  endfacet
  facet normal -0 0 1
    outer loop
      vertex 32.8 -36.8 10.4
      vertex 34.7 -37.3 10.4
      vertex 34.7 -36.8 10.4
    endloop
  endfacet
  facet normal 0 0 1
    outer loop
      vertex 32.8 -36.8 10.4
      vertex 30.4 -41.6 10.4
      vertex 34.7 -37.3 10.4
    endloop
  endfacet
  facet normal 0 0 1
    outer loop
      vertex 28 -41.6 10.4
      vertex 30.4 -41.6 10.4
      vertex 32.8 -36.8 10.4
    endloop
  endfacet
  facet normal 0 0 -0
    outer loop
      vertex 28 -41.6 10.4
      vertex 22.3 -41.6 10.4
      vertex 30.4 -41.6 10.4
    endloop
  endfacet
  facet normal 0 -1 0
    outer loop
      vertex 34.6 -9 10.4
      vertex 34.7 -9 14.4
      vertex 34.6 -9 14.4
    endloop
  endfacet
  facet normal 0 -1 -0
    outer loop
      vertex 34.7 -9 14.4
      vertex 34.6 -9 10.4
      vertex 34.7 -9 10.4
    endloop
  endfacet
  facet normal 0 1 -0
    outer loop
      vertex 30.4 -41.6 10.4
      vertex 22.3 -41.6 14.4
      vertex 30.4 -41.6 14.4
    endloop
  endfacet
  facet normal 0 1 0
    outer loop
      vertex 22.3 -41.6 14.4
      vertex 30.4 -41.6 10.4
      vertex 22.3 -41.6 10.4
    endloop
  endfacet
  facet normal 0 1 -0
    outer loop
      vertex 36.5 -16.8 3.9
      vertex 34.7 -16.8 8.9
      vertex 36.5 -16.8 8.9
    endloop
  endfacet
  facet normal 0 1 0
    outer loop
      vertex 34.7 -16.8 8.9
      vertex 36.5 -16.8 3.9
      vertex 34.7 -16.8 3.9
    endloop
  endfacet
  facet normal 0 0 -1
    outer loop
      vertex 34.7 -13.8 8.9
      vertex 36.5 -16.8 8.9
      vertex 34.7 -16.8 8.9
    endloop
  endfacet
  facet normal 0 0 -1
    outer loop
      vertex 36.5 -16.8 8.9
      vertex 34.7 -13.8 8.9
      vertex 36.5 -10.8 8.9
    endloop
  endfacet
  facet normal 0 0 -1
    outer loop
      vertex 34.6 -10.8 8.9
      vertex 34.7 -13.8 8.9
      vertex 34.6 -13.8 8.9
    endloop
  endfacet
  facet normal 0 0 -1
    outer loop
      vertex 34.7 -13.8 8.9
      vertex 34.6 -10.8 8.9
      vertex 36.5 -10.8 8.9
    endloop
  endfacet
  facet normal -1 0 0
    outer loop
      vertex 36.5 -16.8 3.9
      vertex 36.5 -10.8 8.9
      vertex 36.5 -10.8 3.9
    endloop
  endfacet
  facet normal -1 -0 0
    outer loop
      vertex 36.5 -10.8 8.9
      vertex 36.5 -16.8 3.9
      vertex 36.5 -16.8 8.9
    endloop
  endfacet
  facet normal 0 -1 0
    outer loop
      vertex 34.6 -10.8 3.9
      vertex 36.5 -10.8 8.9
      vertex 34.6 -10.8 8.9
    endloop
  endfacet
  facet normal 0 -1 -0
    outer loop
      vertex 36.5 -10.8 8.9
      vertex 34.6 -10.8 3.9
      vertex 36.5 -10.8 3.9
    endloop
  endfacet
  facet normal 0 0 1
    outer loop
      vertex 36.5 -10.8 3.9
      vertex 34.7 -13.8 3.9
      vertex 36.5 -16.8 3.9
    endloop
  endfacet
  facet normal -0 0 1
    outer loop
      vertex 34.6 -10.8 3.9
      vertex 34.7 -13.8 3.9
      vertex 36.5 -10.8 3.9
    endloop
  endfacet
  facet normal 0 0 1
    outer loop
      vertex 34.7 -13.8 3.9
      vertex 34.6 -10.8 3.9
      vertex 34.6 -13.8 3.9
    endloop
  endfacet
  facet normal 0 0 1
    outer loop
      vertex 36.5 -16.8 3.9
      vertex 34.7 -13.8 3.9
      vertex 34.7 -16.8 3.9
    endloop
  endfacet
  facet normal 1 0 0
    outer loop
      vertex -16 44 19.5
      vertex -16 43.0981 5.5
      vertex -16 44 5.5
    endloop
  endfacet
  facet normal 1 -0 0
    outer loop
      vertex -16 41.6 19.5
      vertex -16 43.0981 5.5
      vertex -16 44 19.5
    endloop
  endfacet
  facet normal 1 0 0
    outer loop
      vertex -16 43.0981 5.5
      vertex -16 41.6 19.5
      vertex -16 41.6 4.63508
    endloop
  endfacet
  facet normal 0 0 -1
    outer loop
      vertex -16 41.6 19.5
      vertex 16 44 19.5
      vertex 16 41.6 19.5
    endloop
  endfacet
  facet normal -0 0 -1
    outer loop
      vertex 16 44 19.5
      vertex -16 41.6 19.5
      vertex -16 44 19.5
    endloop
  endfacet
  facet normal -1 0 0
    outer loop
      vertex 16 43.0981 5.5
      vertex 16 44 19.5
      vertex 16 44 5.5
    endloop
  endfacet
  facet normal -1 0 0
    outer loop
      vertex 16 41.6 19.5
      vertex 16 43.0981 5.5
      vertex 16 41.6 4.63508
    endloop
  endfacet
  facet normal -1 0 0
    outer loop
      vertex 16 43.0981 5.5
      vertex 16 41.6 19.5
      vertex 16 44 19.5
    endloop
  endfacet
  facet normal -0 0 1
    outer loop
      vertex -16 44 5.5
      vertex 16 43.0981 5.5
      vertex 16 44 5.5
    endloop
  endfacet
  facet normal 0 0 1
    outer loop
      vertex 16 43.0981 5.5
      vertex -16 44 5.5
      vertex -16 43.0981 5.5
    endloop
  endfacet
  facet normal 0 -0.499996 0.866028
    outer loop
      vertex -16 43.0981 5.5
      vertex 16 41.6 4.63508
      vertex 16 43.0981 5.5
    endloop
  endfacet
  facet normal 0 -0.499996 0.866028
    outer loop
      vertex 16 41.6 4.63508
      vertex -16 43.0981 5.5
      vertex -16 41.6 4.63508
    endloop
  endfacet
  facet normal 1 -0 0
    outer loop
      vertex 15.2 -12.7 2.4
      vertex 15.2 12.7 0
      vertex 15.2 12.7 2.4
    endloop
  endfacet
  facet normal 1 0 0
    outer loop
      vertex 15.2 12.7 0
      vertex 15.2 -12.7 2.4
      vertex 15.2 -12.7 0
    endloop
  endfacet
  facet normal -1 0 0
    outer loop
      vertex 17.8 -12.7 0
      vertex 17.8 12.7 2.4
      vertex 17.8 12.7 0
    endloop
  endfacet
  facet normal -1 -0 0
    outer loop
      vertex 17.8 12.7 2.4
      vertex 17.8 -12.7 0
      vertex 17.8 -12.7 2.4
    endloop
  endfacet
  facet normal 0 -1 0
    outer loop
      vertex 15.2 12.7 0
      vertex 17.8 12.7 2.4
      vertex 15.2 12.7 2.4
    endloop
  endfacet
  facet normal 0 -1 -0
    outer loop
      vertex 17.8 12.7 2.4
      vertex 15.2 12.7 0
      vertex 17.8 12.7 0
    endloop
  endfacet
  facet normal 0 1 -0
    outer loop
      vertex 17.8 -12.7 0
      vertex 15.2 -12.7 2.4
      vertex 17.8 -12.7 2.4
    endloop
  endfacet
  facet normal 0 1 0
    outer loop
      vertex 15.2 -12.7 2.4
      vertex 17.8 -12.7 0
      vertex 15.2 -12.7 0
    endloop
  endfacet
  facet normal 1 -0 0
    outer loop
      vertex 19.2 -12.7 2.4
      vertex 19.2 12.7 0
      vertex 19.2 12.7 2.4
    endloop
  endfacet
  facet normal 1 0 0
    outer loop
      vertex 19.2 12.7 0
      vertex 19.2 -12.7 2.4
      vertex 19.2 -12.7 0
    endloop
  endfacet
  facet normal -1 0 0
    outer loop
      vertex 21.8 -12.7 0
      vertex 21.8 12.7 2.4
      vertex 21.8 12.7 0
    endloop
  endfacet
  facet normal -1 -0 0
    outer loop
      vertex 21.8 12.7 2.4
      vertex 21.8 -12.7 0
      vertex 21.8 -12.7 2.4
    endloop
  endfacet
  facet normal 0 -1 0
    outer loop
      vertex 19.2 12.7 0
      vertex 21.8 12.7 2.4
      vertex 19.2 12.7 2.4
    endloop
  endfacet
  facet normal 0 -1 -0
    outer loop
      vertex 21.8 12.7 2.4
      vertex 19.2 12.7 0
      vertex 21.8 12.7 0
    endloop
  endfacet
  facet normal 0 1 -0
    outer loop
      vertex 21.8 -12.7 0
      vertex 19.2 -12.7 2.4
      vertex 21.8 -12.7 2.4
    endloop
  endfacet
  facet normal 0 1 0
    outer loop
      vertex 19.2 -12.7 2.4
      vertex 21.8 -12.7 0
      vertex 19.2 -12.7 0
    endloop
  endfacet
  facet normal 0 0 -1
    outer loop
      vertex 34.6 -4 23
      vertex 37 4 23
      vertex 37 -4 23
    endloop
  endfacet
  facet normal -0 0 -1
    outer loop
      vertex 37 4 23
      vertex 34.6 -4 23
      vertex 34.6 4 23
    endloop
  endfacet
  facet normal -0 0 1
    outer loop
      vertex 34.6 4 18
      vertex 37 -4 18
      vertex 37 4 18
    endloop
  endfacet
  facet normal 0 0 1
    outer loop
      vertex 37 -4 18
      vertex 34.6 4 18
      vertex 34.6 -4 18
    endloop
  endfacet
  facet normal 0 1 -0
    outer loop
      vertex 37 -4 18
      vertex 34.6 -4 23
      vertex 37 -4 23
    endloop
  endfacet
  facet normal 0 1 0
    outer loop
      vertex 34.6 -4 23
      vertex 37 -4 18
      vertex 34.6 -4 18
    endloop
  endfacet
  facet normal 0 -1 0
    outer loop
      vertex 34.6 4 18
      vertex 37 4 23
      vertex 34.6 4 23
    endloop
  endfacet
  facet normal 0 -1 -0
    outer loop
      vertex 37 4 23
      vertex 34.6 4 18
      vertex 37 4 18
    endloop
  endfacet
  facet normal -0.707107 -0.707107 0
    outer loop
      vertex 32.8 36.8 2.4
      vertex 28 41.6 10.4
      vertex 28 41.6 2.4
    endloop
  endfacet
  facet normal -0.707107 -0.707107 0
    outer loop
      vertex 28 41.6 10.4
      vertex 32.8 36.8 2.4
      vertex 32.8 36.8 10.4
    endloop
  endfacet
  facet normal -0.707107 -0.707107 0
    outer loop
      vertex 32.8 36.8 14.4
      vertex 28 41.6 24.5
      vertex 28 41.6 14.4
    endloop
  endfacet
  facet normal -0.707107 -0.707107 0
    outer loop
      vertex 28 41.6 24.5
      vertex 32.8 36.8 14.4
      vertex 32.8 36.8 24.5
    endloop
  endfacet
  facet normal 0 -1 0
    outer loop
      vertex -28 41.6 2.4
      vertex -22.3 41.6 10.4
      vertex -28 41.6 10.4
    endloop
  endfacet
  facet normal 0 -1 -0
    outer loop
      vertex -16 41.6 4.63508
      vertex -28 41.6 2.4
      vertex 16 41.6 4.63508
    endloop
  endfacet
  facet normal 0 -1 -0
    outer loop
      vertex -22.3 41.6 10.4
      vertex -28 41.6 2.4
      vertex -16 41.6 4.63508
    endloop
  endfacet
  facet normal 0 -1 0
    outer loop
      vertex 16 41.6 19.5
      vertex 22.3 41.6 10.4
      vertex 22.3 41.6 14.4
    endloop
  endfacet
  facet normal 0 -1 0
    outer loop
      vertex 16 41.6 4.63508
      vertex 22.3 41.6 10.4
      vertex 16 41.6 19.5
    endloop
  endfacet
  facet normal 0 -1 0
    outer loop
      vertex 28 41.6 2.4
      vertex 22.3 41.6 10.4
      vertex 16 41.6 4.63508
    endloop
  endfacet
  facet normal 0 -1 0
    outer loop
      vertex 22.3 41.6 10.4
      vertex 28 41.6 2.4
      vertex 28 41.6 10.4
    endloop
  endfacet
  facet normal 0 -1 0
    outer loop
      vertex 28 41.6 2.4
      vertex 16 41.6 4.63508
      vertex -28 41.6 2.4
    endloop
  endfacet
  facet normal 0 -1 0
    outer loop
      vertex -28 41.6 24.5
      vertex -16 41.6 19.5
      vertex 28 41.6 24.5
    endloop
  endfacet
  facet normal 0 -1 0
    outer loop
      vertex -22.3 41.6 14.4
      vertex -28 41.6 24.5
      vertex -28 41.6 14.4
    endloop
  endfacet
  facet normal 0 -1 0
    outer loop
      vertex -28 41.6 24.5
      vertex -22.3 41.6 14.4
      vertex -16 41.6 19.5
    endloop
  endfacet
  facet normal 0 -1 0
    outer loop
      vertex -22.3 41.6 10.4
      vertex -16 41.6 19.5
      vertex -22.3 41.6 14.4
    endloop
  endfacet
  facet normal 0 -1 -0
    outer loop
      vertex -16 41.6 19.5
      vertex -22.3 41.6 10.4
      vertex -16 41.6 4.63508
    endloop
  endfacet
  facet normal 0 -1 0
    outer loop
      vertex 16 41.6 19.5
      vertex 28 41.6 24.5
      vertex -16 41.6 19.5
    endloop
  endfacet
  facet normal 0 -1 0
    outer loop
      vertex 22.3 41.6 14.4
      vertex 28 41.6 24.5
      vertex 16 41.6 19.5
    endloop
  endfacet
  facet normal 0 -1 -0
    outer loop
      vertex 28 41.6 24.5
      vertex 22.3 41.6 14.4
      vertex 28 41.6 14.4
    endloop
  endfacet
  facet normal -0.707107 0.707107 0
    outer loop
      vertex 28 -41.6 2.4
      vertex 32.8 -36.8 10.4
      vertex 32.8 -36.8 2.4
    endloop
  endfacet
  facet normal -0.707107 0.707107 0
    outer loop
      vertex 32.8 -36.8 10.4
      vertex 28 -41.6 2.4
      vertex 28 -41.6 10.4
    endloop
  endfacet
  facet normal -0.707107 0.707107 0
    outer loop
      vertex 28 -41.6 14.4
      vertex 32.8 -36.8 24.5
      vertex 32.8 -36.8 14.4
    endloop
  endfacet
  facet normal -0.707107 0.707107 0
    outer loop
      vertex 32.8 -36.8 24.5
      vertex 28 -41.6 14.4
      vertex 28 -41.6 24.5
    endloop
  endfacet
  facet normal -1 0 0
    outer loop
      vertex 34.6 13.8 2.4
      vertex 34.6 10.8 3.9
      vertex 34.6 13.8 3.9
    endloop
  endfacet
  facet normal -1 0 0
    outer loop
      vertex 34.6 10.8 3.9
      vertex 34.6 9 10.4
      vertex 34.6 10.8 8.9
    endloop
  endfacet
  facet normal -1 0 0
    outer loop
      vertex 34.6 9 10.4
      vertex 34.6 4 18
      vertex 34.6 9 14.4
    endloop
  endfacet
  facet normal -1 0 0
    outer loop
      vertex 34.6 -9 10.4
      vertex 34.6 9 10.4
      vertex 34.6 10.8 3.9
    endloop
  endfacet
  facet normal -1 0 0
    outer loop
      vertex 34.6 9 10.4
      vertex 34.6 -9 10.4
      vertex 34.6 4 18
    endloop
  endfacet
  facet normal -1 0 0
    outer loop
      vertex 34.6 -9 14.4
      vertex 34.6 -4 18
      vertex 34.6 -9 10.4
    endloop
  endfacet
  facet normal -1 -0 0
    outer loop
      vertex 34.6 4 18
      vertex 34.6 -9 10.4
      vertex 34.6 -4 18
    endloop
  endfacet
  facet normal -1 0 0
    outer loop
      vertex 34.6 -10.8 3.9
      vertex 34.6 10.8 3.9
      vertex 34.6 13.8 2.4
    endloop
  endfacet
  facet normal -1 0 0
    outer loop
      vertex 34.6 10.8 3.9
      vertex 34.6 -10.8 3.9
      vertex 34.6 -9 10.4
    endloop
  endfacet
  facet normal -1 0 0
    outer loop
      vertex 34.6 -13.8 2.4
      vertex 34.6 -10.8 3.9
      vertex 34.6 13.8 2.4
    endloop
  endfacet
  facet normal -1 -0 0
    outer loop
      vertex 34.6 -10.8 3.9
      vertex 34.6 -13.8 2.4
      vertex 34.6 -13.8 3.9
    endloop
  endfacet
  facet normal -1 0 0
    outer loop
      vertex 34.6 10.8 8.9
      vertex 34.6 13.8 10.4
      vertex 34.6 13.8 8.9
    endloop
  endfacet
  facet normal -1 -0 0
    outer loop
      vertex 34.6 13.8 10.4
      vertex 34.6 10.8 8.9
      vertex 34.6 9 10.4
    endloop
  endfacet
  facet normal -1 0 0
    outer loop
      vertex 34.6 9 14.4
      vertex 34.6 13.8 24.5
      vertex 34.6 13.8 14.4
    endloop
  endfacet
  facet normal -1 0 0
    outer loop
      vertex 34.6 4 18
      vertex 34.6 13.8 24.5
      vertex 34.6 9 14.4
    endloop
  endfacet
  facet normal -1 0 0
    outer loop
      vertex 34.6 4 23
      vertex 34.6 13.8 24.5
      vertex 34.6 4 18
    endloop
  endfacet
  facet normal -1 0 0
    outer loop
      vertex 34.6 -4 23
      vertex 34.6 13.8 24.5
      vertex 34.6 4 23
    endloop
  endfacet
  facet normal -1 0 0
    outer loop
      vertex 34.6 -13.8 24.5
      vertex 34.6 -4 18
      vertex 34.6 -9 14.4
    endloop
  endfacet
  facet normal -1 0 0
    outer loop
      vertex 34.6 -13.8 24.5
      vertex 34.6 -9 14.4
      vertex 34.6 -13.8 14.4
    endloop
  endfacet
  facet normal -1 0 0
    outer loop
      vertex 34.6 -4 23
      vertex 34.6 -13.8 24.5
      vertex 34.6 13.8 24.5
    endloop
  endfacet
  facet normal -1 0 0
    outer loop
      vertex 34.6 -4 18
      vertex 34.6 -13.8 24.5
      vertex 34.6 -4 23
    endloop
  endfacet
  facet normal -1 0 0
    outer loop
      vertex 34.6 -10.8 8.9
      vertex 34.6 -9 10.4
      vertex 34.6 -10.8 3.9
    endloop
  endfacet
  facet normal -1 0 0
    outer loop
      vertex 34.6 -13.8 10.4
      vertex 34.6 -10.8 8.9
      vertex 34.6 -13.8 8.9
    endloop
  endfacet
  facet normal -1 0 0
    outer loop
      vertex 34.6 -10.8 8.9
      vertex 34.6 -13.8 10.4
      vertex 34.6 -9 10.4
    endloop
  endfacet
  facet normal 1 0 0
    outer loop
      vertex -34.6 13.8 10.4
      vertex -34.6 10.8 8.9
      vertex -34.6 13.8 8.9
    endloop
  endfacet
  facet normal 1 0 0
    outer loop
      vertex -34.6 10.8 8.9
      vertex -34.6 9 10.4
      vertex -34.6 10.8 3.9
    endloop
  endfacet
  facet normal 1 -0 0
    outer loop
      vertex -34.6 9 10.4
      vertex -34.6 10.8 8.9
      vertex -34.6 13.8 10.4
    endloop
  endfacet
  facet normal 1 -0 0
    outer loop
      vertex -34.6 10.8 3.9
      vertex -34.6 13.8 2.4
      vertex -34.6 13.8 3.9
    endloop
  endfacet
  facet normal 1 0 0
    outer loop
      vertex -34.6 -9 10.4
      vertex -34.6 9 10.4
      vertex -34.6 -9 14.4
    endloop
  endfacet
  facet normal 1 0 0
    outer loop
      vertex -34.6 9 10.4
      vertex -34.6 -9 10.4
      vertex -34.6 10.8 3.9
    endloop
  endfacet
  facet normal 1 0 0
    outer loop
      vertex -34.6 -10.8 3.9
      vertex -34.6 10.8 3.9
      vertex -34.6 -9 10.4
    endloop
  endfacet
  facet normal 1 0 0
    outer loop
      vertex -34.6 -10.8 3.9
      vertex -34.6 -9 10.4
      vertex -34.6 -10.8 8.9
    endloop
  endfacet
  facet normal 1 0 0
    outer loop
      vertex -34.6 10.8 3.9
      vertex -34.6 -10.8 3.9
      vertex -34.6 13.8 2.4
    endloop
  endfacet
  facet normal 1 0 0
    outer loop
      vertex -34.6 -13.8 2.4
      vertex -34.6 -10.8 3.9
      vertex -34.6 -13.8 3.9
    endloop
  endfacet
  facet normal 1 0 0
    outer loop
      vertex -34.6 -10.8 3.9
      vertex -34.6 -13.8 2.4
      vertex -34.6 13.8 2.4
    endloop
  endfacet
  facet normal 1 -0 0
    outer loop
      vertex -34.6 -13.8 10.4
      vertex -34.6 -10.8 8.9
      vertex -34.6 -9 10.4
    endloop
  endfacet
  facet normal 1 0 0
    outer loop
      vertex -34.6 -10.8 8.9
      vertex -34.6 -13.8 10.4
      vertex -34.6 -13.8 8.9
    endloop
  endfacet
  facet normal 1 0 0
    outer loop
      vertex -34.6 13.8 24.5
      vertex -34.6 9 14.4
      vertex -34.6 13.8 14.4
    endloop
  endfacet
  facet normal 1 0 0
    outer loop
      vertex -34.6 9 14.4
      vertex -34.6 -9 14.4
      vertex -34.6 9 10.4
    endloop
  endfacet
  facet normal 1 0 0
    outer loop
      vertex -34.6 13.8 24.5
      vertex -34.6 -9 14.4
      vertex -34.6 9 14.4
    endloop
  endfacet
  facet normal 1 -0 0
    outer loop
      vertex -34.6 -13.8 24.5
      vertex -34.6 -9 14.4
      vertex -34.6 13.8 24.5
    endloop
  endfacet
  facet normal 1 0 0
    outer loop
      vertex -34.6 -9 14.4
      vertex -34.6 -13.8 24.5
      vertex -34.6 -13.8 14.4
    endloop
  endfacet
  facet normal 0.707107 0.707107 0
    outer loop
      vertex -28 -41.6 10.4
      vertex -32.8 -36.8 2.4
      vertex -32.8 -36.8 10.4
    endloop
  endfacet
  facet normal 0.707107 0.707107 0
    outer loop
      vertex -32.8 -36.8 2.4
      vertex -28 -41.6 10.4
      vertex -28 -41.6 2.4
    endloop
  endfacet
  facet normal 0.707107 0.707107 0
    outer loop
      vertex -28 -41.6 24.5
      vertex -32.8 -36.8 14.4
      vertex -32.8 -36.8 24.5
    endloop
  endfacet
  facet normal 0.707107 0.707107 0
    outer loop
      vertex -32.8 -36.8 14.4
      vertex -28 -41.6 24.5
      vertex -28 -41.6 14.4
    endloop
  endfacet
  facet normal 0 1 -0
    outer loop
      vertex 28 -41.6 2.4
      vertex 22.3 -41.6 10.4
      vertex 28 -41.6 10.4
    endloop
  endfacet
  facet normal 0 1 0
    outer loop
      vertex 6 -41.6 6.4
      vertex 28 -41.6 2.4
      vertex -6 -41.6 6.4
    endloop
  endfacet
  facet normal 0 1 0
    outer loop
      vertex 22.3 -41.6 10.4
      vertex 28 -41.6 2.4
      vertex 6 -41.6 6.4
    endloop
  endfacet
  facet normal 0 1 -0
    outer loop
      vertex -6 -41.6 13.9
      vertex -28 -41.6 24.5
      vertex 6 -41.6 13.9
    endloop
  endfacet
  facet normal 0 1 -0
    outer loop
      vertex 22.3 -41.6 10.4
      vertex 6 -41.6 13.9
      vertex 22.3 -41.6 14.4
    endloop
  endfacet
  facet normal 0 1 0
    outer loop
      vertex 6 -41.6 13.9
      vertex 22.3 -41.6 10.4
      vertex 6 -41.6 6.4
    endloop
  endfacet
  facet normal 0 1 0
    outer loop
      vertex 22.3 -41.6 14.4
      vertex 28 -41.6 24.5
      vertex 28 -41.6 14.4
    endloop
  endfacet
  facet normal 0 1 0
    outer loop
      vertex 6 -41.6 13.9
      vertex 28 -41.6 24.5
      vertex 22.3 -41.6 14.4
    endloop
  endfacet
  facet normal 0 1 0
    outer loop
      vertex 28 -41.6 24.5
      vertex 6 -41.6 13.9
      vertex -28 -41.6 24.5
    endloop
  endfacet
  facet normal 0 1 0
    outer loop
      vertex -28 -41.6 24.5
      vertex -22.3 -41.6 14.4
      vertex -28 -41.6 14.4
    endloop
  endfacet
  facet normal 0 1 0
    outer loop
      vertex -28 -41.6 24.5
      vertex -6 -41.6 13.9
      vertex -22.3 -41.6 14.4
    endloop
  endfacet
  facet normal 0 1 0
    outer loop
      vertex -6 -41.6 13.9
      vertex -22.3 -41.6 10.4
      vertex -22.3 -41.6 14.4
    endloop
  endfacet
  facet normal 0 1 -0
    outer loop
      vertex -6 -41.6 6.4
      vertex -22.3 -41.6 10.4
      vertex -6 -41.6 13.9
    endloop
  endfacet
  facet normal 0 1 0
    outer loop
      vertex -28 -41.6 2.4
      vertex -22.3 -41.6 10.4
      vertex -6 -41.6 6.4
    endloop
  endfacet
  facet normal 0 1 0
    outer loop
      vertex -22.3 -41.6 10.4
      vertex -28 -41.6 2.4
      vertex -28 -41.6 10.4
    endloop
  endfacet
  facet normal 0 1 0
    outer loop
      vertex -28 -41.6 2.4
      vertex -6 -41.6 6.4
      vertex 28 -41.6 2.4
    endloop
  endfacet
  facet normal 0.707107 -0.707107 0
    outer loop
      vertex -32.8 36.8 10.4
      vertex -28 41.6 2.4
      vertex -28 41.6 10.4
    endloop
  endfacet
  facet normal 0.707107 -0.707107 0
    outer loop
      vertex -28 41.6 2.4
      vertex -32.8 36.8 10.4
      vertex -32.8 36.8 2.4
    endloop
  endfacet
  facet normal 0.707107 -0.707107 0
    outer loop
      vertex -32.8 36.8 24.5
      vertex -28 41.6 14.4
      vertex -28 41.6 24.5
    endloop
  endfacet
  facet normal 0.707107 -0.707107 0
    outer loop
      vertex -28 41.6 14.4
      vertex -32.8 36.8 24.5
      vertex -32.8 36.8 14.4
    endloop
  endfacet
  facet normal 1 -0 0
    outer loop
      vertex -6 -44 13.9
      vertex -6 -41.6 6.4
      vertex -6 -41.6 13.9
    endloop
  endfacet
  facet normal 1 0 0
    outer loop
      vertex -6 -41.6 6.4
      vertex -6 -44 13.9
      vertex -6 -44 6.4
    endloop
  endfacet
  facet normal 0 0 -1
    outer loop
      vertex -6 -44 13.9
      vertex 6 -41.6 13.9
      vertex 6 -44 13.9
    endloop
  endfacet
  facet normal -0 0 -1
    outer loop
      vertex 6 -41.6 13.9
      vertex -6 -44 13.9
      vertex -6 -41.6 13.9
    endloop
  endfacet
  facet normal -1 0 0
    outer loop
      vertex 6 -44 6.4
      vertex 6 -41.6 13.9
      vertex 6 -41.6 6.4
    endloop
  endfacet
  facet normal -1 -0 0
    outer loop
      vertex 6 -41.6 13.9
      vertex 6 -44 6.4
      vertex 6 -44 13.9
    endloop
  endfacet
  facet normal -0 0 1
    outer loop
      vertex -6 -41.6 6.4
      vertex 6 -44 6.4
      vertex 6 -41.6 6.4
    endloop
  endfacet
  facet normal 0 0 1
    outer loop
      vertex 6 -44 6.4
      vertex -6 -41.6 6.4
      vertex -6 -44 6.4
    endloop
  endfacet
  facet normal -0.707107 -0.707107 0
    outer loop
      vertex 35.6 35 24.5
      vertex 34.7 35.9 27
      vertex 34.7 35.9 24.5
    endloop
  endfacet
  facet normal -0.707107 -0.707107 0
    outer loop
      vertex 34.7 35.9 27
      vertex 35.6 35 24.5
      vertex 35.6 35 27
    endloop
  endfacet
  facet normal -0.707107 -0.707107 0
    outer loop
      vertex 33.8 36.8 24.5
      vertex 28 42.6 27
      vertex 28 42.6 24.5
    endloop
  endfacet
  facet normal -0.707107 -0.707107 0
    outer loop
      vertex 28 42.6 27
      vertex 33.8 36.8 24.5
      vertex 33.8 36.8 27
    endloop
  endfacet
  facet normal 0 -1 0
    outer loop
      vertex -28 42.6 24.5
      vertex 28 42.6 27
      vertex -28 42.6 27
    endloop
  endfacet
  facet normal 0 -1 -0
    outer loop
      vertex 28 42.6 27
      vertex -28 42.6 24.5
      vertex 28 42.6 24.5
    endloop
  endfacet
  facet normal 0.707107 -0.707107 0
    outer loop
      vertex -33.8 36.8 27
      vertex -28 42.6 24.5
      vertex -28 42.6 27
    endloop
  endfacet
  facet normal 0.707107 -0.707107 0
    outer loop
      vertex -28 42.6 24.5
      vertex -33.8 36.8 27
      vertex -33.8 36.8 24.5
    endloop
  endfacet
  facet normal 0.707107 -0.707107 0
    outer loop
      vertex -35.6 35 27
      vertex -34.7 35.9 24.5
      vertex -34.7 35.9 27
    endloop
  endfacet
  facet normal 0.707107 -0.707107 0
    outer loop
      vertex -34.7 35.9 24.5
      vertex -35.6 35 27
      vertex -35.6 35 24.5
    endloop
  endfacet
  facet normal 0 0 1
    outer loop
      vertex 28 42.6 24.5
      vertex 32.8 36.8 24.5
      vertex 33.8 36.8 24.5
    endloop
  endfacet
  facet normal 0 0 1
    outer loop
      vertex 28 42.6 24.5
      vertex 28 41.6 24.5
      vertex 32.8 36.8 24.5
    endloop
  endfacet
  facet normal -0 0 1
    outer loop
      vertex -28 42.6 24.5
      vertex 28 41.6 24.5
      vertex 28 42.6 24.5
    endloop
  endfacet
  facet normal 0 0 1
    outer loop
      vertex -28 42.6 24.5
      vertex -28 41.6 24.5
      vertex 28 41.6 24.5
    endloop
  endfacet
  facet normal 0 0 1
    outer loop
      vertex -28 42.6 24.5
      vertex -32.8 36.8 24.5
      vertex -28 41.6 24.5
    endloop
  endfacet
  facet normal 0 -0 1
    outer loop
      vertex -32.8 36.8 24.5
      vertex -28 42.6 24.5
      vertex -33.8 36.8 24.5
    endloop
  endfacet
  facet normal -0 0 1
    outer loop
      vertex 34.6 13.8 24.5
      vertex 34.7 -13.8 24.5
      vertex 34.7 13.8 24.5
    endloop
  endfacet
  facet normal 0 0 1
    outer loop
      vertex 34.7 -13.8 24.5
      vertex 34.6 13.8 24.5
      vertex 34.6 -13.8 24.5
    endloop
  endfacet
  facet normal 0 0 1
    outer loop
      vertex 34.7 13.8 24.5
      vertex 35.6 35 24.5
      vertex 34.7 35.9 24.5
    endloop
  endfacet
  facet normal 0 0 1
    outer loop
      vertex 35.6 35 24.5
      vertex 34.7 13.8 24.5
      vertex 35.6 -35 24.5
    endloop
  endfacet
  facet normal -0 0 1
    outer loop
      vertex 34.7 -13.8 24.5
      vertex 35.6 -35 24.5
      vertex 34.7 13.8 24.5
    endloop
  endfacet
  facet normal 0 0 1
    outer loop
      vertex 35.6 -35 24.5
      vertex 34.7 -13.8 24.5
      vertex 34.7 -35.9 24.5
    endloop
  endfacet
  facet normal -0 0 1
    outer loop
      vertex -35.6 35 24.5
      vertex -34.7 13.8 24.5
      vertex -34.7 35.9 24.5
    endloop
  endfacet
  facet normal 0 0 1
    outer loop
      vertex -34.7 13.8 24.5
      vertex -35.6 35 24.5
      vertex -34.7 -13.8 24.5
    endloop
  endfacet
  facet normal 0 0 1
    outer loop
      vertex -35.6 -35 24.5
      vertex -34.7 -13.8 24.5
      vertex -35.6 35 24.5
    endloop
  endfacet
  facet normal 0 0 1
    outer loop
      vertex -34.7 -13.8 24.5
      vertex -35.6 -35 24.5
      vertex -34.7 -35.9 24.5
    endloop
  endfacet
  facet normal -0 0 1
    outer loop
      vertex -34.7 13.8 24.5
      vertex -34.6 -13.8 24.5
      vertex -34.6 13.8 24.5
    endloop
  endfacet
  facet normal 0 0 1
    outer loop
      vertex -34.6 -13.8 24.5
      vertex -34.7 13.8 24.5
      vertex -34.7 -13.8 24.5
    endloop
  endfacet
  facet normal 0 0 1
    outer loop
      vertex 28 -41.6 24.5
      vertex 33.8 -36.8 24.5
      vertex 32.8 -36.8 24.5
    endloop
  endfacet
  facet normal -0 0 1
    outer loop
      vertex 28 -41.6 24.5
      vertex 28 -42.6 24.5
      vertex 33.8 -36.8 24.5
    endloop
  endfacet
  facet normal -0 0 1
    outer loop
      vertex -28 -41.6 24.5
      vertex 28 -42.6 24.5
      vertex 28 -41.6 24.5
    endloop
  endfacet
  facet normal 0 0 1
    outer loop
      vertex -28 -41.6 24.5
      vertex -28 -42.6 24.5
      vertex 28 -42.6 24.5
    endloop
  endfacet
  facet normal 0 0 1
    outer loop
      vertex -32.8 -36.8 24.5
      vertex -28 -42.6 24.5
      vertex -28 -41.6 24.5
    endloop
  endfacet
  facet normal 0 0 1
    outer loop
      vertex -28 -42.6 24.5
      vertex -32.8 -36.8 24.5
      vertex -33.8 -36.8 24.5
    endloop
  endfacet
  facet normal -0.707107 0.707107 0
    outer loop
      vertex 28 -42.6 24.5
      vertex 33.8 -36.8 27
      vertex 33.8 -36.8 24.5
    endloop
  endfacet
  facet normal -0.707107 0.707107 0
    outer loop
      vertex 33.8 -36.8 27
      vertex 28 -42.6 24.5
      vertex 28 -42.6 27
    endloop
  endfacet
  facet normal -0.707107 0.707107 0
    outer loop
      vertex 34.7 -35.9 24.5
      vertex 35.6 -35 27
      vertex 35.6 -35 24.5
    endloop
  endfacet
  facet normal -0.707107 0.707107 0
    outer loop
      vertex 35.6 -35 27
      vertex 34.7 -35.9 24.5
      vertex 34.7 -35.9 27
    endloop
  endfacet
  facet normal -1 0 0
    outer loop
      vertex 35.6 -35 24.5
      vertex 35.6 35 27
      vertex 35.6 35 24.5
    endloop
  endfacet
  facet normal -1 -0 0
    outer loop
      vertex 35.6 35 27
      vertex 35.6 -35 24.5
      vertex 35.6 -35 27
    endloop
  endfacet
  facet normal 1 -0 0
    outer loop
      vertex -35.6 -35 27
      vertex -35.6 35 24.5
      vertex -35.6 35 27
    endloop
  endfacet
  facet normal 1 0 0
    outer loop
      vertex -35.6 35 24.5
      vertex -35.6 -35 27
      vertex -35.6 -35 24.5
    endloop
  endfacet
  facet normal 0.707107 0.707107 0
    outer loop
      vertex -34.7 -35.9 27
      vertex -35.6 -35 24.5
      vertex -35.6 -35 27
    endloop
  endfacet
  facet normal 0.707107 0.707107 0
    outer loop
      vertex -35.6 -35 24.5
      vertex -34.7 -35.9 27
      vertex -34.7 -35.9 24.5
    endloop
  endfacet
  facet normal 0.707107 0.707107 0
    outer loop
      vertex -28 -42.6 27
      vertex -33.8 -36.8 24.5
      vertex -33.8 -36.8 27
    endloop
  endfacet
  facet normal 0.707107 0.707107 0
    outer loop
      vertex -33.8 -36.8 24.5
      vertex -28 -42.6 27
      vertex -28 -42.6 24.5
    endloop
  endfacet
  facet normal 0 1 -0
    outer loop
      vertex 28 -42.6 24.5
      vertex -28 -42.6 27
      vertex 28 -42.6 27
    endloop
  endfacet
  facet normal 0 1 0
    outer loop
      vertex -28 -42.6 27
      vertex 28 -42.6 24.5
      vertex -28 -42.6 24.5
    endloop
  endfacet
endsolid OpenSCAD_Model
